D:\conda\Lib\site-packages\requests\__init__.py:113: RequestsDependencyWarning: urllib3 (2.2.3) or chardet (7.4.3)/charset_normalizer (3.3.2) doesn't match a supported version!
  warnings.warn(
u are choosing to use r_drbfn (DRBFN), keeping use_centralized_V = True
choose to use gpu...
obs_space:  [[124, [4, 17], [6, 5], [1, 4], [1, 22]], [124, [4, 17], [6, 5], [1, 4], [1, 22]], [124, [4, 17], [6, 5], [1, 4], [1, 22]], [124, [4, 17], [6, 5], [1, 4], [1, 22]], [124, [4, 17], [6, 5], [1, 4], [1, 22]]]
share_obs_space:  [[156, [4, 20], [6, 8], [1, 4], [1, 24]], [156, [4, 20], [6, 8], [1, 4], [1, 24]], [156, [4, 20], [6, 8], [1, 4], [1, 24]], [156, [4, 20], [6, 8], [1, 4], [1, 24]], [156, [4, 20], [6, 8], [1, 4], [1, 24]]]
act_space:  [Discrete(12), Discrete(12), Discrete(12), Discrete(12), Discrete(12)]

 Map 5m_vs_6m Algo r_drbfn Exp drbfn_5m6m_v2_long updates 0/3125 episodes, total num timesteps 1600/5000000, FPS 53.

incre win rate is 0.0.
eval win rate is 0.0.

 Map 5m_vs_6m Algo r_drbfn Exp drbfn_5m6m_v2_long updates 5/3125 episodes, total num timesteps 9600/5000000, FPS 45.

incre win rate is 0.0.

 Map 5m_vs_6m Algo r_drbfn Exp drbfn_5m6m_v2_long updates 10/3125 episodes, total num timesteps 17600/5000000, FPS 58.

incre win rate is 0.0.

 Map 5m_vs_6m Algo r_drbfn Exp drbfn_5m6m_v2_long updates 15/3125 episodes, total num timesteps 25600/5000000, FPS 65.

incre win rate is 0.0.

 Map 5m_vs_6m Algo r_drbfn Exp drbfn_5m6m_v2_long updates 20/3125 episodes, total num timesteps 33600/5000000, FPS 69.

incre win rate is 0.0.

 Map 5m_vs_6m Algo r_drbfn Exp drbfn_5m6m_v2_long updates 25/3125 episodes, total num timesteps 41600/5000000, FPS 73.

incre win rate is 0.0.
eval win rate is 0.0.

 Map 5m_vs_6m Algo r_drbfn Exp drbfn_5m6m_v2_long updates 30/3125 episodes, total num timesteps 49600/5000000, FPS 74.

incre win rate is 0.0.

 Map 5m_vs_6m Algo r_drbfn Exp drbfn_5m6m_v2_long updates 35/3125 episodes, total num timesteps 57600/5000000, FPS 75.

incre win rate is 0.0.

 Map 5m_vs_6m Algo r_drbfn Exp drbfn_5m6m_v2_long updates 40/3125 episodes, total num timesteps 65600/5000000, FPS 76.

incre win rate is 0.0.

 Map 5m_vs_6m Algo r_drbfn Exp drbfn_5m6m_v2_long updates 45/3125 episodes, total num timesteps 73600/5000000, FPS 76.

incre win rate is 0.0.

 Map 5m_vs_6m Algo r_drbfn Exp drbfn_5m6m_v2_long updates 50/3125 episodes, total num timesteps 81600/5000000, FPS 76.

incre win rate is 0.0.
eval win rate is 0.0.

 Map 5m_vs_6m Algo r_drbfn Exp drbfn_5m6m_v2_long updates 55/3125 episodes, total num timesteps 89600/5000000, FPS 75.

incre win rate is 0.0.

 Map 5m_vs_6m Algo r_drbfn Exp drbfn_5m6m_v2_long updates 60/3125 episodes, total num timesteps 97600/5000000, FPS 76.

incre win rate is 0.002551020408163265.

 Map 5m_vs_6m Algo r_drbfn Exp drbfn_5m6m_v2_long updates 65/3125 episodes, total num timesteps 105600/5000000, FPS 77.

incre win rate is 0.0.

 Map 5m_vs_6m Algo r_drbfn Exp drbfn_5m6m_v2_long updates 70/3125 episodes, total num timesteps 113600/5000000, FPS 77.

incre win rate is 0.005277044854881266.

 Map 5m_vs_6m Algo r_drbfn Exp drbfn_5m6m_v2_long updates 75/3125 episodes, total num timesteps 121600/5000000, FPS 77.

incre win rate is 0.005420054200542005.
eval win rate is 0.1875.

 Map 5m_vs_6m Algo r_drbfn Exp drbfn_5m6m_v2_long updates 80/3125 episodes, total num timesteps 129600/5000000, FPS 77.

incre win rate is 0.008130081300813009.

 Map 5m_vs_6m Algo r_drbfn Exp drbfn_5m6m_v2_long updates 85/3125 episodes, total num timesteps 137600/5000000, FPS 77.

incre win rate is 0.03038674033149171.

 Map 5m_vs_6m Algo r_drbfn Exp drbfn_5m6m_v2_long updates 90/3125 episodes, total num timesteps 145600/5000000, FPS 78.

incre win rate is 0.027700831024930747.

 Map 5m_vs_6m Algo r_drbfn Exp drbfn_5m6m_v2_long updates 95/3125 episodes, total num timesteps 153600/5000000, FPS 78.

incre win rate is 0.027777777777777776.

 Map 5m_vs_6m Algo r_drbfn Exp drbfn_5m6m_v2_long updates 100/3125 episodes, total num timesteps 161600/5000000, FPS 78.

incre win rate is 0.019498607242339833.
eval win rate is 0.03125.

 Map 5m_vs_6m Algo r_drbfn Exp drbfn_5m6m_v2_long updates 105/3125 episodes, total num timesteps 169600/5000000, FPS 77.

incre win rate is 0.029498525073746312.

 Map 5m_vs_6m Algo r_drbfn Exp drbfn_5m6m_v2_long updates 110/3125 episodes, total num timesteps 177600/5000000, FPS 77.

incre win rate is 0.03724928366762178.

 Map 5m_vs_6m Algo r_drbfn Exp drbfn_5m6m_v2_long updates 115/3125 episodes, total num timesteps 185600/5000000, FPS 77.

incre win rate is 0.011235955056179775.

 Map 5m_vs_6m Algo r_drbfn Exp drbfn_5m6m_v2_long updates 120/3125 episodes, total num timesteps 193600/5000000, FPS 77.

incre win rate is 0.020172910662824207.

 Map 5m_vs_6m Algo r_drbfn Exp drbfn_5m6m_v2_long updates 125/3125 episodes, total num timesteps 201600/5000000, FPS 77.

incre win rate is 0.03651685393258427.
eval win rate is 0.0.

 Map 5m_vs_6m Algo r_drbfn Exp drbfn_5m6m_v2_long updates 130/3125 episodes, total num timesteps 209600/5000000, FPS 77.

incre win rate is 0.02.

 Map 5m_vs_6m Algo r_drbfn Exp drbfn_5m6m_v2_long updates 135/3125 episodes, total num timesteps 217600/5000000, FPS 77.

incre win rate is 0.05217391304347826.

 Map 5m_vs_6m Algo r_drbfn Exp drbfn_5m6m_v2_long updates 140/3125 episodes, total num timesteps 225600/5000000, FPS 77.

incre win rate is 0.043731778425655975.

 Map 5m_vs_6m Algo r_drbfn Exp drbfn_5m6m_v2_long updates 145/3125 episodes, total num timesteps 233600/5000000, FPS 77.

incre win rate is 0.04081632653061224.

 Map 5m_vs_6m Algo r_drbfn Exp drbfn_5m6m_v2_long updates 150/3125 episodes, total num timesteps 241600/5000000, FPS 78.

incre win rate is 0.026239067055393587.
eval win rate is 0.09375.

 Map 5m_vs_6m Algo r_drbfn Exp drbfn_5m6m_v2_long updates 155/3125 episodes, total num timesteps 249600/5000000, FPS 77.

incre win rate is 0.0621301775147929.

 Map 5m_vs_6m Algo r_drbfn Exp drbfn_5m6m_v2_long updates 160/3125 episodes, total num timesteps 257600/5000000, FPS 78.

incre win rate is 0.08902077151335312.

 Map 5m_vs_6m Algo r_drbfn Exp drbfn_5m6m_v2_long updates 165/3125 episodes, total num timesteps 265600/5000000, FPS 77.

incre win rate is 0.06287425149700598.

 Map 5m_vs_6m Algo r_drbfn Exp drbfn_5m6m_v2_long updates 170/3125 episodes, total num timesteps 273600/5000000, FPS 77.

incre win rate is 0.08708708708708708.

 Map 5m_vs_6m Algo r_drbfn Exp drbfn_5m6m_v2_long updates 175/3125 episodes, total num timesteps 281600/5000000, FPS 77.

incre win rate is 0.06006006006006006.
eval win rate is 0.15625.

 Map 5m_vs_6m Algo r_drbfn Exp drbfn_5m6m_v2_long updates 180/3125 episodes, total num timesteps 289600/5000000, FPS 76.

incre win rate is 0.08108108108108109.

 Map 5m_vs_6m Algo r_drbfn Exp drbfn_5m6m_v2_long updates 185/3125 episodes, total num timesteps 297600/5000000, FPS 76.

incre win rate is 0.10060975609756098.

 Map 5m_vs_6m Algo r_drbfn Exp drbfn_5m6m_v2_long updates 190/3125 episodes, total num timesteps 305600/5000000, FPS 76.

incre win rate is 0.0856269113149847.

 Map 5m_vs_6m Algo r_drbfn Exp drbfn_5m6m_v2_long updates 195/3125 episodes, total num timesteps 313600/5000000, FPS 77.

incre win rate is 0.10060975609756098.

 Map 5m_vs_6m Algo r_drbfn Exp drbfn_5m6m_v2_long updates 200/3125 episodes, total num timesteps 321600/5000000, FPS 77.

incre win rate is 0.09538461538461539.
eval win rate is 0.34375.

 Map 5m_vs_6m Algo r_drbfn Exp drbfn_5m6m_v2_long updates 205/3125 episodes, total num timesteps 329600/5000000, FPS 77.

incre win rate is 0.17337461300309598.

 Map 5m_vs_6m Algo r_drbfn Exp drbfn_5m6m_v2_long updates 210/3125 episodes, total num timesteps 337600/5000000, FPS 77.

incre win rate is 0.15337423312883436.

 Map 5m_vs_6m Algo r_drbfn Exp drbfn_5m6m_v2_long updates 215/3125 episodes, total num timesteps 345600/5000000, FPS 77.

incre win rate is 0.1393188854489164.

 Map 5m_vs_6m Algo r_drbfn Exp drbfn_5m6m_v2_long updates 220/3125 episodes, total num timesteps 353600/5000000, FPS 77.

incre win rate is 0.11801242236024845.

 Map 5m_vs_6m Algo r_drbfn Exp drbfn_5m6m_v2_long updates 225/3125 episodes, total num timesteps 361600/5000000, FPS 77.

incre win rate is 0.09815950920245399.
eval win rate is 0.28125.

 Map 5m_vs_6m Algo r_drbfn Exp drbfn_5m6m_v2_long updates 230/3125 episodes, total num timesteps 369600/5000000, FPS 77.

incre win rate is 0.184375.

 Map 5m_vs_6m Algo r_drbfn Exp drbfn_5m6m_v2_long updates 235/3125 episodes, total num timesteps 377600/5000000, FPS 77.

incre win rate is 0.1289308176100629.

 Map 5m_vs_6m Algo r_drbfn Exp drbfn_5m6m_v2_long updates 240/3125 episodes, total num timesteps 385600/5000000, FPS 77.

incre win rate is 0.16199376947040497.

 Map 5m_vs_6m Algo r_drbfn Exp drbfn_5m6m_v2_long updates 245/3125 episodes, total num timesteps 393600/5000000, FPS 77.

incre win rate is 0.24375.

 Map 5m_vs_6m Algo r_drbfn Exp drbfn_5m6m_v2_long updates 250/3125 episodes, total num timesteps 401600/5000000, FPS 77.

incre win rate is 0.17080745341614906.
eval win rate is 0.25.

 Map 5m_vs_6m Algo r_drbfn Exp drbfn_5m6m_v2_long updates 255/3125 episodes, total num timesteps 409600/5000000, FPS 77.

incre win rate is 0.16408668730650156.

 Map 5m_vs_6m Algo r_drbfn Exp drbfn_5m6m_v2_long updates 260/3125 episodes, total num timesteps 417600/5000000, FPS 77.

incre win rate is 0.18153846153846154.

 Map 5m_vs_6m Algo r_drbfn Exp drbfn_5m6m_v2_long updates 265/3125 episodes, total num timesteps 425600/5000000, FPS 77.

incre win rate is 0.18553459119496854.

 Map 5m_vs_6m Algo r_drbfn Exp drbfn_5m6m_v2_long updates 270/3125 episodes, total num timesteps 433600/5000000, FPS 77.

incre win rate is 0.16875.

 Map 5m_vs_6m Algo r_drbfn Exp drbfn_5m6m_v2_long updates 275/3125 episodes, total num timesteps 441600/5000000, FPS 77.

incre win rate is 0.18181818181818182.
eval win rate is 0.3125.

 Map 5m_vs_6m Algo r_drbfn Exp drbfn_5m6m_v2_long updates 280/3125 episodes, total num timesteps 449600/5000000, FPS 77.

incre win rate is 0.20440251572327045.

 Map 5m_vs_6m Algo r_drbfn Exp drbfn_5m6m_v2_long updates 285/3125 episodes, total num timesteps 457600/5000000, FPS 77.

incre win rate is 0.2334384858044164.

 Map 5m_vs_6m Algo r_drbfn Exp drbfn_5m6m_v2_long updates 290/3125 episodes, total num timesteps 465600/5000000, FPS 77.

incre win rate is 0.1892744479495268.

 Map 5m_vs_6m Algo r_drbfn Exp drbfn_5m6m_v2_long updates 295/3125 episodes, total num timesteps 473600/5000000, FPS 77.

incre win rate is 0.19558359621451105.

 Map 5m_vs_6m Algo r_drbfn Exp drbfn_5m6m_v2_long updates 300/3125 episodes, total num timesteps 481600/5000000, FPS 77.

incre win rate is 0.2555205047318612.
eval win rate is 0.34375.

 Map 5m_vs_6m Algo r_drbfn Exp drbfn_5m6m_v2_long updates 305/3125 episodes, total num timesteps 489600/5000000, FPS 77.

incre win rate is 0.22429906542056074.

 Map 5m_vs_6m Algo r_drbfn Exp drbfn_5m6m_v2_long updates 310/3125 episodes, total num timesteps 497600/5000000, FPS 77.

incre win rate is 0.20307692307692307.

 Map 5m_vs_6m Algo r_drbfn Exp drbfn_5m6m_v2_long updates 315/3125 episodes, total num timesteps 505600/5000000, FPS 77.

incre win rate is 0.22429906542056074.

 Map 5m_vs_6m Algo r_drbfn Exp drbfn_5m6m_v2_long updates 320/3125 episodes, total num timesteps 513600/5000000, FPS 77.

incre win rate is 0.16358024691358025.

 Map 5m_vs_6m Algo r_drbfn Exp drbfn_5m6m_v2_long updates 325/3125 episodes, total num timesteps 521600/5000000, FPS 77.

incre win rate is 0.23510971786833856.
eval win rate is 0.1875.

 Map 5m_vs_6m Algo r_drbfn Exp drbfn_5m6m_v2_long updates 330/3125 episodes, total num timesteps 529600/5000000, FPS 77.

incre win rate is 0.2334384858044164.

 Map 5m_vs_6m Algo r_drbfn Exp drbfn_5m6m_v2_long updates 335/3125 episodes, total num timesteps 537600/5000000, FPS 77.

incre win rate is 0.2006172839506173.

 Map 5m_vs_6m Algo r_drbfn Exp drbfn_5m6m_v2_long updates 340/3125 episodes, total num timesteps 545600/5000000, FPS 77.

incre win rate is 0.2087227414330218.

 Map 5m_vs_6m Algo r_drbfn Exp drbfn_5m6m_v2_long updates 345/3125 episodes, total num timesteps 553600/5000000, FPS 77.

incre win rate is 0.22955974842767296.

 Map 5m_vs_6m Algo r_drbfn Exp drbfn_5m6m_v2_long updates 350/3125 episodes, total num timesteps 561600/5000000, FPS 77.

incre win rate is 0.2345679012345679.
eval win rate is 0.1875.

 Map 5m_vs_6m Algo r_drbfn Exp drbfn_5m6m_v2_long updates 355/3125 episodes, total num timesteps 569600/5000000, FPS 77.

incre win rate is 0.2260061919504644.

 Map 5m_vs_6m Algo r_drbfn Exp drbfn_5m6m_v2_long updates 360/3125 episodes, total num timesteps 577600/5000000, FPS 77.

incre win rate is 0.17484662576687116.

 Map 5m_vs_6m Algo r_drbfn Exp drbfn_5m6m_v2_long updates 365/3125 episodes, total num timesteps 585600/5000000, FPS 77.

incre win rate is 0.2360248447204969.

 Map 5m_vs_6m Algo r_drbfn Exp drbfn_5m6m_v2_long updates 370/3125 episodes, total num timesteps 593600/5000000, FPS 77.

incre win rate is 0.27076923076923076.

 Map 5m_vs_6m Algo r_drbfn Exp drbfn_5m6m_v2_long updates 375/3125 episodes, total num timesteps 601600/5000000, FPS 77.

incre win rate is 0.2267080745341615.
eval win rate is 0.34375.

 Map 5m_vs_6m Algo r_drbfn Exp drbfn_5m6m_v2_long updates 380/3125 episodes, total num timesteps 609600/5000000, FPS 77.

incre win rate is 0.24528301886792453.

 Map 5m_vs_6m Algo r_drbfn Exp drbfn_5m6m_v2_long updates 385/3125 episodes, total num timesteps 617600/5000000, FPS 77.

incre win rate is 0.23219814241486067.

 Map 5m_vs_6m Algo r_drbfn Exp drbfn_5m6m_v2_long updates 390/3125 episodes, total num timesteps 625600/5000000, FPS 77.

incre win rate is 0.21003134796238246.

 Map 5m_vs_6m Algo r_drbfn Exp drbfn_5m6m_v2_long updates 395/3125 episodes, total num timesteps 633600/5000000, FPS 77.

incre win rate is 0.16363636363636364.

 Map 5m_vs_6m Algo r_drbfn Exp drbfn_5m6m_v2_long updates 400/3125 episodes, total num timesteps 641600/5000000, FPS 77.

incre win rate is 0.14634146341463414.
eval win rate is 0.21875.

 Map 5m_vs_6m Algo r_drbfn Exp drbfn_5m6m_v2_long updates 405/3125 episodes, total num timesteps 649600/5000000, FPS 77.

incre win rate is 0.19875776397515527.

 Map 5m_vs_6m Algo r_drbfn Exp drbfn_5m6m_v2_long updates 410/3125 episodes, total num timesteps 657600/5000000, FPS 77.

incre win rate is 0.18042813455657492.

 Map 5m_vs_6m Algo r_drbfn Exp drbfn_5m6m_v2_long updates 415/3125 episodes, total num timesteps 665600/5000000, FPS 77.

incre win rate is 0.275.

 Map 5m_vs_6m Algo r_drbfn Exp drbfn_5m6m_v2_long updates 420/3125 episodes, total num timesteps 673600/5000000, FPS 77.

incre win rate is 0.22118380062305296.

 Map 5m_vs_6m Algo r_drbfn Exp drbfn_5m6m_v2_long updates 425/3125 episodes, total num timesteps 681600/5000000, FPS 77.

incre win rate is 0.22910216718266255.
eval win rate is 0.3125.

 Map 5m_vs_6m Algo r_drbfn Exp drbfn_5m6m_v2_long updates 430/3125 episodes, total num timesteps 689600/5000000, FPS 77.

incre win rate is 0.20123839009287925.

 Map 5m_vs_6m Algo r_drbfn Exp drbfn_5m6m_v2_long updates 435/3125 episodes, total num timesteps 697600/5000000, FPS 77.

incre win rate is 0.209375.

 Map 5m_vs_6m Algo r_drbfn Exp drbfn_5m6m_v2_long updates 440/3125 episodes, total num timesteps 705600/5000000, FPS 77.

incre win rate is 0.219435736677116.

 Map 5m_vs_6m Algo r_drbfn Exp drbfn_5m6m_v2_long updates 445/3125 episodes, total num timesteps 713600/5000000, FPS 77.

incre win rate is 0.30914826498422715.

 Map 5m_vs_6m Algo r_drbfn Exp drbfn_5m6m_v2_long updates 450/3125 episodes, total num timesteps 721600/5000000, FPS 77.

incre win rate is 0.279874213836478.
eval win rate is 0.53125.

 Map 5m_vs_6m Algo r_drbfn Exp drbfn_5m6m_v2_long updates 455/3125 episodes, total num timesteps 729600/5000000, FPS 77.

incre win rate is 0.2830188679245283.

 Map 5m_vs_6m Algo r_drbfn Exp drbfn_5m6m_v2_long updates 460/3125 episodes, total num timesteps 737600/5000000, FPS 77.

incre win rate is 0.2830188679245283.

 Map 5m_vs_6m Algo r_drbfn Exp drbfn_5m6m_v2_long updates 465/3125 episodes, total num timesteps 745600/5000000, FPS 77.

incre win rate is 0.3072100313479624.

 Map 5m_vs_6m Algo r_drbfn Exp drbfn_5m6m_v2_long updates 470/3125 episodes, total num timesteps 753600/5000000, FPS 77.

incre win rate is 0.2807570977917981.

 Map 5m_vs_6m Algo r_drbfn Exp drbfn_5m6m_v2_long updates 475/3125 episodes, total num timesteps 761600/5000000, FPS 77.

incre win rate is 0.279874213836478.
eval win rate is 0.28125.

 Map 5m_vs_6m Algo r_drbfn Exp drbfn_5m6m_v2_long updates 480/3125 episodes, total num timesteps 769600/5000000, FPS 77.

incre win rate is 0.3194888178913738.

 Map 5m_vs_6m Algo r_drbfn Exp drbfn_5m6m_v2_long updates 485/3125 episodes, total num timesteps 777600/5000000, FPS 77.

incre win rate is 0.28391167192429023.

 Map 5m_vs_6m Algo r_drbfn Exp drbfn_5m6m_v2_long updates 490/3125 episodes, total num timesteps 785600/5000000, FPS 77.

incre win rate is 0.3089171974522293.

 Map 5m_vs_6m Algo r_drbfn Exp drbfn_5m6m_v2_long updates 495/3125 episodes, total num timesteps 793600/5000000, FPS 77.

incre win rate is 0.2961783439490446.

 Map 5m_vs_6m Algo r_drbfn Exp drbfn_5m6m_v2_long updates 500/3125 episodes, total num timesteps 801600/5000000, FPS 77.

incre win rate is 0.3548387096774194.
eval win rate is 0.5.

 Map 5m_vs_6m Algo r_drbfn Exp drbfn_5m6m_v2_long updates 505/3125 episodes, total num timesteps 809600/5000000, FPS 77.

incre win rate is 0.3247588424437299.

 Map 5m_vs_6m Algo r_drbfn Exp drbfn_5m6m_v2_long updates 510/3125 episodes, total num timesteps 817600/5000000, FPS 77.

incre win rate is 0.3248407643312102.

 Map 5m_vs_6m Algo r_drbfn Exp drbfn_5m6m_v2_long updates 515/3125 episodes, total num timesteps 825600/5000000, FPS 77.

incre win rate is 0.28434504792332266.

 Map 5m_vs_6m Algo r_drbfn Exp drbfn_5m6m_v2_long updates 520/3125 episodes, total num timesteps 833600/5000000, FPS 77.

incre win rate is 0.36477987421383645.

 Map 5m_vs_6m Algo r_drbfn Exp drbfn_5m6m_v2_long updates 525/3125 episodes, total num timesteps 841600/5000000, FPS 77.

incre win rate is 0.2875.
eval win rate is 0.3125.

 Map 5m_vs_6m Algo r_drbfn Exp drbfn_5m6m_v2_long updates 530/3125 episodes, total num timesteps 849600/5000000, FPS 77.

incre win rate is 0.34169278996865204.

 Map 5m_vs_6m Algo r_drbfn Exp drbfn_5m6m_v2_long updates 535/3125 episodes, total num timesteps 857600/5000000, FPS 77.

incre win rate is 0.4240506329113924.

 Map 5m_vs_6m Algo r_drbfn Exp drbfn_5m6m_v2_long updates 540/3125 episodes, total num timesteps 865600/5000000, FPS 77.

incre win rate is 0.371875.

 Map 5m_vs_6m Algo r_drbfn Exp drbfn_5m6m_v2_long updates 545/3125 episodes, total num timesteps 873600/5000000, FPS 77.

incre win rate is 0.29780564263322884.

 Map 5m_vs_6m Algo r_drbfn Exp drbfn_5m6m_v2_long updates 550/3125 episodes, total num timesteps 881600/5000000, FPS 77.

incre win rate is 0.40189873417721517.
eval win rate is 0.5.

 Map 5m_vs_6m Algo r_drbfn Exp drbfn_5m6m_v2_long updates 555/3125 episodes, total num timesteps 889600/5000000, FPS 77.

incre win rate is 0.3440514469453376.

 Map 5m_vs_6m Algo r_drbfn Exp drbfn_5m6m_v2_long updates 560/3125 episodes, total num timesteps 897600/5000000, FPS 77.

incre win rate is 0.37777777777777777.

 Map 5m_vs_6m Algo r_drbfn Exp drbfn_5m6m_v2_long updates 565/3125 episodes, total num timesteps 905600/5000000, FPS 77.

incre win rate is 0.346031746031746.

 Map 5m_vs_6m Algo r_drbfn Exp drbfn_5m6m_v2_long updates 570/3125 episodes, total num timesteps 913600/5000000, FPS 77.

incre win rate is 0.38782051282051283.

 Map 5m_vs_6m Algo r_drbfn Exp drbfn_5m6m_v2_long updates 575/3125 episodes, total num timesteps 921600/5000000, FPS 77.

incre win rate is 0.37658227848101267.
eval win rate is 0.28125.

 Map 5m_vs_6m Algo r_drbfn Exp drbfn_5m6m_v2_long updates 580/3125 episodes, total num timesteps 929600/5000000, FPS 77.

incre win rate is 0.37579617834394907.

 Map 5m_vs_6m Algo r_drbfn Exp drbfn_5m6m_v2_long updates 585/3125 episodes, total num timesteps 937600/5000000, FPS 77.

incre win rate is 0.36075949367088606.

 Map 5m_vs_6m Algo r_drbfn Exp drbfn_5m6m_v2_long updates 590/3125 episodes, total num timesteps 945600/5000000, FPS 77.

incre win rate is 0.3523809523809524.

 Map 5m_vs_6m Algo r_drbfn Exp drbfn_5m6m_v2_long updates 595/3125 episodes, total num timesteps 953600/5000000, FPS 77.

incre win rate is 0.3065015479876161.

 Map 5m_vs_6m Algo r_drbfn Exp drbfn_5m6m_v2_long updates 600/3125 episodes, total num timesteps 961600/5000000, FPS 77.

incre win rate is 0.30625.
eval win rate is 0.40625.

 Map 5m_vs_6m Algo r_drbfn Exp drbfn_5m6m_v2_long updates 605/3125 episodes, total num timesteps 969600/5000000, FPS 77.

incre win rate is 0.38485804416403785.

 Map 5m_vs_6m Algo r_drbfn Exp drbfn_5m6m_v2_long updates 610/3125 episodes, total num timesteps 977600/5000000, FPS 77.

incre win rate is 0.3627760252365931.

 Map 5m_vs_6m Algo r_drbfn Exp drbfn_5m6m_v2_long updates 615/3125 episodes, total num timesteps 985600/5000000, FPS 77.

incre win rate is 0.42948717948717946.

 Map 5m_vs_6m Algo r_drbfn Exp drbfn_5m6m_v2_long updates 620/3125 episodes, total num timesteps 993600/5000000, FPS 77.

incre win rate is 0.4426751592356688.

 Map 5m_vs_6m Algo r_drbfn Exp drbfn_5m6m_v2_long updates 625/3125 episodes, total num timesteps 1001600/5000000, FPS 77.

incre win rate is 0.37261146496815284.
eval win rate is 0.5625.

 Map 5m_vs_6m Algo r_drbfn Exp drbfn_5m6m_v2_long updates 630/3125 episodes, total num timesteps 1009600/5000000, FPS 77.

incre win rate is 0.3829113924050633.

 Map 5m_vs_6m Algo r_drbfn Exp drbfn_5m6m_v2_long updates 635/3125 episodes, total num timesteps 1017600/5000000, FPS 77.

incre win rate is 0.31545741324921134.

 Map 5m_vs_6m Algo r_drbfn Exp drbfn_5m6m_v2_long updates 640/3125 episodes, total num timesteps 1025600/5000000, FPS 77.

incre win rate is 0.37658227848101267.

 Map 5m_vs_6m Algo r_drbfn Exp drbfn_5m6m_v2_long updates 645/3125 episodes, total num timesteps 1033600/5000000, FPS 77.

incre win rate is 0.38311688311688313.

 Map 5m_vs_6m Algo r_drbfn Exp drbfn_5m6m_v2_long updates 650/3125 episodes, total num timesteps 1041600/5000000, FPS 77.

incre win rate is 0.3408360128617363.
eval win rate is 0.375.

 Map 5m_vs_6m Algo r_drbfn Exp drbfn_5m6m_v2_long updates 655/3125 episodes, total num timesteps 1049600/5000000, FPS 77.

incre win rate is 0.31962025316455694.

 Map 5m_vs_6m Algo r_drbfn Exp drbfn_5m6m_v2_long updates 660/3125 episodes, total num timesteps 1057600/5000000, FPS 77.

incre win rate is 0.3627760252365931.

 Map 5m_vs_6m Algo r_drbfn Exp drbfn_5m6m_v2_long updates 665/3125 episodes, total num timesteps 1065600/5000000, FPS 77.

incre win rate is 0.37261146496815284.

 Map 5m_vs_6m Algo r_drbfn Exp drbfn_5m6m_v2_long updates 670/3125 episodes, total num timesteps 1073600/5000000, FPS 77.

incre win rate is 0.3354632587859425.

 Map 5m_vs_6m Algo r_drbfn Exp drbfn_5m6m_v2_long updates 675/3125 episodes, total num timesteps 1081600/5000000, FPS 77.

incre win rate is 0.3667711598746082.
eval win rate is 0.46875.

 Map 5m_vs_6m Algo r_drbfn Exp drbfn_5m6m_v2_long updates 680/3125 episodes, total num timesteps 1089600/5000000, FPS 77.

incre win rate is 0.34579439252336447.

 Map 5m_vs_6m Algo r_drbfn Exp drbfn_5m6m_v2_long updates 685/3125 episodes, total num timesteps 1097600/5000000, FPS 77.

incre win rate is 0.3824451410658307.

 Map 5m_vs_6m Algo r_drbfn Exp drbfn_5m6m_v2_long updates 690/3125 episodes, total num timesteps 1105600/5000000, FPS 77.

incre win rate is 0.31974921630094044.

 Map 5m_vs_6m Algo r_drbfn Exp drbfn_5m6m_v2_long updates 695/3125 episodes, total num timesteps 1113600/5000000, FPS 77.

incre win rate is 0.4056603773584906.

 Map 5m_vs_6m Algo r_drbfn Exp drbfn_5m6m_v2_long updates 700/3125 episodes, total num timesteps 1121600/5000000, FPS 77.

incre win rate is 0.4222222222222222.
eval win rate is 0.34375.

 Map 5m_vs_6m Algo r_drbfn Exp drbfn_5m6m_v2_long updates 705/3125 episodes, total num timesteps 1129600/5000000, FPS 77.

incre win rate is 0.34591194968553457.

 Map 5m_vs_6m Algo r_drbfn Exp drbfn_5m6m_v2_long updates 710/3125 episodes, total num timesteps 1137600/5000000, FPS 77.

incre win rate is 0.4358974358974359.

 Map 5m_vs_6m Algo r_drbfn Exp drbfn_5m6m_v2_long updates 715/3125 episodes, total num timesteps 1145600/5000000, FPS 77.

incre win rate is 0.4634920634920635.

 Map 5m_vs_6m Algo r_drbfn Exp drbfn_5m6m_v2_long updates 720/3125 episodes, total num timesteps 1153600/5000000, FPS 77.

incre win rate is 0.4230769230769231.

 Map 5m_vs_6m Algo r_drbfn Exp drbfn_5m6m_v2_long updates 725/3125 episodes, total num timesteps 1161600/5000000, FPS 77.

incre win rate is 0.44761904761904764.
eval win rate is 0.5.

 Map 5m_vs_6m Algo r_drbfn Exp drbfn_5m6m_v2_long updates 730/3125 episodes, total num timesteps 1169600/5000000, FPS 77.

incre win rate is 0.4031746031746032.

 Map 5m_vs_6m Algo r_drbfn Exp drbfn_5m6m_v2_long updates 735/3125 episodes, total num timesteps 1177600/5000000, FPS 77.

incre win rate is 0.41139240506329117.

 Map 5m_vs_6m Algo r_drbfn Exp drbfn_5m6m_v2_long updates 740/3125 episodes, total num timesteps 1185600/5000000, FPS 77.

incre win rate is 0.36129032258064514.

 Map 5m_vs_6m Algo r_drbfn Exp drbfn_5m6m_v2_long updates 745/3125 episodes, total num timesteps 1193600/5000000, FPS 77.

incre win rate is 0.4383116883116883.

 Map 5m_vs_6m Algo r_drbfn Exp drbfn_5m6m_v2_long updates 750/3125 episodes, total num timesteps 1201600/5000000, FPS 78.

incre win rate is 0.4115755627009646.
eval win rate is 0.5.

 Map 5m_vs_6m Algo r_drbfn Exp drbfn_5m6m_v2_long updates 755/3125 episodes, total num timesteps 1209600/5000000, FPS 77.

incre win rate is 0.3738019169329074.

 Map 5m_vs_6m Algo r_drbfn Exp drbfn_5m6m_v2_long updates 760/3125 episodes, total num timesteps 1217600/5000000, FPS 78.

incre win rate is 0.40894568690095845.

 Map 5m_vs_6m Algo r_drbfn Exp drbfn_5m6m_v2_long updates 765/3125 episodes, total num timesteps 1225600/5000000, FPS 78.

incre win rate is 0.40192926045016075.

 Map 5m_vs_6m Algo r_drbfn Exp drbfn_5m6m_v2_long updates 770/3125 episodes, total num timesteps 1233600/5000000, FPS 78.

incre win rate is 0.3536977491961415.

 Map 5m_vs_6m Algo r_drbfn Exp drbfn_5m6m_v2_long updates 775/3125 episodes, total num timesteps 1241600/5000000, FPS 78.

incre win rate is 0.38412698412698415.
eval win rate is 0.5625.

 Map 5m_vs_6m Algo r_drbfn Exp drbfn_5m6m_v2_long updates 780/3125 episodes, total num timesteps 1249600/5000000, FPS 78.

incre win rate is 0.38782051282051283.

 Map 5m_vs_6m Algo r_drbfn Exp drbfn_5m6m_v2_long updates 785/3125 episodes, total num timesteps 1257600/5000000, FPS 78.

incre win rate is 0.4064516129032258.

 Map 5m_vs_6m Algo r_drbfn Exp drbfn_5m6m_v2_long updates 790/3125 episodes, total num timesteps 1265600/5000000, FPS 78.

incre win rate is 0.3517915309446254.

 Map 5m_vs_6m Algo r_drbfn Exp drbfn_5m6m_v2_long updates 795/3125 episodes, total num timesteps 1273600/5000000, FPS 78.

incre win rate is 0.43548387096774194.

 Map 5m_vs_6m Algo r_drbfn Exp drbfn_5m6m_v2_long updates 800/3125 episodes, total num timesteps 1281600/5000000, FPS 78.

incre win rate is 0.37261146496815284.
eval win rate is 0.59375.

 Map 5m_vs_6m Algo r_drbfn Exp drbfn_5m6m_v2_long updates 805/3125 episodes, total num timesteps 1289600/5000000, FPS 78.

incre win rate is 0.38782051282051283.

 Map 5m_vs_6m Algo r_drbfn Exp drbfn_5m6m_v2_long updates 810/3125 episodes, total num timesteps 1297600/5000000, FPS 77.

incre win rate is 0.3883495145631068.

 Map 5m_vs_6m Algo r_drbfn Exp drbfn_5m6m_v2_long updates 815/3125 episodes, total num timesteps 1305600/5000000, FPS 77.

incre win rate is 0.43729903536977494.

 Map 5m_vs_6m Algo r_drbfn Exp drbfn_5m6m_v2_long updates 820/3125 episodes, total num timesteps 1313600/5000000, FPS 77.

incre win rate is 0.44904458598726116.

 Map 5m_vs_6m Algo r_drbfn Exp drbfn_5m6m_v2_long updates 825/3125 episodes, total num timesteps 1321600/5000000, FPS 77.

incre win rate is 0.48717948717948717.
eval win rate is 0.59375.

 Map 5m_vs_6m Algo r_drbfn Exp drbfn_5m6m_v2_long updates 830/3125 episodes, total num timesteps 1329600/5000000, FPS 77.

incre win rate is 0.4588607594936709.

 Map 5m_vs_6m Algo r_drbfn Exp drbfn_5m6m_v2_long updates 835/3125 episodes, total num timesteps 1337600/5000000, FPS 77.

incre win rate is 0.44904458598726116.

 Map 5m_vs_6m Algo r_drbfn Exp drbfn_5m6m_v2_long updates 840/3125 episodes, total num timesteps 1345600/5000000, FPS 77.

incre win rate is 0.4299363057324841.

 Map 5m_vs_6m Algo r_drbfn Exp drbfn_5m6m_v2_long updates 845/3125 episodes, total num timesteps 1353600/5000000, FPS 77.

incre win rate is 0.3954983922829582.

 Map 5m_vs_6m Algo r_drbfn Exp drbfn_5m6m_v2_long updates 850/3125 episodes, total num timesteps 1361600/5000000, FPS 77.

incre win rate is 0.416403785488959.
eval win rate is 0.5.

 Map 5m_vs_6m Algo r_drbfn Exp drbfn_5m6m_v2_long updates 855/3125 episodes, total num timesteps 1369600/5000000, FPS 77.

incre win rate is 0.4339622641509434.

 Map 5m_vs_6m Algo r_drbfn Exp drbfn_5m6m_v2_long updates 860/3125 episodes, total num timesteps 1377600/5000000, FPS 78.

incre win rate is 0.434375.

 Map 5m_vs_6m Algo r_drbfn Exp drbfn_5m6m_v2_long updates 865/3125 episodes, total num timesteps 1385600/5000000, FPS 78.

incre win rate is 0.4200626959247649.

 Map 5m_vs_6m Algo r_drbfn Exp drbfn_5m6m_v2_long updates 870/3125 episodes, total num timesteps 1393600/5000000, FPS 78.

incre win rate is 0.46394984326018807.

 Map 5m_vs_6m Algo r_drbfn Exp drbfn_5m6m_v2_long updates 875/3125 episodes, total num timesteps 1401600/5000000, FPS 78.

incre win rate is 0.521875.
eval win rate is 0.53125.

 Map 5m_vs_6m Algo r_drbfn Exp drbfn_5m6m_v2_long updates 880/3125 episodes, total num timesteps 1409600/5000000, FPS 78.

incre win rate is 0.4775641025641026.

 Map 5m_vs_6m Algo r_drbfn Exp drbfn_5m6m_v2_long updates 885/3125 episodes, total num timesteps 1417600/5000000, FPS 78.

incre win rate is 0.5063291139240507.

 Map 5m_vs_6m Algo r_drbfn Exp drbfn_5m6m_v2_long updates 890/3125 episodes, total num timesteps 1425600/5000000, FPS 78.

incre win rate is 0.47318611987381703.

 Map 5m_vs_6m Algo r_drbfn Exp drbfn_5m6m_v2_long updates 895/3125 episodes, total num timesteps 1433600/5000000, FPS 78.

incre win rate is 0.549520766773163.

 Map 5m_vs_6m Algo r_drbfn Exp drbfn_5m6m_v2_long updates 900/3125 episodes, total num timesteps 1441600/5000000, FPS 78.

incre win rate is 0.517799352750809.
eval win rate is 0.59375.

 Map 5m_vs_6m Algo r_drbfn Exp drbfn_5m6m_v2_long updates 905/3125 episodes, total num timesteps 1449600/5000000, FPS 78.

incre win rate is 0.4551282051282051.

 Map 5m_vs_6m Algo r_drbfn Exp drbfn_5m6m_v2_long updates 910/3125 episodes, total num timesteps 1457600/5000000, FPS 78.

incre win rate is 0.4504792332268371.

 Map 5m_vs_6m Algo r_drbfn Exp drbfn_5m6m_v2_long updates 915/3125 episodes, total num timesteps 1465600/5000000, FPS 78.

incre win rate is 0.48881789137380194.

 Map 5m_vs_6m Algo r_drbfn Exp drbfn_5m6m_v2_long updates 920/3125 episodes, total num timesteps 1473600/5000000, FPS 78.

incre win rate is 0.4921135646687697.

 Map 5m_vs_6m Algo r_drbfn Exp drbfn_5m6m_v2_long updates 925/3125 episodes, total num timesteps 1481600/5000000, FPS 78.

incre win rate is 0.5.
eval win rate is 0.65625.

 Map 5m_vs_6m Algo r_drbfn Exp drbfn_5m6m_v2_long updates 930/3125 episodes, total num timesteps 1489600/5000000, FPS 78.

incre win rate is 0.4855305466237942.

 Map 5m_vs_6m Algo r_drbfn Exp drbfn_5m6m_v2_long updates 935/3125 episodes, total num timesteps 1497600/5000000, FPS 78.

incre win rate is 0.5273311897106109.

 Map 5m_vs_6m Algo r_drbfn Exp drbfn_5m6m_v2_long updates 940/3125 episodes, total num timesteps 1505600/5000000, FPS 78.

incre win rate is 0.4758842443729904.

 Map 5m_vs_6m Algo r_drbfn Exp drbfn_5m6m_v2_long updates 945/3125 episodes, total num timesteps 1513600/5000000, FPS 78.

incre win rate is 0.46474358974358976.

 Map 5m_vs_6m Algo r_drbfn Exp drbfn_5m6m_v2_long updates 950/3125 episodes, total num timesteps 1521600/5000000, FPS 78.

incre win rate is 0.4472843450479233.
eval win rate is 0.625.

 Map 5m_vs_6m Algo r_drbfn Exp drbfn_5m6m_v2_long updates 955/3125 episodes, total num timesteps 1529600/5000000, FPS 78.

incre win rate is 0.4394904458598726.

 Map 5m_vs_6m Algo r_drbfn Exp drbfn_5m6m_v2_long updates 960/3125 episodes, total num timesteps 1537600/5000000, FPS 79.

incre win rate is 0.46474358974358976.

 Map 5m_vs_6m Algo r_drbfn Exp drbfn_5m6m_v2_long updates 965/3125 episodes, total num timesteps 1545600/5000000, FPS 79.

incre win rate is 0.48562300319488816.

 Map 5m_vs_6m Algo r_drbfn Exp drbfn_5m6m_v2_long updates 970/3125 episodes, total num timesteps 1553600/5000000, FPS 79.

incre win rate is 0.49032258064516127.

 Map 5m_vs_6m Algo r_drbfn Exp drbfn_5m6m_v2_long updates 975/3125 episodes, total num timesteps 1561600/5000000, FPS 78.

incre win rate is 0.4308176100628931.
eval win rate is 0.65625.

 Map 5m_vs_6m Algo r_drbfn Exp drbfn_5m6m_v2_long updates 980/3125 episodes, total num timesteps 1569600/5000000, FPS 78.

incre win rate is 0.45396825396825397.

 Map 5m_vs_6m Algo r_drbfn Exp drbfn_5m6m_v2_long updates 985/3125 episodes, total num timesteps 1577600/5000000, FPS 78.

incre win rate is 0.4416403785488959.

 Map 5m_vs_6m Algo r_drbfn Exp drbfn_5m6m_v2_long updates 990/3125 episodes, total num timesteps 1585600/5000000, FPS 79.

incre win rate is 0.4050632911392405.

 Map 5m_vs_6m Algo r_drbfn Exp drbfn_5m6m_v2_long updates 995/3125 episodes, total num timesteps 1593600/5000000, FPS 79.

incre win rate is 0.4056603773584906.

 Map 5m_vs_6m Algo r_drbfn Exp drbfn_5m6m_v2_long updates 1000/3125 episodes, total num timesteps 1601600/5000000, FPS 79.

incre win rate is 0.41304347826086957.
eval win rate is 0.40625.

 Map 5m_vs_6m Algo r_drbfn Exp drbfn_5m6m_v2_long updates 1005/3125 episodes, total num timesteps 1609600/5000000, FPS 79.

incre win rate is 0.49517684887459806.

 Map 5m_vs_6m Algo r_drbfn Exp drbfn_5m6m_v2_long updates 1010/3125 episodes, total num timesteps 1617600/5000000, FPS 79.

incre win rate is 0.5048231511254019.

 Map 5m_vs_6m Algo r_drbfn Exp drbfn_5m6m_v2_long updates 1015/3125 episodes, total num timesteps 1625600/5000000, FPS 79.

incre win rate is 0.4565916398713826.

 Map 5m_vs_6m Algo r_drbfn Exp drbfn_5m6m_v2_long updates 1020/3125 episodes, total num timesteps 1633600/5000000, FPS 79.

incre win rate is 0.48717948717948717.

 Map 5m_vs_6m Algo r_drbfn Exp drbfn_5m6m_v2_long updates 1025/3125 episodes, total num timesteps 1641600/5000000, FPS 79.

incre win rate is 0.5288461538461539.
eval win rate is 0.59375.

 Map 5m_vs_6m Algo r_drbfn Exp drbfn_5m6m_v2_long updates 1030/3125 episodes, total num timesteps 1649600/5000000, FPS 79.

incre win rate is 0.4440894568690096.

 Map 5m_vs_6m Algo r_drbfn Exp drbfn_5m6m_v2_long updates 1035/3125 episodes, total num timesteps 1657600/5000000, FPS 79.

incre win rate is 0.5175718849840255.

 Map 5m_vs_6m Algo r_drbfn Exp drbfn_5m6m_v2_long updates 1040/3125 episodes, total num timesteps 1665600/5000000, FPS 79.

incre win rate is 0.5142857142857142.

 Map 5m_vs_6m Algo r_drbfn Exp drbfn_5m6m_v2_long updates 1045/3125 episodes, total num timesteps 1673600/5000000, FPS 79.

incre win rate is 0.5127388535031847.

 Map 5m_vs_6m Algo r_drbfn Exp drbfn_5m6m_v2_long updates 1050/3125 episodes, total num timesteps 1681600/5000000, FPS 79.

incre win rate is 0.5411392405063291.
eval win rate is 0.59375.

 Map 5m_vs_6m Algo r_drbfn Exp drbfn_5m6m_v2_long updates 1055/3125 episodes, total num timesteps 1689600/5000000, FPS 79.

incre win rate is 0.45425867507886436.

 Map 5m_vs_6m Algo r_drbfn Exp drbfn_5m6m_v2_long updates 1060/3125 episodes, total num timesteps 1697600/5000000, FPS 79.

incre win rate is 0.49050632911392406.

 Map 5m_vs_6m Algo r_drbfn Exp drbfn_5m6m_v2_long updates 1065/3125 episodes, total num timesteps 1705600/5000000, FPS 79.

incre win rate is 0.428125.

 Map 5m_vs_6m Algo r_drbfn Exp drbfn_5m6m_v2_long updates 1070/3125 episodes, total num timesteps 1713600/5000000, FPS 79.

incre win rate is 0.4281150159744409.

 Map 5m_vs_6m Algo r_drbfn Exp drbfn_5m6m_v2_long updates 1075/3125 episodes, total num timesteps 1721600/5000000, FPS 79.

incre win rate is 0.4585987261146497.
eval win rate is 0.40625.

 Map 5m_vs_6m Algo r_drbfn Exp drbfn_5m6m_v2_long updates 1080/3125 episodes, total num timesteps 1729600/5000000, FPS 79.

incre win rate is 0.44904458598726116.

 Map 5m_vs_6m Algo r_drbfn Exp drbfn_5m6m_v2_long updates 1085/3125 episodes, total num timesteps 1737600/5000000, FPS 79.

incre win rate is 0.3824451410658307.

 Map 5m_vs_6m Algo r_drbfn Exp drbfn_5m6m_v2_long updates 1090/3125 episodes, total num timesteps 1745600/5000000, FPS 79.

incre win rate is 0.5206349206349207.

 Map 5m_vs_6m Algo r_drbfn Exp drbfn_5m6m_v2_long updates 1095/3125 episodes, total num timesteps 1753600/5000000, FPS 79.

incre win rate is 0.4840764331210191.

 Map 5m_vs_6m Algo r_drbfn Exp drbfn_5m6m_v2_long updates 1100/3125 episodes, total num timesteps 1761600/5000000, FPS 79.

incre win rate is 0.48717948717948717.
eval win rate is 0.4375.

 Map 5m_vs_6m Algo r_drbfn Exp drbfn_5m6m_v2_long updates 1105/3125 episodes, total num timesteps 1769600/5000000, FPS 79.

incre win rate is 0.483974358974359.

 Map 5m_vs_6m Algo r_drbfn Exp drbfn_5m6m_v2_long updates 1110/3125 episodes, total num timesteps 1777600/5000000, FPS 79.

incre win rate is 0.5.

 Map 5m_vs_6m Algo r_drbfn Exp drbfn_5m6m_v2_long updates 1115/3125 episodes, total num timesteps 1785600/5000000, FPS 79.

incre win rate is 0.5562700964630225.

 Map 5m_vs_6m Algo r_drbfn Exp drbfn_5m6m_v2_long updates 1120/3125 episodes, total num timesteps 1793600/5000000, FPS 79.

incre win rate is 0.5399361022364217.

 Map 5m_vs_6m Algo r_drbfn Exp drbfn_5m6m_v2_long updates 1125/3125 episodes, total num timesteps 1801600/5000000, FPS 79.

incre win rate is 0.4793650793650794.
eval win rate is 0.59375.

 Map 5m_vs_6m Algo r_drbfn Exp drbfn_5m6m_v2_long updates 1130/3125 episodes, total num timesteps 1809600/5000000, FPS 79.

incre win rate is 0.5348101265822784.

 Map 5m_vs_6m Algo r_drbfn Exp drbfn_5m6m_v2_long updates 1135/3125 episodes, total num timesteps 1817600/5000000, FPS 79.

incre win rate is 0.5562700964630225.

 Map 5m_vs_6m Algo r_drbfn Exp drbfn_5m6m_v2_long updates 1140/3125 episodes, total num timesteps 1825600/5000000, FPS 79.

incre win rate is 0.5158227848101266.

 Map 5m_vs_6m Algo r_drbfn Exp drbfn_5m6m_v2_long updates 1145/3125 episodes, total num timesteps 1833600/5000000, FPS 79.

incre win rate is 0.5904761904761905.

 Map 5m_vs_6m Algo r_drbfn Exp drbfn_5m6m_v2_long updates 1150/3125 episodes, total num timesteps 1841600/5000000, FPS 79.

incre win rate is 0.5993589743589743.
eval win rate is 0.6875.

 Map 5m_vs_6m Algo r_drbfn Exp drbfn_5m6m_v2_long updates 1155/3125 episodes, total num timesteps 1849600/5000000, FPS 79.

incre win rate is 0.5160256410256411.

 Map 5m_vs_6m Algo r_drbfn Exp drbfn_5m6m_v2_long updates 1160/3125 episodes, total num timesteps 1857600/5000000, FPS 79.

incre win rate is 0.5047619047619047.

 Map 5m_vs_6m Algo r_drbfn Exp drbfn_5m6m_v2_long updates 1165/3125 episodes, total num timesteps 1865600/5000000, FPS 79.

incre win rate is 0.44904458598726116.

 Map 5m_vs_6m Algo r_drbfn Exp drbfn_5m6m_v2_long updates 1170/3125 episodes, total num timesteps 1873600/5000000, FPS 79.

incre win rate is 0.46984126984126984.

 Map 5m_vs_6m Algo r_drbfn Exp drbfn_5m6m_v2_long updates 1175/3125 episodes, total num timesteps 1881600/5000000, FPS 79.

incre win rate is 0.4806451612903226.
eval win rate is 0.53125.

 Map 5m_vs_6m Algo r_drbfn Exp drbfn_5m6m_v2_long updates 1180/3125 episodes, total num timesteps 1889600/5000000, FPS 79.

incre win rate is 0.5534591194968553.

 Map 5m_vs_6m Algo r_drbfn Exp drbfn_5m6m_v2_long updates 1185/3125 episodes, total num timesteps 1897600/5000000, FPS 79.

incre win rate is 0.47151898734177217.

 Map 5m_vs_6m Algo r_drbfn Exp drbfn_5m6m_v2_long updates 1190/3125 episodes, total num timesteps 1905600/5000000, FPS 79.

incre win rate is 0.4625.

 Map 5m_vs_6m Algo r_drbfn Exp drbfn_5m6m_v2_long updates 1195/3125 episodes, total num timesteps 1913600/5000000, FPS 79.

incre win rate is 0.4380952380952381.

 Map 5m_vs_6m Algo r_drbfn Exp drbfn_5m6m_v2_long updates 1200/3125 episodes, total num timesteps 1921600/5000000, FPS 79.

incre win rate is 0.41904761904761906.
eval win rate is 0.59375.

 Map 5m_vs_6m Algo r_drbfn Exp drbfn_5m6m_v2_long updates 1205/3125 episodes, total num timesteps 1929600/5000000, FPS 79.

incre win rate is 0.44375.

 Map 5m_vs_6m Algo r_drbfn Exp drbfn_5m6m_v2_long updates 1210/3125 episodes, total num timesteps 1937600/5000000, FPS 79.

incre win rate is 0.47318611987381703.

 Map 5m_vs_6m Algo r_drbfn Exp drbfn_5m6m_v2_long updates 1215/3125 episodes, total num timesteps 1945600/5000000, FPS 79.

incre win rate is 0.44200626959247646.

 Map 5m_vs_6m Algo r_drbfn Exp drbfn_5m6m_v2_long updates 1220/3125 episodes, total num timesteps 1953600/5000000, FPS 79.

incre win rate is 0.4177215189873418.

 Map 5m_vs_6m Algo r_drbfn Exp drbfn_5m6m_v2_long updates 1225/3125 episodes, total num timesteps 1961600/5000000, FPS 79.

incre win rate is 0.45454545454545453.
eval win rate is 0.46875.

 Map 5m_vs_6m Algo r_drbfn Exp drbfn_5m6m_v2_long updates 1230/3125 episodes, total num timesteps 1969600/5000000, FPS 79.

incre win rate is 0.5205047318611987.

 Map 5m_vs_6m Algo r_drbfn Exp drbfn_5m6m_v2_long updates 1235/3125 episodes, total num timesteps 1977600/5000000, FPS 79.

incre win rate is 0.4625.

 Map 5m_vs_6m Algo r_drbfn Exp drbfn_5m6m_v2_long updates 1240/3125 episodes, total num timesteps 1985600/5000000, FPS 79.

incre win rate is 0.5236593059936908.

 Map 5m_vs_6m Algo r_drbfn Exp drbfn_5m6m_v2_long updates 1245/3125 episodes, total num timesteps 1993600/5000000, FPS 79.

incre win rate is 0.5.

 Map 5m_vs_6m Algo r_drbfn Exp drbfn_5m6m_v2_long updates 1250/3125 episodes, total num timesteps 2001600/5000000, FPS 79.

incre win rate is 0.4797507788161994.
eval win rate is 0.53125.

 Map 5m_vs_6m Algo r_drbfn Exp drbfn_5m6m_v2_long updates 1255/3125 episodes, total num timesteps 2009600/5000000, FPS 79.

incre win rate is 0.46855345911949686.

 Map 5m_vs_6m Algo r_drbfn Exp drbfn_5m6m_v2_long updates 1260/3125 episodes, total num timesteps 2017600/5000000, FPS 79.

incre win rate is 0.528125.

 Map 5m_vs_6m Algo r_drbfn Exp drbfn_5m6m_v2_long updates 1265/3125 episodes, total num timesteps 2025600/5000000, FPS 80.

incre win rate is 0.44200626959247646.

 Map 5m_vs_6m Algo r_drbfn Exp drbfn_5m6m_v2_long updates 1270/3125 episodes, total num timesteps 2033600/5000000, FPS 80.

incre win rate is 0.48923076923076925.

 Map 5m_vs_6m Algo r_drbfn Exp drbfn_5m6m_v2_long updates 1275/3125 episodes, total num timesteps 2041600/5000000, FPS 80.

incre win rate is 0.46540880503144655.
eval win rate is 0.625.

 Map 5m_vs_6m Algo r_drbfn Exp drbfn_5m6m_v2_long updates 1280/3125 episodes, total num timesteps 2049600/5000000, FPS 80.

incre win rate is 0.47058823529411764.

 Map 5m_vs_6m Algo r_drbfn Exp drbfn_5m6m_v2_long updates 1285/3125 episodes, total num timesteps 2057600/5000000, FPS 80.

incre win rate is 0.5062893081761006.

 Map 5m_vs_6m Algo r_drbfn Exp drbfn_5m6m_v2_long updates 1290/3125 episodes, total num timesteps 2065600/5000000, FPS 80.

incre win rate is 0.51875.

 Map 5m_vs_6m Algo r_drbfn Exp drbfn_5m6m_v2_long updates 1295/3125 episodes, total num timesteps 2073600/5000000, FPS 80.

incre win rate is 0.48598130841121495.

 Map 5m_vs_6m Algo r_drbfn Exp drbfn_5m6m_v2_long updates 1300/3125 episodes, total num timesteps 2081600/5000000, FPS 79.

incre win rate is 0.5094339622641509.
eval win rate is 0.625.

 Map 5m_vs_6m Algo r_drbfn Exp drbfn_5m6m_v2_long updates 1305/3125 episodes, total num timesteps 2089600/5000000, FPS 79.

incre win rate is 0.44171779141104295.

 Map 5m_vs_6m Algo r_drbfn Exp drbfn_5m6m_v2_long updates 1310/3125 episodes, total num timesteps 2097600/5000000, FPS 79.

incre win rate is 0.44375.

 Map 5m_vs_6m Algo r_drbfn Exp drbfn_5m6m_v2_long updates 1315/3125 episodes, total num timesteps 2105600/5000000, FPS 79.

incre win rate is 0.4036697247706422.

 Map 5m_vs_6m Algo r_drbfn Exp drbfn_5m6m_v2_long updates 1320/3125 episodes, total num timesteps 2113600/5000000, FPS 80.

incre win rate is 0.45.

 Map 5m_vs_6m Algo r_drbfn Exp drbfn_5m6m_v2_long updates 1325/3125 episodes, total num timesteps 2121600/5000000, FPS 80.

incre win rate is 0.4208860759493671.
eval win rate is 0.5625.

 Map 5m_vs_6m Algo r_drbfn Exp drbfn_5m6m_v2_long updates 1330/3125 episodes, total num timesteps 2129600/5000000, FPS 80.

incre win rate is 0.44339622641509435.

 Map 5m_vs_6m Algo r_drbfn Exp drbfn_5m6m_v2_long updates 1335/3125 episodes, total num timesteps 2137600/5000000, FPS 80.

incre win rate is 0.4231974921630094.

 Map 5m_vs_6m Algo r_drbfn Exp drbfn_5m6m_v2_long updates 1340/3125 episodes, total num timesteps 2145600/5000000, FPS 80.

incre win rate is 0.43260188087774293.

 Map 5m_vs_6m Algo r_drbfn Exp drbfn_5m6m_v2_long updates 1345/3125 episodes, total num timesteps 2153600/5000000, FPS 80.

incre win rate is 0.46835443037974683.

 Map 5m_vs_6m Algo r_drbfn Exp drbfn_5m6m_v2_long updates 1350/3125 episodes, total num timesteps 2161600/5000000, FPS 80.

incre win rate is 0.3949843260188088.
eval win rate is 0.5625.

 Map 5m_vs_6m Algo r_drbfn Exp drbfn_5m6m_v2_long updates 1355/3125 episodes, total num timesteps 2169600/5000000, FPS 80.

incre win rate is 0.41455696202531644.

 Map 5m_vs_6m Algo r_drbfn Exp drbfn_5m6m_v2_long updates 1360/3125 episodes, total num timesteps 2177600/5000000, FPS 80.

incre win rate is 0.44339622641509435.

 Map 5m_vs_6m Algo r_drbfn Exp drbfn_5m6m_v2_long updates 1365/3125 episodes, total num timesteps 2185600/5000000, FPS 80.

incre win rate is 0.48717948717948717.

 Map 5m_vs_6m Algo r_drbfn Exp drbfn_5m6m_v2_long updates 1370/3125 episodes, total num timesteps 2193600/5000000, FPS 80.

incre win rate is 0.5031645569620253.

 Map 5m_vs_6m Algo r_drbfn Exp drbfn_5m6m_v2_long updates 1375/3125 episodes, total num timesteps 2201600/5000000, FPS 80.

incre win rate is 0.47266881028938906.
eval win rate is 0.59375.

 Map 5m_vs_6m Algo r_drbfn Exp drbfn_5m6m_v2_long updates 1380/3125 episodes, total num timesteps 2209600/5000000, FPS 80.

incre win rate is 0.5047923322683706.

 Map 5m_vs_6m Algo r_drbfn Exp drbfn_5m6m_v2_long updates 1385/3125 episodes, total num timesteps 2217600/5000000, FPS 80.

incre win rate is 0.43037974683544306.

 Map 5m_vs_6m Algo r_drbfn Exp drbfn_5m6m_v2_long updates 1390/3125 episodes, total num timesteps 2225600/5000000, FPS 80.

incre win rate is 0.4205607476635514.

 Map 5m_vs_6m Algo r_drbfn Exp drbfn_5m6m_v2_long updates 1395/3125 episodes, total num timesteps 2233600/5000000, FPS 80.

incre win rate is 0.4936708860759494.

 Map 5m_vs_6m Algo r_drbfn Exp drbfn_5m6m_v2_long updates 1400/3125 episodes, total num timesteps 2241600/5000000, FPS 80.

incre win rate is 0.4793650793650794.
eval win rate is 0.53125.

 Map 5m_vs_6m Algo r_drbfn Exp drbfn_5m6m_v2_long updates 1405/3125 episodes, total num timesteps 2249600/5000000, FPS 80.

incre win rate is 0.5537974683544303.

 Map 5m_vs_6m Algo r_drbfn Exp drbfn_5m6m_v2_long updates 1410/3125 episodes, total num timesteps 2257600/5000000, FPS 80.

incre win rate is 0.46105919003115264.

 Map 5m_vs_6m Algo r_drbfn Exp drbfn_5m6m_v2_long updates 1415/3125 episodes, total num timesteps 2265600/5000000, FPS 80.

incre win rate is 0.5111821086261981.

 Map 5m_vs_6m Algo r_drbfn Exp drbfn_5m6m_v2_long updates 1420/3125 episodes, total num timesteps 2273600/5000000, FPS 80.

incre win rate is 0.48742138364779874.

 Map 5m_vs_6m Algo r_drbfn Exp drbfn_5m6m_v2_long updates 1425/3125 episodes, total num timesteps 2281600/5000000, FPS 80.

incre win rate is 0.5143769968051118.
eval win rate is 0.65625.

 Map 5m_vs_6m Algo r_drbfn Exp drbfn_5m6m_v2_long updates 1430/3125 episodes, total num timesteps 2289600/5000000, FPS 80.

incre win rate is 0.5396825396825397.

 Map 5m_vs_6m Algo r_drbfn Exp drbfn_5m6m_v2_long updates 1435/3125 episodes, total num timesteps 2297600/5000000, FPS 80.

incre win rate is 0.5173501577287066.

 Map 5m_vs_6m Algo r_drbfn Exp drbfn_5m6m_v2_long updates 1440/3125 episodes, total num timesteps 2305600/5000000, FPS 80.

incre win rate is 0.5248447204968945.

 Map 5m_vs_6m Algo r_drbfn Exp drbfn_5m6m_v2_long updates 1445/3125 episodes, total num timesteps 2313600/5000000, FPS 80.

incre win rate is 0.4794952681388013.

 Map 5m_vs_6m Algo r_drbfn Exp drbfn_5m6m_v2_long updates 1450/3125 episodes, total num timesteps 2321600/5000000, FPS 80.

incre win rate is 0.45741324921135645.
eval win rate is 0.53125.

 Map 5m_vs_6m Algo r_drbfn Exp drbfn_5m6m_v2_long updates 1455/3125 episodes, total num timesteps 2329600/5000000, FPS 80.

incre win rate is 0.4792332268370607.

 Map 5m_vs_6m Algo r_drbfn Exp drbfn_5m6m_v2_long updates 1460/3125 episodes, total num timesteps 2337600/5000000, FPS 80.

incre win rate is 0.4231974921630094.

 Map 5m_vs_6m Algo r_drbfn Exp drbfn_5m6m_v2_long updates 1465/3125 episodes, total num timesteps 2345600/5000000, FPS 80.

incre win rate is 0.415625.

 Map 5m_vs_6m Algo r_drbfn Exp drbfn_5m6m_v2_long updates 1470/3125 episodes, total num timesteps 2353600/5000000, FPS 80.

incre win rate is 0.45454545454545453.

 Map 5m_vs_6m Algo r_drbfn Exp drbfn_5m6m_v2_long updates 1475/3125 episodes, total num timesteps 2361600/5000000, FPS 80.

incre win rate is 0.4603174603174603.
eval win rate is 0.5625.

 Map 5m_vs_6m Algo r_drbfn Exp drbfn_5m6m_v2_long updates 1480/3125 episodes, total num timesteps 2369600/5000000, FPS 80.

incre win rate is 0.4528301886792453.

 Map 5m_vs_6m Algo r_drbfn Exp drbfn_5m6m_v2_long updates 1485/3125 episodes, total num timesteps 2377600/5000000, FPS 80.

incre win rate is 0.38699690402476783.

 Map 5m_vs_6m Algo r_drbfn Exp drbfn_5m6m_v2_long updates 1490/3125 episodes, total num timesteps 2385600/5000000, FPS 80.

incre win rate is 0.39143730886850153.

 Map 5m_vs_6m Algo r_drbfn Exp drbfn_5m6m_v2_long updates 1495/3125 episodes, total num timesteps 2393600/5000000, FPS 80.

incre win rate is 0.45110410094637227.

 Map 5m_vs_6m Algo r_drbfn Exp drbfn_5m6m_v2_long updates 1500/3125 episodes, total num timesteps 2401600/5000000, FPS 80.

incre win rate is 0.44936708860759494.
eval win rate is 0.5.

 Map 5m_vs_6m Algo r_drbfn Exp drbfn_5m6m_v2_long updates 1505/3125 episodes, total num timesteps 2409600/5000000, FPS 80.

incre win rate is 0.5314465408805031.

 Map 5m_vs_6m Algo r_drbfn Exp drbfn_5m6m_v2_long updates 1510/3125 episodes, total num timesteps 2417600/5000000, FPS 80.

incre win rate is 0.5127388535031847.

 Map 5m_vs_6m Algo r_drbfn Exp drbfn_5m6m_v2_long updates 1515/3125 episodes, total num timesteps 2425600/5000000, FPS 80.

incre win rate is 0.4810126582278481.

 Map 5m_vs_6m Algo r_drbfn Exp drbfn_5m6m_v2_long updates 1520/3125 episodes, total num timesteps 2433600/5000000, FPS 80.

incre win rate is 0.4392523364485981.

 Map 5m_vs_6m Algo r_drbfn Exp drbfn_5m6m_v2_long updates 1525/3125 episodes, total num timesteps 2441600/5000000, FPS 80.

incre win rate is 0.43425076452599387.
eval win rate is 0.625.

 Map 5m_vs_6m Algo r_drbfn Exp drbfn_5m6m_v2_long updates 1530/3125 episodes, total num timesteps 2449600/5000000, FPS 80.

incre win rate is 0.4696485623003195.

 Map 5m_vs_6m Algo r_drbfn Exp drbfn_5m6m_v2_long updates 1535/3125 episodes, total num timesteps 2457600/5000000, FPS 81.

incre win rate is 0.5047021943573667.

 Map 5m_vs_6m Algo r_drbfn Exp drbfn_5m6m_v2_long updates 1540/3125 episodes, total num timesteps 2465600/5000000, FPS 81.

incre win rate is 0.5474683544303798.

 Map 5m_vs_6m Algo r_drbfn Exp drbfn_5m6m_v2_long updates 1545/3125 episodes, total num timesteps 2473600/5000000, FPS 81.

incre win rate is 0.4794952681388013.

 Map 5m_vs_6m Algo r_drbfn Exp drbfn_5m6m_v2_long updates 1550/3125 episodes, total num timesteps 2481600/5000000, FPS 81.

incre win rate is 0.47634069400630913.
eval win rate is 0.625.

 Map 5m_vs_6m Algo r_drbfn Exp drbfn_5m6m_v2_long updates 1555/3125 episodes, total num timesteps 2489600/5000000, FPS 81.

incre win rate is 0.5031645569620253.

 Map 5m_vs_6m Algo r_drbfn Exp drbfn_5m6m_v2_long updates 1560/3125 episodes, total num timesteps 2497600/5000000, FPS 81.

incre win rate is 0.526984126984127.

 Map 5m_vs_6m Algo r_drbfn Exp drbfn_5m6m_v2_long updates 1565/3125 episodes, total num timesteps 2505600/5000000, FPS 81.

incre win rate is 0.5587301587301587.

 Map 5m_vs_6m Algo r_drbfn Exp drbfn_5m6m_v2_long updates 1570/3125 episodes, total num timesteps 2513600/5000000, FPS 81.

incre win rate is 0.5063291139240507.

 Map 5m_vs_6m Algo r_drbfn Exp drbfn_5m6m_v2_long updates 1575/3125 episodes, total num timesteps 2521600/5000000, FPS 81.

incre win rate is 0.5668789808917197.
eval win rate is 0.5625.

 Map 5m_vs_6m Algo r_drbfn Exp drbfn_5m6m_v2_long updates 1580/3125 episodes, total num timesteps 2529600/5000000, FPS 81.

incre win rate is 0.5605095541401274.

 Map 5m_vs_6m Algo r_drbfn Exp drbfn_5m6m_v2_long updates 1585/3125 episodes, total num timesteps 2537600/5000000, FPS 81.

incre win rate is 0.49201277955271566.

 Map 5m_vs_6m Algo r_drbfn Exp drbfn_5m6m_v2_long updates 1590/3125 episodes, total num timesteps 2545600/5000000, FPS 81.

incre win rate is 0.41823899371069184.

 Map 5m_vs_6m Algo r_drbfn Exp drbfn_5m6m_v2_long updates 1595/3125 episodes, total num timesteps 2553600/5000000, FPS 81.

incre win rate is 0.47770700636942676.

 Map 5m_vs_6m Algo r_drbfn Exp drbfn_5m6m_v2_long updates 1600/3125 episodes, total num timesteps 2561600/5000000, FPS 81.

incre win rate is 0.4921135646687697.
eval win rate is 0.59375.

 Map 5m_vs_6m Algo r_drbfn Exp drbfn_5m6m_v2_long updates 1605/3125 episodes, total num timesteps 2569600/5000000, FPS 81.

incre win rate is 0.4437299035369775.

 Map 5m_vs_6m Algo r_drbfn Exp drbfn_5m6m_v2_long updates 1610/3125 episodes, total num timesteps 2577600/5000000, FPS 81.

incre win rate is 0.4790996784565916.

 Map 5m_vs_6m Algo r_drbfn Exp drbfn_5m6m_v2_long updates 1615/3125 episodes, total num timesteps 2585600/5000000, FPS 81.

incre win rate is 0.47468354430379744.

 Map 5m_vs_6m Algo r_drbfn Exp drbfn_5m6m_v2_long updates 1620/3125 episodes, total num timesteps 2593600/5000000, FPS 81.

incre win rate is 0.5079365079365079.

 Map 5m_vs_6m Algo r_drbfn Exp drbfn_5m6m_v2_long updates 1625/3125 episodes, total num timesteps 2601600/5000000, FPS 81.

incre win rate is 0.41509433962264153.
eval win rate is 0.59375.

 Map 5m_vs_6m Algo r_drbfn Exp drbfn_5m6m_v2_long updates 1630/3125 episodes, total num timesteps 2609600/5000000, FPS 81.

incre win rate is 0.49206349206349204.

 Map 5m_vs_6m Algo r_drbfn Exp drbfn_5m6m_v2_long updates 1635/3125 episodes, total num timesteps 2617600/5000000, FPS 81.

incre win rate is 0.5431309904153354.

 Map 5m_vs_6m Algo r_drbfn Exp drbfn_5m6m_v2_long updates 1640/3125 episodes, total num timesteps 2625600/5000000, FPS 81.

incre win rate is 0.4384858044164038.

 Map 5m_vs_6m Algo r_drbfn Exp drbfn_5m6m_v2_long updates 1645/3125 episodes, total num timesteps 2633600/5000000, FPS 81.

incre win rate is 0.5288461538461539.

 Map 5m_vs_6m Algo r_drbfn Exp drbfn_5m6m_v2_long updates 1650/3125 episodes, total num timesteps 2641600/5000000, FPS 81.

incre win rate is 0.5158227848101266.
eval win rate is 0.59375.

 Map 5m_vs_6m Algo r_drbfn Exp drbfn_5m6m_v2_long updates 1655/3125 episodes, total num timesteps 2649600/5000000, FPS 81.

incre win rate is 0.478125.

 Map 5m_vs_6m Algo r_drbfn Exp drbfn_5m6m_v2_long updates 1660/3125 episodes, total num timesteps 2657600/5000000, FPS 81.

incre win rate is 0.445859872611465.

 Map 5m_vs_6m Algo r_drbfn Exp drbfn_5m6m_v2_long updates 1665/3125 episodes, total num timesteps 2665600/5000000, FPS 81.

incre win rate is 0.4827586206896552.

 Map 5m_vs_6m Algo r_drbfn Exp drbfn_5m6m_v2_long updates 1670/3125 episodes, total num timesteps 2673600/5000000, FPS 81.

incre win rate is 0.5171339563862928.

 Map 5m_vs_6m Algo r_drbfn Exp drbfn_5m6m_v2_long updates 1675/3125 episodes, total num timesteps 2681600/5000000, FPS 81.

incre win rate is 0.48742138364779874.
eval win rate is 0.6875.

 Map 5m_vs_6m Algo r_drbfn Exp drbfn_5m6m_v2_long updates 1680/3125 episodes, total num timesteps 2689600/5000000, FPS 81.

incre win rate is 0.5445859872611465.

 Map 5m_vs_6m Algo r_drbfn Exp drbfn_5m6m_v2_long updates 1685/3125 episodes, total num timesteps 2697600/5000000, FPS 81.

incre win rate is 0.5387096774193548.

 Map 5m_vs_6m Algo r_drbfn Exp drbfn_5m6m_v2_long updates 1690/3125 episodes, total num timesteps 2705600/5000000, FPS 81.

incre win rate is 0.5305466237942122.

 Map 5m_vs_6m Algo r_drbfn Exp drbfn_5m6m_v2_long updates 1695/3125 episodes, total num timesteps 2713600/5000000, FPS 81.

incre win rate is 0.4637223974763407.

 Map 5m_vs_6m Algo r_drbfn Exp drbfn_5m6m_v2_long updates 1700/3125 episodes, total num timesteps 2721600/5000000, FPS 81.

incre win rate is 0.5305466237942122.
eval win rate is 0.59375.

 Map 5m_vs_6m Algo r_drbfn Exp drbfn_5m6m_v2_long updates 1705/3125 episodes, total num timesteps 2729600/5000000, FPS 81.

incre win rate is 0.5331230283911672.

 Map 5m_vs_6m Algo r_drbfn Exp drbfn_5m6m_v2_long updates 1710/3125 episodes, total num timesteps 2737600/5000000, FPS 81.

incre win rate is 0.5772870662460567.

 Map 5m_vs_6m Algo r_drbfn Exp drbfn_5m6m_v2_long updates 1715/3125 episodes, total num timesteps 2745600/5000000, FPS 81.

incre win rate is 0.4603174603174603.

 Map 5m_vs_6m Algo r_drbfn Exp drbfn_5m6m_v2_long updates 1720/3125 episodes, total num timesteps 2753600/5000000, FPS 81.

incre win rate is 0.5512820512820513.

 Map 5m_vs_6m Algo r_drbfn Exp drbfn_5m6m_v2_long updates 1725/3125 episodes, total num timesteps 2761600/5000000, FPS 81.

incre win rate is 0.5523809523809524.
eval win rate is 0.59375.

 Map 5m_vs_6m Algo r_drbfn Exp drbfn_5m6m_v2_long updates 1730/3125 episodes, total num timesteps 2769600/5000000, FPS 81.

incre win rate is 0.5258064516129032.

 Map 5m_vs_6m Algo r_drbfn Exp drbfn_5m6m_v2_long updates 1735/3125 episodes, total num timesteps 2777600/5000000, FPS 81.

incre win rate is 0.5112540192926045.

 Map 5m_vs_6m Algo r_drbfn Exp drbfn_5m6m_v2_long updates 1740/3125 episodes, total num timesteps 2785600/5000000, FPS 81.

incre win rate is 0.5273311897106109.

 Map 5m_vs_6m Algo r_drbfn Exp drbfn_5m6m_v2_long updates 1745/3125 episodes, total num timesteps 2793600/5000000, FPS 81.

incre win rate is 0.45222929936305734.

 Map 5m_vs_6m Algo r_drbfn Exp drbfn_5m6m_v2_long updates 1750/3125 episodes, total num timesteps 2801600/5000000, FPS 81.

incre win rate is 0.4642857142857143.
eval win rate is 0.5625.

 Map 5m_vs_6m Algo r_drbfn Exp drbfn_5m6m_v2_long updates 1755/3125 episodes, total num timesteps 2809600/5000000, FPS 81.

incre win rate is 0.5239616613418531.

 Map 5m_vs_6m Algo r_drbfn Exp drbfn_5m6m_v2_long updates 1760/3125 episodes, total num timesteps 2817600/5000000, FPS 81.

incre win rate is 0.5080385852090032.

 Map 5m_vs_6m Algo r_drbfn Exp drbfn_5m6m_v2_long updates 1765/3125 episodes, total num timesteps 2825600/5000000, FPS 81.

incre win rate is 0.44761904761904764.

 Map 5m_vs_6m Algo r_drbfn Exp drbfn_5m6m_v2_long updates 1770/3125 episodes, total num timesteps 2833600/5000000, FPS 81.

incre win rate is 0.4792332268370607.

 Map 5m_vs_6m Algo r_drbfn Exp drbfn_5m6m_v2_long updates 1775/3125 episodes, total num timesteps 2841600/5000000, FPS 81.

incre win rate is 0.4728434504792332.
eval win rate is 0.5625.

 Map 5m_vs_6m Algo r_drbfn Exp drbfn_5m6m_v2_long updates 1780/3125 episodes, total num timesteps 2849600/5000000, FPS 81.

incre win rate is 0.47962382445141066.

 Map 5m_vs_6m Algo r_drbfn Exp drbfn_5m6m_v2_long updates 1785/3125 episodes, total num timesteps 2857600/5000000, FPS 81.

incre win rate is 0.5256410256410257.

 Map 5m_vs_6m Algo r_drbfn Exp drbfn_5m6m_v2_long updates 1790/3125 episodes, total num timesteps 2865600/5000000, FPS 81.

incre win rate is 0.4936708860759494.

 Map 5m_vs_6m Algo r_drbfn Exp drbfn_5m6m_v2_long updates 1795/3125 episodes, total num timesteps 2873600/5000000, FPS 81.

incre win rate is 0.5428571428571428.

 Map 5m_vs_6m Algo r_drbfn Exp drbfn_5m6m_v2_long updates 1800/3125 episodes, total num timesteps 2881600/5000000, FPS 81.

incre win rate is 0.5015974440894568.
eval win rate is 0.59375.

 Map 5m_vs_6m Algo r_drbfn Exp drbfn_5m6m_v2_long updates 1805/3125 episodes, total num timesteps 2889600/5000000, FPS 81.

incre win rate is 0.46496815286624205.

 Map 5m_vs_6m Algo r_drbfn Exp drbfn_5m6m_v2_long updates 1810/3125 episodes, total num timesteps 2897600/5000000, FPS 81.

incre win rate is 0.5284810126582279.

 Map 5m_vs_6m Algo r_drbfn Exp drbfn_5m6m_v2_long updates 1815/3125 episodes, total num timesteps 2905600/5000000, FPS 81.

incre win rate is 0.48580441640378547.

 Map 5m_vs_6m Algo r_drbfn Exp drbfn_5m6m_v2_long updates 1820/3125 episodes, total num timesteps 2913600/5000000, FPS 81.

incre win rate is 0.44272445820433437.

 Map 5m_vs_6m Algo r_drbfn Exp drbfn_5m6m_v2_long updates 1825/3125 episodes, total num timesteps 2921600/5000000, FPS 81.

incre win rate is 0.49363057324840764.
eval win rate is 0.5625.

 Map 5m_vs_6m Algo r_drbfn Exp drbfn_5m6m_v2_long updates 1830/3125 episodes, total num timesteps 2929600/5000000, FPS 81.

incre win rate is 0.46835443037974683.

 Map 5m_vs_6m Algo r_drbfn Exp drbfn_5m6m_v2_long updates 1835/3125 episodes, total num timesteps 2937600/5000000, FPS 81.

incre win rate is 0.5580645161290323.

 Map 5m_vs_6m Algo r_drbfn Exp drbfn_5m6m_v2_long updates 1840/3125 episodes, total num timesteps 2945600/5000000, FPS 81.

incre win rate is 0.5428571428571428.

 Map 5m_vs_6m Algo r_drbfn Exp drbfn_5m6m_v2_long updates 1845/3125 episodes, total num timesteps 2953600/5000000, FPS 81.

incre win rate is 0.5189873417721519.

 Map 5m_vs_6m Algo r_drbfn Exp drbfn_5m6m_v2_long updates 1850/3125 episodes, total num timesteps 2961600/5000000, FPS 81.

incre win rate is 0.5032051282051282.
eval win rate is 0.5.

 Map 5m_vs_6m Algo r_drbfn Exp drbfn_5m6m_v2_long updates 1855/3125 episodes, total num timesteps 2969600/5000000, FPS 81.

incre win rate is 0.49363057324840764.

 Map 5m_vs_6m Algo r_drbfn Exp drbfn_5m6m_v2_long updates 1860/3125 episodes, total num timesteps 2977600/5000000, FPS 81.

incre win rate is 0.4713375796178344.

 Map 5m_vs_6m Algo r_drbfn Exp drbfn_5m6m_v2_long updates 1865/3125 episodes, total num timesteps 2985600/5000000, FPS 81.

incre win rate is 0.4519230769230769.

 Map 5m_vs_6m Algo r_drbfn Exp drbfn_5m6m_v2_long updates 1870/3125 episodes, total num timesteps 2993600/5000000, FPS 81.

incre win rate is 0.5145631067961165.

 Map 5m_vs_6m Algo r_drbfn Exp drbfn_5m6m_v2_long updates 1875/3125 episodes, total num timesteps 3001600/5000000, FPS 81.

incre win rate is 0.5623003194888179.
eval win rate is 0.53125.

 Map 5m_vs_6m Algo r_drbfn Exp drbfn_5m6m_v2_long updates 1880/3125 episodes, total num timesteps 3009600/5000000, FPS 81.

incre win rate is 0.4792332268370607.

 Map 5m_vs_6m Algo r_drbfn Exp drbfn_5m6m_v2_long updates 1885/3125 episodes, total num timesteps 3017600/5000000, FPS 81.

incre win rate is 0.5534591194968553.

 Map 5m_vs_6m Algo r_drbfn Exp drbfn_5m6m_v2_long updates 1890/3125 episodes, total num timesteps 3025600/5000000, FPS 81.

incre win rate is 0.5641025641025641.

 Map 5m_vs_6m Algo r_drbfn Exp drbfn_5m6m_v2_long updates 1895/3125 episodes, total num timesteps 3033600/5000000, FPS 81.

incre win rate is 0.592948717948718.

 Map 5m_vs_6m Algo r_drbfn Exp drbfn_5m6m_v2_long updates 1900/3125 episodes, total num timesteps 3041600/5000000, FPS 81.

incre win rate is 0.5555555555555556.
eval win rate is 0.6875.

 Map 5m_vs_6m Algo r_drbfn Exp drbfn_5m6m_v2_long updates 1905/3125 episodes, total num timesteps 3049600/5000000, FPS 81.

incre win rate is 0.5125786163522013.

 Map 5m_vs_6m Algo r_drbfn Exp drbfn_5m6m_v2_long updates 1910/3125 episodes, total num timesteps 3057600/5000000, FPS 81.

incre win rate is 0.5377358490566038.

 Map 5m_vs_6m Algo r_drbfn Exp drbfn_5m6m_v2_long updates 1915/3125 episodes, total num timesteps 3065600/5000000, FPS 81.

incre win rate is 0.5.

 Map 5m_vs_6m Algo r_drbfn Exp drbfn_5m6m_v2_long updates 1920/3125 episodes, total num timesteps 3073600/5000000, FPS 81.

incre win rate is 0.46540880503144655.

 Map 5m_vs_6m Algo r_drbfn Exp drbfn_5m6m_v2_long updates 1925/3125 episodes, total num timesteps 3081600/5000000, FPS 81.

incre win rate is 0.5709779179810726.
eval win rate is 0.53125.

 Map 5m_vs_6m Algo r_drbfn Exp drbfn_5m6m_v2_long updates 1930/3125 episodes, total num timesteps 3089600/5000000, FPS 81.

incre win rate is 0.5591054313099042.

 Map 5m_vs_6m Algo r_drbfn Exp drbfn_5m6m_v2_long updates 1935/3125 episodes, total num timesteps 3097600/5000000, FPS 81.

incre win rate is 0.5333333333333333.

 Map 5m_vs_6m Algo r_drbfn Exp drbfn_5m6m_v2_long updates 1940/3125 episodes, total num timesteps 3105600/5000000, FPS 82.

incre win rate is 0.47335423197492166.

 Map 5m_vs_6m Algo r_drbfn Exp drbfn_5m6m_v2_long updates 1945/3125 episodes, total num timesteps 3113600/5000000, FPS 82.

incre win rate is 0.4778481012658228.

 Map 5m_vs_6m Algo r_drbfn Exp drbfn_5m6m_v2_long updates 1950/3125 episodes, total num timesteps 3121600/5000000, FPS 81.

incre win rate is 0.4645161290322581.
eval win rate is 0.5.

 Map 5m_vs_6m Algo r_drbfn Exp drbfn_5m6m_v2_long updates 1955/3125 episodes, total num timesteps 3129600/5000000, FPS 81.

incre win rate is 0.4968553459119497.

 Map 5m_vs_6m Algo r_drbfn Exp drbfn_5m6m_v2_long updates 1960/3125 episodes, total num timesteps 3137600/5000000, FPS 81.

incre win rate is 0.4984126984126984.

 Map 5m_vs_6m Algo r_drbfn Exp drbfn_5m6m_v2_long updates 1965/3125 episodes, total num timesteps 3145600/5000000, FPS 81.

incre win rate is 0.4217252396166134.

 Map 5m_vs_6m Algo r_drbfn Exp drbfn_5m6m_v2_long updates 1970/3125 episodes, total num timesteps 3153600/5000000, FPS 81.

incre win rate is 0.5.

 Map 5m_vs_6m Algo r_drbfn Exp drbfn_5m6m_v2_long updates 1975/3125 episodes, total num timesteps 3161600/5000000, FPS 81.

incre win rate is 0.4952978056426332.
eval win rate is 0.59375.

 Map 5m_vs_6m Algo r_drbfn Exp drbfn_5m6m_v2_long updates 1980/3125 episodes, total num timesteps 3169600/5000000, FPS 81.

incre win rate is 0.4620253164556962.

 Map 5m_vs_6m Algo r_drbfn Exp drbfn_5m6m_v2_long updates 1985/3125 episodes, total num timesteps 3177600/5000000, FPS 81.

incre win rate is 0.5127388535031847.

 Map 5m_vs_6m Algo r_drbfn Exp drbfn_5m6m_v2_long updates 1990/3125 episodes, total num timesteps 3185600/5000000, FPS 81.

incre win rate is 0.554140127388535.

 Map 5m_vs_6m Algo r_drbfn Exp drbfn_5m6m_v2_long updates 1995/3125 episodes, total num timesteps 3193600/5000000, FPS 81.

incre win rate is 0.5222929936305732.

 Map 5m_vs_6m Algo r_drbfn Exp drbfn_5m6m_v2_long updates 2000/3125 episodes, total num timesteps 3201600/5000000, FPS 81.

incre win rate is 0.51875.
eval win rate is 0.65625.

 Map 5m_vs_6m Algo r_drbfn Exp drbfn_5m6m_v2_long updates 2005/3125 episodes, total num timesteps 3209600/5000000, FPS 81.

incre win rate is 0.5362776025236593.

 Map 5m_vs_6m Algo r_drbfn Exp drbfn_5m6m_v2_long updates 2010/3125 episodes, total num timesteps 3217600/5000000, FPS 81.

incre win rate is 0.5488958990536278.

 Map 5m_vs_6m Algo r_drbfn Exp drbfn_5m6m_v2_long updates 2015/3125 episodes, total num timesteps 3225600/5000000, FPS 81.

incre win rate is 0.5445859872611465.

 Map 5m_vs_6m Algo r_drbfn Exp drbfn_5m6m_v2_long updates 2020/3125 episodes, total num timesteps 3233600/5000000, FPS 82.

incre win rate is 0.5172413793103449.

 Map 5m_vs_6m Algo r_drbfn Exp drbfn_5m6m_v2_long updates 2025/3125 episodes, total num timesteps 3241600/5000000, FPS 82.

incre win rate is 0.5314465408805031.
eval win rate is 0.65625.

 Map 5m_vs_6m Algo r_drbfn Exp drbfn_5m6m_v2_long updates 2030/3125 episodes, total num timesteps 3249600/5000000, FPS 82.

incre win rate is 0.5.

 Map 5m_vs_6m Algo r_drbfn Exp drbfn_5m6m_v2_long updates 2035/3125 episodes, total num timesteps 3257600/5000000, FPS 82.

incre win rate is 0.5301587301587302.

 Map 5m_vs_6m Algo r_drbfn Exp drbfn_5m6m_v2_long updates 2040/3125 episodes, total num timesteps 3265600/5000000, FPS 82.

incre win rate is 0.4937106918238994.

 Map 5m_vs_6m Algo r_drbfn Exp drbfn_5m6m_v2_long updates 2045/3125 episodes, total num timesteps 3273600/5000000, FPS 82.

incre win rate is 0.555205047318612.

 Map 5m_vs_6m Algo r_drbfn Exp drbfn_5m6m_v2_long updates 2050/3125 episodes, total num timesteps 3281600/5000000, FPS 82.

incre win rate is 0.5159235668789809.
eval win rate is 0.75.

 Map 5m_vs_6m Algo r_drbfn Exp drbfn_5m6m_v2_long updates 2055/3125 episodes, total num timesteps 3289600/5000000, FPS 82.

incre win rate is 0.580441640378549.

 Map 5m_vs_6m Algo r_drbfn Exp drbfn_5m6m_v2_long updates 2060/3125 episodes, total num timesteps 3297600/5000000, FPS 82.

incre win rate is 0.534375.

 Map 5m_vs_6m Algo r_drbfn Exp drbfn_5m6m_v2_long updates 2065/3125 episodes, total num timesteps 3305600/5000000, FPS 82.

incre win rate is 0.5445859872611465.

 Map 5m_vs_6m Algo r_drbfn Exp drbfn_5m6m_v2_long updates 2070/3125 episodes, total num timesteps 3313600/5000000, FPS 82.

incre win rate is 0.5301587301587302.

 Map 5m_vs_6m Algo r_drbfn Exp drbfn_5m6m_v2_long updates 2075/3125 episodes, total num timesteps 3321600/5000000, FPS 82.

incre win rate is 0.5591054313099042.
eval win rate is 0.625.

 Map 5m_vs_6m Algo r_drbfn Exp drbfn_5m6m_v2_long updates 2080/3125 episodes, total num timesteps 3329600/5000000, FPS 82.

incre win rate is 0.5506329113924051.

 Map 5m_vs_6m Algo r_drbfn Exp drbfn_5m6m_v2_long updates 2085/3125 episodes, total num timesteps 3337600/5000000, FPS 82.

incre win rate is 0.5345911949685535.

 Map 5m_vs_6m Algo r_drbfn Exp drbfn_5m6m_v2_long updates 2090/3125 episodes, total num timesteps 3345600/5000000, FPS 82.

incre win rate is 0.5425867507886435.

 Map 5m_vs_6m Algo r_drbfn Exp drbfn_5m6m_v2_long updates 2095/3125 episodes, total num timesteps 3353600/5000000, FPS 82.

incre win rate is 0.50625.

 Map 5m_vs_6m Algo r_drbfn Exp drbfn_5m6m_v2_long updates 2100/3125 episodes, total num timesteps 3361600/5000000, FPS 82.

incre win rate is 0.5691823899371069.
eval win rate is 0.59375.

 Map 5m_vs_6m Algo r_drbfn Exp drbfn_5m6m_v2_long updates 2105/3125 episodes, total num timesteps 3369600/5000000, FPS 82.

incre win rate is 0.5451713395638629.

 Map 5m_vs_6m Algo r_drbfn Exp drbfn_5m6m_v2_long updates 2110/3125 episodes, total num timesteps 3377600/5000000, FPS 82.

incre win rate is 0.5314465408805031.

 Map 5m_vs_6m Algo r_drbfn Exp drbfn_5m6m_v2_long updates 2115/3125 episodes, total num timesteps 3385600/5000000, FPS 82.

incre win rate is 0.5408805031446541.

 Map 5m_vs_6m Algo r_drbfn Exp drbfn_5m6m_v2_long updates 2120/3125 episodes, total num timesteps 3393600/5000000, FPS 82.

incre win rate is 0.48253968253968255.

 Map 5m_vs_6m Algo r_drbfn Exp drbfn_5m6m_v2_long updates 2125/3125 episodes, total num timesteps 3401600/5000000, FPS 82.

incre win rate is 0.5.
eval win rate is 0.5625.

 Map 5m_vs_6m Algo r_drbfn Exp drbfn_5m6m_v2_long updates 2130/3125 episodes, total num timesteps 3409600/5000000, FPS 82.

incre win rate is 0.4889589905362776.

 Map 5m_vs_6m Algo r_drbfn Exp drbfn_5m6m_v2_long updates 2135/3125 episodes, total num timesteps 3417600/5000000, FPS 82.

incre win rate is 0.48089171974522293.

 Map 5m_vs_6m Algo r_drbfn Exp drbfn_5m6m_v2_long updates 2140/3125 episodes, total num timesteps 3425600/5000000, FPS 82.

incre win rate is 0.473015873015873.

 Map 5m_vs_6m Algo r_drbfn Exp drbfn_5m6m_v2_long updates 2145/3125 episodes, total num timesteps 3433600/5000000, FPS 82.

incre win rate is 0.4444444444444444.

 Map 5m_vs_6m Algo r_drbfn Exp drbfn_5m6m_v2_long updates 2150/3125 episodes, total num timesteps 3441600/5000000, FPS 82.

incre win rate is 0.5478547854785478.
eval win rate is 0.5625.

 Map 5m_vs_6m Algo r_drbfn Exp drbfn_5m6m_v2_long updates 2155/3125 episodes, total num timesteps 3449600/5000000, FPS 82.

incre win rate is 0.5080906148867314.

 Map 5m_vs_6m Algo r_drbfn Exp drbfn_5m6m_v2_long updates 2160/3125 episodes, total num timesteps 3457600/5000000, FPS 82.

incre win rate is 0.5530546623794212.

 Map 5m_vs_6m Algo r_drbfn Exp drbfn_5m6m_v2_long updates 2165/3125 episodes, total num timesteps 3465600/5000000, FPS 82.

incre win rate is 0.5448717948717948.

 Map 5m_vs_6m Algo r_drbfn Exp drbfn_5m6m_v2_long updates 2170/3125 episodes, total num timesteps 3473600/5000000, FPS 82.

incre win rate is 0.4952076677316294.

 Map 5m_vs_6m Algo r_drbfn Exp drbfn_5m6m_v2_long updates 2175/3125 episodes, total num timesteps 3481600/5000000, FPS 82.

incre win rate is 0.4778481012658228.
eval win rate is 0.5625.

 Map 5m_vs_6m Algo r_drbfn Exp drbfn_5m6m_v2_long updates 2180/3125 episodes, total num timesteps 3489600/5000000, FPS 82.

incre win rate is 0.5110410094637224.

 Map 5m_vs_6m Algo r_drbfn Exp drbfn_5m6m_v2_long updates 2185/3125 episodes, total num timesteps 3497600/5000000, FPS 82.

incre win rate is 0.5206349206349207.

 Map 5m_vs_6m Algo r_drbfn Exp drbfn_5m6m_v2_long updates 2190/3125 episodes, total num timesteps 3505600/5000000, FPS 82.

incre win rate is 0.5329153605015674.

 Map 5m_vs_6m Algo r_drbfn Exp drbfn_5m6m_v2_long updates 2195/3125 episodes, total num timesteps 3513600/5000000, FPS 82.

incre win rate is 0.5.

 Map 5m_vs_6m Algo r_drbfn Exp drbfn_5m6m_v2_long updates 2200/3125 episodes, total num timesteps 3521600/5000000, FPS 82.

incre win rate is 0.5239616613418531.
eval win rate is 0.5625.

 Map 5m_vs_6m Algo r_drbfn Exp drbfn_5m6m_v2_long updates 2205/3125 episodes, total num timesteps 3529600/5000000, FPS 82.

incre win rate is 0.5256410256410257.

 Map 5m_vs_6m Algo r_drbfn Exp drbfn_5m6m_v2_long updates 2210/3125 episodes, total num timesteps 3537600/5000000, FPS 82.

incre win rate is 0.4533762057877814.

 Map 5m_vs_6m Algo r_drbfn Exp drbfn_5m6m_v2_long updates 2215/3125 episodes, total num timesteps 3545600/5000000, FPS 82.

incre win rate is 0.5331230283911672.

 Map 5m_vs_6m Algo r_drbfn Exp drbfn_5m6m_v2_long updates 2220/3125 episodes, total num timesteps 3553600/5000000, FPS 82.

incre win rate is 0.4888888888888889.

 Map 5m_vs_6m Algo r_drbfn Exp drbfn_5m6m_v2_long updates 2225/3125 episodes, total num timesteps 3561600/5000000, FPS 82.

incre win rate is 0.5079872204472844.
eval win rate is 0.46875.

 Map 5m_vs_6m Algo r_drbfn Exp drbfn_5m6m_v2_long updates 2230/3125 episodes, total num timesteps 3569600/5000000, FPS 82.

incre win rate is 0.4745222929936306.

 Map 5m_vs_6m Algo r_drbfn Exp drbfn_5m6m_v2_long updates 2235/3125 episodes, total num timesteps 3577600/5000000, FPS 82.

incre win rate is 0.5333333333333333.

 Map 5m_vs_6m Algo r_drbfn Exp drbfn_5m6m_v2_long updates 2240/3125 episodes, total num timesteps 3585600/5000000, FPS 82.

incre win rate is 0.49363057324840764.

 Map 5m_vs_6m Algo r_drbfn Exp drbfn_5m6m_v2_long updates 2245/3125 episodes, total num timesteps 3593600/5000000, FPS 82.

incre win rate is 0.4217252396166134.

 Map 5m_vs_6m Algo r_drbfn Exp drbfn_5m6m_v2_long updates 2250/3125 episodes, total num timesteps 3601600/5000000, FPS 82.

incre win rate is 0.440625.
eval win rate is 0.65625.

 Map 5m_vs_6m Algo r_drbfn Exp drbfn_5m6m_v2_long updates 2255/3125 episodes, total num timesteps 3609600/5000000, FPS 82.

incre win rate is 0.4651898734177215.

 Map 5m_vs_6m Algo r_drbfn Exp drbfn_5m6m_v2_long updates 2260/3125 episodes, total num timesteps 3617600/5000000, FPS 82.

incre win rate is 0.5411392405063291.

 Map 5m_vs_6m Algo r_drbfn Exp drbfn_5m6m_v2_long updates 2265/3125 episodes, total num timesteps 3625600/5000000, FPS 82.

incre win rate is 0.47468354430379744.

 Map 5m_vs_6m Algo r_drbfn Exp drbfn_5m6m_v2_long updates 2270/3125 episodes, total num timesteps 3633600/5000000, FPS 82.

incre win rate is 0.4394904458598726.

 Map 5m_vs_6m Algo r_drbfn Exp drbfn_5m6m_v2_long updates 2275/3125 episodes, total num timesteps 3641600/5000000, FPS 82.

incre win rate is 0.44936708860759494.
eval win rate is 0.59375.

 Map 5m_vs_6m Algo r_drbfn Exp drbfn_5m6m_v2_long updates 2280/3125 episodes, total num timesteps 3649600/5000000, FPS 82.

incre win rate is 0.5047619047619047.

 Map 5m_vs_6m Algo r_drbfn Exp drbfn_5m6m_v2_long updates 2285/3125 episodes, total num timesteps 3657600/5000000, FPS 82.

incre win rate is 0.5448717948717948.

 Map 5m_vs_6m Algo r_drbfn Exp drbfn_5m6m_v2_long updates 2290/3125 episodes, total num timesteps 3665600/5000000, FPS 82.

incre win rate is 0.49523809523809526.

 Map 5m_vs_6m Algo r_drbfn Exp drbfn_5m6m_v2_long updates 2295/3125 episodes, total num timesteps 3673600/5000000, FPS 82.

incre win rate is 0.5172413793103449.

 Map 5m_vs_6m Algo r_drbfn Exp drbfn_5m6m_v2_long updates 2300/3125 episodes, total num timesteps 3681600/5000000, FPS 82.

incre win rate is 0.532051282051282.
eval win rate is 0.65625.

 Map 5m_vs_6m Algo r_drbfn Exp drbfn_5m6m_v2_long updates 2305/3125 episodes, total num timesteps 3689600/5000000, FPS 82.

incre win rate is 0.4583333333333333.

 Map 5m_vs_6m Algo r_drbfn Exp drbfn_5m6m_v2_long updates 2310/3125 episodes, total num timesteps 3697600/5000000, FPS 82.

incre win rate is 0.42452830188679247.

 Map 5m_vs_6m Algo r_drbfn Exp drbfn_5m6m_v2_long updates 2315/3125 episodes, total num timesteps 3705600/5000000, FPS 82.

incre win rate is 0.5032258064516129.

 Map 5m_vs_6m Algo r_drbfn Exp drbfn_5m6m_v2_long updates 2320/3125 episodes, total num timesteps 3713600/5000000, FPS 82.

incre win rate is 0.4536741214057508.

 Map 5m_vs_6m Algo r_drbfn Exp drbfn_5m6m_v2_long updates 2325/3125 episodes, total num timesteps 3721600/5000000, FPS 82.

incre win rate is 0.5335463258785943.
eval win rate is 0.6875.

 Map 5m_vs_6m Algo r_drbfn Exp drbfn_5m6m_v2_long updates 2330/3125 episodes, total num timesteps 3729600/5000000, FPS 82.

incre win rate is 0.5440251572327044.

 Map 5m_vs_6m Algo r_drbfn Exp drbfn_5m6m_v2_long updates 2335/3125 episodes, total num timesteps 3737600/5000000, FPS 82.

incre win rate is 0.5443037974683544.

 Map 5m_vs_6m Algo r_drbfn Exp drbfn_5m6m_v2_long updates 2340/3125 episodes, total num timesteps 3745600/5000000, FPS 82.

incre win rate is 0.5316455696202531.

 Map 5m_vs_6m Algo r_drbfn Exp drbfn_5m6m_v2_long updates 2345/3125 episodes, total num timesteps 3753600/5000000, FPS 82.

incre win rate is 0.549520766773163.

 Map 5m_vs_6m Algo r_drbfn Exp drbfn_5m6m_v2_long updates 2350/3125 episodes, total num timesteps 3761600/5000000, FPS 83.

incre win rate is 0.5192307692307693.
eval win rate is 0.53125.

 Map 5m_vs_6m Algo r_drbfn Exp drbfn_5m6m_v2_long updates 2355/3125 episodes, total num timesteps 3769600/5000000, FPS 83.

incre win rate is 0.5445859872611465.

 Map 5m_vs_6m Algo r_drbfn Exp drbfn_5m6m_v2_long updates 2360/3125 episodes, total num timesteps 3777600/5000000, FPS 83.

incre win rate is 0.5063291139240507.

 Map 5m_vs_6m Algo r_drbfn Exp drbfn_5m6m_v2_long updates 2365/3125 episodes, total num timesteps 3785600/5000000, FPS 83.

incre win rate is 0.4559748427672956.

 Map 5m_vs_6m Algo r_drbfn Exp drbfn_5m6m_v2_long updates 2370/3125 episodes, total num timesteps 3793600/5000000, FPS 83.

incre win rate is 0.4857142857142857.

 Map 5m_vs_6m Algo r_drbfn Exp drbfn_5m6m_v2_long updates 2375/3125 episodes, total num timesteps 3801600/5000000, FPS 83.

incre win rate is 0.48417721518987344.
eval win rate is 0.59375.

 Map 5m_vs_6m Algo r_drbfn Exp drbfn_5m6m_v2_long updates 2380/3125 episodes, total num timesteps 3809600/5000000, FPS 83.

incre win rate is 0.48125.

 Map 5m_vs_6m Algo r_drbfn Exp drbfn_5m6m_v2_long updates 2385/3125 episodes, total num timesteps 3817600/5000000, FPS 83.

incre win rate is 0.425.

 Map 5m_vs_6m Algo r_drbfn Exp drbfn_5m6m_v2_long updates 2390/3125 episodes, total num timesteps 3825600/5000000, FPS 83.

incre win rate is 0.5047318611987381.

 Map 5m_vs_6m Algo r_drbfn Exp drbfn_5m6m_v2_long updates 2395/3125 episodes, total num timesteps 3833600/5000000, FPS 83.

incre win rate is 0.5283018867924528.

 Map 5m_vs_6m Algo r_drbfn Exp drbfn_5m6m_v2_long updates 2400/3125 episodes, total num timesteps 3841600/5000000, FPS 83.

incre win rate is 0.49044585987261147.
eval win rate is 0.5.

 Map 5m_vs_6m Algo r_drbfn Exp drbfn_5m6m_v2_long updates 2405/3125 episodes, total num timesteps 3849600/5000000, FPS 83.

incre win rate is 0.5384615384615384.

 Map 5m_vs_6m Algo r_drbfn Exp drbfn_5m6m_v2_long updates 2410/3125 episodes, total num timesteps 3857600/5000000, FPS 83.

incre win rate is 0.5189873417721519.

 Map 5m_vs_6m Algo r_drbfn Exp drbfn_5m6m_v2_long updates 2415/3125 episodes, total num timesteps 3865600/5000000, FPS 83.

incre win rate is 0.526813880126183.

 Map 5m_vs_6m Algo r_drbfn Exp drbfn_5m6m_v2_long updates 2420/3125 episodes, total num timesteps 3873600/5000000, FPS 83.

incre win rate is 0.5822784810126582.

 Map 5m_vs_6m Algo r_drbfn Exp drbfn_5m6m_v2_long updates 2425/3125 episodes, total num timesteps 3881600/5000000, FPS 83.

incre win rate is 0.5314465408805031.
eval win rate is 0.71875.

 Map 5m_vs_6m Algo r_drbfn Exp drbfn_5m6m_v2_long updates 2430/3125 episodes, total num timesteps 3889600/5000000, FPS 83.

incre win rate is 0.49523809523809526.

 Map 5m_vs_6m Algo r_drbfn Exp drbfn_5m6m_v2_long updates 2435/3125 episodes, total num timesteps 3897600/5000000, FPS 83.

incre win rate is 0.5.

 Map 5m_vs_6m Algo r_drbfn Exp drbfn_5m6m_v2_long updates 2440/3125 episodes, total num timesteps 3905600/5000000, FPS 83.

incre win rate is 0.49843260188087773.

 Map 5m_vs_6m Algo r_drbfn Exp drbfn_5m6m_v2_long updates 2445/3125 episodes, total num timesteps 3913600/5000000, FPS 83.

incre win rate is 0.47634069400630913.

 Map 5m_vs_6m Algo r_drbfn Exp drbfn_5m6m_v2_long updates 2450/3125 episodes, total num timesteps 3921600/5000000, FPS 83.

incre win rate is 0.47634069400630913.
eval win rate is 0.5.

 Map 5m_vs_6m Algo r_drbfn Exp drbfn_5m6m_v2_long updates 2455/3125 episodes, total num timesteps 3929600/5000000, FPS 83.

incre win rate is 0.4666666666666667.

 Map 5m_vs_6m Algo r_drbfn Exp drbfn_5m6m_v2_long updates 2460/3125 episodes, total num timesteps 3937600/5000000, FPS 83.

incre win rate is 0.473015873015873.

 Map 5m_vs_6m Algo r_drbfn Exp drbfn_5m6m_v2_long updates 2465/3125 episodes, total num timesteps 3945600/5000000, FPS 83.

incre win rate is 0.5064102564102564.

 Map 5m_vs_6m Algo r_drbfn Exp drbfn_5m6m_v2_long updates 2470/3125 episodes, total num timesteps 3953600/5000000, FPS 83.

incre win rate is 0.5047619047619047.

 Map 5m_vs_6m Algo r_drbfn Exp drbfn_5m6m_v2_long updates 2475/3125 episodes, total num timesteps 3961600/5000000, FPS 83.

incre win rate is 0.4873417721518987.
eval win rate is 0.6875.

 Map 5m_vs_6m Algo r_drbfn Exp drbfn_5m6m_v2_long updates 2480/3125 episodes, total num timesteps 3969600/5000000, FPS 83.

incre win rate is 0.5175718849840255.

 Map 5m_vs_6m Algo r_drbfn Exp drbfn_5m6m_v2_long updates 2485/3125 episodes, total num timesteps 3977600/5000000, FPS 83.

incre win rate is 0.5174603174603175.

 Map 5m_vs_6m Algo r_drbfn Exp drbfn_5m6m_v2_long updates 2490/3125 episodes, total num timesteps 3985600/5000000, FPS 83.

incre win rate is 0.5316455696202531.

 Map 5m_vs_6m Algo r_drbfn Exp drbfn_5m6m_v2_long updates 2495/3125 episodes, total num timesteps 3993600/5000000, FPS 83.

incre win rate is 0.5251572327044025.

 Map 5m_vs_6m Algo r_drbfn Exp drbfn_5m6m_v2_long updates 2500/3125 episodes, total num timesteps 4001600/5000000, FPS 83.

incre win rate is 0.546031746031746.
eval win rate is 0.5625.

 Map 5m_vs_6m Algo r_drbfn Exp drbfn_5m6m_v2_long updates 2505/3125 episodes, total num timesteps 4009600/5000000, FPS 83.

incre win rate is 0.5377358490566038.

 Map 5m_vs_6m Algo r_drbfn Exp drbfn_5m6m_v2_long updates 2510/3125 episodes, total num timesteps 4017600/5000000, FPS 83.

incre win rate is 0.5360501567398119.

 Map 5m_vs_6m Algo r_drbfn Exp drbfn_5m6m_v2_long updates 2515/3125 episodes, total num timesteps 4025600/5000000, FPS 83.

incre win rate is 0.5078369905956113.

 Map 5m_vs_6m Algo r_drbfn Exp drbfn_5m6m_v2_long updates 2520/3125 episodes, total num timesteps 4033600/5000000, FPS 83.

incre win rate is 0.5768025078369906.

 Map 5m_vs_6m Algo r_drbfn Exp drbfn_5m6m_v2_long updates 2525/3125 episodes, total num timesteps 4041600/5000000, FPS 83.

incre win rate is 0.5520504731861199.
eval win rate is 0.65625.

 Map 5m_vs_6m Algo r_drbfn Exp drbfn_5m6m_v2_long updates 2530/3125 episodes, total num timesteps 4049600/5000000, FPS 83.

incre win rate is 0.5822784810126582.

 Map 5m_vs_6m Algo r_drbfn Exp drbfn_5m6m_v2_long updates 2535/3125 episodes, total num timesteps 4057600/5000000, FPS 83.

incre win rate is 0.5297805642633229.

 Map 5m_vs_6m Algo r_drbfn Exp drbfn_5m6m_v2_long updates 2540/3125 episodes, total num timesteps 4065600/5000000, FPS 83.

incre win rate is 0.4811320754716981.

 Map 5m_vs_6m Algo r_drbfn Exp drbfn_5m6m_v2_long updates 2545/3125 episodes, total num timesteps 4073600/5000000, FPS 83.

incre win rate is 0.5408805031446541.

 Map 5m_vs_6m Algo r_drbfn Exp drbfn_5m6m_v2_long updates 2550/3125 episodes, total num timesteps 4081600/5000000, FPS 83.

incre win rate is 0.5295950155763239.
eval win rate is 0.65625.

 Map 5m_vs_6m Algo r_drbfn Exp drbfn_5m6m_v2_long updates 2555/3125 episodes, total num timesteps 4089600/5000000, FPS 83.

incre win rate is 0.4984423676012461.

 Map 5m_vs_6m Algo r_drbfn Exp drbfn_5m6m_v2_long updates 2560/3125 episodes, total num timesteps 4097600/5000000, FPS 83.

incre win rate is 0.5709779179810726.

 Map 5m_vs_6m Algo r_drbfn Exp drbfn_5m6m_v2_long updates 2565/3125 episodes, total num timesteps 4105600/5000000, FPS 83.

incre win rate is 0.46474358974358976.

 Map 5m_vs_6m Algo r_drbfn Exp drbfn_5m6m_v2_long updates 2570/3125 episodes, total num timesteps 4113600/5000000, FPS 83.

incre win rate is 0.5394321766561514.

 Map 5m_vs_6m Algo r_drbfn Exp drbfn_5m6m_v2_long updates 2575/3125 episodes, total num timesteps 4121600/5000000, FPS 83.

incre win rate is 0.5754716981132075.
eval win rate is 0.65625.

 Map 5m_vs_6m Algo r_drbfn Exp drbfn_5m6m_v2_long updates 2580/3125 episodes, total num timesteps 4129600/5000000, FPS 83.

incre win rate is 0.5377358490566038.

 Map 5m_vs_6m Algo r_drbfn Exp drbfn_5m6m_v2_long updates 2585/3125 episodes, total num timesteps 4137600/5000000, FPS 83.

incre win rate is 0.555205047318612.

 Map 5m_vs_6m Algo r_drbfn Exp drbfn_5m6m_v2_long updates 2590/3125 episodes, total num timesteps 4145600/5000000, FPS 83.

incre win rate is 0.5562700964630225.

 Map 5m_vs_6m Algo r_drbfn Exp drbfn_5m6m_v2_long updates 2595/3125 episodes, total num timesteps 4153600/5000000, FPS 83.

incre win rate is 0.4888888888888889.

 Map 5m_vs_6m Algo r_drbfn Exp drbfn_5m6m_v2_long updates 2600/3125 episodes, total num timesteps 4161600/5000000, FPS 83.

incre win rate is 0.5787781350482315.
eval win rate is 0.5625.

 Map 5m_vs_6m Algo r_drbfn Exp drbfn_5m6m_v2_long updates 2605/3125 episodes, total num timesteps 4169600/5000000, FPS 83.

incre win rate is 0.5191082802547771.

 Map 5m_vs_6m Algo r_drbfn Exp drbfn_5m6m_v2_long updates 2610/3125 episodes, total num timesteps 4177600/5000000, FPS 83.

incre win rate is 0.5396825396825397.

 Map 5m_vs_6m Algo r_drbfn Exp drbfn_5m6m_v2_long updates 2615/3125 episodes, total num timesteps 4185600/5000000, FPS 83.

incre win rate is 0.5016077170418006.

 Map 5m_vs_6m Algo r_drbfn Exp drbfn_5m6m_v2_long updates 2620/3125 episodes, total num timesteps 4193600/5000000, FPS 83.

incre win rate is 0.43425076452599387.

 Map 5m_vs_6m Algo r_drbfn Exp drbfn_5m6m_v2_long updates 2625/3125 episodes, total num timesteps 4201600/5000000, FPS 83.

incre win rate is 0.5379746835443038.
eval win rate is 0.65625.

 Map 5m_vs_6m Algo r_drbfn Exp drbfn_5m6m_v2_long updates 2630/3125 episodes, total num timesteps 4209600/5000000, FPS 83.

incre win rate is 0.46273291925465837.

 Map 5m_vs_6m Algo r_drbfn Exp drbfn_5m6m_v2_long updates 2635/3125 episodes, total num timesteps 4217600/5000000, FPS 83.

incre win rate is 0.5394321766561514.

 Map 5m_vs_6m Algo r_drbfn Exp drbfn_5m6m_v2_long updates 2640/3125 episodes, total num timesteps 4225600/5000000, FPS 83.

incre win rate is 0.5741324921135647.

 Map 5m_vs_6m Algo r_drbfn Exp drbfn_5m6m_v2_long updates 2645/3125 episodes, total num timesteps 4233600/5000000, FPS 83.

incre win rate is 0.5379746835443038.

 Map 5m_vs_6m Algo r_drbfn Exp drbfn_5m6m_v2_long updates 2650/3125 episodes, total num timesteps 4241600/5000000, FPS 83.

incre win rate is 0.5345911949685535.
eval win rate is 0.625.

 Map 5m_vs_6m Algo r_drbfn Exp drbfn_5m6m_v2_long updates 2655/3125 episodes, total num timesteps 4249600/5000000, FPS 83.

incre win rate is 0.5111111111111111.

 Map 5m_vs_6m Algo r_drbfn Exp drbfn_5m6m_v2_long updates 2660/3125 episodes, total num timesteps 4257600/5000000, FPS 83.

incre win rate is 0.49050632911392406.

 Map 5m_vs_6m Algo r_drbfn Exp drbfn_5m6m_v2_long updates 2665/3125 episodes, total num timesteps 4265600/5000000, FPS 83.

incre win rate is 0.5031446540880503.

 Map 5m_vs_6m Algo r_drbfn Exp drbfn_5m6m_v2_long updates 2670/3125 episodes, total num timesteps 4273600/5000000, FPS 83.

incre win rate is 0.49842271293375395.

 Map 5m_vs_6m Algo r_drbfn Exp drbfn_5m6m_v2_long updates 2675/3125 episodes, total num timesteps 4281600/5000000, FPS 83.

incre win rate is 0.5141065830721003.
eval win rate is 0.46875.

 Map 5m_vs_6m Algo r_drbfn Exp drbfn_5m6m_v2_long updates 2680/3125 episodes, total num timesteps 4289600/5000000, FPS 83.

incre win rate is 0.54375.

 Map 5m_vs_6m Algo r_drbfn Exp drbfn_5m6m_v2_long updates 2685/3125 episodes, total num timesteps 4297600/5000000, FPS 83.

incre win rate is 0.5391849529780565.

 Map 5m_vs_6m Algo r_drbfn Exp drbfn_5m6m_v2_long updates 2690/3125 episodes, total num timesteps 4305600/5000000, FPS 83.

incre win rate is 0.5474683544303798.

 Map 5m_vs_6m Algo r_drbfn Exp drbfn_5m6m_v2_long updates 2695/3125 episodes, total num timesteps 4313600/5000000, FPS 83.

incre win rate is 0.5299684542586751.

 Map 5m_vs_6m Algo r_drbfn Exp drbfn_5m6m_v2_long updates 2700/3125 episodes, total num timesteps 4321600/5000000, FPS 83.

incre win rate is 0.580441640378549.
eval win rate is 0.6875.

 Map 5m_vs_6m Algo r_drbfn Exp drbfn_5m6m_v2_long updates 2705/3125 episodes, total num timesteps 4329600/5000000, FPS 83.

incre win rate is 0.509375.

 Map 5m_vs_6m Algo r_drbfn Exp drbfn_5m6m_v2_long updates 2710/3125 episodes, total num timesteps 4337600/5000000, FPS 83.

incre win rate is 0.5015479876160991.

 Map 5m_vs_6m Algo r_drbfn Exp drbfn_5m6m_v2_long updates 2715/3125 episodes, total num timesteps 4345600/5000000, FPS 83.

incre win rate is 0.5283018867924528.

 Map 5m_vs_6m Algo r_drbfn Exp drbfn_5m6m_v2_long updates 2720/3125 episodes, total num timesteps 4353600/5000000, FPS 83.

incre win rate is 0.5015673981191222.

 Map 5m_vs_6m Algo r_drbfn Exp drbfn_5m6m_v2_long updates 2725/3125 episodes, total num timesteps 4361600/5000000, FPS 83.

incre win rate is 0.56875.
eval win rate is 0.59375.

 Map 5m_vs_6m Algo r_drbfn Exp drbfn_5m6m_v2_long updates 2730/3125 episodes, total num timesteps 4369600/5000000, FPS 83.

incre win rate is 0.4953271028037383.

 Map 5m_vs_6m Algo r_drbfn Exp drbfn_5m6m_v2_long updates 2735/3125 episodes, total num timesteps 4377600/5000000, FPS 83.

incre win rate is 0.526984126984127.

 Map 5m_vs_6m Algo r_drbfn Exp drbfn_5m6m_v2_long updates 2740/3125 episodes, total num timesteps 4385600/5000000, FPS 83.

incre win rate is 0.4984423676012461.

 Map 5m_vs_6m Algo r_drbfn Exp drbfn_5m6m_v2_long updates 2745/3125 episodes, total num timesteps 4393600/5000000, FPS 83.

incre win rate is 0.5205047318611987.

 Map 5m_vs_6m Algo r_drbfn Exp drbfn_5m6m_v2_long updates 2750/3125 episodes, total num timesteps 4401600/5000000, FPS 83.

incre win rate is 0.5253164556962026.
eval win rate is 0.59375.

 Map 5m_vs_6m Algo r_drbfn Exp drbfn_5m6m_v2_long updates 2755/3125 episodes, total num timesteps 4409600/5000000, FPS 83.

incre win rate is 0.5047021943573667.

 Map 5m_vs_6m Algo r_drbfn Exp drbfn_5m6m_v2_long updates 2760/3125 episodes, total num timesteps 4417600/5000000, FPS 83.

incre win rate is 0.5345911949685535.

 Map 5m_vs_6m Algo r_drbfn Exp drbfn_5m6m_v2_long updates 2765/3125 episodes, total num timesteps 4425600/5000000, FPS 83.

incre win rate is 0.5318471337579618.

 Map 5m_vs_6m Algo r_drbfn Exp drbfn_5m6m_v2_long updates 2770/3125 episodes, total num timesteps 4433600/5000000, FPS 83.

incre win rate is 0.5078864353312302.

 Map 5m_vs_6m Algo r_drbfn Exp drbfn_5m6m_v2_long updates 2775/3125 episodes, total num timesteps 4441600/5000000, FPS 83.

incre win rate is 0.5910543130990416.
eval win rate is 0.53125.

 Map 5m_vs_6m Algo r_drbfn Exp drbfn_5m6m_v2_long updates 2780/3125 episodes, total num timesteps 4449600/5000000, FPS 83.

incre win rate is 0.49843260188087773.

 Map 5m_vs_6m Algo r_drbfn Exp drbfn_5m6m_v2_long updates 2785/3125 episodes, total num timesteps 4457600/5000000, FPS 83.

incre win rate is 0.5235109717868338.

 Map 5m_vs_6m Algo r_drbfn Exp drbfn_5m6m_v2_long updates 2790/3125 episodes, total num timesteps 4465600/5000000, FPS 83.

incre win rate is 0.553125.

 Map 5m_vs_6m Algo r_drbfn Exp drbfn_5m6m_v2_long updates 2795/3125 episodes, total num timesteps 4473600/5000000, FPS 83.

incre win rate is 0.555205047318612.

 Map 5m_vs_6m Algo r_drbfn Exp drbfn_5m6m_v2_long updates 2800/3125 episodes, total num timesteps 4481600/5000000, FPS 83.

incre win rate is 0.5440251572327044.
eval win rate is 0.5625.

 Map 5m_vs_6m Algo r_drbfn Exp drbfn_5m6m_v2_long updates 2805/3125 episodes, total num timesteps 4489600/5000000, FPS 83.

incre win rate is 0.5638629283489096.

 Map 5m_vs_6m Algo r_drbfn Exp drbfn_5m6m_v2_long updates 2810/3125 episodes, total num timesteps 4497600/5000000, FPS 83.

incre win rate is 0.4952681388012618.

 Map 5m_vs_6m Algo r_drbfn Exp drbfn_5m6m_v2_long updates 2815/3125 episodes, total num timesteps 4505600/5000000, FPS 82.

incre win rate is 0.532051282051282.

 Map 5m_vs_6m Algo r_drbfn Exp drbfn_5m6m_v2_long updates 2820/3125 episodes, total num timesteps 4513600/5000000, FPS 82.

incre win rate is 0.589171974522293.

 Map 5m_vs_6m Algo r_drbfn Exp drbfn_5m6m_v2_long updates 2825/3125 episodes, total num timesteps 4521600/5000000, FPS 82.

incre win rate is 0.6329113924050633.
eval win rate is 0.71875.

 Map 5m_vs_6m Algo r_drbfn Exp drbfn_5m6m_v2_long updates 2830/3125 episodes, total num timesteps 4529600/5000000, FPS 82.

incre win rate is 0.5559105431309904.

 Map 5m_vs_6m Algo r_drbfn Exp drbfn_5m6m_v2_long updates 2835/3125 episodes, total num timesteps 4537600/5000000, FPS 82.

incre win rate is 0.5664556962025317.

 Map 5m_vs_6m Algo r_drbfn Exp drbfn_5m6m_v2_long updates 2840/3125 episodes, total num timesteps 4545600/5000000, FPS 82.

incre win rate is 0.5335463258785943.

 Map 5m_vs_6m Algo r_drbfn Exp drbfn_5m6m_v2_long updates 2845/3125 episodes, total num timesteps 4553600/5000000, FPS 82.

incre win rate is 0.6031746031746031.

 Map 5m_vs_6m Algo r_drbfn Exp drbfn_5m6m_v2_long updates 2850/3125 episodes, total num timesteps 4561600/5000000, FPS 82.

incre win rate is 0.526984126984127.
eval win rate is 0.65625.

 Map 5m_vs_6m Algo r_drbfn Exp drbfn_5m6m_v2_long updates 2855/3125 episodes, total num timesteps 4569600/5000000, FPS 82.

incre win rate is 0.5301587301587302.

 Map 5m_vs_6m Algo r_drbfn Exp drbfn_5m6m_v2_long updates 2860/3125 episodes, total num timesteps 4577600/5000000, FPS 82.

incre win rate is 0.5488958990536278.

 Map 5m_vs_6m Algo r_drbfn Exp drbfn_5m6m_v2_long updates 2865/3125 episodes, total num timesteps 4585600/5000000, FPS 82.

incre win rate is 0.5822784810126582.

 Map 5m_vs_6m Algo r_drbfn Exp drbfn_5m6m_v2_long updates 2870/3125 episodes, total num timesteps 4593600/5000000, FPS 82.

incre win rate is 0.5220125786163522.

 Map 5m_vs_6m Algo r_drbfn Exp drbfn_5m6m_v2_long updates 2875/3125 episodes, total num timesteps 4601600/5000000, FPS 82.

incre win rate is 0.557632398753894.
eval win rate is 0.65625.

 Map 5m_vs_6m Algo r_drbfn Exp drbfn_5m6m_v2_long updates 2880/3125 episodes, total num timesteps 4609600/5000000, FPS 82.

incre win rate is 0.5632911392405063.

 Map 5m_vs_6m Algo r_drbfn Exp drbfn_5m6m_v2_long updates 2885/3125 episodes, total num timesteps 4617600/5000000, FPS 82.

incre win rate is 0.5454545454545454.

 Map 5m_vs_6m Algo r_drbfn Exp drbfn_5m6m_v2_long updates 2890/3125 episodes, total num timesteps 4625600/5000000, FPS 82.

incre win rate is 0.583596214511041.

 Map 5m_vs_6m Algo r_drbfn Exp drbfn_5m6m_v2_long updates 2895/3125 episodes, total num timesteps 4633600/5000000, FPS 82.

incre win rate is 0.501577287066246.

 Map 5m_vs_6m Algo r_drbfn Exp drbfn_5m6m_v2_long updates 2900/3125 episodes, total num timesteps 4641600/5000000, FPS 82.

incre win rate is 0.53125.
eval win rate is 0.59375.

 Map 5m_vs_6m Algo r_drbfn Exp drbfn_5m6m_v2_long updates 2905/3125 episodes, total num timesteps 4649600/5000000, FPS 82.

incre win rate is 0.5160256410256411.

 Map 5m_vs_6m Algo r_drbfn Exp drbfn_5m6m_v2_long updates 2910/3125 episodes, total num timesteps 4657600/5000000, FPS 82.

incre win rate is 0.5095541401273885.

 Map 5m_vs_6m Algo r_drbfn Exp drbfn_5m6m_v2_long updates 2915/3125 episodes, total num timesteps 4665600/5000000, FPS 82.

incre win rate is 0.5517241379310345.

 Map 5m_vs_6m Algo r_drbfn Exp drbfn_5m6m_v2_long updates 2920/3125 episodes, total num timesteps 4673600/5000000, FPS 82.

incre win rate is 0.5236593059936908.

 Map 5m_vs_6m Algo r_drbfn Exp drbfn_5m6m_v2_long updates 2925/3125 episodes, total num timesteps 4681600/5000000, FPS 82.

incre win rate is 0.5474683544303798.
eval win rate is 0.65625.

 Map 5m_vs_6m Algo r_drbfn Exp drbfn_5m6m_v2_long updates 2930/3125 episodes, total num timesteps 4689600/5000000, FPS 82.

incre win rate is 0.5299684542586751.

 Map 5m_vs_6m Algo r_drbfn Exp drbfn_5m6m_v2_long updates 2935/3125 episodes, total num timesteps 4697600/5000000, FPS 82.

incre win rate is 0.4591194968553459.

 Map 5m_vs_6m Algo r_drbfn Exp drbfn_5m6m_v2_long updates 2940/3125 episodes, total num timesteps 4705600/5000000, FPS 82.

incre win rate is 0.47266881028938906.

 Map 5m_vs_6m Algo r_drbfn Exp drbfn_5m6m_v2_long updates 2945/3125 episodes, total num timesteps 4713600/5000000, FPS 82.

incre win rate is 0.48264984227129337.

 Map 5m_vs_6m Algo r_drbfn Exp drbfn_5m6m_v2_long updates 2950/3125 episodes, total num timesteps 4721600/5000000, FPS 82.

incre win rate is 0.5062111801242236.
eval win rate is 0.625.

 Map 5m_vs_6m Algo r_drbfn Exp drbfn_5m6m_v2_long updates 2955/3125 episodes, total num timesteps 4729600/5000000, FPS 82.

incre win rate is 0.4716981132075472.

 Map 5m_vs_6m Algo r_drbfn Exp drbfn_5m6m_v2_long updates 2960/3125 episodes, total num timesteps 4737600/5000000, FPS 82.

incre win rate is 0.5327102803738317.

 Map 5m_vs_6m Algo r_drbfn Exp drbfn_5m6m_v2_long updates 2965/3125 episodes, total num timesteps 4745600/5000000, FPS 82.

incre win rate is 0.6257861635220126.

 Map 5m_vs_6m Algo r_drbfn Exp drbfn_5m6m_v2_long updates 2970/3125 episodes, total num timesteps 4753600/5000000, FPS 82.

incre win rate is 0.5172413793103449.

 Map 5m_vs_6m Algo r_drbfn Exp drbfn_5m6m_v2_long updates 2975/3125 episodes, total num timesteps 4761600/5000000, FPS 82.

incre win rate is 0.5408805031446541.
eval win rate is 0.5625.

 Map 5m_vs_6m Algo r_drbfn Exp drbfn_5m6m_v2_long updates 2980/3125 episodes, total num timesteps 4769600/5000000, FPS 82.

incre win rate is 0.55625.

 Map 5m_vs_6m Algo r_drbfn Exp drbfn_5m6m_v2_long updates 2985/3125 episodes, total num timesteps 4777600/5000000, FPS 82.

incre win rate is 0.5391849529780565.

 Map 5m_vs_6m Algo r_drbfn Exp drbfn_5m6m_v2_long updates 2990/3125 episodes, total num timesteps 4785600/5000000, FPS 82.

incre win rate is 0.580952380952381.

 Map 5m_vs_6m Algo r_drbfn Exp drbfn_5m6m_v2_long updates 2995/3125 episodes, total num timesteps 4793600/5000000, FPS 82.

incre win rate is 0.5157232704402516.

 Map 5m_vs_6m Algo r_drbfn Exp drbfn_5m6m_v2_long updates 3000/3125 episodes, total num timesteps 4801600/5000000, FPS 82.

incre win rate is 0.4766355140186916.
eval win rate is 0.5.

 Map 5m_vs_6m Algo r_drbfn Exp drbfn_5m6m_v2_long updates 3005/3125 episodes, total num timesteps 4809600/5000000, FPS 82.

incre win rate is 0.5768025078369906.

 Map 5m_vs_6m Algo r_drbfn Exp drbfn_5m6m_v2_long updates 3010/3125 episodes, total num timesteps 4817600/5000000, FPS 82.

incre win rate is 0.5408805031446541.

 Map 5m_vs_6m Algo r_drbfn Exp drbfn_5m6m_v2_long updates 3015/3125 episodes, total num timesteps 4825600/5000000, FPS 82.

incre win rate is 0.5251572327044025.

 Map 5m_vs_6m Algo r_drbfn Exp drbfn_5m6m_v2_long updates 3020/3125 episodes, total num timesteps 4833600/5000000, FPS 82.

incre win rate is 0.5362776025236593.

 Map 5m_vs_6m Algo r_drbfn Exp drbfn_5m6m_v2_long updates 3025/3125 episodes, total num timesteps 4841600/5000000, FPS 82.

incre win rate is 0.5015873015873016.
eval win rate is 0.6875.

 Map 5m_vs_6m Algo r_drbfn Exp drbfn_5m6m_v2_long updates 3030/3125 episodes, total num timesteps 4849600/5000000, FPS 82.

incre win rate is 0.5763239875389408.

 Map 5m_vs_6m Algo r_drbfn Exp drbfn_5m6m_v2_long updates 3035/3125 episodes, total num timesteps 4857600/5000000, FPS 82.

incre win rate is 0.5477707006369427.

 Map 5m_vs_6m Algo r_drbfn Exp drbfn_5m6m_v2_long updates 3040/3125 episodes, total num timesteps 4865600/5000000, FPS 82.

incre win rate is 0.5062893081761006.

 Map 5m_vs_6m Algo r_drbfn Exp drbfn_5m6m_v2_long updates 3045/3125 episodes, total num timesteps 4873600/5000000, FPS 82.

incre win rate is 0.5723270440251572.

 Map 5m_vs_6m Algo r_drbfn Exp drbfn_5m6m_v2_long updates 3050/3125 episodes, total num timesteps 4881600/5000000, FPS 82.

incre win rate is 0.5569620253164557.
eval win rate is 0.5.

 Map 5m_vs_6m Algo r_drbfn Exp drbfn_5m6m_v2_long updates 3055/3125 episodes, total num timesteps 4889600/5000000, FPS 82.

incre win rate is 0.5331230283911672.

 Map 5m_vs_6m Algo r_drbfn Exp drbfn_5m6m_v2_long updates 3060/3125 episodes, total num timesteps 4897600/5000000, FPS 82.

incre win rate is 0.5348101265822784.

 Map 5m_vs_6m Algo r_drbfn Exp drbfn_5m6m_v2_long updates 3065/3125 episodes, total num timesteps 4905600/5000000, FPS 82.

incre win rate is 0.5573248407643312.

 Map 5m_vs_6m Algo r_drbfn Exp drbfn_5m6m_v2_long updates 3070/3125 episodes, total num timesteps 4913600/5000000, FPS 82.

incre win rate is 0.5095541401273885.

 Map 5m_vs_6m Algo r_drbfn Exp drbfn_5m6m_v2_long updates 3075/3125 episodes, total num timesteps 4921600/5000000, FPS 82.

incre win rate is 0.5206349206349207.
eval win rate is 0.65625.

 Map 5m_vs_6m Algo r_drbfn Exp drbfn_5m6m_v2_long updates 3080/3125 episodes, total num timesteps 4929600/5000000, FPS 82.

incre win rate is 0.5583596214511041.

 Map 5m_vs_6m Algo r_drbfn Exp drbfn_5m6m_v2_long updates 3085/3125 episodes, total num timesteps 4937600/5000000, FPS 82.

incre win rate is 0.5463258785942492.

 Map 5m_vs_6m Algo r_drbfn Exp drbfn_5m6m_v2_long updates 3090/3125 episodes, total num timesteps 4945600/5000000, FPS 82.

incre win rate is 0.5299684542586751.

 Map 5m_vs_6m Algo r_drbfn Exp drbfn_5m6m_v2_long updates 3095/3125 episodes, total num timesteps 4953600/5000000, FPS 82.

incre win rate is 0.5886075949367089.

 Map 5m_vs_6m Algo r_drbfn Exp drbfn_5m6m_v2_long updates 3100/3125 episodes, total num timesteps 4961600/5000000, FPS 82.

incre win rate is 0.5266457680250783.
eval win rate is 0.5.

 Map 5m_vs_6m Algo r_drbfn Exp drbfn_5m6m_v2_long updates 3105/3125 episodes, total num timesteps 4969600/5000000, FPS 82.

incre win rate is 0.6175548589341693.

 Map 5m_vs_6m Algo r_drbfn Exp drbfn_5m6m_v2_long updates 3110/3125 episodes, total num timesteps 4977600/5000000, FPS 82.

incre win rate is 0.5728155339805825.

 Map 5m_vs_6m Algo r_drbfn Exp drbfn_5m6m_v2_long updates 3115/3125 episodes, total num timesteps 4985600/5000000, FPS 82.

incre win rate is 0.5124223602484472.

 Map 5m_vs_6m Algo r_drbfn Exp drbfn_5m6m_v2_long updates 3120/3125 episodes, total num timesteps 4993600/5000000, FPS 81.

incre win rate is 0.5284810126582279.
