D:\conda\Lib\site-packages\requests\__init__.py:113: RequestsDependencyWarning: urllib3 (2.2.3) or chardet (7.4.3)/charset_normalizer (3.3.2) doesn't match a supported version!
  warnings.warn(
u are choosing to use r_drbfn (DRBFN), keeping use_centralized_V = True
choose to use gpu...
obs_space:  [[478, [1, 76], [64, 5], [1, 4], [1, 78]], [478, [1, 76], [64, 5], [1, 4], [1, 78]]]
share_obs_space:  [[675, [1, 79], [64, 8], [1, 4], [1, 80]], [675, [1, 79], [64, 8], [1, 4], [1, 80]]]
act_space:  [Discrete(70), Discrete(70)]

 Map 2c_vs_64zg Algo r_drbfn Exp drbfn_2c_vs_64zg updates 0/3125 episodes, total num timesteps 1600/5000000, FPS 52.

incre win rate is 0.0.
eval win rate is 0.0.

 Map 2c_vs_64zg Algo r_drbfn Exp drbfn_2c_vs_64zg updates 5/3125 episodes, total num timesteps 9600/5000000, FPS 42.

incre win rate is 0.0.

 Map 2c_vs_64zg Algo r_drbfn Exp drbfn_2c_vs_64zg updates 10/3125 episodes, total num timesteps 17600/5000000, FPS 49.

incre win rate is 0.0.

 Map 2c_vs_64zg Algo r_drbfn Exp drbfn_2c_vs_64zg updates 15/3125 episodes, total num timesteps 25600/5000000, FPS 52.

incre win rate is 0.0.

 Map 2c_vs_64zg Algo r_drbfn Exp drbfn_2c_vs_64zg updates 20/3125 episodes, total num timesteps 33600/5000000, FPS 53.

incre win rate is 0.0.

 Map 2c_vs_64zg Algo r_drbfn Exp drbfn_2c_vs_64zg updates 25/3125 episodes, total num timesteps 41600/5000000, FPS 54.

incre win rate is 0.0.
eval win rate is 0.0.

 Map 2c_vs_64zg Algo r_drbfn Exp drbfn_2c_vs_64zg updates 30/3125 episodes, total num timesteps 49600/5000000, FPS 51.

incre win rate is 0.0.

 Map 2c_vs_64zg Algo r_drbfn Exp drbfn_2c_vs_64zg updates 35/3125 episodes, total num timesteps 57600/5000000, FPS 51.

incre win rate is 0.0.

 Map 2c_vs_64zg Algo r_drbfn Exp drbfn_2c_vs_64zg updates 40/3125 episodes, total num timesteps 65600/5000000, FPS 51.

incre win rate is 0.0.

 Map 2c_vs_64zg Algo r_drbfn Exp drbfn_2c_vs_64zg updates 45/3125 episodes, total num timesteps 73600/5000000, FPS 50.

incre win rate is 0.0.

 Map 2c_vs_64zg Algo r_drbfn Exp drbfn_2c_vs_64zg updates 50/3125 episodes, total num timesteps 81600/5000000, FPS 50.

incre win rate is 0.0.
eval win rate is 0.0.

 Map 2c_vs_64zg Algo r_drbfn Exp drbfn_2c_vs_64zg updates 55/3125 episodes, total num timesteps 89600/5000000, FPS 48.

incre win rate is 0.0.

 Map 2c_vs_64zg Algo r_drbfn Exp drbfn_2c_vs_64zg updates 60/3125 episodes, total num timesteps 97600/5000000, FPS 47.

incre win rate is 0.0.

 Map 2c_vs_64zg Algo r_drbfn Exp drbfn_2c_vs_64zg updates 65/3125 episodes, total num timesteps 105600/5000000, FPS 47.

incre win rate is 0.0.

 Map 2c_vs_64zg Algo r_drbfn Exp drbfn_2c_vs_64zg updates 70/3125 episodes, total num timesteps 113600/5000000, FPS 47.

incre win rate is 0.0.

 Map 2c_vs_64zg Algo r_drbfn Exp drbfn_2c_vs_64zg updates 75/3125 episodes, total num timesteps 121600/5000000, FPS 47.

incre win rate is 0.0.
eval win rate is 0.0.

 Map 2c_vs_64zg Algo r_drbfn Exp drbfn_2c_vs_64zg updates 80/3125 episodes, total num timesteps 129600/5000000, FPS 47.

incre win rate is 0.0.

 Map 2c_vs_64zg Algo r_drbfn Exp drbfn_2c_vs_64zg updates 85/3125 episodes, total num timesteps 137600/5000000, FPS 47.

incre win rate is 0.0.

 Map 2c_vs_64zg Algo r_drbfn Exp drbfn_2c_vs_64zg updates 90/3125 episodes, total num timesteps 145600/5000000, FPS 47.

incre win rate is 0.0.

 Map 2c_vs_64zg Algo r_drbfn Exp drbfn_2c_vs_64zg updates 95/3125 episodes, total num timesteps 153600/5000000, FPS 48.

incre win rate is 0.0.

 Map 2c_vs_64zg Algo r_drbfn Exp drbfn_2c_vs_64zg updates 100/3125 episodes, total num timesteps 161600/5000000, FPS 48.

incre win rate is 0.0.
eval win rate is 0.03125.

 Map 2c_vs_64zg Algo r_drbfn Exp drbfn_2c_vs_64zg updates 105/3125 episodes, total num timesteps 169600/5000000, FPS 47.

incre win rate is 0.005154639175257732.

 Map 2c_vs_64zg Algo r_drbfn Exp drbfn_2c_vs_64zg updates 110/3125 episodes, total num timesteps 177600/5000000, FPS 47.

incre win rate is 0.0.

 Map 2c_vs_64zg Algo r_drbfn Exp drbfn_2c_vs_64zg updates 115/3125 episodes, total num timesteps 185600/5000000, FPS 48.

incre win rate is 0.005263157894736842.

 Map 2c_vs_64zg Algo r_drbfn Exp drbfn_2c_vs_64zg updates 120/3125 episodes, total num timesteps 193600/5000000, FPS 48.

incre win rate is 0.010638297872340425.

 Map 2c_vs_64zg Algo r_drbfn Exp drbfn_2c_vs_64zg updates 125/3125 episodes, total num timesteps 201600/5000000, FPS 48.

incre win rate is 0.016042780748663103.
eval win rate is 0.03125.

 Map 2c_vs_64zg Algo r_drbfn Exp drbfn_2c_vs_64zg updates 130/3125 episodes, total num timesteps 209600/5000000, FPS 48.

incre win rate is 0.022727272727272728.

 Map 2c_vs_64zg Algo r_drbfn Exp drbfn_2c_vs_64zg updates 135/3125 episodes, total num timesteps 217600/5000000, FPS 48.

incre win rate is 0.0111731843575419.

 Map 2c_vs_64zg Algo r_drbfn Exp drbfn_2c_vs_64zg updates 140/3125 episodes, total num timesteps 225600/5000000, FPS 48.

incre win rate is 0.027777777777777776.

 Map 2c_vs_64zg Algo r_drbfn Exp drbfn_2c_vs_64zg updates 145/3125 episodes, total num timesteps 233600/5000000, FPS 48.

incre win rate is 0.010582010582010581.

 Map 2c_vs_64zg Algo r_drbfn Exp drbfn_2c_vs_64zg updates 150/3125 episodes, total num timesteps 241600/5000000, FPS 48.

incre win rate is 0.016042780748663103.
eval win rate is 0.0625.

 Map 2c_vs_64zg Algo r_drbfn Exp drbfn_2c_vs_64zg updates 155/3125 episodes, total num timesteps 249600/5000000, FPS 48.

incre win rate is 0.04093567251461988.

 Map 2c_vs_64zg Algo r_drbfn Exp drbfn_2c_vs_64zg updates 160/3125 episodes, total num timesteps 257600/5000000, FPS 49.

incre win rate is 0.058823529411764705.

 Map 2c_vs_64zg Algo r_drbfn Exp drbfn_2c_vs_64zg updates 165/3125 episodes, total num timesteps 265600/5000000, FPS 48.

incre win rate is 0.05.

 Map 2c_vs_64zg Algo r_drbfn Exp drbfn_2c_vs_64zg updates 170/3125 episodes, total num timesteps 273600/5000000, FPS 48.

incre win rate is 0.023121387283236993.

 Map 2c_vs_64zg Algo r_drbfn Exp drbfn_2c_vs_64zg updates 175/3125 episodes, total num timesteps 281600/5000000, FPS 48.

incre win rate is 0.09941520467836257.
eval win rate is 0.125.

 Map 2c_vs_64zg Algo r_drbfn Exp drbfn_2c_vs_64zg updates 180/3125 episodes, total num timesteps 289600/5000000, FPS 48.

incre win rate is 0.11612903225806452.

 Map 2c_vs_64zg Algo r_drbfn Exp drbfn_2c_vs_64zg updates 185/3125 episodes, total num timesteps 297600/5000000, FPS 48.

incre win rate is 0.1.

 Map 2c_vs_64zg Algo r_drbfn Exp drbfn_2c_vs_64zg updates 190/3125 episodes, total num timesteps 305600/5000000, FPS 48.

incre win rate is 0.12804878048780488.

 Map 2c_vs_64zg Algo r_drbfn Exp drbfn_2c_vs_64zg updates 195/3125 episodes, total num timesteps 313600/5000000, FPS 49.

incre win rate is 0.1320754716981132.

 Map 2c_vs_64zg Algo r_drbfn Exp drbfn_2c_vs_64zg updates 200/3125 episodes, total num timesteps 321600/5000000, FPS 49.

incre win rate is 0.15789473684210525.
eval win rate is 0.3125.

 Map 2c_vs_64zg Algo r_drbfn Exp drbfn_2c_vs_64zg updates 205/3125 episodes, total num timesteps 329600/5000000, FPS 49.

incre win rate is 0.1625.

 Map 2c_vs_64zg Algo r_drbfn Exp drbfn_2c_vs_64zg updates 210/3125 episodes, total num timesteps 337600/5000000, FPS 49.

incre win rate is 0.17575757575757575.

 Map 2c_vs_64zg Algo r_drbfn Exp drbfn_2c_vs_64zg updates 215/3125 episodes, total num timesteps 345600/5000000, FPS 50.

incre win rate is 0.1834319526627219.

 Map 2c_vs_64zg Algo r_drbfn Exp drbfn_2c_vs_64zg updates 220/3125 episodes, total num timesteps 353600/5000000, FPS 50.

incre win rate is 0.2138364779874214.

 Map 2c_vs_64zg Algo r_drbfn Exp drbfn_2c_vs_64zg updates 225/3125 episodes, total num timesteps 361600/5000000, FPS 51.

incre win rate is 0.17105263157894737.
eval win rate is 0.375.

 Map 2c_vs_64zg Algo r_drbfn Exp drbfn_2c_vs_64zg updates 230/3125 episodes, total num timesteps 369600/5000000, FPS 51.

incre win rate is 0.21686746987951808.

 Map 2c_vs_64zg Algo r_drbfn Exp drbfn_2c_vs_64zg updates 235/3125 episodes, total num timesteps 377600/5000000, FPS 51.

incre win rate is 0.2980132450331126.

 Map 2c_vs_64zg Algo r_drbfn Exp drbfn_2c_vs_64zg updates 240/3125 episodes, total num timesteps 385600/5000000, FPS 51.

incre win rate is 0.24074074074074073.

 Map 2c_vs_64zg Algo r_drbfn Exp drbfn_2c_vs_64zg updates 245/3125 episodes, total num timesteps 393600/5000000, FPS 52.

incre win rate is 0.2012987012987013.

 Map 2c_vs_64zg Algo r_drbfn Exp drbfn_2c_vs_64zg updates 250/3125 episodes, total num timesteps 401600/5000000, FPS 52.

incre win rate is 0.26875.
eval win rate is 0.5.

 Map 2c_vs_64zg Algo r_drbfn Exp drbfn_2c_vs_64zg updates 255/3125 episodes, total num timesteps 409600/5000000, FPS 52.

incre win rate is 0.27564102564102566.

 Map 2c_vs_64zg Algo r_drbfn Exp drbfn_2c_vs_64zg updates 260/3125 episodes, total num timesteps 417600/5000000, FPS 53.

incre win rate is 0.19875776397515527.

 Map 2c_vs_64zg Algo r_drbfn Exp drbfn_2c_vs_64zg updates 265/3125 episodes, total num timesteps 425600/5000000, FPS 53.

incre win rate is 0.26666666666666666.

 Map 2c_vs_64zg Algo r_drbfn Exp drbfn_2c_vs_64zg updates 270/3125 episodes, total num timesteps 433600/5000000, FPS 53.

incre win rate is 0.22289156626506024.

 Map 2c_vs_64zg Algo r_drbfn Exp drbfn_2c_vs_64zg updates 275/3125 episodes, total num timesteps 441600/5000000, FPS 53.

incre win rate is 0.24096385542168675.
eval win rate is 0.4375.

 Map 2c_vs_64zg Algo r_drbfn Exp drbfn_2c_vs_64zg updates 280/3125 episodes, total num timesteps 449600/5000000, FPS 53.

incre win rate is 0.2534246575342466.

 Map 2c_vs_64zg Algo r_drbfn Exp drbfn_2c_vs_64zg updates 285/3125 episodes, total num timesteps 457600/5000000, FPS 54.

incre win rate is 0.43333333333333335.

 Map 2c_vs_64zg Algo r_drbfn Exp drbfn_2c_vs_64zg updates 290/3125 episodes, total num timesteps 465600/5000000, FPS 54.

incre win rate is 0.2654320987654321.

 Map 2c_vs_64zg Algo r_drbfn Exp drbfn_2c_vs_64zg updates 295/3125 episodes, total num timesteps 473600/5000000, FPS 54.

incre win rate is 0.29012345679012347.

 Map 2c_vs_64zg Algo r_drbfn Exp drbfn_2c_vs_64zg updates 300/3125 episodes, total num timesteps 481600/5000000, FPS 54.

incre win rate is 0.3509933774834437.
eval win rate is 0.46875.

 Map 2c_vs_64zg Algo r_drbfn Exp drbfn_2c_vs_64zg updates 305/3125 episodes, total num timesteps 489600/5000000, FPS 54.

incre win rate is 0.36666666666666664.

 Map 2c_vs_64zg Algo r_drbfn Exp drbfn_2c_vs_64zg updates 310/3125 episodes, total num timesteps 497600/5000000, FPS 55.

incre win rate is 0.35714285714285715.

 Map 2c_vs_64zg Algo r_drbfn Exp drbfn_2c_vs_64zg updates 315/3125 episodes, total num timesteps 505600/5000000, FPS 55.

incre win rate is 0.24358974358974358.

 Map 2c_vs_64zg Algo r_drbfn Exp drbfn_2c_vs_64zg updates 320/3125 episodes, total num timesteps 513600/5000000, FPS 55.

incre win rate is 0.2802547770700637.

 Map 2c_vs_64zg Algo r_drbfn Exp drbfn_2c_vs_64zg updates 325/3125 episodes, total num timesteps 521600/5000000, FPS 55.

incre win rate is 0.34615384615384615.
eval win rate is 0.34375.

 Map 2c_vs_64zg Algo r_drbfn Exp drbfn_2c_vs_64zg updates 330/3125 episodes, total num timesteps 529600/5000000, FPS 55.

incre win rate is 0.3630573248407643.

 Map 2c_vs_64zg Algo r_drbfn Exp drbfn_2c_vs_64zg updates 335/3125 episodes, total num timesteps 537600/5000000, FPS 55.

incre win rate is 0.38125.

 Map 2c_vs_64zg Algo r_drbfn Exp drbfn_2c_vs_64zg updates 340/3125 episodes, total num timesteps 545600/5000000, FPS 55.

incre win rate is 0.3496932515337423.

 Map 2c_vs_64zg Algo r_drbfn Exp drbfn_2c_vs_64zg updates 345/3125 episodes, total num timesteps 553600/5000000, FPS 55.

incre win rate is 0.32515337423312884.

 Map 2c_vs_64zg Algo r_drbfn Exp drbfn_2c_vs_64zg updates 350/3125 episodes, total num timesteps 561600/5000000, FPS 55.

incre win rate is 0.31210191082802546.
eval win rate is 0.46875.

 Map 2c_vs_64zg Algo r_drbfn Exp drbfn_2c_vs_64zg updates 355/3125 episodes, total num timesteps 569600/5000000, FPS 54.

incre win rate is 0.33121019108280253.

 Map 2c_vs_64zg Algo r_drbfn Exp drbfn_2c_vs_64zg updates 360/3125 episodes, total num timesteps 577600/5000000, FPS 54.

incre win rate is 0.2727272727272727.

 Map 2c_vs_64zg Algo r_drbfn Exp drbfn_2c_vs_64zg updates 365/3125 episodes, total num timesteps 585600/5000000, FPS 54.

incre win rate is 0.32919254658385094.

 Map 2c_vs_64zg Algo r_drbfn Exp drbfn_2c_vs_64zg updates 370/3125 episodes, total num timesteps 593600/5000000, FPS 54.

incre win rate is 0.2926829268292683.

 Map 2c_vs_64zg Algo r_drbfn Exp drbfn_2c_vs_64zg updates 375/3125 episodes, total num timesteps 601600/5000000, FPS 55.

incre win rate is 0.32075471698113206.
eval win rate is 0.375.

 Map 2c_vs_64zg Algo r_drbfn Exp drbfn_2c_vs_64zg updates 380/3125 episodes, total num timesteps 609600/5000000, FPS 54.

incre win rate is 0.31901840490797545.

 Map 2c_vs_64zg Algo r_drbfn Exp drbfn_2c_vs_64zg updates 385/3125 episodes, total num timesteps 617600/5000000, FPS 54.

incre win rate is 0.3558282208588957.

 Map 2c_vs_64zg Algo r_drbfn Exp drbfn_2c_vs_64zg updates 390/3125 episodes, total num timesteps 625600/5000000, FPS 54.

incre win rate is 0.2948717948717949.

 Map 2c_vs_64zg Algo r_drbfn Exp drbfn_2c_vs_64zg updates 395/3125 episodes, total num timesteps 633600/5000000, FPS 54.

incre win rate is 0.36363636363636365.

 Map 2c_vs_64zg Algo r_drbfn Exp drbfn_2c_vs_64zg updates 400/3125 episodes, total num timesteps 641600/5000000, FPS 55.

incre win rate is 0.34355828220858897.
eval win rate is 0.3125.

 Map 2c_vs_64zg Algo r_drbfn Exp drbfn_2c_vs_64zg updates 405/3125 episodes, total num timesteps 649600/5000000, FPS 55.

incre win rate is 0.25316455696202533.

 Map 2c_vs_64zg Algo r_drbfn Exp drbfn_2c_vs_64zg updates 410/3125 episodes, total num timesteps 657600/5000000, FPS 55.

incre win rate is 0.32098765432098764.

 Map 2c_vs_64zg Algo r_drbfn Exp drbfn_2c_vs_64zg updates 415/3125 episodes, total num timesteps 665600/5000000, FPS 55.

incre win rate is 0.3006134969325153.

 Map 2c_vs_64zg Algo r_drbfn Exp drbfn_2c_vs_64zg updates 420/3125 episodes, total num timesteps 673600/5000000, FPS 55.

incre win rate is 0.37267080745341613.

 Map 2c_vs_64zg Algo r_drbfn Exp drbfn_2c_vs_64zg updates 425/3125 episodes, total num timesteps 681600/5000000, FPS 55.

incre win rate is 0.5.
eval win rate is 0.6875.

 Map 2c_vs_64zg Algo r_drbfn Exp drbfn_2c_vs_64zg updates 430/3125 episodes, total num timesteps 689600/5000000, FPS 55.

incre win rate is 0.4161490683229814.

 Map 2c_vs_64zg Algo r_drbfn Exp drbfn_2c_vs_64zg updates 435/3125 episodes, total num timesteps 697600/5000000, FPS 55.

incre win rate is 0.4240506329113924.

 Map 2c_vs_64zg Algo r_drbfn Exp drbfn_2c_vs_64zg updates 440/3125 episodes, total num timesteps 705600/5000000, FPS 55.

incre win rate is 0.33962264150943394.

 Map 2c_vs_64zg Algo r_drbfn Exp drbfn_2c_vs_64zg updates 445/3125 episodes, total num timesteps 713600/5000000, FPS 56.

incre win rate is 0.40372670807453415.

 Map 2c_vs_64zg Algo r_drbfn Exp drbfn_2c_vs_64zg updates 450/3125 episodes, total num timesteps 721600/5000000, FPS 56.

incre win rate is 0.40625.
eval win rate is 0.65625.

 Map 2c_vs_64zg Algo r_drbfn Exp drbfn_2c_vs_64zg updates 455/3125 episodes, total num timesteps 729600/5000000, FPS 56.

incre win rate is 0.461038961038961.

 Map 2c_vs_64zg Algo r_drbfn Exp drbfn_2c_vs_64zg updates 460/3125 episodes, total num timesteps 737600/5000000, FPS 56.

incre win rate is 0.46296296296296297.

 Map 2c_vs_64zg Algo r_drbfn Exp drbfn_2c_vs_64zg updates 465/3125 episodes, total num timesteps 745600/5000000, FPS 56.

incre win rate is 0.4489795918367347.

 Map 2c_vs_64zg Algo r_drbfn Exp drbfn_2c_vs_64zg updates 470/3125 episodes, total num timesteps 753600/5000000, FPS 56.

incre win rate is 0.4875.

 Map 2c_vs_64zg Algo r_drbfn Exp drbfn_2c_vs_64zg updates 475/3125 episodes, total num timesteps 761600/5000000, FPS 56.

incre win rate is 0.48427672955974843.
eval win rate is 0.6875.

 Map 2c_vs_64zg Algo r_drbfn Exp drbfn_2c_vs_64zg updates 480/3125 episodes, total num timesteps 769600/5000000, FPS 56.

incre win rate is 0.45222929936305734.

 Map 2c_vs_64zg Algo r_drbfn Exp drbfn_2c_vs_64zg updates 485/3125 episodes, total num timesteps 777600/5000000, FPS 56.

incre win rate is 0.5099337748344371.

 Map 2c_vs_64zg Algo r_drbfn Exp drbfn_2c_vs_64zg updates 490/3125 episodes, total num timesteps 785600/5000000, FPS 56.

incre win rate is 0.5.

 Map 2c_vs_64zg Algo r_drbfn Exp drbfn_2c_vs_64zg updates 495/3125 episodes, total num timesteps 793600/5000000, FPS 56.

incre win rate is 0.4779874213836478.

 Map 2c_vs_64zg Algo r_drbfn Exp drbfn_2c_vs_64zg updates 500/3125 episodes, total num timesteps 801600/5000000, FPS 56.

incre win rate is 0.4966887417218543.
eval win rate is 0.5625.

 Map 2c_vs_64zg Algo r_drbfn Exp drbfn_2c_vs_64zg updates 505/3125 episodes, total num timesteps 809600/5000000, FPS 56.

incre win rate is 0.47368421052631576.

 Map 2c_vs_64zg Algo r_drbfn Exp drbfn_2c_vs_64zg updates 510/3125 episodes, total num timesteps 817600/5000000, FPS 56.

incre win rate is 0.40384615384615385.

 Map 2c_vs_64zg Algo r_drbfn Exp drbfn_2c_vs_64zg updates 515/3125 episodes, total num timesteps 825600/5000000, FPS 56.

incre win rate is 0.48427672955974843.

 Map 2c_vs_64zg Algo r_drbfn Exp drbfn_2c_vs_64zg updates 520/3125 episodes, total num timesteps 833600/5000000, FPS 56.

incre win rate is 0.42948717948717946.

 Map 2c_vs_64zg Algo r_drbfn Exp drbfn_2c_vs_64zg updates 525/3125 episodes, total num timesteps 841600/5000000, FPS 56.

incre win rate is 0.4430379746835443.
eval win rate is 0.4375.

 Map 2c_vs_64zg Algo r_drbfn Exp drbfn_2c_vs_64zg updates 530/3125 episodes, total num timesteps 849600/5000000, FPS 56.

incre win rate is 0.4339622641509434.

 Map 2c_vs_64zg Algo r_drbfn Exp drbfn_2c_vs_64zg updates 535/3125 episodes, total num timesteps 857600/5000000, FPS 57.

incre win rate is 0.5032258064516129.

 Map 2c_vs_64zg Algo r_drbfn Exp drbfn_2c_vs_64zg updates 540/3125 episodes, total num timesteps 865600/5000000, FPS 57.

incre win rate is 0.47435897435897434.

 Map 2c_vs_64zg Algo r_drbfn Exp drbfn_2c_vs_64zg updates 545/3125 episodes, total num timesteps 873600/5000000, FPS 57.

incre win rate is 0.47019867549668876.

 Map 2c_vs_64zg Algo r_drbfn Exp drbfn_2c_vs_64zg updates 550/3125 episodes, total num timesteps 881600/5000000, FPS 57.

incre win rate is 0.5165562913907285.
eval win rate is 0.65625.

 Map 2c_vs_64zg Algo r_drbfn Exp drbfn_2c_vs_64zg updates 555/3125 episodes, total num timesteps 889600/5000000, FPS 57.

incre win rate is 0.5771812080536913.

 Map 2c_vs_64zg Algo r_drbfn Exp drbfn_2c_vs_64zg updates 560/3125 episodes, total num timesteps 897600/5000000, FPS 57.

incre win rate is 0.5789473684210527.

 Map 2c_vs_64zg Algo r_drbfn Exp drbfn_2c_vs_64zg updates 565/3125 episodes, total num timesteps 905600/5000000, FPS 57.

incre win rate is 0.539568345323741.

 Map 2c_vs_64zg Algo r_drbfn Exp drbfn_2c_vs_64zg updates 570/3125 episodes, total num timesteps 913600/5000000, FPS 57.

incre win rate is 0.5.

 Map 2c_vs_64zg Algo r_drbfn Exp drbfn_2c_vs_64zg updates 575/3125 episodes, total num timesteps 921600/5000000, FPS 58.

incre win rate is 0.425531914893617.
eval win rate is 0.625.

 Map 2c_vs_64zg Algo r_drbfn Exp drbfn_2c_vs_64zg updates 580/3125 episodes, total num timesteps 929600/5000000, FPS 58.

incre win rate is 0.5031446540880503.

 Map 2c_vs_64zg Algo r_drbfn Exp drbfn_2c_vs_64zg updates 585/3125 episodes, total num timesteps 937600/5000000, FPS 58.

incre win rate is 0.48026315789473684.

 Map 2c_vs_64zg Algo r_drbfn Exp drbfn_2c_vs_64zg updates 590/3125 episodes, total num timesteps 945600/5000000, FPS 58.

incre win rate is 0.477124183006536.

 Map 2c_vs_64zg Algo r_drbfn Exp drbfn_2c_vs_64zg updates 595/3125 episodes, total num timesteps 953600/5000000, FPS 58.

incre win rate is 0.5328947368421053.

 Map 2c_vs_64zg Algo r_drbfn Exp drbfn_2c_vs_64zg updates 600/3125 episodes, total num timesteps 961600/5000000, FPS 58.

incre win rate is 0.48125.
eval win rate is 0.59375.

 Map 2c_vs_64zg Algo r_drbfn Exp drbfn_2c_vs_64zg updates 605/3125 episodes, total num timesteps 969600/5000000, FPS 58.

incre win rate is 0.5.

 Map 2c_vs_64zg Algo r_drbfn Exp drbfn_2c_vs_64zg updates 610/3125 episodes, total num timesteps 977600/5000000, FPS 58.

incre win rate is 0.5705128205128205.

 Map 2c_vs_64zg Algo r_drbfn Exp drbfn_2c_vs_64zg updates 615/3125 episodes, total num timesteps 985600/5000000, FPS 58.

incre win rate is 0.4779874213836478.

 Map 2c_vs_64zg Algo r_drbfn Exp drbfn_2c_vs_64zg updates 620/3125 episodes, total num timesteps 993600/5000000, FPS 59.

incre win rate is 0.5641025641025641.

 Map 2c_vs_64zg Algo r_drbfn Exp drbfn_2c_vs_64zg updates 625/3125 episodes, total num timesteps 1001600/5000000, FPS 59.

incre win rate is 0.5506329113924051.
eval win rate is 0.5625.

 Map 2c_vs_64zg Algo r_drbfn Exp drbfn_2c_vs_64zg updates 630/3125 episodes, total num timesteps 1009600/5000000, FPS 58.

incre win rate is 0.49056603773584906.

 Map 2c_vs_64zg Algo r_drbfn Exp drbfn_2c_vs_64zg updates 635/3125 episodes, total num timesteps 1017600/5000000, FPS 58.

incre win rate is 0.5222929936305732.

 Map 2c_vs_64zg Algo r_drbfn Exp drbfn_2c_vs_64zg updates 640/3125 episodes, total num timesteps 1025600/5000000, FPS 58.

incre win rate is 0.4968553459119497.

 Map 2c_vs_64zg Algo r_drbfn Exp drbfn_2c_vs_64zg updates 645/3125 episodes, total num timesteps 1033600/5000000, FPS 59.

incre win rate is 0.5477707006369427.

 Map 2c_vs_64zg Algo r_drbfn Exp drbfn_2c_vs_64zg updates 650/3125 episodes, total num timesteps 1041600/5000000, FPS 59.

incre win rate is 0.535031847133758.
eval win rate is 0.5625.

 Map 2c_vs_64zg Algo r_drbfn Exp drbfn_2c_vs_64zg updates 655/3125 episodes, total num timesteps 1049600/5000000, FPS 59.

incre win rate is 0.44805194805194803.

 Map 2c_vs_64zg Algo r_drbfn Exp drbfn_2c_vs_64zg updates 660/3125 episodes, total num timesteps 1057600/5000000, FPS 59.

incre win rate is 0.5063291139240507.

 Map 2c_vs_64zg Algo r_drbfn Exp drbfn_2c_vs_64zg updates 665/3125 episodes, total num timesteps 1065600/5000000, FPS 59.

incre win rate is 0.554140127388535.

 Map 2c_vs_64zg Algo r_drbfn Exp drbfn_2c_vs_64zg updates 670/3125 episodes, total num timesteps 1073600/5000000, FPS 59.

incre win rate is 0.6114649681528662.

 Map 2c_vs_64zg Algo r_drbfn Exp drbfn_2c_vs_64zg updates 675/3125 episodes, total num timesteps 1081600/5000000, FPS 59.

incre win rate is 0.5935483870967742.
eval win rate is 0.625.

 Map 2c_vs_64zg Algo r_drbfn Exp drbfn_2c_vs_64zg updates 680/3125 episodes, total num timesteps 1089600/5000000, FPS 58.

incre win rate is 0.5.

 Map 2c_vs_64zg Algo r_drbfn Exp drbfn_2c_vs_64zg updates 685/3125 episodes, total num timesteps 1097600/5000000, FPS 59.

incre win rate is 0.6666666666666666.

 Map 2c_vs_64zg Algo r_drbfn Exp drbfn_2c_vs_64zg updates 690/3125 episodes, total num timesteps 1105600/5000000, FPS 59.

incre win rate is 0.6418918918918919.

 Map 2c_vs_64zg Algo r_drbfn Exp drbfn_2c_vs_64zg updates 695/3125 episodes, total num timesteps 1113600/5000000, FPS 59.

incre win rate is 0.6410256410256411.

 Map 2c_vs_64zg Algo r_drbfn Exp drbfn_2c_vs_64zg updates 700/3125 episodes, total num timesteps 1121600/5000000, FPS 59.

incre win rate is 0.6392405063291139.
eval win rate is 0.6875.

 Map 2c_vs_64zg Algo r_drbfn Exp drbfn_2c_vs_64zg updates 705/3125 episodes, total num timesteps 1129600/5000000, FPS 59.

incre win rate is 0.5364238410596026.

 Map 2c_vs_64zg Algo r_drbfn Exp drbfn_2c_vs_64zg updates 710/3125 episodes, total num timesteps 1137600/5000000, FPS 59.

incre win rate is 0.62.

 Map 2c_vs_64zg Algo r_drbfn Exp drbfn_2c_vs_64zg updates 715/3125 episodes, total num timesteps 1145600/5000000, FPS 59.

incre win rate is 0.6089743589743589.

 Map 2c_vs_64zg Algo r_drbfn Exp drbfn_2c_vs_64zg updates 720/3125 episodes, total num timesteps 1153600/5000000, FPS 59.

incre win rate is 0.6178343949044586.

 Map 2c_vs_64zg Algo r_drbfn Exp drbfn_2c_vs_64zg updates 725/3125 episodes, total num timesteps 1161600/5000000, FPS 59.

incre win rate is 0.4528301886792453.
eval win rate is 0.53125.

 Map 2c_vs_64zg Algo r_drbfn Exp drbfn_2c_vs_64zg updates 730/3125 episodes, total num timesteps 1169600/5000000, FPS 59.

incre win rate is 0.5584415584415584.

 Map 2c_vs_64zg Algo r_drbfn Exp drbfn_2c_vs_64zg updates 735/3125 episodes, total num timesteps 1177600/5000000, FPS 59.

incre win rate is 0.632258064516129.

 Map 2c_vs_64zg Algo r_drbfn Exp drbfn_2c_vs_64zg updates 740/3125 episodes, total num timesteps 1185600/5000000, FPS 59.

incre win rate is 0.5448717948717948.

 Map 2c_vs_64zg Algo r_drbfn Exp drbfn_2c_vs_64zg updates 745/3125 episodes, total num timesteps 1193600/5000000, FPS 59.

incre win rate is 0.5477707006369427.

 Map 2c_vs_64zg Algo r_drbfn Exp drbfn_2c_vs_64zg updates 750/3125 episodes, total num timesteps 1201600/5000000, FPS 59.

incre win rate is 0.5192307692307693.
eval win rate is 0.625.

 Map 2c_vs_64zg Algo r_drbfn Exp drbfn_2c_vs_64zg updates 755/3125 episodes, total num timesteps 1209600/5000000, FPS 58.

incre win rate is 0.5125.

 Map 2c_vs_64zg Algo r_drbfn Exp drbfn_2c_vs_64zg updates 760/3125 episodes, total num timesteps 1217600/5000000, FPS 59.

incre win rate is 0.5796178343949044.

 Map 2c_vs_64zg Algo r_drbfn Exp drbfn_2c_vs_64zg updates 765/3125 episodes, total num timesteps 1225600/5000000, FPS 59.

incre win rate is 0.5063291139240507.

 Map 2c_vs_64zg Algo r_drbfn Exp drbfn_2c_vs_64zg updates 770/3125 episodes, total num timesteps 1233600/5000000, FPS 59.

incre win rate is 0.5220125786163522.

 Map 2c_vs_64zg Algo r_drbfn Exp drbfn_2c_vs_64zg updates 775/3125 episodes, total num timesteps 1241600/5000000, FPS 59.

incre win rate is 0.5298013245033113.
eval win rate is 0.75.

 Map 2c_vs_64zg Algo r_drbfn Exp drbfn_2c_vs_64zg updates 780/3125 episodes, total num timesteps 1249600/5000000, FPS 59.

incre win rate is 0.6178343949044586.

 Map 2c_vs_64zg Algo r_drbfn Exp drbfn_2c_vs_64zg updates 785/3125 episodes, total num timesteps 1257600/5000000, FPS 59.

incre win rate is 0.5031446540880503.

 Map 2c_vs_64zg Algo r_drbfn Exp drbfn_2c_vs_64zg updates 790/3125 episodes, total num timesteps 1265600/5000000, FPS 59.

incre win rate is 0.6066666666666667.

 Map 2c_vs_64zg Algo r_drbfn Exp drbfn_2c_vs_64zg updates 795/3125 episodes, total num timesteps 1273600/5000000, FPS 59.

incre win rate is 0.6967741935483871.

 Map 2c_vs_64zg Algo r_drbfn Exp drbfn_2c_vs_64zg updates 800/3125 episodes, total num timesteps 1281600/5000000, FPS 59.

incre win rate is 0.6369426751592356.
eval win rate is 0.65625.

 Map 2c_vs_64zg Algo r_drbfn Exp drbfn_2c_vs_64zg updates 805/3125 episodes, total num timesteps 1289600/5000000, FPS 59.

incre win rate is 0.6474358974358975.

 Map 2c_vs_64zg Algo r_drbfn Exp drbfn_2c_vs_64zg updates 810/3125 episodes, total num timesteps 1297600/5000000, FPS 59.

incre win rate is 0.6143790849673203.

 Map 2c_vs_64zg Algo r_drbfn Exp drbfn_2c_vs_64zg updates 815/3125 episodes, total num timesteps 1305600/5000000, FPS 59.

incre win rate is 0.5612903225806452.

 Map 2c_vs_64zg Algo r_drbfn Exp drbfn_2c_vs_64zg updates 820/3125 episodes, total num timesteps 1313600/5000000, FPS 59.

incre win rate is 0.5256410256410257.

 Map 2c_vs_64zg Algo r_drbfn Exp drbfn_2c_vs_64zg updates 825/3125 episodes, total num timesteps 1321600/5000000, FPS 59.

incre win rate is 0.5897435897435898.
eval win rate is 0.625.

 Map 2c_vs_64zg Algo r_drbfn Exp drbfn_2c_vs_64zg updates 830/3125 episodes, total num timesteps 1329600/5000000, FPS 59.

incre win rate is 0.5414012738853503.

 Map 2c_vs_64zg Algo r_drbfn Exp drbfn_2c_vs_64zg updates 835/3125 episodes, total num timesteps 1337600/5000000, FPS 59.

incre win rate is 0.5806451612903226.

 Map 2c_vs_64zg Algo r_drbfn Exp drbfn_2c_vs_64zg updates 840/3125 episodes, total num timesteps 1345600/5000000, FPS 59.

incre win rate is 0.5477707006369427.

 Map 2c_vs_64zg Algo r_drbfn Exp drbfn_2c_vs_64zg updates 845/3125 episodes, total num timesteps 1353600/5000000, FPS 59.

incre win rate is 0.569620253164557.

 Map 2c_vs_64zg Algo r_drbfn Exp drbfn_2c_vs_64zg updates 850/3125 episodes, total num timesteps 1361600/5000000, FPS 59.

incre win rate is 0.6075949367088608.
eval win rate is 0.5625.

 Map 2c_vs_64zg Algo r_drbfn Exp drbfn_2c_vs_64zg updates 855/3125 episodes, total num timesteps 1369600/5000000, FPS 59.

incre win rate is 0.5909090909090909.

 Map 2c_vs_64zg Algo r_drbfn Exp drbfn_2c_vs_64zg updates 860/3125 episodes, total num timesteps 1377600/5000000, FPS 59.

incre win rate is 0.6451612903225806.

 Map 2c_vs_64zg Algo r_drbfn Exp drbfn_2c_vs_64zg updates 865/3125 episodes, total num timesteps 1385600/5000000, FPS 59.

incre win rate is 0.6602564102564102.

 Map 2c_vs_64zg Algo r_drbfn Exp drbfn_2c_vs_64zg updates 870/3125 episodes, total num timesteps 1393600/5000000, FPS 59.

incre win rate is 0.6122448979591837.

 Map 2c_vs_64zg Algo r_drbfn Exp drbfn_2c_vs_64zg updates 875/3125 episodes, total num timesteps 1401600/5000000, FPS 59.

incre win rate is 0.6363636363636364.
eval win rate is 0.625.

 Map 2c_vs_64zg Algo r_drbfn Exp drbfn_2c_vs_64zg updates 880/3125 episodes, total num timesteps 1409600/5000000, FPS 59.

incre win rate is 0.6114649681528662.

 Map 2c_vs_64zg Algo r_drbfn Exp drbfn_2c_vs_64zg updates 885/3125 episodes, total num timesteps 1417600/5000000, FPS 59.

incre win rate is 0.6624203821656051.

 Map 2c_vs_64zg Algo r_drbfn Exp drbfn_2c_vs_64zg updates 890/3125 episodes, total num timesteps 1425600/5000000, FPS 59.

incre win rate is 0.6923076923076923.

 Map 2c_vs_64zg Algo r_drbfn Exp drbfn_2c_vs_64zg updates 895/3125 episodes, total num timesteps 1433600/5000000, FPS 59.

incre win rate is 0.577922077922078.

 Map 2c_vs_64zg Algo r_drbfn Exp drbfn_2c_vs_64zg updates 900/3125 episodes, total num timesteps 1441600/5000000, FPS 59.

incre win rate is 0.6428571428571429.
eval win rate is 0.65625.

 Map 2c_vs_64zg Algo r_drbfn Exp drbfn_2c_vs_64zg updates 905/3125 episodes, total num timesteps 1449600/5000000, FPS 59.

incre win rate is 0.6025641025641025.

 Map 2c_vs_64zg Algo r_drbfn Exp drbfn_2c_vs_64zg updates 910/3125 episodes, total num timesteps 1457600/5000000, FPS 59.

incre win rate is 0.5897435897435898.

 Map 2c_vs_64zg Algo r_drbfn Exp drbfn_2c_vs_64zg updates 915/3125 episodes, total num timesteps 1465600/5000000, FPS 59.

incre win rate is 0.6538461538461539.

 Map 2c_vs_64zg Algo r_drbfn Exp drbfn_2c_vs_64zg updates 920/3125 episodes, total num timesteps 1473600/5000000, FPS 59.

incre win rate is 0.6369426751592356.

 Map 2c_vs_64zg Algo r_drbfn Exp drbfn_2c_vs_64zg updates 925/3125 episodes, total num timesteps 1481600/5000000, FPS 59.

incre win rate is 0.5443037974683544.
eval win rate is 0.71875.

 Map 2c_vs_64zg Algo r_drbfn Exp drbfn_2c_vs_64zg updates 930/3125 episodes, total num timesteps 1489600/5000000, FPS 59.

incre win rate is 0.538961038961039.

 Map 2c_vs_64zg Algo r_drbfn Exp drbfn_2c_vs_64zg updates 935/3125 episodes, total num timesteps 1497600/5000000, FPS 59.

incre win rate is 0.5769230769230769.

 Map 2c_vs_64zg Algo r_drbfn Exp drbfn_2c_vs_64zg updates 940/3125 episodes, total num timesteps 1505600/5000000, FPS 59.

incre win rate is 0.5612903225806452.

 Map 2c_vs_64zg Algo r_drbfn Exp drbfn_2c_vs_64zg updates 945/3125 episodes, total num timesteps 1513600/5000000, FPS 59.

incre win rate is 0.6129032258064516.

 Map 2c_vs_64zg Algo r_drbfn Exp drbfn_2c_vs_64zg updates 950/3125 episodes, total num timesteps 1521600/5000000, FPS 59.

incre win rate is 0.5668789808917197.
eval win rate is 0.625.

 Map 2c_vs_64zg Algo r_drbfn Exp drbfn_2c_vs_64zg updates 955/3125 episodes, total num timesteps 1529600/5000000, FPS 59.

incre win rate is 0.5806451612903226.

 Map 2c_vs_64zg Algo r_drbfn Exp drbfn_2c_vs_64zg updates 960/3125 episodes, total num timesteps 1537600/5000000, FPS 59.

incre win rate is 0.567741935483871.

 Map 2c_vs_64zg Algo r_drbfn Exp drbfn_2c_vs_64zg updates 965/3125 episodes, total num timesteps 1545600/5000000, FPS 59.

incre win rate is 0.6025641025641025.

 Map 2c_vs_64zg Algo r_drbfn Exp drbfn_2c_vs_64zg updates 970/3125 episodes, total num timesteps 1553600/5000000, FPS 59.

incre win rate is 0.643312101910828.

 Map 2c_vs_64zg Algo r_drbfn Exp drbfn_2c_vs_64zg updates 975/3125 episodes, total num timesteps 1561600/5000000, FPS 59.

incre win rate is 0.6129032258064516.
eval win rate is 0.65625.

 Map 2c_vs_64zg Algo r_drbfn Exp drbfn_2c_vs_64zg updates 980/3125 episodes, total num timesteps 1569600/5000000, FPS 59.

incre win rate is 0.6493506493506493.

 Map 2c_vs_64zg Algo r_drbfn Exp drbfn_2c_vs_64zg updates 985/3125 episodes, total num timesteps 1577600/5000000, FPS 59.

incre win rate is 0.6624203821656051.

 Map 2c_vs_64zg Algo r_drbfn Exp drbfn_2c_vs_64zg updates 990/3125 episodes, total num timesteps 1585600/5000000, FPS 59.

incre win rate is 0.6993464052287581.

 Map 2c_vs_64zg Algo r_drbfn Exp drbfn_2c_vs_64zg updates 995/3125 episodes, total num timesteps 1593600/5000000, FPS 59.

incre win rate is 0.6818181818181818.

 Map 2c_vs_64zg Algo r_drbfn Exp drbfn_2c_vs_64zg updates 1000/3125 episodes, total num timesteps 1601600/5000000, FPS 59.

incre win rate is 0.6967741935483871.
eval win rate is 0.78125.

 Map 2c_vs_64zg Algo r_drbfn Exp drbfn_2c_vs_64zg updates 1005/3125 episodes, total num timesteps 1609600/5000000, FPS 59.

incre win rate is 0.6405228758169934.

 Map 2c_vs_64zg Algo r_drbfn Exp drbfn_2c_vs_64zg updates 1010/3125 episodes, total num timesteps 1617600/5000000, FPS 59.

incre win rate is 0.7012987012987013.

 Map 2c_vs_64zg Algo r_drbfn Exp drbfn_2c_vs_64zg updates 1015/3125 episodes, total num timesteps 1625600/5000000, FPS 59.

incre win rate is 0.6114649681528662.

 Map 2c_vs_64zg Algo r_drbfn Exp drbfn_2c_vs_64zg updates 1020/3125 episodes, total num timesteps 1633600/5000000, FPS 59.

incre win rate is 0.5228758169934641.

 Map 2c_vs_64zg Algo r_drbfn Exp drbfn_2c_vs_64zg updates 1025/3125 episodes, total num timesteps 1641600/5000000, FPS 59.

incre win rate is 0.6558441558441559.
eval win rate is 0.65625.

 Map 2c_vs_64zg Algo r_drbfn Exp drbfn_2c_vs_64zg updates 1030/3125 episodes, total num timesteps 1649600/5000000, FPS 59.

incre win rate is 0.5620915032679739.

 Map 2c_vs_64zg Algo r_drbfn Exp drbfn_2c_vs_64zg updates 1035/3125 episodes, total num timesteps 1657600/5000000, FPS 59.

incre win rate is 0.6225165562913907.

 Map 2c_vs_64zg Algo r_drbfn Exp drbfn_2c_vs_64zg updates 1040/3125 episodes, total num timesteps 1665600/5000000, FPS 59.

incre win rate is 0.6558441558441559.

 Map 2c_vs_64zg Algo r_drbfn Exp drbfn_2c_vs_64zg updates 1045/3125 episodes, total num timesteps 1673600/5000000, FPS 59.

incre win rate is 0.6560509554140127.

 Map 2c_vs_64zg Algo r_drbfn Exp drbfn_2c_vs_64zg updates 1050/3125 episodes, total num timesteps 1681600/5000000, FPS 59.

incre win rate is 0.6291390728476821.
eval win rate is 0.71875.

 Map 2c_vs_64zg Algo r_drbfn Exp drbfn_2c_vs_64zg updates 1055/3125 episodes, total num timesteps 1689600/5000000, FPS 59.

incre win rate is 0.6410256410256411.

 Map 2c_vs_64zg Algo r_drbfn Exp drbfn_2c_vs_64zg updates 1060/3125 episodes, total num timesteps 1697600/5000000, FPS 59.

incre win rate is 0.7096774193548387.

 Map 2c_vs_64zg Algo r_drbfn Exp drbfn_2c_vs_64zg updates 1065/3125 episodes, total num timesteps 1705600/5000000, FPS 59.

incre win rate is 0.6474358974358975.

 Map 2c_vs_64zg Algo r_drbfn Exp drbfn_2c_vs_64zg updates 1070/3125 episodes, total num timesteps 1713600/5000000, FPS 59.

incre win rate is 0.5833333333333334.

 Map 2c_vs_64zg Algo r_drbfn Exp drbfn_2c_vs_64zg updates 1075/3125 episodes, total num timesteps 1721600/5000000, FPS 59.

incre win rate is 0.6818181818181818.
eval win rate is 0.8125.

 Map 2c_vs_64zg Algo r_drbfn Exp drbfn_2c_vs_64zg updates 1080/3125 episodes, total num timesteps 1729600/5000000, FPS 59.

incre win rate is 0.6602564102564102.

 Map 2c_vs_64zg Algo r_drbfn Exp drbfn_2c_vs_64zg updates 1085/3125 episodes, total num timesteps 1737600/5000000, FPS 59.

incre win rate is 0.6818181818181818.

 Map 2c_vs_64zg Algo r_drbfn Exp drbfn_2c_vs_64zg updates 1090/3125 episodes, total num timesteps 1745600/5000000, FPS 59.

incre win rate is 0.7371794871794872.

 Map 2c_vs_64zg Algo r_drbfn Exp drbfn_2c_vs_64zg updates 1095/3125 episodes, total num timesteps 1753600/5000000, FPS 59.

incre win rate is 0.6903225806451613.

 Map 2c_vs_64zg Algo r_drbfn Exp drbfn_2c_vs_64zg updates 1100/3125 episodes, total num timesteps 1761600/5000000, FPS 59.

incre win rate is 0.6948051948051948.
eval win rate is 0.75.

 Map 2c_vs_64zg Algo r_drbfn Exp drbfn_2c_vs_64zg updates 1105/3125 episodes, total num timesteps 1769600/5000000, FPS 59.

incre win rate is 0.7032258064516129.

 Map 2c_vs_64zg Algo r_drbfn Exp drbfn_2c_vs_64zg updates 1110/3125 episodes, total num timesteps 1777600/5000000, FPS 59.

incre win rate is 0.78.

 Map 2c_vs_64zg Algo r_drbfn Exp drbfn_2c_vs_64zg updates 1115/3125 episodes, total num timesteps 1785600/5000000, FPS 59.

incre win rate is 0.6688311688311688.

 Map 2c_vs_64zg Algo r_drbfn Exp drbfn_2c_vs_64zg updates 1120/3125 episodes, total num timesteps 1793600/5000000, FPS 59.

incre win rate is 0.7161290322580646.

 Map 2c_vs_64zg Algo r_drbfn Exp drbfn_2c_vs_64zg updates 1125/3125 episodes, total num timesteps 1801600/5000000, FPS 59.

incre win rate is 0.6516129032258065.
eval win rate is 0.84375.

 Map 2c_vs_64zg Algo r_drbfn Exp drbfn_2c_vs_64zg updates 1130/3125 episodes, total num timesteps 1809600/5000000, FPS 59.

incre win rate is 0.6516129032258065.

 Map 2c_vs_64zg Algo r_drbfn Exp drbfn_2c_vs_64zg updates 1135/3125 episodes, total num timesteps 1817600/5000000, FPS 59.

incre win rate is 0.7341772151898734.

 Map 2c_vs_64zg Algo r_drbfn Exp drbfn_2c_vs_64zg updates 1140/3125 episodes, total num timesteps 1825600/5000000, FPS 59.

incre win rate is 0.7012987012987013.

 Map 2c_vs_64zg Algo r_drbfn Exp drbfn_2c_vs_64zg updates 1145/3125 episodes, total num timesteps 1833600/5000000, FPS 58.

incre win rate is 0.8013245033112583.

 Map 2c_vs_64zg Algo r_drbfn Exp drbfn_2c_vs_64zg updates 1150/3125 episodes, total num timesteps 1841600/5000000, FPS 58.

incre win rate is 0.7581699346405228.
eval win rate is 0.78125.

 Map 2c_vs_64zg Algo r_drbfn Exp drbfn_2c_vs_64zg updates 1155/3125 episodes, total num timesteps 1849600/5000000, FPS 58.

incre win rate is 0.7032258064516129.

 Map 2c_vs_64zg Algo r_drbfn Exp drbfn_2c_vs_64zg updates 1160/3125 episodes, total num timesteps 1857600/5000000, FPS 58.

incre win rate is 0.7435897435897436.

 Map 2c_vs_64zg Algo r_drbfn Exp drbfn_2c_vs_64zg updates 1165/3125 episodes, total num timesteps 1865600/5000000, FPS 58.

incre win rate is 0.6601307189542484.

 Map 2c_vs_64zg Algo r_drbfn Exp drbfn_2c_vs_64zg updates 1170/3125 episodes, total num timesteps 1873600/5000000, FPS 58.

incre win rate is 0.7612903225806451.

 Map 2c_vs_64zg Algo r_drbfn Exp drbfn_2c_vs_64zg updates 1175/3125 episodes, total num timesteps 1881600/5000000, FPS 58.

incre win rate is 0.7712418300653595.
eval win rate is 0.65625.

 Map 2c_vs_64zg Algo r_drbfn Exp drbfn_2c_vs_64zg updates 1180/3125 episodes, total num timesteps 1889600/5000000, FPS 58.

incre win rate is 0.6329113924050633.

 Map 2c_vs_64zg Algo r_drbfn Exp drbfn_2c_vs_64zg updates 1185/3125 episodes, total num timesteps 1897600/5000000, FPS 58.

incre win rate is 0.7581699346405228.

 Map 2c_vs_64zg Algo r_drbfn Exp drbfn_2c_vs_64zg updates 1190/3125 episodes, total num timesteps 1905600/5000000, FPS 58.

incre win rate is 0.7515923566878981.

 Map 2c_vs_64zg Algo r_drbfn Exp drbfn_2c_vs_64zg updates 1195/3125 episodes, total num timesteps 1913600/5000000, FPS 58.

incre win rate is 0.7096774193548387.

 Map 2c_vs_64zg Algo r_drbfn Exp drbfn_2c_vs_64zg updates 1200/3125 episodes, total num timesteps 1921600/5000000, FPS 58.

incre win rate is 0.7419354838709677.
eval win rate is 0.75.

 Map 2c_vs_64zg Algo r_drbfn Exp drbfn_2c_vs_64zg updates 1205/3125 episodes, total num timesteps 1929600/5000000, FPS 58.

incre win rate is 0.673202614379085.

 Map 2c_vs_64zg Algo r_drbfn Exp drbfn_2c_vs_64zg updates 1210/3125 episodes, total num timesteps 1937600/5000000, FPS 58.

incre win rate is 0.7712418300653595.

 Map 2c_vs_64zg Algo r_drbfn Exp drbfn_2c_vs_64zg updates 1215/3125 episodes, total num timesteps 1945600/5000000, FPS 58.

incre win rate is 0.7161290322580646.

 Map 2c_vs_64zg Algo r_drbfn Exp drbfn_2c_vs_64zg updates 1220/3125 episodes, total num timesteps 1953600/5000000, FPS 58.

incre win rate is 0.6903225806451613.

 Map 2c_vs_64zg Algo r_drbfn Exp drbfn_2c_vs_64zg updates 1225/3125 episodes, total num timesteps 1961600/5000000, FPS 58.

incre win rate is 0.7450980392156863.
eval win rate is 0.71875.

 Map 2c_vs_64zg Algo r_drbfn Exp drbfn_2c_vs_64zg updates 1230/3125 episodes, total num timesteps 1969600/5000000, FPS 58.

incre win rate is 0.6794871794871795.

 Map 2c_vs_64zg Algo r_drbfn Exp drbfn_2c_vs_64zg updates 1235/3125 episodes, total num timesteps 1977600/5000000, FPS 58.

incre win rate is 0.7532467532467533.

 Map 2c_vs_64zg Algo r_drbfn Exp drbfn_2c_vs_64zg updates 1240/3125 episodes, total num timesteps 1985600/5000000, FPS 58.

incre win rate is 0.7272727272727273.

 Map 2c_vs_64zg Algo r_drbfn Exp drbfn_2c_vs_64zg updates 1245/3125 episodes, total num timesteps 1993600/5000000, FPS 58.

incre win rate is 0.7368421052631579.

 Map 2c_vs_64zg Algo r_drbfn Exp drbfn_2c_vs_64zg updates 1250/3125 episodes, total num timesteps 2001600/5000000, FPS 58.

incre win rate is 0.6387096774193548.
eval win rate is 0.71875.

 Map 2c_vs_64zg Algo r_drbfn Exp drbfn_2c_vs_64zg updates 1255/3125 episodes, total num timesteps 2009600/5000000, FPS 58.

incre win rate is 0.7077922077922078.

 Map 2c_vs_64zg Algo r_drbfn Exp drbfn_2c_vs_64zg updates 1260/3125 episodes, total num timesteps 2017600/5000000, FPS 58.

incre win rate is 0.7307692307692307.

 Map 2c_vs_64zg Algo r_drbfn Exp drbfn_2c_vs_64zg updates 1265/3125 episodes, total num timesteps 2025600/5000000, FPS 58.

incre win rate is 0.7727272727272727.

 Map 2c_vs_64zg Algo r_drbfn Exp drbfn_2c_vs_64zg updates 1270/3125 episodes, total num timesteps 2033600/5000000, FPS 58.

incre win rate is 0.7597402597402597.

 Map 2c_vs_64zg Algo r_drbfn Exp drbfn_2c_vs_64zg updates 1275/3125 episodes, total num timesteps 2041600/5000000, FPS 58.

incre win rate is 0.7189542483660131.
eval win rate is 0.65625.

 Map 2c_vs_64zg Algo r_drbfn Exp drbfn_2c_vs_64zg updates 1280/3125 episodes, total num timesteps 2049600/5000000, FPS 58.

incre win rate is 0.7307692307692307.

 Map 2c_vs_64zg Algo r_drbfn Exp drbfn_2c_vs_64zg updates 1285/3125 episodes, total num timesteps 2057600/5000000, FPS 58.

incre win rate is 0.6987179487179487.

 Map 2c_vs_64zg Algo r_drbfn Exp drbfn_2c_vs_64zg updates 1290/3125 episodes, total num timesteps 2065600/5000000, FPS 58.

incre win rate is 0.6821192052980133.

 Map 2c_vs_64zg Algo r_drbfn Exp drbfn_2c_vs_64zg updates 1295/3125 episodes, total num timesteps 2073600/5000000, FPS 58.

incre win rate is 0.6858974358974359.

 Map 2c_vs_64zg Algo r_drbfn Exp drbfn_2c_vs_64zg updates 1300/3125 episodes, total num timesteps 2081600/5000000, FPS 58.

incre win rate is 0.6410256410256411.
eval win rate is 0.75.

 Map 2c_vs_64zg Algo r_drbfn Exp drbfn_2c_vs_64zg updates 1305/3125 episodes, total num timesteps 2089600/5000000, FPS 58.

incre win rate is 0.6928104575163399.

 Map 2c_vs_64zg Algo r_drbfn Exp drbfn_2c_vs_64zg updates 1310/3125 episodes, total num timesteps 2097600/5000000, FPS 58.

incre win rate is 0.7261146496815286.

 Map 2c_vs_64zg Algo r_drbfn Exp drbfn_2c_vs_64zg updates 1315/3125 episodes, total num timesteps 2105600/5000000, FPS 58.

incre win rate is 0.6451612903225806.

 Map 2c_vs_64zg Algo r_drbfn Exp drbfn_2c_vs_64zg updates 1320/3125 episodes, total num timesteps 2113600/5000000, FPS 58.

incre win rate is 0.6346153846153846.

 Map 2c_vs_64zg Algo r_drbfn Exp drbfn_2c_vs_64zg updates 1325/3125 episodes, total num timesteps 2121600/5000000, FPS 58.

incre win rate is 0.6688311688311688.
eval win rate is 0.65625.

 Map 2c_vs_64zg Algo r_drbfn Exp drbfn_2c_vs_64zg updates 1330/3125 episodes, total num timesteps 2129600/5000000, FPS 57.

incre win rate is 0.6903225806451613.

 Map 2c_vs_64zg Algo r_drbfn Exp drbfn_2c_vs_64zg updates 1335/3125 episodes, total num timesteps 2137600/5000000, FPS 58.

incre win rate is 0.7189542483660131.

 Map 2c_vs_64zg Algo r_drbfn Exp drbfn_2c_vs_64zg updates 1340/3125 episodes, total num timesteps 2145600/5000000, FPS 58.

incre win rate is 0.6835443037974683.

 Map 2c_vs_64zg Algo r_drbfn Exp drbfn_2c_vs_64zg updates 1345/3125 episodes, total num timesteps 2153600/5000000, FPS 58.

incre win rate is 0.6089743589743589.

 Map 2c_vs_64zg Algo r_drbfn Exp drbfn_2c_vs_64zg updates 1350/3125 episodes, total num timesteps 2161600/5000000, FPS 57.

incre win rate is 0.7096774193548387.
eval win rate is 0.5625.

 Map 2c_vs_64zg Algo r_drbfn Exp drbfn_2c_vs_64zg updates 1355/3125 episodes, total num timesteps 2169600/5000000, FPS 57.

incre win rate is 0.5483870967741935.

 Map 2c_vs_64zg Algo r_drbfn Exp drbfn_2c_vs_64zg updates 1360/3125 episodes, total num timesteps 2177600/5000000, FPS 57.

incre win rate is 0.6217948717948718.

 Map 2c_vs_64zg Algo r_drbfn Exp drbfn_2c_vs_64zg updates 1365/3125 episodes, total num timesteps 2185600/5000000, FPS 57.

incre win rate is 0.6666666666666666.

 Map 2c_vs_64zg Algo r_drbfn Exp drbfn_2c_vs_64zg updates 1370/3125 episodes, total num timesteps 2193600/5000000, FPS 57.

incre win rate is 0.6129032258064516.

 Map 2c_vs_64zg Algo r_drbfn Exp drbfn_2c_vs_64zg updates 1375/3125 episodes, total num timesteps 2201600/5000000, FPS 57.

incre win rate is 0.6462585034013606.
eval win rate is 0.71875.

 Map 2c_vs_64zg Algo r_drbfn Exp drbfn_2c_vs_64zg updates 1380/3125 episodes, total num timesteps 2209600/5000000, FPS 57.

incre win rate is 0.6139240506329114.

 Map 2c_vs_64zg Algo r_drbfn Exp drbfn_2c_vs_64zg updates 1385/3125 episodes, total num timesteps 2217600/5000000, FPS 57.

incre win rate is 0.6474358974358975.

 Map 2c_vs_64zg Algo r_drbfn Exp drbfn_2c_vs_64zg updates 1390/3125 episodes, total num timesteps 2225600/5000000, FPS 57.

incre win rate is 0.6329113924050633.

 Map 2c_vs_64zg Algo r_drbfn Exp drbfn_2c_vs_64zg updates 1395/3125 episodes, total num timesteps 2233600/5000000, FPS 57.

incre win rate is 0.6258064516129033.

 Map 2c_vs_64zg Algo r_drbfn Exp drbfn_2c_vs_64zg updates 1400/3125 episodes, total num timesteps 2241600/5000000, FPS 57.

incre win rate is 0.6451612903225806.
eval win rate is 0.625.

 Map 2c_vs_64zg Algo r_drbfn Exp drbfn_2c_vs_64zg updates 1405/3125 episodes, total num timesteps 2249600/5000000, FPS 57.

incre win rate is 0.6217948717948718.

 Map 2c_vs_64zg Algo r_drbfn Exp drbfn_2c_vs_64zg updates 1410/3125 episodes, total num timesteps 2257600/5000000, FPS 57.

incre win rate is 0.6558441558441559.

 Map 2c_vs_64zg Algo r_drbfn Exp drbfn_2c_vs_64zg updates 1415/3125 episodes, total num timesteps 2265600/5000000, FPS 57.

incre win rate is 0.7025316455696202.

 Map 2c_vs_64zg Algo r_drbfn Exp drbfn_2c_vs_64zg updates 1420/3125 episodes, total num timesteps 2273600/5000000, FPS 57.

incre win rate is 0.6298701298701299.

 Map 2c_vs_64zg Algo r_drbfn Exp drbfn_2c_vs_64zg updates 1425/3125 episodes, total num timesteps 2281600/5000000, FPS 57.

incre win rate is 0.6496815286624203.
eval win rate is 0.6875.

 Map 2c_vs_64zg Algo r_drbfn Exp drbfn_2c_vs_64zg updates 1430/3125 episodes, total num timesteps 2289600/5000000, FPS 57.

incre win rate is 0.7012987012987013.

 Map 2c_vs_64zg Algo r_drbfn Exp drbfn_2c_vs_64zg updates 1435/3125 episodes, total num timesteps 2297600/5000000, FPS 57.

incre win rate is 0.6730769230769231.

 Map 2c_vs_64zg Algo r_drbfn Exp drbfn_2c_vs_64zg updates 1440/3125 episodes, total num timesteps 2305600/5000000, FPS 57.

incre win rate is 0.6538461538461539.

 Map 2c_vs_64zg Algo r_drbfn Exp drbfn_2c_vs_64zg updates 1445/3125 episodes, total num timesteps 2313600/5000000, FPS 57.

incre win rate is 0.6687898089171974.

 Map 2c_vs_64zg Algo r_drbfn Exp drbfn_2c_vs_64zg updates 1450/3125 episodes, total num timesteps 2321600/5000000, FPS 57.

incre win rate is 0.7402597402597403.
eval win rate is 0.84375.

 Map 2c_vs_64zg Algo r_drbfn Exp drbfn_2c_vs_64zg updates 1455/3125 episodes, total num timesteps 2329600/5000000, FPS 57.

incre win rate is 0.7051282051282052.

 Map 2c_vs_64zg Algo r_drbfn Exp drbfn_2c_vs_64zg updates 1460/3125 episodes, total num timesteps 2337600/5000000, FPS 57.

incre win rate is 0.6838709677419355.

 Map 2c_vs_64zg Algo r_drbfn Exp drbfn_2c_vs_64zg updates 1465/3125 episodes, total num timesteps 2345600/5000000, FPS 57.

incre win rate is 0.7272727272727273.

 Map 2c_vs_64zg Algo r_drbfn Exp drbfn_2c_vs_64zg updates 1470/3125 episodes, total num timesteps 2353600/5000000, FPS 57.

incre win rate is 0.7733333333333333.

 Map 2c_vs_64zg Algo r_drbfn Exp drbfn_2c_vs_64zg updates 1475/3125 episodes, total num timesteps 2361600/5000000, FPS 57.

incre win rate is 0.6928104575163399.
eval win rate is 0.625.

 Map 2c_vs_64zg Algo r_drbfn Exp drbfn_2c_vs_64zg updates 1480/3125 episodes, total num timesteps 2369600/5000000, FPS 57.

incre win rate is 0.6870748299319728.

 Map 2c_vs_64zg Algo r_drbfn Exp drbfn_2c_vs_64zg updates 1485/3125 episodes, total num timesteps 2377600/5000000, FPS 57.

incre win rate is 0.72.

 Map 2c_vs_64zg Algo r_drbfn Exp drbfn_2c_vs_64zg updates 1490/3125 episodes, total num timesteps 2385600/5000000, FPS 57.

incre win rate is 0.7662337662337663.

 Map 2c_vs_64zg Algo r_drbfn Exp drbfn_2c_vs_64zg updates 1495/3125 episodes, total num timesteps 2393600/5000000, FPS 57.

incre win rate is 0.6883116883116883.

 Map 2c_vs_64zg Algo r_drbfn Exp drbfn_2c_vs_64zg updates 1500/3125 episodes, total num timesteps 2401600/5000000, FPS 57.

incre win rate is 0.7171052631578947.
eval win rate is 0.71875.

 Map 2c_vs_64zg Algo r_drbfn Exp drbfn_2c_vs_64zg updates 1505/3125 episodes, total num timesteps 2409600/5000000, FPS 57.

incre win rate is 0.7254901960784313.

 Map 2c_vs_64zg Algo r_drbfn Exp drbfn_2c_vs_64zg updates 1510/3125 episodes, total num timesteps 2417600/5000000, FPS 57.

incre win rate is 0.7450980392156863.

 Map 2c_vs_64zg Algo r_drbfn Exp drbfn_2c_vs_64zg updates 1515/3125 episodes, total num timesteps 2425600/5000000, FPS 57.

incre win rate is 0.7581699346405228.

 Map 2c_vs_64zg Algo r_drbfn Exp drbfn_2c_vs_64zg updates 1520/3125 episodes, total num timesteps 2433600/5000000, FPS 57.

incre win rate is 0.7266666666666667.

 Map 2c_vs_64zg Algo r_drbfn Exp drbfn_2c_vs_64zg updates 1525/3125 episodes, total num timesteps 2441600/5000000, FPS 57.

incre win rate is 0.7051282051282052.
eval win rate is 0.59375.

 Map 2c_vs_64zg Algo r_drbfn Exp drbfn_2c_vs_64zg updates 1530/3125 episodes, total num timesteps 2449600/5000000, FPS 57.

incre win rate is 0.7350993377483444.

 Map 2c_vs_64zg Algo r_drbfn Exp drbfn_2c_vs_64zg updates 1535/3125 episodes, total num timesteps 2457600/5000000, FPS 57.

incre win rate is 0.7843137254901961.

 Map 2c_vs_64zg Algo r_drbfn Exp drbfn_2c_vs_64zg updates 1540/3125 episodes, total num timesteps 2465600/5000000, FPS 57.

incre win rate is 0.7435897435897436.

 Map 2c_vs_64zg Algo r_drbfn Exp drbfn_2c_vs_64zg updates 1545/3125 episodes, total num timesteps 2473600/5000000, FPS 57.

incre win rate is 0.7417218543046358.

 Map 2c_vs_64zg Algo r_drbfn Exp drbfn_2c_vs_64zg updates 1550/3125 episodes, total num timesteps 2481600/5000000, FPS 57.

incre win rate is 0.8051948051948052.
eval win rate is 0.8125.

 Map 2c_vs_64zg Algo r_drbfn Exp drbfn_2c_vs_64zg updates 1555/3125 episodes, total num timesteps 2489600/5000000, FPS 57.

incre win rate is 0.7973856209150327.

 Map 2c_vs_64zg Algo r_drbfn Exp drbfn_2c_vs_64zg updates 1560/3125 episodes, total num timesteps 2497600/5000000, FPS 57.

incre win rate is 0.7516339869281046.

 Map 2c_vs_64zg Algo r_drbfn Exp drbfn_2c_vs_64zg updates 1565/3125 episodes, total num timesteps 2505600/5000000, FPS 57.

incre win rate is 0.8421052631578947.

 Map 2c_vs_64zg Algo r_drbfn Exp drbfn_2c_vs_64zg updates 1570/3125 episodes, total num timesteps 2513600/5000000, FPS 57.

incre win rate is 0.7077922077922078.

 Map 2c_vs_64zg Algo r_drbfn Exp drbfn_2c_vs_64zg updates 1575/3125 episodes, total num timesteps 2521600/5000000, FPS 57.

incre win rate is 0.7354838709677419.
eval win rate is 0.6875.

 Map 2c_vs_64zg Algo r_drbfn Exp drbfn_2c_vs_64zg updates 1580/3125 episodes, total num timesteps 2529600/5000000, FPS 57.

incre win rate is 0.7032258064516129.

 Map 2c_vs_64zg Algo r_drbfn Exp drbfn_2c_vs_64zg updates 1585/3125 episodes, total num timesteps 2537600/5000000, FPS 57.

incre win rate is 0.782051282051282.

 Map 2c_vs_64zg Algo r_drbfn Exp drbfn_2c_vs_64zg updates 1590/3125 episodes, total num timesteps 2545600/5000000, FPS 57.

incre win rate is 0.7210884353741497.

 Map 2c_vs_64zg Algo r_drbfn Exp drbfn_2c_vs_64zg updates 1595/3125 episodes, total num timesteps 2553600/5000000, FPS 57.

incre win rate is 0.6858974358974359.

 Map 2c_vs_64zg Algo r_drbfn Exp drbfn_2c_vs_64zg updates 1600/3125 episodes, total num timesteps 2561600/5000000, FPS 57.

incre win rate is 0.7548387096774194.
eval win rate is 0.78125.

 Map 2c_vs_64zg Algo r_drbfn Exp drbfn_2c_vs_64zg updates 1605/3125 episodes, total num timesteps 2569600/5000000, FPS 57.

incre win rate is 0.6967741935483871.

 Map 2c_vs_64zg Algo r_drbfn Exp drbfn_2c_vs_64zg updates 1610/3125 episodes, total num timesteps 2577600/5000000, FPS 57.

incre win rate is 0.7534246575342466.

 Map 2c_vs_64zg Algo r_drbfn Exp drbfn_2c_vs_64zg updates 1615/3125 episodes, total num timesteps 2585600/5000000, FPS 57.

incre win rate is 0.7712418300653595.

 Map 2c_vs_64zg Algo r_drbfn Exp drbfn_2c_vs_64zg updates 1620/3125 episodes, total num timesteps 2593600/5000000, FPS 57.

incre win rate is 0.8129032258064516.

 Map 2c_vs_64zg Algo r_drbfn Exp drbfn_2c_vs_64zg updates 1625/3125 episodes, total num timesteps 2601600/5000000, FPS 57.

incre win rate is 0.7402597402597403.
eval win rate is 0.78125.

 Map 2c_vs_64zg Algo r_drbfn Exp drbfn_2c_vs_64zg updates 1630/3125 episodes, total num timesteps 2609600/5000000, FPS 56.

incre win rate is 0.72.

 Map 2c_vs_64zg Algo r_drbfn Exp drbfn_2c_vs_64zg updates 1635/3125 episodes, total num timesteps 2617600/5000000, FPS 56.

incre win rate is 0.7792207792207793.

 Map 2c_vs_64zg Algo r_drbfn Exp drbfn_2c_vs_64zg updates 1640/3125 episodes, total num timesteps 2625600/5000000, FPS 56.

incre win rate is 0.7948717948717948.

 Map 2c_vs_64zg Algo r_drbfn Exp drbfn_2c_vs_64zg updates 1645/3125 episodes, total num timesteps 2633600/5000000, FPS 56.

incre win rate is 0.8205128205128205.

 Map 2c_vs_64zg Algo r_drbfn Exp drbfn_2c_vs_64zg updates 1650/3125 episodes, total num timesteps 2641600/5000000, FPS 56.

incre win rate is 0.8831168831168831.
eval win rate is 0.875.

 Map 2c_vs_64zg Algo r_drbfn Exp drbfn_2c_vs_64zg updates 1655/3125 episodes, total num timesteps 2649600/5000000, FPS 56.

incre win rate is 0.8441558441558441.

 Map 2c_vs_64zg Algo r_drbfn Exp drbfn_2c_vs_64zg updates 1660/3125 episodes, total num timesteps 2657600/5000000, FPS 56.

incre win rate is 0.7908496732026143.

 Map 2c_vs_64zg Algo r_drbfn Exp drbfn_2c_vs_64zg updates 1665/3125 episodes, total num timesteps 2665600/5000000, FPS 56.

incre win rate is 0.7548387096774194.

 Map 2c_vs_64zg Algo r_drbfn Exp drbfn_2c_vs_64zg updates 1670/3125 episodes, total num timesteps 2673600/5000000, FPS 56.

incre win rate is 0.7354838709677419.

 Map 2c_vs_64zg Algo r_drbfn Exp drbfn_2c_vs_64zg updates 1675/3125 episodes, total num timesteps 2681600/5000000, FPS 56.

incre win rate is 0.7806451612903226.
eval win rate is 0.75.

 Map 2c_vs_64zg Algo r_drbfn Exp drbfn_2c_vs_64zg updates 1680/3125 episodes, total num timesteps 2689600/5000000, FPS 56.

incre win rate is 0.8506493506493507.

 Map 2c_vs_64zg Algo r_drbfn Exp drbfn_2c_vs_64zg updates 1685/3125 episodes, total num timesteps 2697600/5000000, FPS 56.

incre win rate is 0.8.

 Map 2c_vs_64zg Algo r_drbfn Exp drbfn_2c_vs_64zg updates 1690/3125 episodes, total num timesteps 2705600/5000000, FPS 56.

incre win rate is 0.8.

 Map 2c_vs_64zg Algo r_drbfn Exp drbfn_2c_vs_64zg updates 1695/3125 episodes, total num timesteps 2713600/5000000, FPS 56.

incre win rate is 0.8366013071895425.

 Map 2c_vs_64zg Algo r_drbfn Exp drbfn_2c_vs_64zg updates 1700/3125 episodes, total num timesteps 2721600/5000000, FPS 56.

incre win rate is 0.7756410256410257.
eval win rate is 0.75.

 Map 2c_vs_64zg Algo r_drbfn Exp drbfn_2c_vs_64zg updates 1705/3125 episodes, total num timesteps 2729600/5000000, FPS 56.

incre win rate is 0.7564102564102564.

 Map 2c_vs_64zg Algo r_drbfn Exp drbfn_2c_vs_64zg updates 1710/3125 episodes, total num timesteps 2737600/5000000, FPS 56.

incre win rate is 0.7597402597402597.

 Map 2c_vs_64zg Algo r_drbfn Exp drbfn_2c_vs_64zg updates 1715/3125 episodes, total num timesteps 2745600/5000000, FPS 56.

incre win rate is 0.8064516129032258.

 Map 2c_vs_64zg Algo r_drbfn Exp drbfn_2c_vs_64zg updates 1720/3125 episodes, total num timesteps 2753600/5000000, FPS 56.

incre win rate is 0.8116883116883117.

 Map 2c_vs_64zg Algo r_drbfn Exp drbfn_2c_vs_64zg updates 1725/3125 episodes, total num timesteps 2761600/5000000, FPS 56.

incre win rate is 0.7631578947368421.
eval win rate is 0.84375.

 Map 2c_vs_64zg Algo r_drbfn Exp drbfn_2c_vs_64zg updates 1730/3125 episodes, total num timesteps 2769600/5000000, FPS 56.

incre win rate is 0.8193548387096774.

 Map 2c_vs_64zg Algo r_drbfn Exp drbfn_2c_vs_64zg updates 1735/3125 episodes, total num timesteps 2777600/5000000, FPS 56.

incre win rate is 0.8.

 Map 2c_vs_64zg Algo r_drbfn Exp drbfn_2c_vs_64zg updates 1740/3125 episodes, total num timesteps 2785600/5000000, FPS 31.

incre win rate is 0.7806451612903226.

 Map 2c_vs_64zg Algo r_drbfn Exp drbfn_2c_vs_64zg updates 1745/3125 episodes, total num timesteps 2793600/5000000, FPS 31.

incre win rate is 0.7243589743589743.

 Map 2c_vs_64zg Algo r_drbfn Exp drbfn_2c_vs_64zg updates 1750/3125 episodes, total num timesteps 2801600/5000000, FPS 31.

incre win rate is 0.7581699346405228.
eval win rate is 0.71875.

 Map 2c_vs_64zg Algo r_drbfn Exp drbfn_2c_vs_64zg updates 1755/3125 episodes, total num timesteps 2809600/5000000, FPS 31.

incre win rate is 0.782051282051282.

 Map 2c_vs_64zg Algo r_drbfn Exp drbfn_2c_vs_64zg updates 1760/3125 episodes, total num timesteps 2817600/5000000, FPS 31.

incre win rate is 0.7612903225806451.

 Map 2c_vs_64zg Algo r_drbfn Exp drbfn_2c_vs_64zg updates 1765/3125 episodes, total num timesteps 2825600/5000000, FPS 31.

incre win rate is 0.7243589743589743.

 Map 2c_vs_64zg Algo r_drbfn Exp drbfn_2c_vs_64zg updates 1770/3125 episodes, total num timesteps 2833600/5000000, FPS 31.

incre win rate is 0.9025974025974026.

 Map 2c_vs_64zg Algo r_drbfn Exp drbfn_2c_vs_64zg updates 1775/3125 episodes, total num timesteps 2841600/5000000, FPS 31.

incre win rate is 0.7756410256410257.
eval win rate is 0.78125.

 Map 2c_vs_64zg Algo r_drbfn Exp drbfn_2c_vs_64zg updates 1780/3125 episodes, total num timesteps 2849600/5000000, FPS 31.

incre win rate is 0.7948717948717948.

 Map 2c_vs_64zg Algo r_drbfn Exp drbfn_2c_vs_64zg updates 1785/3125 episodes, total num timesteps 2857600/5000000, FPS 31.

incre win rate is 0.7307692307692307.

 Map 2c_vs_64zg Algo r_drbfn Exp drbfn_2c_vs_64zg updates 1790/3125 episodes, total num timesteps 2865600/5000000, FPS 31.

incre win rate is 0.7692307692307693.

 Map 2c_vs_64zg Algo r_drbfn Exp drbfn_2c_vs_64zg updates 1795/3125 episodes, total num timesteps 2873600/5000000, FPS 31.

incre win rate is 0.7371794871794872.

 Map 2c_vs_64zg Algo r_drbfn Exp drbfn_2c_vs_64zg updates 1800/3125 episodes, total num timesteps 2881600/5000000, FPS 31.

incre win rate is 0.8.
eval win rate is 0.8125.

 Map 2c_vs_64zg Algo r_drbfn Exp drbfn_2c_vs_64zg updates 1805/3125 episodes, total num timesteps 2889600/5000000, FPS 31.

incre win rate is 0.7612903225806451.

 Map 2c_vs_64zg Algo r_drbfn Exp drbfn_2c_vs_64zg updates 1810/3125 episodes, total num timesteps 2897600/5000000, FPS 31.

incre win rate is 0.7961783439490446.

 Map 2c_vs_64zg Algo r_drbfn Exp drbfn_2c_vs_64zg updates 1815/3125 episodes, total num timesteps 2905600/5000000, FPS 31.

incre win rate is 0.7419354838709677.

 Map 2c_vs_64zg Algo r_drbfn Exp drbfn_2c_vs_64zg updates 1820/3125 episodes, total num timesteps 2913600/5000000, FPS 31.

incre win rate is 0.738562091503268.

 Map 2c_vs_64zg Algo r_drbfn Exp drbfn_2c_vs_64zg updates 1825/3125 episodes, total num timesteps 2921600/5000000, FPS 31.

incre win rate is 0.7243589743589743.
eval win rate is 0.8125.

 Map 2c_vs_64zg Algo r_drbfn Exp drbfn_2c_vs_64zg updates 1830/3125 episodes, total num timesteps 2929600/5000000, FPS 31.

incre win rate is 0.7261146496815286.

 Map 2c_vs_64zg Algo r_drbfn Exp drbfn_2c_vs_64zg updates 1835/3125 episodes, total num timesteps 2937600/5000000, FPS 31.

incre win rate is 0.6835443037974683.

 Map 2c_vs_64zg Algo r_drbfn Exp drbfn_2c_vs_64zg updates 1840/3125 episodes, total num timesteps 2945600/5000000, FPS 31.

incre win rate is 0.7677419354838709.

 Map 2c_vs_64zg Algo r_drbfn Exp drbfn_2c_vs_64zg updates 1845/3125 episodes, total num timesteps 2953600/5000000, FPS 31.

incre win rate is 0.782051282051282.

 Map 2c_vs_64zg Algo r_drbfn Exp drbfn_2c_vs_64zg updates 1850/3125 episodes, total num timesteps 2961600/5000000, FPS 31.

incre win rate is 0.717948717948718.
eval win rate is 0.6875.

 Map 2c_vs_64zg Algo r_drbfn Exp drbfn_2c_vs_64zg updates 1855/3125 episodes, total num timesteps 2969600/5000000, FPS 31.

incre win rate is 0.7735849056603774.

 Map 2c_vs_64zg Algo r_drbfn Exp drbfn_2c_vs_64zg updates 1860/3125 episodes, total num timesteps 2977600/5000000, FPS 31.

incre win rate is 0.8235294117647058.

 Map 2c_vs_64zg Algo r_drbfn Exp drbfn_2c_vs_64zg updates 1865/3125 episodes, total num timesteps 2985600/5000000, FPS 31.

incre win rate is 0.7870967741935484.

 Map 2c_vs_64zg Algo r_drbfn Exp drbfn_2c_vs_64zg updates 1870/3125 episodes, total num timesteps 2993600/5000000, FPS 32.

incre win rate is 0.7515923566878981.

 Map 2c_vs_64zg Algo r_drbfn Exp drbfn_2c_vs_64zg updates 1875/3125 episodes, total num timesteps 3001600/5000000, FPS 32.

incre win rate is 0.7741935483870968.
eval win rate is 0.875.

 Map 2c_vs_64zg Algo r_drbfn Exp drbfn_2c_vs_64zg updates 1880/3125 episodes, total num timesteps 3009600/5000000, FPS 32.

incre win rate is 0.8445945945945946.

 Map 2c_vs_64zg Algo r_drbfn Exp drbfn_2c_vs_64zg updates 1885/3125 episodes, total num timesteps 3017600/5000000, FPS 32.

incre win rate is 0.8064516129032258.

 Map 2c_vs_64zg Algo r_drbfn Exp drbfn_2c_vs_64zg updates 1890/3125 episodes, total num timesteps 3025600/5000000, FPS 32.

incre win rate is 0.8823529411764706.

 Map 2c_vs_64zg Algo r_drbfn Exp drbfn_2c_vs_64zg updates 1895/3125 episodes, total num timesteps 3033600/5000000, FPS 32.

incre win rate is 0.7884615384615384.

 Map 2c_vs_64zg Algo r_drbfn Exp drbfn_2c_vs_64zg updates 1900/3125 episodes, total num timesteps 3041600/5000000, FPS 32.

incre win rate is 0.8104575163398693.
eval win rate is 0.78125.

 Map 2c_vs_64zg Algo r_drbfn Exp drbfn_2c_vs_64zg updates 1905/3125 episodes, total num timesteps 3049600/5000000, FPS 32.

incre win rate is 0.7677419354838709.

 Map 2c_vs_64zg Algo r_drbfn Exp drbfn_2c_vs_64zg updates 1910/3125 episodes, total num timesteps 3057600/5000000, FPS 32.

incre win rate is 0.8461538461538461.

 Map 2c_vs_64zg Algo r_drbfn Exp drbfn_2c_vs_64zg updates 1915/3125 episodes, total num timesteps 3065600/5000000, FPS 32.

incre win rate is 0.8169934640522876.

 Map 2c_vs_64zg Algo r_drbfn Exp drbfn_2c_vs_64zg updates 1920/3125 episodes, total num timesteps 3073600/5000000, FPS 32.

incre win rate is 0.7161290322580646.

 Map 2c_vs_64zg Algo r_drbfn Exp drbfn_2c_vs_64zg updates 1925/3125 episodes, total num timesteps 3081600/5000000, FPS 32.

incre win rate is 0.7515923566878981.
eval win rate is 0.65625.

 Map 2c_vs_64zg Algo r_drbfn Exp drbfn_2c_vs_64zg updates 1930/3125 episodes, total num timesteps 3089600/5000000, FPS 32.

incre win rate is 0.7884615384615384.

 Map 2c_vs_64zg Algo r_drbfn Exp drbfn_2c_vs_64zg updates 1935/3125 episodes, total num timesteps 3097600/5000000, FPS 32.

incre win rate is 0.7483870967741936.

 Map 2c_vs_64zg Algo r_drbfn Exp drbfn_2c_vs_64zg updates 1940/3125 episodes, total num timesteps 3105600/5000000, FPS 32.

incre win rate is 0.7792207792207793.

 Map 2c_vs_64zg Algo r_drbfn Exp drbfn_2c_vs_64zg updates 1945/3125 episodes, total num timesteps 3113600/5000000, FPS 32.

incre win rate is 0.7261146496815286.

 Map 2c_vs_64zg Algo r_drbfn Exp drbfn_2c_vs_64zg updates 1950/3125 episodes, total num timesteps 3121600/5000000, FPS 32.

incre win rate is 0.6981132075471698.
eval win rate is 0.8125.

 Map 2c_vs_64zg Algo r_drbfn Exp drbfn_2c_vs_64zg updates 1955/3125 episodes, total num timesteps 3129600/5000000, FPS 32.

incre win rate is 0.7870967741935484.

 Map 2c_vs_64zg Algo r_drbfn Exp drbfn_2c_vs_64zg updates 1960/3125 episodes, total num timesteps 3137600/5000000, FPS 32.

incre win rate is 0.8157894736842105.

 Map 2c_vs_64zg Algo r_drbfn Exp drbfn_2c_vs_64zg updates 1965/3125 episodes, total num timesteps 3145600/5000000, FPS 32.

incre win rate is 0.8387096774193549.

 Map 2c_vs_64zg Algo r_drbfn Exp drbfn_2c_vs_64zg updates 1970/3125 episodes, total num timesteps 3153600/5000000, FPS 32.

incre win rate is 0.7848101265822784.

 Map 2c_vs_64zg Algo r_drbfn Exp drbfn_2c_vs_64zg updates 1975/3125 episodes, total num timesteps 3161600/5000000, FPS 32.

incre win rate is 0.7741935483870968.
eval win rate is 0.75.

 Map 2c_vs_64zg Algo r_drbfn Exp drbfn_2c_vs_64zg updates 1980/3125 episodes, total num timesteps 3169600/5000000, FPS 32.

incre win rate is 0.7692307692307693.

 Map 2c_vs_64zg Algo r_drbfn Exp drbfn_2c_vs_64zg updates 1985/3125 episodes, total num timesteps 3177600/5000000, FPS 32.

incre win rate is 0.7051282051282052.

 Map 2c_vs_64zg Algo r_drbfn Exp drbfn_2c_vs_64zg updates 1990/3125 episodes, total num timesteps 3185600/5000000, FPS 32.

incre win rate is 0.802547770700637.

 Map 2c_vs_64zg Algo r_drbfn Exp drbfn_2c_vs_64zg updates 1995/3125 episodes, total num timesteps 3193600/5000000, FPS 32.

incre win rate is 0.7784810126582279.

 Map 2c_vs_64zg Algo r_drbfn Exp drbfn_2c_vs_64zg updates 2000/3125 episodes, total num timesteps 3201600/5000000, FPS 32.

incre win rate is 0.802547770700637.
eval win rate is 0.71875.

 Map 2c_vs_64zg Algo r_drbfn Exp drbfn_2c_vs_64zg updates 2005/3125 episodes, total num timesteps 3209600/5000000, FPS 32.

incre win rate is 0.8789808917197452.

 Map 2c_vs_64zg Algo r_drbfn Exp drbfn_2c_vs_64zg updates 2010/3125 episodes, total num timesteps 3217600/5000000, FPS 32.

incre win rate is 0.8141025641025641.

 Map 2c_vs_64zg Algo r_drbfn Exp drbfn_2c_vs_64zg updates 2015/3125 episodes, total num timesteps 3225600/5000000, FPS 32.

incre win rate is 0.8397435897435898.

 Map 2c_vs_64zg Algo r_drbfn Exp drbfn_2c_vs_64zg updates 2020/3125 episodes, total num timesteps 3233600/5000000, FPS 33.

incre win rate is 0.8506493506493507.

 Map 2c_vs_64zg Algo r_drbfn Exp drbfn_2c_vs_64zg updates 2025/3125 episodes, total num timesteps 3241600/5000000, FPS 33.

incre win rate is 0.810126582278481.
eval win rate is 0.8125.

 Map 2c_vs_64zg Algo r_drbfn Exp drbfn_2c_vs_64zg updates 2030/3125 episodes, total num timesteps 3249600/5000000, FPS 33.

incre win rate is 0.8525641025641025.

 Map 2c_vs_64zg Algo r_drbfn Exp drbfn_2c_vs_64zg updates 2035/3125 episodes, total num timesteps 3257600/5000000, FPS 33.

incre win rate is 0.8152866242038217.

 Map 2c_vs_64zg Algo r_drbfn Exp drbfn_2c_vs_64zg updates 2040/3125 episodes, total num timesteps 3265600/5000000, FPS 33.

incre win rate is 0.8129032258064516.

 Map 2c_vs_64zg Algo r_drbfn Exp drbfn_2c_vs_64zg updates 2045/3125 episodes, total num timesteps 3273600/5000000, FPS 33.

incre win rate is 0.8311688311688312.

 Map 2c_vs_64zg Algo r_drbfn Exp drbfn_2c_vs_64zg updates 2050/3125 episodes, total num timesteps 3281600/5000000, FPS 33.

incre win rate is 0.8616352201257862.
eval win rate is 0.8125.

 Map 2c_vs_64zg Algo r_drbfn Exp drbfn_2c_vs_64zg updates 2055/3125 episodes, total num timesteps 3289600/5000000, FPS 33.

incre win rate is 0.8193548387096774.

 Map 2c_vs_64zg Algo r_drbfn Exp drbfn_2c_vs_64zg updates 2060/3125 episodes, total num timesteps 3297600/5000000, FPS 33.

incre win rate is 0.8525641025641025.

 Map 2c_vs_64zg Algo r_drbfn Exp drbfn_2c_vs_64zg updates 2065/3125 episodes, total num timesteps 3305600/5000000, FPS 33.

incre win rate is 0.9038461538461539.

 Map 2c_vs_64zg Algo r_drbfn Exp drbfn_2c_vs_64zg updates 2070/3125 episodes, total num timesteps 3313600/5000000, FPS 33.

incre win rate is 0.8205128205128205.

 Map 2c_vs_64zg Algo r_drbfn Exp drbfn_2c_vs_64zg updates 2075/3125 episodes, total num timesteps 3321600/5000000, FPS 33.

incre win rate is 0.9225806451612903.
eval win rate is 0.78125.

 Map 2c_vs_64zg Algo r_drbfn Exp drbfn_2c_vs_64zg updates 2080/3125 episodes, total num timesteps 3329600/5000000, FPS 33.

incre win rate is 0.8924050632911392.

 Map 2c_vs_64zg Algo r_drbfn Exp drbfn_2c_vs_64zg updates 2085/3125 episodes, total num timesteps 3337600/5000000, FPS 33.

incre win rate is 0.8831168831168831.

 Map 2c_vs_64zg Algo r_drbfn Exp drbfn_2c_vs_64zg updates 2090/3125 episodes, total num timesteps 3345600/5000000, FPS 33.

incre win rate is 0.8717948717948718.

 Map 2c_vs_64zg Algo r_drbfn Exp drbfn_2c_vs_64zg updates 2095/3125 episodes, total num timesteps 3353600/5000000, FPS 33.

incre win rate is 0.8709677419354839.

 Map 2c_vs_64zg Algo r_drbfn Exp drbfn_2c_vs_64zg updates 2100/3125 episodes, total num timesteps 3361600/5000000, FPS 33.

incre win rate is 0.8853503184713376.
eval win rate is 0.875.

 Map 2c_vs_64zg Algo r_drbfn Exp drbfn_2c_vs_64zg updates 2105/3125 episodes, total num timesteps 3369600/5000000, FPS 33.

incre win rate is 0.8441558441558441.

 Map 2c_vs_64zg Algo r_drbfn Exp drbfn_2c_vs_64zg updates 2110/3125 episodes, total num timesteps 3377600/5000000, FPS 33.

incre win rate is 0.8616352201257862.

 Map 2c_vs_64zg Algo r_drbfn Exp drbfn_2c_vs_64zg updates 2115/3125 episodes, total num timesteps 3385600/5000000, FPS 33.

incre win rate is 0.7371794871794872.

 Map 2c_vs_64zg Algo r_drbfn Exp drbfn_2c_vs_64zg updates 2120/3125 episodes, total num timesteps 3393600/5000000, FPS 33.

incre win rate is 0.832258064516129.

 Map 2c_vs_64zg Algo r_drbfn Exp drbfn_2c_vs_64zg updates 2125/3125 episodes, total num timesteps 3401600/5000000, FPS 33.

incre win rate is 0.8653846153846154.
eval win rate is 0.9375.

 Map 2c_vs_64zg Algo r_drbfn Exp drbfn_2c_vs_64zg updates 2130/3125 episodes, total num timesteps 3409600/5000000, FPS 33.

incre win rate is 0.7911392405063291.

 Map 2c_vs_64zg Algo r_drbfn Exp drbfn_2c_vs_64zg updates 2135/3125 episodes, total num timesteps 3417600/5000000, FPS 33.

incre win rate is 0.8506493506493507.

 Map 2c_vs_64zg Algo r_drbfn Exp drbfn_2c_vs_64zg updates 2140/3125 episodes, total num timesteps 3425600/5000000, FPS 33.

incre win rate is 0.8589743589743589.

 Map 2c_vs_64zg Algo r_drbfn Exp drbfn_2c_vs_64zg updates 2145/3125 episodes, total num timesteps 3433600/5000000, FPS 33.

incre win rate is 0.8141025641025641.

 Map 2c_vs_64zg Algo r_drbfn Exp drbfn_2c_vs_64zg updates 2150/3125 episodes, total num timesteps 3441600/5000000, FPS 33.

incre win rate is 0.8525641025641025.
eval win rate is 0.875.

 Map 2c_vs_64zg Algo r_drbfn Exp drbfn_2c_vs_64zg updates 2155/3125 episodes, total num timesteps 3449600/5000000, FPS 33.

incre win rate is 0.782051282051282.

 Map 2c_vs_64zg Algo r_drbfn Exp drbfn_2c_vs_64zg updates 2160/3125 episodes, total num timesteps 3457600/5000000, FPS 33.

incre win rate is 0.7435897435897436.

 Map 2c_vs_64zg Algo r_drbfn Exp drbfn_2c_vs_64zg updates 2165/3125 episodes, total num timesteps 3465600/5000000, FPS 33.

incre win rate is 0.8598726114649682.

 Map 2c_vs_64zg Algo r_drbfn Exp drbfn_2c_vs_64zg updates 2170/3125 episodes, total num timesteps 3473600/5000000, FPS 33.

incre win rate is 0.7579617834394905.

 Map 2c_vs_64zg Algo r_drbfn Exp drbfn_2c_vs_64zg updates 2175/3125 episodes, total num timesteps 3481600/5000000, FPS 33.

incre win rate is 0.8717948717948718.
eval win rate is 0.875.

 Map 2c_vs_64zg Algo r_drbfn Exp drbfn_2c_vs_64zg updates 2180/3125 episodes, total num timesteps 3489600/5000000, FPS 34.

incre win rate is 0.8846153846153846.

 Map 2c_vs_64zg Algo r_drbfn Exp drbfn_2c_vs_64zg updates 2185/3125 episodes, total num timesteps 3497600/5000000, FPS 34.

incre win rate is 0.8679245283018868.

 Map 2c_vs_64zg Algo r_drbfn Exp drbfn_2c_vs_64zg updates 2190/3125 episodes, total num timesteps 3505600/5000000, FPS 34.

incre win rate is 0.8910256410256411.

 Map 2c_vs_64zg Algo r_drbfn Exp drbfn_2c_vs_64zg updates 2195/3125 episodes, total num timesteps 3513600/5000000, FPS 34.

incre win rate is 0.8853503184713376.

 Map 2c_vs_64zg Algo r_drbfn Exp drbfn_2c_vs_64zg updates 2200/3125 episodes, total num timesteps 3521600/5000000, FPS 34.

incre win rate is 0.8701298701298701.
eval win rate is 0.875.

 Map 2c_vs_64zg Algo r_drbfn Exp drbfn_2c_vs_64zg updates 2205/3125 episodes, total num timesteps 3529600/5000000, FPS 34.

incre win rate is 0.9032258064516129.

 Map 2c_vs_64zg Algo r_drbfn Exp drbfn_2c_vs_64zg updates 2210/3125 episodes, total num timesteps 3537600/5000000, FPS 34.

incre win rate is 0.8580645161290322.

 Map 2c_vs_64zg Algo r_drbfn Exp drbfn_2c_vs_64zg updates 2215/3125 episodes, total num timesteps 3545600/5000000, FPS 34.

incre win rate is 0.8853503184713376.

 Map 2c_vs_64zg Algo r_drbfn Exp drbfn_2c_vs_64zg updates 2220/3125 episodes, total num timesteps 3553600/5000000, FPS 34.

incre win rate is 0.8653846153846154.

 Map 2c_vs_64zg Algo r_drbfn Exp drbfn_2c_vs_64zg updates 2225/3125 episodes, total num timesteps 3561600/5000000, FPS 34.

incre win rate is 0.875.
eval win rate is 0.875.

 Map 2c_vs_64zg Algo r_drbfn Exp drbfn_2c_vs_64zg updates 2230/3125 episodes, total num timesteps 3569600/5000000, FPS 34.

incre win rate is 0.8653846153846154.

 Map 2c_vs_64zg Algo r_drbfn Exp drbfn_2c_vs_64zg updates 2235/3125 episodes, total num timesteps 3577600/5000000, FPS 34.

incre win rate is 0.8544303797468354.

 Map 2c_vs_64zg Algo r_drbfn Exp drbfn_2c_vs_64zg updates 2240/3125 episodes, total num timesteps 3585600/5000000, FPS 34.

incre win rate is 0.8064516129032258.

 Map 2c_vs_64zg Algo r_drbfn Exp drbfn_2c_vs_64zg updates 2245/3125 episodes, total num timesteps 3593600/5000000, FPS 34.

incre win rate is 0.9090909090909091.

 Map 2c_vs_64zg Algo r_drbfn Exp drbfn_2c_vs_64zg updates 2250/3125 episodes, total num timesteps 3601600/5000000, FPS 34.

incre win rate is 0.9102564102564102.
eval win rate is 1.0.

 Map 2c_vs_64zg Algo r_drbfn Exp drbfn_2c_vs_64zg updates 2255/3125 episodes, total num timesteps 3609600/5000000, FPS 34.

incre win rate is 0.9358974358974359.

 Map 2c_vs_64zg Algo r_drbfn Exp drbfn_2c_vs_64zg updates 2260/3125 episodes, total num timesteps 3617600/5000000, FPS 34.

incre win rate is 0.910828025477707.

 Map 2c_vs_64zg Algo r_drbfn Exp drbfn_2c_vs_64zg updates 2265/3125 episodes, total num timesteps 3625600/5000000, FPS 34.

incre win rate is 0.8980891719745223.

 Map 2c_vs_64zg Algo r_drbfn Exp drbfn_2c_vs_64zg updates 2270/3125 episodes, total num timesteps 3633600/5000000, FPS 34.

incre win rate is 0.8980891719745223.

 Map 2c_vs_64zg Algo r_drbfn Exp drbfn_2c_vs_64zg updates 2275/3125 episodes, total num timesteps 3641600/5000000, FPS 34.

incre win rate is 0.9354838709677419.
eval win rate is 0.8125.

 Map 2c_vs_64zg Algo r_drbfn Exp drbfn_2c_vs_64zg updates 2280/3125 episodes, total num timesteps 3649600/5000000, FPS 34.

incre win rate is 0.9299363057324841.

 Map 2c_vs_64zg Algo r_drbfn Exp drbfn_2c_vs_64zg updates 2285/3125 episodes, total num timesteps 3657600/5000000, FPS 34.

incre win rate is 0.9415584415584416.

 Map 2c_vs_64zg Algo r_drbfn Exp drbfn_2c_vs_64zg updates 2290/3125 episodes, total num timesteps 3665600/5000000, FPS 34.

incre win rate is 0.8924050632911392.

 Map 2c_vs_64zg Algo r_drbfn Exp drbfn_2c_vs_64zg updates 2295/3125 episodes, total num timesteps 3673600/5000000, FPS 34.

incre win rate is 0.9294871794871795.

 Map 2c_vs_64zg Algo r_drbfn Exp drbfn_2c_vs_64zg updates 2300/3125 episodes, total num timesteps 3681600/5000000, FPS 34.

incre win rate is 0.9612903225806452.
eval win rate is 0.90625.

 Map 2c_vs_64zg Algo r_drbfn Exp drbfn_2c_vs_64zg updates 2305/3125 episodes, total num timesteps 3689600/5000000, FPS 34.

incre win rate is 0.922077922077922.

 Map 2c_vs_64zg Algo r_drbfn Exp drbfn_2c_vs_64zg updates 2310/3125 episodes, total num timesteps 3697600/5000000, FPS 34.

incre win rate is 0.9363057324840764.

 Map 2c_vs_64zg Algo r_drbfn Exp drbfn_2c_vs_64zg updates 2315/3125 episodes, total num timesteps 3705600/5000000, FPS 34.

incre win rate is 0.9038461538461539.

 Map 2c_vs_64zg Algo r_drbfn Exp drbfn_2c_vs_64zg updates 2320/3125 episodes, total num timesteps 3713600/5000000, FPS 34.

incre win rate is 0.9354838709677419.

 Map 2c_vs_64zg Algo r_drbfn Exp drbfn_2c_vs_64zg updates 2325/3125 episodes, total num timesteps 3721600/5000000, FPS 34.

incre win rate is 0.9415584415584416.
eval win rate is 0.875.

 Map 2c_vs_64zg Algo r_drbfn Exp drbfn_2c_vs_64zg updates 2330/3125 episodes, total num timesteps 3729600/5000000, FPS 34.

incre win rate is 0.8717948717948718.

 Map 2c_vs_64zg Algo r_drbfn Exp drbfn_2c_vs_64zg updates 2335/3125 episodes, total num timesteps 3737600/5000000, FPS 34.

incre win rate is 0.8974358974358975.

 Map 2c_vs_64zg Algo r_drbfn Exp drbfn_2c_vs_64zg updates 2340/3125 episodes, total num timesteps 3745600/5000000, FPS 35.

incre win rate is 0.9161290322580645.

 Map 2c_vs_64zg Algo r_drbfn Exp drbfn_2c_vs_64zg updates 2345/3125 episodes, total num timesteps 3753600/5000000, FPS 35.

incre win rate is 0.8709677419354839.

 Map 2c_vs_64zg Algo r_drbfn Exp drbfn_2c_vs_64zg updates 2350/3125 episodes, total num timesteps 3761600/5000000, FPS 35.

incre win rate is 0.9032258064516129.
eval win rate is 0.84375.

 Map 2c_vs_64zg Algo r_drbfn Exp drbfn_2c_vs_64zg updates 2355/3125 episodes, total num timesteps 3769600/5000000, FPS 35.

incre win rate is 0.8838709677419355.

 Map 2c_vs_64zg Algo r_drbfn Exp drbfn_2c_vs_64zg updates 2360/3125 episodes, total num timesteps 3777600/5000000, FPS 35.

incre win rate is 0.8774193548387097.

 Map 2c_vs_64zg Algo r_drbfn Exp drbfn_2c_vs_64zg updates 2365/3125 episodes, total num timesteps 3785600/5000000, FPS 35.

incre win rate is 0.8961038961038961.

 Map 2c_vs_64zg Algo r_drbfn Exp drbfn_2c_vs_64zg updates 2370/3125 episodes, total num timesteps 3793600/5000000, FPS 35.

incre win rate is 0.8831168831168831.

 Map 2c_vs_64zg Algo r_drbfn Exp drbfn_2c_vs_64zg updates 2375/3125 episodes, total num timesteps 3801600/5000000, FPS 35.

incre win rate is 0.9294871794871795.
eval win rate is 0.71875.

 Map 2c_vs_64zg Algo r_drbfn Exp drbfn_2c_vs_64zg updates 2380/3125 episodes, total num timesteps 3809600/5000000, FPS 35.

incre win rate is 0.832258064516129.

 Map 2c_vs_64zg Algo r_drbfn Exp drbfn_2c_vs_64zg updates 2385/3125 episodes, total num timesteps 3817600/5000000, FPS 35.

incre win rate is 0.8181818181818182.

 Map 2c_vs_64zg Algo r_drbfn Exp drbfn_2c_vs_64zg updates 2390/3125 episodes, total num timesteps 3825600/5000000, FPS 35.

incre win rate is 0.8431372549019608.

 Map 2c_vs_64zg Algo r_drbfn Exp drbfn_2c_vs_64zg updates 2395/3125 episodes, total num timesteps 3833600/5000000, FPS 35.

incre win rate is 0.8064516129032258.

 Map 2c_vs_64zg Algo r_drbfn Exp drbfn_2c_vs_64zg updates 2400/3125 episodes, total num timesteps 3841600/5000000, FPS 35.

incre win rate is 0.864516129032258.
eval win rate is 0.8125.

 Map 2c_vs_64zg Algo r_drbfn Exp drbfn_2c_vs_64zg updates 2405/3125 episodes, total num timesteps 3849600/5000000, FPS 35.

incre win rate is 0.8726114649681529.

 Map 2c_vs_64zg Algo r_drbfn Exp drbfn_2c_vs_64zg updates 2410/3125 episodes, total num timesteps 3857600/5000000, FPS 35.

incre win rate is 0.8269230769230769.

 Map 2c_vs_64zg Algo r_drbfn Exp drbfn_2c_vs_64zg updates 2415/3125 episodes, total num timesteps 3865600/5000000, FPS 35.

incre win rate is 0.8709677419354839.

 Map 2c_vs_64zg Algo r_drbfn Exp drbfn_2c_vs_64zg updates 2420/3125 episodes, total num timesteps 3873600/5000000, FPS 35.

incre win rate is 0.8164556962025317.

 Map 2c_vs_64zg Algo r_drbfn Exp drbfn_2c_vs_64zg updates 2425/3125 episodes, total num timesteps 3881600/5000000, FPS 35.

incre win rate is 0.8441558441558441.
eval win rate is 0.65625.

 Map 2c_vs_64zg Algo r_drbfn Exp drbfn_2c_vs_64zg updates 2430/3125 episodes, total num timesteps 3889600/5000000, FPS 35.

incre win rate is 0.7792207792207793.

 Map 2c_vs_64zg Algo r_drbfn Exp drbfn_2c_vs_64zg updates 2435/3125 episodes, total num timesteps 3897600/5000000, FPS 35.

incre win rate is 0.8311688311688312.

 Map 2c_vs_64zg Algo r_drbfn Exp drbfn_2c_vs_64zg updates 2440/3125 episodes, total num timesteps 3905600/5000000, FPS 35.

incre win rate is 0.75.

 Map 2c_vs_64zg Algo r_drbfn Exp drbfn_2c_vs_64zg updates 2445/3125 episodes, total num timesteps 3913600/5000000, FPS 35.

incre win rate is 0.8129032258064516.

 Map 2c_vs_64zg Algo r_drbfn Exp drbfn_2c_vs_64zg updates 2450/3125 episodes, total num timesteps 3921600/5000000, FPS 35.

incre win rate is 0.7721518987341772.
eval win rate is 0.6875.

 Map 2c_vs_64zg Algo r_drbfn Exp drbfn_2c_vs_64zg updates 2455/3125 episodes, total num timesteps 3929600/5000000, FPS 35.

incre win rate is 0.7911392405063291.

 Map 2c_vs_64zg Algo r_drbfn Exp drbfn_2c_vs_64zg updates 2460/3125 episodes, total num timesteps 3937600/5000000, FPS 35.

incre win rate is 0.7006369426751592.

 Map 2c_vs_64zg Algo r_drbfn Exp drbfn_2c_vs_64zg updates 2465/3125 episodes, total num timesteps 3945600/5000000, FPS 35.

incre win rate is 0.7371794871794872.

 Map 2c_vs_64zg Algo r_drbfn Exp drbfn_2c_vs_64zg updates 2470/3125 episodes, total num timesteps 3953600/5000000, FPS 35.

incre win rate is 0.7452229299363057.

 Map 2c_vs_64zg Algo r_drbfn Exp drbfn_2c_vs_64zg updates 2475/3125 episodes, total num timesteps 3961600/5000000, FPS 35.

incre win rate is 0.7756410256410257.
eval win rate is 0.875.

 Map 2c_vs_64zg Algo r_drbfn Exp drbfn_2c_vs_64zg updates 2480/3125 episodes, total num timesteps 3969600/5000000, FPS 35.

incre win rate is 0.7961783439490446.

 Map 2c_vs_64zg Algo r_drbfn Exp drbfn_2c_vs_64zg updates 2485/3125 episodes, total num timesteps 3977600/5000000, FPS 35.

incre win rate is 0.8471337579617835.

 Map 2c_vs_64zg Algo r_drbfn Exp drbfn_2c_vs_64zg updates 2490/3125 episodes, total num timesteps 3985600/5000000, FPS 35.

incre win rate is 0.8461538461538461.

 Map 2c_vs_64zg Algo r_drbfn Exp drbfn_2c_vs_64zg updates 2495/3125 episodes, total num timesteps 3993600/5000000, FPS 35.

incre win rate is 0.8662420382165605.

 Map 2c_vs_64zg Algo r_drbfn Exp drbfn_2c_vs_64zg updates 2500/3125 episodes, total num timesteps 4001600/5000000, FPS 35.

incre win rate is 0.8490566037735849.
eval win rate is 0.75.

 Map 2c_vs_64zg Algo r_drbfn Exp drbfn_2c_vs_64zg updates 2505/3125 episodes, total num timesteps 4009600/5000000, FPS 35.

incre win rate is 0.8343949044585988.

 Map 2c_vs_64zg Algo r_drbfn Exp drbfn_2c_vs_64zg updates 2510/3125 episodes, total num timesteps 4017600/5000000, FPS 36.

incre win rate is 0.8343949044585988.

 Map 2c_vs_64zg Algo r_drbfn Exp drbfn_2c_vs_64zg updates 2515/3125 episodes, total num timesteps 4025600/5000000, FPS 36.

incre win rate is 0.8269230769230769.

 Map 2c_vs_64zg Algo r_drbfn Exp drbfn_2c_vs_64zg updates 2520/3125 episodes, total num timesteps 4033600/5000000, FPS 36.

incre win rate is 0.7806451612903226.

 Map 2c_vs_64zg Algo r_drbfn Exp drbfn_2c_vs_64zg updates 2525/3125 episodes, total num timesteps 4041600/5000000, FPS 36.

incre win rate is 0.7756410256410257.
eval win rate is 0.875.

 Map 2c_vs_64zg Algo r_drbfn Exp drbfn_2c_vs_64zg updates 2530/3125 episodes, total num timesteps 4049600/5000000, FPS 36.

incre win rate is 0.7870967741935484.

 Map 2c_vs_64zg Algo r_drbfn Exp drbfn_2c_vs_64zg updates 2535/3125 episodes, total num timesteps 4057600/5000000, FPS 36.

incre win rate is 0.7435897435897436.

 Map 2c_vs_64zg Algo r_drbfn Exp drbfn_2c_vs_64zg updates 2540/3125 episodes, total num timesteps 4065600/5000000, FPS 36.

incre win rate is 0.7707006369426752.

 Map 2c_vs_64zg Algo r_drbfn Exp drbfn_2c_vs_64zg updates 2545/3125 episodes, total num timesteps 4073600/5000000, FPS 36.

incre win rate is 0.8269230769230769.

 Map 2c_vs_64zg Algo r_drbfn Exp drbfn_2c_vs_64zg updates 2550/3125 episodes, total num timesteps 4081600/5000000, FPS 36.

incre win rate is 0.8516129032258064.
eval win rate is 0.84375.

 Map 2c_vs_64zg Algo r_drbfn Exp drbfn_2c_vs_64zg updates 2555/3125 episodes, total num timesteps 4089600/5000000, FPS 36.

incre win rate is 0.7792207792207793.

 Map 2c_vs_64zg Algo r_drbfn Exp drbfn_2c_vs_64zg updates 2560/3125 episodes, total num timesteps 4097600/5000000, FPS 36.

incre win rate is 0.7884615384615384.

 Map 2c_vs_64zg Algo r_drbfn Exp drbfn_2c_vs_64zg updates 2565/3125 episodes, total num timesteps 4105600/5000000, FPS 36.

incre win rate is 0.8076923076923077.

 Map 2c_vs_64zg Algo r_drbfn Exp drbfn_2c_vs_64zg updates 2570/3125 episodes, total num timesteps 4113600/5000000, FPS 36.

incre win rate is 0.7756410256410257.

 Map 2c_vs_64zg Algo r_drbfn Exp drbfn_2c_vs_64zg updates 2575/3125 episodes, total num timesteps 4121600/5000000, FPS 36.

incre win rate is 0.8343949044585988.
eval win rate is 0.90625.

 Map 2c_vs_64zg Algo r_drbfn Exp drbfn_2c_vs_64zg updates 2580/3125 episodes, total num timesteps 4129600/5000000, FPS 36.

incre win rate is 0.8670886075949367.

 Map 2c_vs_64zg Algo r_drbfn Exp drbfn_2c_vs_64zg updates 2585/3125 episodes, total num timesteps 4137600/5000000, FPS 36.

incre win rate is 0.8193548387096774.

 Map 2c_vs_64zg Algo r_drbfn Exp drbfn_2c_vs_64zg updates 2590/3125 episodes, total num timesteps 4145600/5000000, FPS 36.

incre win rate is 0.7987012987012987.

 Map 2c_vs_64zg Algo r_drbfn Exp drbfn_2c_vs_64zg updates 2595/3125 episodes, total num timesteps 4153600/5000000, FPS 36.

incre win rate is 0.9354838709677419.

 Map 2c_vs_64zg Algo r_drbfn Exp drbfn_2c_vs_64zg updates 2600/3125 episodes, total num timesteps 4161600/5000000, FPS 36.

incre win rate is 0.8580645161290322.
eval win rate is 0.78125.

 Map 2c_vs_64zg Algo r_drbfn Exp drbfn_2c_vs_64zg updates 2605/3125 episodes, total num timesteps 4169600/5000000, FPS 36.

incre win rate is 0.8580645161290322.

 Map 2c_vs_64zg Algo r_drbfn Exp drbfn_2c_vs_64zg updates 2610/3125 episodes, total num timesteps 4177600/5000000, FPS 36.

incre win rate is 0.7857142857142857.

 Map 2c_vs_64zg Algo r_drbfn Exp drbfn_2c_vs_64zg updates 2615/3125 episodes, total num timesteps 4185600/5000000, FPS 36.

incre win rate is 0.8670886075949367.

 Map 2c_vs_64zg Algo r_drbfn Exp drbfn_2c_vs_64zg updates 2620/3125 episodes, total num timesteps 4193600/5000000, FPS 36.

incre win rate is 0.9119496855345912.

 Map 2c_vs_64zg Algo r_drbfn Exp drbfn_2c_vs_64zg updates 2625/3125 episodes, total num timesteps 4201600/5000000, FPS 36.

incre win rate is 0.8846153846153846.
eval win rate is 0.84375.

 Map 2c_vs_64zg Algo r_drbfn Exp drbfn_2c_vs_64zg updates 2630/3125 episodes, total num timesteps 4209600/5000000, FPS 36.

incre win rate is 0.8961038961038961.

 Map 2c_vs_64zg Algo r_drbfn Exp drbfn_2c_vs_64zg updates 2635/3125 episodes, total num timesteps 4217600/5000000, FPS 36.

incre win rate is 0.8734177215189873.

 Map 2c_vs_64zg Algo r_drbfn Exp drbfn_2c_vs_64zg updates 2640/3125 episodes, total num timesteps 4225600/5000000, FPS 36.

incre win rate is 0.8407643312101911.

 Map 2c_vs_64zg Algo r_drbfn Exp drbfn_2c_vs_64zg updates 2645/3125 episodes, total num timesteps 4233600/5000000, FPS 36.

incre win rate is 0.8717948717948718.

 Map 2c_vs_64zg Algo r_drbfn Exp drbfn_2c_vs_64zg updates 2650/3125 episodes, total num timesteps 4241600/5000000, FPS 36.

incre win rate is 0.8758169934640523.
eval win rate is 0.75.

 Map 2c_vs_64zg Algo r_drbfn Exp drbfn_2c_vs_64zg updates 2655/3125 episodes, total num timesteps 4249600/5000000, FPS 36.

incre win rate is 0.8717948717948718.

 Map 2c_vs_64zg Algo r_drbfn Exp drbfn_2c_vs_64zg updates 2660/3125 episodes, total num timesteps 4257600/5000000, FPS 36.

incre win rate is 0.8717948717948718.

 Map 2c_vs_64zg Algo r_drbfn Exp drbfn_2c_vs_64zg updates 2665/3125 episodes, total num timesteps 4265600/5000000, FPS 36.

incre win rate is 0.8562091503267973.

 Map 2c_vs_64zg Algo r_drbfn Exp drbfn_2c_vs_64zg updates 2670/3125 episodes, total num timesteps 4273600/5000000, FPS 36.

incre win rate is 0.7948717948717948.

 Map 2c_vs_64zg Algo r_drbfn Exp drbfn_2c_vs_64zg updates 2675/3125 episodes, total num timesteps 4281600/5000000, FPS 37.

incre win rate is 0.8451612903225807.
eval win rate is 0.65625.

 Map 2c_vs_64zg Algo r_drbfn Exp drbfn_2c_vs_64zg updates 2680/3125 episodes, total num timesteps 4289600/5000000, FPS 37.

incre win rate is 0.732484076433121.

 Map 2c_vs_64zg Algo r_drbfn Exp drbfn_2c_vs_64zg updates 2685/3125 episodes, total num timesteps 4297600/5000000, FPS 37.

incre win rate is 0.8026315789473685.

 Map 2c_vs_64zg Algo r_drbfn Exp drbfn_2c_vs_64zg updates 2690/3125 episodes, total num timesteps 4305600/5000000, FPS 37.

incre win rate is 0.8205128205128205.

 Map 2c_vs_64zg Algo r_drbfn Exp drbfn_2c_vs_64zg updates 2695/3125 episodes, total num timesteps 4313600/5000000, FPS 37.

incre win rate is 0.7741935483870968.

 Map 2c_vs_64zg Algo r_drbfn Exp drbfn_2c_vs_64zg updates 2700/3125 episodes, total num timesteps 4321600/5000000, FPS 37.

incre win rate is 0.7225806451612903.
eval win rate is 0.90625.

 Map 2c_vs_64zg Algo r_drbfn Exp drbfn_2c_vs_64zg updates 2705/3125 episodes, total num timesteps 4329600/5000000, FPS 37.

incre win rate is 0.7692307692307693.

 Map 2c_vs_64zg Algo r_drbfn Exp drbfn_2c_vs_64zg updates 2710/3125 episodes, total num timesteps 4337600/5000000, FPS 37.

incre win rate is 0.8258064516129032.

 Map 2c_vs_64zg Algo r_drbfn Exp drbfn_2c_vs_64zg updates 2715/3125 episodes, total num timesteps 4345600/5000000, FPS 37.

incre win rate is 0.8506493506493507.

 Map 2c_vs_64zg Algo r_drbfn Exp drbfn_2c_vs_64zg updates 2720/3125 episodes, total num timesteps 4353600/5000000, FPS 37.

incre win rate is 0.8535031847133758.

 Map 2c_vs_64zg Algo r_drbfn Exp drbfn_2c_vs_64zg updates 2725/3125 episodes, total num timesteps 4361600/5000000, FPS 37.

incre win rate is 0.8152866242038217.
eval win rate is 0.8125.

 Map 2c_vs_64zg Algo r_drbfn Exp drbfn_2c_vs_64zg updates 2730/3125 episodes, total num timesteps 4369600/5000000, FPS 37.

incre win rate is 0.8387096774193549.

 Map 2c_vs_64zg Algo r_drbfn Exp drbfn_2c_vs_64zg updates 2735/3125 episodes, total num timesteps 4377600/5000000, FPS 37.

incre win rate is 0.9050632911392406.

 Map 2c_vs_64zg Algo r_drbfn Exp drbfn_2c_vs_64zg updates 2740/3125 episodes, total num timesteps 4385600/5000000, FPS 37.

incre win rate is 0.9235668789808917.

 Map 2c_vs_64zg Algo r_drbfn Exp drbfn_2c_vs_64zg updates 2745/3125 episodes, total num timesteps 4393600/5000000, FPS 37.

incre win rate is 0.8789808917197452.

 Map 2c_vs_64zg Algo r_drbfn Exp drbfn_2c_vs_64zg updates 2750/3125 episodes, total num timesteps 4401600/5000000, FPS 37.

incre win rate is 0.8987341772151899.
eval win rate is 0.90625.

 Map 2c_vs_64zg Algo r_drbfn Exp drbfn_2c_vs_64zg updates 2755/3125 episodes, total num timesteps 4409600/5000000, FPS 37.

incre win rate is 0.8924050632911392.

 Map 2c_vs_64zg Algo r_drbfn Exp drbfn_2c_vs_64zg updates 2760/3125 episodes, total num timesteps 4417600/5000000, FPS 37.

incre win rate is 0.89171974522293.

 Map 2c_vs_64zg Algo r_drbfn Exp drbfn_2c_vs_64zg updates 2765/3125 episodes, total num timesteps 4425600/5000000, FPS 37.

incre win rate is 0.9113924050632911.

 Map 2c_vs_64zg Algo r_drbfn Exp drbfn_2c_vs_64zg updates 2770/3125 episodes, total num timesteps 4433600/5000000, FPS 37.

incre win rate is 0.8980891719745223.

 Map 2c_vs_64zg Algo r_drbfn Exp drbfn_2c_vs_64zg updates 2775/3125 episodes, total num timesteps 4441600/5000000, FPS 37.

incre win rate is 0.8516129032258064.
eval win rate is 0.9375.

 Map 2c_vs_64zg Algo r_drbfn Exp drbfn_2c_vs_64zg updates 2780/3125 episodes, total num timesteps 4449600/5000000, FPS 37.

incre win rate is 0.8589743589743589.

 Map 2c_vs_64zg Algo r_drbfn Exp drbfn_2c_vs_64zg updates 2785/3125 episodes, total num timesteps 4457600/5000000, FPS 37.

incre win rate is 0.8709677419354839.

 Map 2c_vs_64zg Algo r_drbfn Exp drbfn_2c_vs_64zg updates 2790/3125 episodes, total num timesteps 4465600/5000000, FPS 37.

incre win rate is 0.8742138364779874.

 Map 2c_vs_64zg Algo r_drbfn Exp drbfn_2c_vs_64zg updates 2795/3125 episodes, total num timesteps 4473600/5000000, FPS 37.

incre win rate is 0.8535031847133758.

 Map 2c_vs_64zg Algo r_drbfn Exp drbfn_2c_vs_64zg updates 2800/3125 episodes, total num timesteps 4481600/5000000, FPS 37.

incre win rate is 0.8598726114649682.
eval win rate is 0.90625.

 Map 2c_vs_64zg Algo r_drbfn Exp drbfn_2c_vs_64zg updates 2805/3125 episodes, total num timesteps 4489600/5000000, FPS 37.

incre win rate is 0.8653846153846154.

 Map 2c_vs_64zg Algo r_drbfn Exp drbfn_2c_vs_64zg updates 2810/3125 episodes, total num timesteps 4497600/5000000, FPS 37.

incre win rate is 0.9044585987261147.

 Map 2c_vs_64zg Algo r_drbfn Exp drbfn_2c_vs_64zg updates 2815/3125 episodes, total num timesteps 4505600/5000000, FPS 37.

incre win rate is 0.8481012658227848.

 Map 2c_vs_64zg Algo r_drbfn Exp drbfn_2c_vs_64zg updates 2820/3125 episodes, total num timesteps 4513600/5000000, FPS 37.

incre win rate is 0.8343949044585988.

 Map 2c_vs_64zg Algo r_drbfn Exp drbfn_2c_vs_64zg updates 2825/3125 episodes, total num timesteps 4521600/5000000, FPS 37.

incre win rate is 0.8089171974522293.
eval win rate is 0.9375.

 Map 2c_vs_64zg Algo r_drbfn Exp drbfn_2c_vs_64zg updates 2830/3125 episodes, total num timesteps 4529600/5000000, FPS 37.

incre win rate is 0.8227848101265823.

 Map 2c_vs_64zg Algo r_drbfn Exp drbfn_2c_vs_64zg updates 2835/3125 episodes, total num timesteps 4537600/5000000, FPS 37.

incre win rate is 0.8289473684210527.

 Map 2c_vs_64zg Algo r_drbfn Exp drbfn_2c_vs_64zg updates 2840/3125 episodes, total num timesteps 4545600/5000000, FPS 37.

incre win rate is 0.8930817610062893.

 Map 2c_vs_64zg Algo r_drbfn Exp drbfn_2c_vs_64zg updates 2845/3125 episodes, total num timesteps 4553600/5000000, FPS 37.

incre win rate is 0.8853503184713376.

 Map 2c_vs_64zg Algo r_drbfn Exp drbfn_2c_vs_64zg updates 2850/3125 episodes, total num timesteps 4561600/5000000, FPS 37.

incre win rate is 0.8974358974358975.
eval win rate is 0.875.

 Map 2c_vs_64zg Algo r_drbfn Exp drbfn_2c_vs_64zg updates 2855/3125 episodes, total num timesteps 4569600/5000000, FPS 37.

incre win rate is 0.8471337579617835.

 Map 2c_vs_64zg Algo r_drbfn Exp drbfn_2c_vs_64zg updates 2860/3125 episodes, total num timesteps 4577600/5000000, FPS 38.

incre win rate is 0.8525641025641025.

 Map 2c_vs_64zg Algo r_drbfn Exp drbfn_2c_vs_64zg updates 2865/3125 episodes, total num timesteps 4585600/5000000, FPS 38.

incre win rate is 0.8525641025641025.

 Map 2c_vs_64zg Algo r_drbfn Exp drbfn_2c_vs_64zg updates 2870/3125 episodes, total num timesteps 4593600/5000000, FPS 38.

incre win rate is 0.802547770700637.

 Map 2c_vs_64zg Algo r_drbfn Exp drbfn_2c_vs_64zg updates 2875/3125 episodes, total num timesteps 4601600/5000000, FPS 38.

incre win rate is 0.8662420382165605.
eval win rate is 0.9375.

 Map 2c_vs_64zg Algo r_drbfn Exp drbfn_2c_vs_64zg updates 2880/3125 episodes, total num timesteps 4609600/5000000, FPS 38.

incre win rate is 0.8535031847133758.

 Map 2c_vs_64zg Algo r_drbfn Exp drbfn_2c_vs_64zg updates 2885/3125 episodes, total num timesteps 4617600/5000000, FPS 38.

incre win rate is 0.9044585987261147.

 Map 2c_vs_64zg Algo r_drbfn Exp drbfn_2c_vs_64zg updates 2890/3125 episodes, total num timesteps 4625600/5000000, FPS 38.
WARNING:absl:SC2 isn't running, so bailing early on the websocket connection.

incre win rate is 0.8354430379746836.

 Map 2c_vs_64zg Algo r_drbfn Exp drbfn_2c_vs_64zg updates 2895/3125 episodes, total num timesteps 4633600/5000000, FPS 38.

incre win rate is 0.8481012658227848.

 Map 2c_vs_64zg Algo r_drbfn Exp drbfn_2c_vs_64zg updates 2900/3125 episodes, total num timesteps 4641600/5000000, FPS 38.

incre win rate is 0.8910256410256411.
eval win rate is 0.875.

 Map 2c_vs_64zg Algo r_drbfn Exp drbfn_2c_vs_64zg updates 2905/3125 episodes, total num timesteps 4649600/5000000, FPS 38.

incre win rate is 0.9371069182389937.

 Map 2c_vs_64zg Algo r_drbfn Exp drbfn_2c_vs_64zg updates 2910/3125 episodes, total num timesteps 4657600/5000000, FPS 38.

incre win rate is 0.8397435897435898.

 Map 2c_vs_64zg Algo r_drbfn Exp drbfn_2c_vs_64zg updates 2915/3125 episodes, total num timesteps 4665600/5000000, FPS 38.

incre win rate is 0.8867924528301887.

 Map 2c_vs_64zg Algo r_drbfn Exp drbfn_2c_vs_64zg updates 2920/3125 episodes, total num timesteps 4673600/5000000, FPS 38.

incre win rate is 0.8670886075949367.

 Map 2c_vs_64zg Algo r_drbfn Exp drbfn_2c_vs_64zg updates 2925/3125 episodes, total num timesteps 4681600/5000000, FPS 38.

incre win rate is 0.8343949044585988.
eval win rate is 0.78125.

 Map 2c_vs_64zg Algo r_drbfn Exp drbfn_2c_vs_64zg updates 2930/3125 episodes, total num timesteps 4689600/5000000, FPS 38.

incre win rate is 0.8589743589743589.

 Map 2c_vs_64zg Algo r_drbfn Exp drbfn_2c_vs_64zg updates 2935/3125 episodes, total num timesteps 4697600/5000000, FPS 38.

incre win rate is 0.8717948717948718.

 Map 2c_vs_64zg Algo r_drbfn Exp drbfn_2c_vs_64zg updates 2940/3125 episodes, total num timesteps 4705600/5000000, FPS 38.

incre win rate is 0.9556962025316456.

 Map 2c_vs_64zg Algo r_drbfn Exp drbfn_2c_vs_64zg updates 2945/3125 episodes, total num timesteps 4713600/5000000, FPS 38.

incre win rate is 0.8853503184713376.

 Map 2c_vs_64zg Algo r_drbfn Exp drbfn_2c_vs_64zg updates 2950/3125 episodes, total num timesteps 4721600/5000000, FPS 38.

incre win rate is 0.8987341772151899.
eval win rate is 0.84375.

 Map 2c_vs_64zg Algo r_drbfn Exp drbfn_2c_vs_64zg updates 2955/3125 episodes, total num timesteps 4729600/5000000, FPS 38.

incre win rate is 0.9119496855345912.

 Map 2c_vs_64zg Algo r_drbfn Exp drbfn_2c_vs_64zg updates 2960/3125 episodes, total num timesteps 4737600/5000000, FPS 38.

incre win rate is 0.8717948717948718.

 Map 2c_vs_64zg Algo r_drbfn Exp drbfn_2c_vs_64zg updates 2965/3125 episodes, total num timesteps 4745600/5000000, FPS 38.

incre win rate is 0.8726114649681529.

 Map 2c_vs_64zg Algo r_drbfn Exp drbfn_2c_vs_64zg updates 2970/3125 episodes, total num timesteps 4753600/5000000, FPS 38.

incre win rate is 0.8670886075949367.

 Map 2c_vs_64zg Algo r_drbfn Exp drbfn_2c_vs_64zg updates 2975/3125 episodes, total num timesteps 4761600/5000000, FPS 38.

incre win rate is 0.8789808917197452.
Traceback (most recent call last):
  File "c:\users\’≈”¢√˙\desktop\on-policy\onpolicy\envs\starcraft2\StarCraft2_Env.py", line 484, in step
    self._controller.actions(req_actions)
  File "D:\conda\Lib\site-packages\pysc2\lib\remote_controller.py", line 81, in _skip_status
    return func(self, *args, **kwargs)
           ^^^^^^^^^^^^^^^^^^^^^^^^^^^
  File "D:\conda\Lib\site-packages\pysc2\lib\remote_controller.py", line 92, in _valid_status
    raise protocol.ProtocolError(
pysc2.lib.protocol.ProtocolError: `actions` called while in state: Status.ended, valid: (Status.in_game)

During handling of the above exception, another exception occurred:

Traceback (most recent call last):
  File "C:\Users\’≈”¢√˙\Desktop\on-policy\onpolicy\scripts\train\train_smac.py", line 262, in <module>
    main(sys.argv[1:])
  File "C:\Users\’≈”¢√˙\Desktop\on-policy\onpolicy\scripts\train\train_smac.py", line 246, in main
    runner.run()
  File "c:\users\’≈”¢√˙\desktop\on-policy\onpolicy\runner\shared\smac_runner.py", line 96, in run
    self.eval(total_num_steps)
  File "D:\conda\Lib\site-packages\torch\utils\_contextlib.py", line 124, in decorate_context
    return func(*args, **kwargs)
           ^^^^^^^^^^^^^^^^^^^^^
  File "c:\users\’≈”¢√˙\desktop\on-policy\onpolicy\runner\shared\smac_runner.py", line 195, in eval
    eval_obs, eval_share_obs, eval_rewards, eval_dones, eval_infos, eval_available_actions = self.eval_envs.step(eval_actions)
                                                                                             ^^^^^^^^^^^^^^^^^^^^^^^^^^^^^^^^^
  File "c:\users\’≈”¢√˙\desktop\on-policy\onpolicy\envs\env_wrappers.py", line 107, in step
    return self.step_wait()
           ^^^^^^^^^^^^^^^^
  File "c:\users\’≈”¢√˙\desktop\on-policy\onpolicy\envs\env_wrappers.py", line 738, in step_wait
    results = [env.step(a) for (a, env) in zip(self.actions, self.envs)]
               ^^^^^^^^^^^
  File "c:\users\’≈”¢√˙\desktop\on-policy\onpolicy\envs\starcraft2\StarCraft2_Env.py", line 490, in step
    self.full_restart()
  File "c:\users\’≈”¢√˙\desktop\on-policy\onpolicy\envs\starcraft2\StarCraft2_Env.py", line 452, in full_restart
    self._launch()
  File "c:\users\’≈”¢√˙\desktop\on-policy\onpolicy\envs\starcraft2\StarCraft2_Env.py", line 338, in _launch
    self._sc2_proc = self._run_config.start(window_size=self.window_size, want_rgb=False)
                     ^^^^^^^^^^^^^^^^^^^^^^^^^^^^^^^^^^^^^^^^^^^^^^^^^^^^^^^^^^^^^^^^^^^^
  File "D:\conda\Lib\site-packages\pysc2\run_configs\platforms.py", line 83, in start
    return sc_process.StarcraftProcess(
           ^^^^^^^^^^^^^^^^^^^^^^^^^^^^
  File "D:\conda\Lib\site-packages\pysc2\lib\sc_process.py", line 137, in __init__
    self._controller = remote_controller.RemoteController(
                       ^^^^^^^^^^^^^^^^^^^^^^^^^^^^^^^^^^^
  File "D:\conda\Lib\site-packages\pysc2\lib\remote_controller.py", line 142, in __init__
    sock = self._connect(host, port, proc, timeout_seconds)
           ^^^^^^^^^^^^^^^^^^^^^^^^^^^^^^^^^^^^^^^^^^^^^^^^
  File "D:\conda\Lib\site-packages\pysc2\lib\stopwatch.py", line 205, in _stopwatch
    return func(*args, **kwargs)
           ^^^^^^^^^^^^^^^^^^^^^
  File "D:\conda\Lib\site-packages\pysc2\lib\remote_controller.py", line 176, in _connect
    raise ConnectError("Failed to connect to the SC2 websocket. Is it up?")
pysc2.lib.remote_controller.ConnectError: Failed to connect to the SC2 websocket. Is it up?
