u are choosing to use r_drbfn_final (v1 + n-step Q_tot), keeping use_centralized_V = True
choose to use gpu...
D:\conda\Lib\site-packages\requests\__init__.py:113: RequestsDependencyWarning: urllib3 (2.2.3) or chardet (7.4.3)/charset_normalizer (3.3.2) doesn't match a supported version!
  warnings.warn(
obs_space:  [[124, [4, 17], [6, 5], [1, 4], [1, 22]], [124, [4, 17], [6, 5], [1, 4], [1, 22]], [124, [4, 17], [6, 5], [1, 4], [1, 22]], [124, [4, 17], [6, 5], [1, 4], [1, 22]], [124, [4, 17], [6, 5], [1, 4], [1, 22]]]
share_obs_space:  [[156, [4, 20], [6, 8], [1, 4], [1, 24]], [156, [4, 20], [6, 8], [1, 4], [1, 24]], [156, [4, 20], [6, 8], [1, 4], [1, 24]], [156, [4, 20], [6, 8], [1, 4], [1, 24]], [156, [4, 20], [6, 8], [1, 4], [1, 24]]]
act_space:  [Discrete(12), Discrete(12), Discrete(12), Discrete(12), Discrete(12)]
Restored drbfn from checkpoint
Restored qi_net from checkpoint
Restored qtot_net from checkpoint
Restored qi_target from checkpoint
Restored qtot_target from checkpoint

 Map 5m_vs_6m Algo r_drbfn_final Exp v_final_5m_vs_6m_5M_resume updates 0/5280 episodes, total num timesteps 800/4224000, FPS 66.

incre win rate is 0.13333333333333333.
eval win rate is 0.21875.

 Map 5m_vs_6m Algo r_drbfn_final Exp v_final_5m_vs_6m_5M_resume updates 5/5280 episodes, total num timesteps 4800/4224000, FPS 60.

incre win rate is 0.22085889570552147.

 Map 5m_vs_6m Algo r_drbfn_final Exp v_final_5m_vs_6m_5M_resume updates 10/5280 episodes, total num timesteps 8800/4224000, FPS 69.

incre win rate is 0.1696969696969697.

 Map 5m_vs_6m Algo r_drbfn_final Exp v_final_5m_vs_6m_5M_resume updates 15/5280 episodes, total num timesteps 12800/4224000, FPS 74.

incre win rate is 0.2111801242236025.

 Map 5m_vs_6m Algo r_drbfn_final Exp v_final_5m_vs_6m_5M_resume updates 20/5280 episodes, total num timesteps 16800/4224000, FPS 79.

incre win rate is 0.2392638036809816.

 Map 5m_vs_6m Algo r_drbfn_final Exp v_final_5m_vs_6m_5M_resume updates 25/5280 episodes, total num timesteps 20800/4224000, FPS 83.

incre win rate is 0.1951219512195122.
eval win rate is 0.21875.

 Map 5m_vs_6m Algo r_drbfn_final Exp v_final_5m_vs_6m_5M_resume updates 30/5280 episodes, total num timesteps 24800/4224000, FPS 81.

incre win rate is 0.17073170731707318.

 Map 5m_vs_6m Algo r_drbfn_final Exp v_final_5m_vs_6m_5M_resume updates 35/5280 episodes, total num timesteps 28800/4224000, FPS 82.

incre win rate is 0.19631901840490798.

 Map 5m_vs_6m Algo r_drbfn_final Exp v_final_5m_vs_6m_5M_resume updates 40/5280 episodes, total num timesteps 32800/4224000, FPS 84.

incre win rate is 0.19047619047619047.

 Map 5m_vs_6m Algo r_drbfn_final Exp v_final_5m_vs_6m_5M_resume updates 45/5280 episodes, total num timesteps 36800/4224000, FPS 85.

incre win rate is 0.2360248447204969.

 Map 5m_vs_6m Algo r_drbfn_final Exp v_final_5m_vs_6m_5M_resume updates 50/5280 episodes, total num timesteps 40800/4224000, FPS 86.

incre win rate is 0.175.
eval win rate is 0.34375.

 Map 5m_vs_6m Algo r_drbfn_final Exp v_final_5m_vs_6m_5M_resume updates 55/5280 episodes, total num timesteps 44800/4224000, FPS 86.

incre win rate is 0.17901234567901234.

 Map 5m_vs_6m Algo r_drbfn_final Exp v_final_5m_vs_6m_5M_resume updates 60/5280 episodes, total num timesteps 48800/4224000, FPS 86.

incre win rate is 0.20625.

 Map 5m_vs_6m Algo r_drbfn_final Exp v_final_5m_vs_6m_5M_resume updates 65/5280 episodes, total num timesteps 52800/4224000, FPS 86.

incre win rate is 0.2331288343558282.
[v_final step=70] R_mean=0.4464 | G_n_mean=4.8883 (n=5) | q_tot_pred=3.1132 | drbfn_loss=-2.4720, qi_loss=0.0278, qtot_loss=7.9415

 Map 5m_vs_6m Algo r_drbfn_final Exp v_final_5m_vs_6m_5M_resume updates 70/5280 episodes, total num timesteps 56800/4224000, FPS 86.

incre win rate is 0.15950920245398773.

 Map 5m_vs_6m Algo r_drbfn_final Exp v_final_5m_vs_6m_5M_resume updates 75/5280 episodes, total num timesteps 60800/4224000, FPS 89.

incre win rate is 0.15527950310559005.
eval win rate is 0.1875.
[v_final step=80] R_mean=0.4854 | G_n_mean=5.1997 (n=5) | q_tot_pred=4.1262 | drbfn_loss=-2.4904, qi_loss=0.0303, qtot_loss=5.2873

 Map 5m_vs_6m Algo r_drbfn_final Exp v_final_5m_vs_6m_5M_resume updates 80/5280 episodes, total num timesteps 64800/4224000, FPS 91.

incre win rate is 0.1524390243902439.

 Map 5m_vs_6m Algo r_drbfn_final Exp v_final_5m_vs_6m_5M_resume updates 85/5280 episodes, total num timesteps 68800/4224000, FPS 93.

incre win rate is 0.12121212121212122.
[v_final step=90] R_mean=0.4390 | G_n_mean=4.8077 (n=5) | q_tot_pred=5.1160 | drbfn_loss=-2.4882, qi_loss=0.0206, qtot_loss=2.5427

 Map 5m_vs_6m Algo r_drbfn_final Exp v_final_5m_vs_6m_5M_resume updates 90/5280 episodes, total num timesteps 72800/4224000, FPS 95.

incre win rate is 0.13333333333333333.

 Map 5m_vs_6m Algo r_drbfn_final Exp v_final_5m_vs_6m_5M_resume updates 95/5280 episodes, total num timesteps 76800/4224000, FPS 97.

incre win rate is 0.1524390243902439.
[v_final step=100] R_mean=0.4513 | G_n_mean=5.0887 (n=5) | q_tot_pred=5.6455 | drbfn_loss=-2.4981, qi_loss=0.0207, qtot_loss=2.8150

 Map 5m_vs_6m Algo r_drbfn_final Exp v_final_5m_vs_6m_5M_resume updates 100/5280 episodes, total num timesteps 80800/4224000, FPS 99.

incre win rate is 0.16463414634146342.
eval win rate is 0.3125.

 Map 5m_vs_6m Algo r_drbfn_final Exp v_final_5m_vs_6m_5M_resume updates 105/5280 episodes, total num timesteps 84800/4224000, FPS 100.

incre win rate is 0.19631901840490798.
[v_final step=110] R_mean=0.4685 | G_n_mean=5.1074 (n=5) | q_tot_pred=5.1458 | drbfn_loss=-2.4908, qi_loss=0.0307, qtot_loss=2.2586

 Map 5m_vs_6m Algo r_drbfn_final Exp v_final_5m_vs_6m_5M_resume updates 110/5280 episodes, total num timesteps 88800/4224000, FPS 102.

incre win rate is 0.21739130434782608.

 Map 5m_vs_6m Algo r_drbfn_final Exp v_final_5m_vs_6m_5M_resume updates 115/5280 episodes, total num timesteps 92800/4224000, FPS 104.

incre win rate is 0.15853658536585366.
[v_final step=120] R_mean=0.4352 | G_n_mean=4.8948 (n=5) | q_tot_pred=5.0167 | drbfn_loss=-2.4956, qi_loss=0.0246, qtot_loss=2.1569

 Map 5m_vs_6m Algo r_drbfn_final Exp v_final_5m_vs_6m_5M_resume updates 120/5280 episodes, total num timesteps 96800/4224000, FPS 105.

incre win rate is 0.2484076433121019.

 Map 5m_vs_6m Algo r_drbfn_final Exp v_final_5m_vs_6m_5M_resume updates 125/5280 episodes, total num timesteps 100800/4224000, FPS 107.

incre win rate is 0.18292682926829268.
eval win rate is 0.40625.
[v_final step=130] R_mean=0.5017 | G_n_mean=5.4131 (n=5) | q_tot_pred=5.5018 | drbfn_loss=-2.4977, qi_loss=0.0350, qtot_loss=2.9737

 Map 5m_vs_6m Algo r_drbfn_final Exp v_final_5m_vs_6m_5M_resume updates 130/5280 episodes, total num timesteps 104800/4224000, FPS 107.

incre win rate is 0.29375.

 Map 5m_vs_6m Algo r_drbfn_final Exp v_final_5m_vs_6m_5M_resume updates 135/5280 episodes, total num timesteps 108800/4224000, FPS 106.

incre win rate is 0.2345679012345679.
[v_final step=140] R_mean=0.5052 | G_n_mean=5.4335 (n=5) | q_tot_pred=5.4649 | drbfn_loss=-2.4942, qi_loss=0.0227, qtot_loss=2.6971

 Map 5m_vs_6m Algo r_drbfn_final Exp v_final_5m_vs_6m_5M_resume updates 140/5280 episodes, total num timesteps 112800/4224000, FPS 105.

incre win rate is 0.2375.

 Map 5m_vs_6m Algo r_drbfn_final Exp v_final_5m_vs_6m_5M_resume updates 145/5280 episodes, total num timesteps 116800/4224000, FPS 104.

incre win rate is 0.26582278481012656.
[v_final step=150] R_mean=0.5098 | G_n_mean=5.5959 (n=5) | q_tot_pred=5.5001 | drbfn_loss=-2.4963, qi_loss=0.0351, qtot_loss=3.2655

 Map 5m_vs_6m Algo r_drbfn_final Exp v_final_5m_vs_6m_5M_resume updates 150/5280 episodes, total num timesteps 120800/4224000, FPS 104.

incre win rate is 0.2802547770700637.
eval win rate is 0.25.

 Map 5m_vs_6m Algo r_drbfn_final Exp v_final_5m_vs_6m_5M_resume updates 155/5280 episodes, total num timesteps 124800/4224000, FPS 102.

incre win rate is 0.21604938271604937.
[v_final step=160] R_mean=0.4875 | G_n_mean=5.3882 (n=5) | q_tot_pred=5.4343 | drbfn_loss=-2.4983, qi_loss=0.0318, qtot_loss=2.7091

 Map 5m_vs_6m Algo r_drbfn_final Exp v_final_5m_vs_6m_5M_resume updates 160/5280 episodes, total num timesteps 128800/4224000, FPS 101.

incre win rate is 0.23780487804878048.

 Map 5m_vs_6m Algo r_drbfn_final Exp v_final_5m_vs_6m_5M_resume updates 165/5280 episodes, total num timesteps 132800/4224000, FPS 101.

incre win rate is 0.3227848101265823.
[v_final step=170] R_mean=0.4798 | G_n_mean=5.4063 (n=5) | q_tot_pred=5.5859 | drbfn_loss=-2.4971, qi_loss=0.0290, qtot_loss=2.7595

 Map 5m_vs_6m Algo r_drbfn_final Exp v_final_5m_vs_6m_5M_resume updates 170/5280 episodes, total num timesteps 136800/4224000, FPS 101.

incre win rate is 0.275.

 Map 5m_vs_6m Algo r_drbfn_final Exp v_final_5m_vs_6m_5M_resume updates 175/5280 episodes, total num timesteps 140800/4224000, FPS 100.

incre win rate is 0.2911392405063291.
eval win rate is 0.59375.
[v_final step=180] R_mean=0.4908 | G_n_mean=5.5307 (n=5) | q_tot_pred=5.6206 | drbfn_loss=-2.4972, qi_loss=0.0319, qtot_loss=2.6939

 Map 5m_vs_6m Algo r_drbfn_final Exp v_final_5m_vs_6m_5M_resume updates 180/5280 episodes, total num timesteps 144800/4224000, FPS 99.

incre win rate is 0.2360248447204969.

 Map 5m_vs_6m Algo r_drbfn_final Exp v_final_5m_vs_6m_5M_resume updates 185/5280 episodes, total num timesteps 148800/4224000, FPS 99.

incre win rate is 0.2929936305732484.
[v_final step=190] R_mean=0.5025 | G_n_mean=5.7392 (n=5) | q_tot_pred=5.8033 | drbfn_loss=-2.4983, qi_loss=0.0260, qtot_loss=2.5356

 Map 5m_vs_6m Algo r_drbfn_final Exp v_final_5m_vs_6m_5M_resume updates 190/5280 episodes, total num timesteps 152800/4224000, FPS 99.

incre win rate is 0.25609756097560976.

 Map 5m_vs_6m Algo r_drbfn_final Exp v_final_5m_vs_6m_5M_resume updates 195/5280 episodes, total num timesteps 156800/4224000, FPS 98.

incre win rate is 0.25766871165644173.
[v_final step=200] R_mean=0.4517 | G_n_mean=5.1904 (n=5) | q_tot_pred=5.3459 | drbfn_loss=-2.4983, qi_loss=0.0231, qtot_loss=2.4783

 Map 5m_vs_6m Algo r_drbfn_final Exp v_final_5m_vs_6m_5M_resume updates 200/5280 episodes, total num timesteps 160800/4224000, FPS 98.

incre win rate is 0.2111801242236025.
eval win rate is 0.28125.

 Map 5m_vs_6m Algo r_drbfn_final Exp v_final_5m_vs_6m_5M_resume updates 205/5280 episodes, total num timesteps 164800/4224000, FPS 97.

incre win rate is 0.2981366459627329.
[v_final step=210] R_mean=0.5006 | G_n_mean=5.5990 (n=5) | q_tot_pred=5.6337 | drbfn_loss=-2.4976, qi_loss=0.0300, qtot_loss=3.0171

 Map 5m_vs_6m Algo r_drbfn_final Exp v_final_5m_vs_6m_5M_resume updates 210/5280 episodes, total num timesteps 168800/4224000, FPS 97.

incre win rate is 0.29375.

 Map 5m_vs_6m Algo r_drbfn_final Exp v_final_5m_vs_6m_5M_resume updates 215/5280 episodes, total num timesteps 172800/4224000, FPS 97.

incre win rate is 0.30128205128205127.
[v_final step=220] R_mean=0.5081 | G_n_mean=5.6945 (n=5) | q_tot_pred=5.7333 | drbfn_loss=-2.4982, qi_loss=0.0417, qtot_loss=2.7476

 Map 5m_vs_6m Algo r_drbfn_final Exp v_final_5m_vs_6m_5M_resume updates 220/5280 episodes, total num timesteps 176800/4224000, FPS 96.

incre win rate is 0.25925925925925924.

 Map 5m_vs_6m Algo r_drbfn_final Exp v_final_5m_vs_6m_5M_resume updates 225/5280 episodes, total num timesteps 180800/4224000, FPS 96.

incre win rate is 0.22641509433962265.
eval win rate is 0.1875.
[v_final step=230] R_mean=0.4914 | G_n_mean=5.6101 (n=5) | q_tot_pred=5.6141 | drbfn_loss=-2.4984, qi_loss=0.0341, qtot_loss=3.2374

 Map 5m_vs_6m Algo r_drbfn_final Exp v_final_5m_vs_6m_5M_resume updates 230/5280 episodes, total num timesteps 184800/4224000, FPS 95.

incre win rate is 0.22151898734177214.

 Map 5m_vs_6m Algo r_drbfn_final Exp v_final_5m_vs_6m_5M_resume updates 235/5280 episodes, total num timesteps 188800/4224000, FPS 95.

incre win rate is 0.27388535031847133.
[v_final step=240] R_mean=0.4523 | G_n_mean=5.4173 (n=5) | q_tot_pred=5.5727 | drbfn_loss=-2.4985, qi_loss=0.0291, qtot_loss=2.6422

 Map 5m_vs_6m Algo r_drbfn_final Exp v_final_5m_vs_6m_5M_resume updates 240/5280 episodes, total num timesteps 192800/4224000, FPS 95.

incre win rate is 0.2875.

 Map 5m_vs_6m Algo r_drbfn_final Exp v_final_5m_vs_6m_5M_resume updates 245/5280 episodes, total num timesteps 196800/4224000, FPS 95.

incre win rate is 0.19254658385093168.
[v_final step=250] R_mean=0.5236 | G_n_mean=5.9156 (n=5) | q_tot_pred=5.6532 | drbfn_loss=-2.4982, qi_loss=0.0374, qtot_loss=2.8265

 Map 5m_vs_6m Algo r_drbfn_final Exp v_final_5m_vs_6m_5M_resume updates 250/5280 episodes, total num timesteps 200800/4224000, FPS 95.

incre win rate is 0.2125.
eval win rate is 0.3125.

 Map 5m_vs_6m Algo r_drbfn_final Exp v_final_5m_vs_6m_5M_resume updates 255/5280 episodes, total num timesteps 204800/4224000, FPS 94.

incre win rate is 0.27564102564102566.
[v_final step=260] R_mean=0.4471 | G_n_mean=5.4684 (n=5) | q_tot_pred=5.6361 | drbfn_loss=-2.4990, qi_loss=0.0245, qtot_loss=1.7907

 Map 5m_vs_6m Algo r_drbfn_final Exp v_final_5m_vs_6m_5M_resume updates 260/5280 episodes, total num timesteps 208800/4224000, FPS 94.

incre win rate is 0.2611464968152866.

 Map 5m_vs_6m Algo r_drbfn_final Exp v_final_5m_vs_6m_5M_resume updates 265/5280 episodes, total num timesteps 212800/4224000, FPS 94.

incre win rate is 0.2389937106918239.
[v_final step=270] R_mean=0.5429 | G_n_mean=6.2262 (n=5) | q_tot_pred=6.1682 | drbfn_loss=-2.4980, qi_loss=0.0354, qtot_loss=3.2115

 Map 5m_vs_6m Algo r_drbfn_final Exp v_final_5m_vs_6m_5M_resume updates 270/5280 episodes, total num timesteps 216800/4224000, FPS 94.

incre win rate is 0.2857142857142857.

 Map 5m_vs_6m Algo r_drbfn_final Exp v_final_5m_vs_6m_5M_resume updates 275/5280 episodes, total num timesteps 220800/4224000, FPS 94.

incre win rate is 0.30128205128205127.
eval win rate is 0.28125.
[v_final step=280] R_mean=0.4865 | G_n_mean=5.7221 (n=5) | q_tot_pred=5.7741 | drbfn_loss=-2.4986, qi_loss=0.0315, qtot_loss=2.8158

 Map 5m_vs_6m Algo r_drbfn_final Exp v_final_5m_vs_6m_5M_resume updates 280/5280 episodes, total num timesteps 224800/4224000, FPS 93.

incre win rate is 0.3018867924528302.

 Map 5m_vs_6m Algo r_drbfn_final Exp v_final_5m_vs_6m_5M_resume updates 285/5280 episodes, total num timesteps 228800/4224000, FPS 93.

incre win rate is 0.20987654320987653.
[v_final step=290] R_mean=0.4901 | G_n_mean=5.8248 (n=5) | q_tot_pred=5.8448 | drbfn_loss=-2.4988, qi_loss=0.0354, qtot_loss=2.7996

 Map 5m_vs_6m Algo r_drbfn_final Exp v_final_5m_vs_6m_5M_resume updates 290/5280 episodes, total num timesteps 232800/4224000, FPS 93.

incre win rate is 0.2389937106918239.

 Map 5m_vs_6m Algo r_drbfn_final Exp v_final_5m_vs_6m_5M_resume updates 295/5280 episodes, total num timesteps 236800/4224000, FPS 93.

incre win rate is 0.24691358024691357.
[v_final step=300] R_mean=0.4674 | G_n_mean=5.5950 (n=5) | q_tot_pred=5.6591 | drbfn_loss=-2.4988, qi_loss=0.0270, qtot_loss=2.1678

 Map 5m_vs_6m Algo r_drbfn_final Exp v_final_5m_vs_6m_5M_resume updates 300/5280 episodes, total num timesteps 240800/4224000, FPS 93.

incre win rate is 0.21875.
eval win rate is 0.1875.

 Map 5m_vs_6m Algo r_drbfn_final Exp v_final_5m_vs_6m_5M_resume updates 305/5280 episodes, total num timesteps 244800/4224000, FPS 92.

incre win rate is 0.21686746987951808.
[v_final step=310] R_mean=0.5361 | G_n_mean=6.2197 (n=5) | q_tot_pred=5.9778 | drbfn_loss=-2.4984, qi_loss=0.0440, qtot_loss=2.9192

 Map 5m_vs_6m Algo r_drbfn_final Exp v_final_5m_vs_6m_5M_resume updates 310/5280 episodes, total num timesteps 248800/4224000, FPS 92.

incre win rate is 0.2125.

 Map 5m_vs_6m Algo r_drbfn_final Exp v_final_5m_vs_6m_5M_resume updates 315/5280 episodes, total num timesteps 252800/4224000, FPS 92.

incre win rate is 0.30246913580246915.
[v_final step=320] R_mean=0.4846 | G_n_mean=5.7762 (n=5) | q_tot_pred=5.8969 | drbfn_loss=-2.4988, qi_loss=0.0405, qtot_loss=3.6717

 Map 5m_vs_6m Algo r_drbfn_final Exp v_final_5m_vs_6m_5M_resume updates 320/5280 episodes, total num timesteps 256800/4224000, FPS 92.

incre win rate is 0.28662420382165604.

 Map 5m_vs_6m Algo r_drbfn_final Exp v_final_5m_vs_6m_5M_resume updates 325/5280 episodes, total num timesteps 260800/4224000, FPS 89.

incre win rate is 0.2645161290322581.
eval win rate is 0.34375.
[v_final step=330] R_mean=0.4738 | G_n_mean=5.8330 (n=5) | q_tot_pred=5.8635 | drbfn_loss=-2.4989, qi_loss=0.0346, qtot_loss=2.9924

 Map 5m_vs_6m Algo r_drbfn_final Exp v_final_5m_vs_6m_5M_resume updates 330/5280 episodes, total num timesteps 264800/4224000, FPS 89.

incre win rate is 0.21518987341772153.

 Map 5m_vs_6m Algo r_drbfn_final Exp v_final_5m_vs_6m_5M_resume updates 335/5280 episodes, total num timesteps 268800/4224000, FPS 89.

incre win rate is 0.2608695652173913.
[v_final step=340] R_mean=0.4647 | G_n_mean=5.6781 (n=5) | q_tot_pred=5.9351 | drbfn_loss=-2.4991, qi_loss=0.0283, qtot_loss=2.7416

 Map 5m_vs_6m Algo r_drbfn_final Exp v_final_5m_vs_6m_5M_resume updates 340/5280 episodes, total num timesteps 272800/4224000, FPS 89.

incre win rate is 0.22699386503067484.

 Map 5m_vs_6m Algo r_drbfn_final Exp v_final_5m_vs_6m_5M_resume updates 345/5280 episodes, total num timesteps 276800/4224000, FPS 88.

incre win rate is 0.25308641975308643.
[v_final step=350] R_mean=0.4636 | G_n_mean=5.7180 (n=5) | q_tot_pred=5.9143 | drbfn_loss=-2.4991, qi_loss=0.0343, qtot_loss=2.9026

 Map 5m_vs_6m Algo r_drbfn_final Exp v_final_5m_vs_6m_5M_resume updates 350/5280 episodes, total num timesteps 280800/4224000, FPS 88.

incre win rate is 0.17682926829268292.
eval win rate is 0.1875.

 Map 5m_vs_6m Algo r_drbfn_final Exp v_final_5m_vs_6m_5M_resume updates 355/5280 episodes, total num timesteps 284800/4224000, FPS 87.

incre win rate is 0.20121951219512196.
[v_final step=360] R_mean=0.5025 | G_n_mean=6.1307 (n=5) | q_tot_pred=6.1319 | drbfn_loss=-2.4989, qi_loss=0.0332, qtot_loss=3.0011

 Map 5m_vs_6m Algo r_drbfn_final Exp v_final_5m_vs_6m_5M_resume updates 360/5280 episodes, total num timesteps 288800/4224000, FPS 87.

incre win rate is 0.2716049382716049.

 Map 5m_vs_6m Algo r_drbfn_final Exp v_final_5m_vs_6m_5M_resume updates 365/5280 episodes, total num timesteps 292800/4224000, FPS 86.

incre win rate is 0.1746987951807229.
[v_final step=370] R_mean=0.5072 | G_n_mean=5.9772 (n=5) | q_tot_pred=5.9829 | drbfn_loss=-2.4988, qi_loss=0.0320, qtot_loss=2.8761

 Map 5m_vs_6m Algo r_drbfn_final Exp v_final_5m_vs_6m_5M_resume updates 370/5280 episodes, total num timesteps 296800/4224000, FPS 86.

incre win rate is 0.29012345679012347.

 Map 5m_vs_6m Algo r_drbfn_final Exp v_final_5m_vs_6m_5M_resume updates 375/5280 episodes, total num timesteps 300800/4224000, FPS 86.

incre win rate is 0.21951219512195122.
eval win rate is 0.40625.
[v_final step=380] R_mean=0.4835 | G_n_mean=6.0503 (n=5) | q_tot_pred=6.0490 | drbfn_loss=-2.4991, qi_loss=0.0288, qtot_loss=2.5958

 Map 5m_vs_6m Algo r_drbfn_final Exp v_final_5m_vs_6m_5M_resume updates 380/5280 episodes, total num timesteps 304800/4224000, FPS 85.

incre win rate is 0.22981366459627328.

 Map 5m_vs_6m Algo r_drbfn_final Exp v_final_5m_vs_6m_5M_resume updates 385/5280 episodes, total num timesteps 308800/4224000, FPS 84.

incre win rate is 0.18902439024390244.
[v_final step=390] R_mean=0.5149 | G_n_mean=6.3159 (n=5) | q_tot_pred=6.2088 | drbfn_loss=-2.4988, qi_loss=0.0386, qtot_loss=3.2524

 Map 5m_vs_6m Algo r_drbfn_final Exp v_final_5m_vs_6m_5M_resume updates 390/5280 episodes, total num timesteps 312800/4224000, FPS 83.

incre win rate is 0.25153374233128833.

 Map 5m_vs_6m Algo r_drbfn_final Exp v_final_5m_vs_6m_5M_resume updates 395/5280 episodes, total num timesteps 316800/4224000, FPS 83.

incre win rate is 0.24375.
[v_final step=400] R_mean=0.4827 | G_n_mean=6.0401 (n=5) | q_tot_pred=6.0234 | drbfn_loss=-2.4991, qi_loss=0.0347, qtot_loss=3.0659

 Map 5m_vs_6m Algo r_drbfn_final Exp v_final_5m_vs_6m_5M_resume updates 400/5280 episodes, total num timesteps 320800/4224000, FPS 82.

incre win rate is 0.2948717948717949.
eval win rate is 0.375.

 Map 5m_vs_6m Algo r_drbfn_final Exp v_final_5m_vs_6m_5M_resume updates 405/5280 episodes, total num timesteps 324800/4224000, FPS 81.

incre win rate is 0.27672955974842767.
[v_final step=410] R_mean=0.4926 | G_n_mean=6.0233 (n=5) | q_tot_pred=6.0730 | drbfn_loss=-2.4990, qi_loss=0.0345, qtot_loss=3.2217

 Map 5m_vs_6m Algo r_drbfn_final Exp v_final_5m_vs_6m_5M_resume updates 410/5280 episodes, total num timesteps 328800/4224000, FPS 81.

incre win rate is 0.27044025157232704.

 Map 5m_vs_6m Algo r_drbfn_final Exp v_final_5m_vs_6m_5M_resume updates 415/5280 episodes, total num timesteps 332800/4224000, FPS 81.

incre win rate is 0.3057324840764331.
[v_final step=420] R_mean=0.4932 | G_n_mean=6.0459 (n=5) | q_tot_pred=6.0933 | drbfn_loss=-2.4991, qi_loss=0.0359, qtot_loss=2.7252

 Map 5m_vs_6m Algo r_drbfn_final Exp v_final_5m_vs_6m_5M_resume updates 420/5280 episodes, total num timesteps 336800/4224000, FPS 80.

incre win rate is 0.20987654320987653.

 Map 5m_vs_6m Algo r_drbfn_final Exp v_final_5m_vs_6m_5M_resume updates 425/5280 episodes, total num timesteps 340800/4224000, FPS 80.

incre win rate is 0.19375.
eval win rate is 0.25.
[v_final step=430] R_mean=0.4657 | G_n_mean=5.6960 (n=5) | q_tot_pred=5.8907 | drbfn_loss=-2.4992, qi_loss=0.0313, qtot_loss=3.2962

 Map 5m_vs_6m Algo r_drbfn_final Exp v_final_5m_vs_6m_5M_resume updates 430/5280 episodes, total num timesteps 344800/4224000, FPS 80.

incre win rate is 0.18902439024390244.

 Map 5m_vs_6m Algo r_drbfn_final Exp v_final_5m_vs_6m_5M_resume updates 435/5280 episodes, total num timesteps 348800/4224000, FPS 79.

incre win rate is 0.22699386503067484.
[v_final step=440] R_mean=0.5217 | G_n_mean=6.1940 (n=5) | q_tot_pred=6.1022 | drbfn_loss=-2.4989, qi_loss=0.0407, qtot_loss=4.0466

 Map 5m_vs_6m Algo r_drbfn_final Exp v_final_5m_vs_6m_5M_resume updates 440/5280 episodes, total num timesteps 352800/4224000, FPS 79.

incre win rate is 0.2236024844720497.

 Map 5m_vs_6m Algo r_drbfn_final Exp v_final_5m_vs_6m_5M_resume updates 445/5280 episodes, total num timesteps 356800/4224000, FPS 79.

incre win rate is 0.25925925925925924.
[v_final step=450] R_mean=0.4620 | G_n_mean=5.7862 (n=5) | q_tot_pred=6.0176 | drbfn_loss=-2.4993, qi_loss=0.0340, qtot_loss=2.9685

 Map 5m_vs_6m Algo r_drbfn_final Exp v_final_5m_vs_6m_5M_resume updates 450/5280 episodes, total num timesteps 360800/4224000, FPS 79.

incre win rate is 0.21739130434782608.
eval win rate is 0.3125.

 Map 5m_vs_6m Algo r_drbfn_final Exp v_final_5m_vs_6m_5M_resume updates 455/5280 episodes, total num timesteps 364800/4224000, FPS 78.

incre win rate is 0.2138364779874214.
[v_final step=460] R_mean=0.4813 | G_n_mean=5.8988 (n=5) | q_tot_pred=5.8877 | drbfn_loss=-2.4992, qi_loss=0.0382, qtot_loss=2.9689

 Map 5m_vs_6m Algo r_drbfn_final Exp v_final_5m_vs_6m_5M_resume updates 460/5280 episodes, total num timesteps 368800/4224000, FPS 78.

incre win rate is 0.2777777777777778.

 Map 5m_vs_6m Algo r_drbfn_final Exp v_final_5m_vs_6m_5M_resume updates 465/5280 episodes, total num timesteps 372800/4224000, FPS 78.

incre win rate is 0.2893081761006289.
[v_final step=470] R_mean=0.4714 | G_n_mean=5.7868 (n=5) | q_tot_pred=6.1128 | drbfn_loss=-2.4993, qi_loss=0.0394, qtot_loss=2.6006

 Map 5m_vs_6m Algo r_drbfn_final Exp v_final_5m_vs_6m_5M_resume updates 470/5280 episodes, total num timesteps 376800/4224000, FPS 78.

incre win rate is 0.275.

 Map 5m_vs_6m Algo r_drbfn_final Exp v_final_5m_vs_6m_5M_resume updates 475/5280 episodes, total num timesteps 380800/4224000, FPS 77.

incre win rate is 0.27044025157232704.
eval win rate is 0.40625.
[v_final step=480] R_mean=0.4411 | G_n_mean=5.6032 (n=5) | q_tot_pred=5.6159 | drbfn_loss=-2.4995, qi_loss=0.0326, qtot_loss=2.6632

 Map 5m_vs_6m Algo r_drbfn_final Exp v_final_5m_vs_6m_5M_resume updates 480/5280 episodes, total num timesteps 384800/4224000, FPS 77.

incre win rate is 0.20125786163522014.

 Map 5m_vs_6m Algo r_drbfn_final Exp v_final_5m_vs_6m_5M_resume updates 485/5280 episodes, total num timesteps 388800/4224000, FPS 77.

incre win rate is 0.18471337579617833.
[v_final step=490] R_mean=0.4725 | G_n_mean=6.0103 (n=5) | q_tot_pred=5.9455 | drbfn_loss=-2.4992, qi_loss=0.0405, qtot_loss=3.7273

 Map 5m_vs_6m Algo r_drbfn_final Exp v_final_5m_vs_6m_5M_resume updates 490/5280 episodes, total num timesteps 392800/4224000, FPS 77.

incre win rate is 0.1761006289308176.

 Map 5m_vs_6m Algo r_drbfn_final Exp v_final_5m_vs_6m_5M_resume updates 495/5280 episodes, total num timesteps 396800/4224000, FPS 77.

incre win rate is 0.2721518987341772.
[v_final step=500] R_mean=0.5355 | G_n_mean=6.4820 (n=5) | q_tot_pred=6.2506 | drbfn_loss=-2.4988, qi_loss=0.0409, qtot_loss=2.8703

 Map 5m_vs_6m Algo r_drbfn_final Exp v_final_5m_vs_6m_5M_resume updates 500/5280 episodes, total num timesteps 400800/4224000, FPS 77.

incre win rate is 0.2468354430379747.
eval win rate is 0.21875.

 Map 5m_vs_6m Algo r_drbfn_final Exp v_final_5m_vs_6m_5M_resume updates 505/5280 episodes, total num timesteps 404800/4224000, FPS 76.

incre win rate is 0.23780487804878048.
[v_final step=510] R_mean=0.4855 | G_n_mean=5.9875 (n=5) | q_tot_pred=5.8296 | drbfn_loss=-2.4992, qi_loss=0.0354, qtot_loss=2.7588

 Map 5m_vs_6m Algo r_drbfn_final Exp v_final_5m_vs_6m_5M_resume updates 510/5280 episodes, total num timesteps 408800/4224000, FPS 76.

incre win rate is 0.19254658385093168.

 Map 5m_vs_6m Algo r_drbfn_final Exp v_final_5m_vs_6m_5M_resume updates 515/5280 episodes, total num timesteps 412800/4224000, FPS 76.

incre win rate is 0.18238993710691823.
[v_final step=520] R_mean=0.4854 | G_n_mean=6.0186 (n=5) | q_tot_pred=6.0295 | drbfn_loss=-2.4991, qi_loss=0.0431, qtot_loss=3.6102

 Map 5m_vs_6m Algo r_drbfn_final Exp v_final_5m_vs_6m_5M_resume updates 520/5280 episodes, total num timesteps 416800/4224000, FPS 76.

incre win rate is 0.1875.

 Map 5m_vs_6m Algo r_drbfn_final Exp v_final_5m_vs_6m_5M_resume updates 525/5280 episodes, total num timesteps 420800/4224000, FPS 75.

incre win rate is 0.19753086419753085.
eval win rate is 0.375.
[v_final step=530] R_mean=0.4917 | G_n_mean=6.0127 (n=5) | q_tot_pred=5.8091 | drbfn_loss=-2.4992, qi_loss=0.0416, qtot_loss=2.7853

 Map 5m_vs_6m Algo r_drbfn_final Exp v_final_5m_vs_6m_5M_resume updates 530/5280 episodes, total num timesteps 424800/4224000, FPS 75.

incre win rate is 0.21739130434782608.

 Map 5m_vs_6m Algo r_drbfn_final Exp v_final_5m_vs_6m_5M_resume updates 535/5280 episodes, total num timesteps 428800/4224000, FPS 75.

incre win rate is 0.2073170731707317.
[v_final step=540] R_mean=0.4892 | G_n_mean=6.0926 (n=5) | q_tot_pred=6.1553 | drbfn_loss=-2.4992, qi_loss=0.0405, qtot_loss=3.2818

 Map 5m_vs_6m Algo r_drbfn_final Exp v_final_5m_vs_6m_5M_resume updates 540/5280 episodes, total num timesteps 432800/4224000, FPS 75.

incre win rate is 0.2037037037037037.

 Map 5m_vs_6m Algo r_drbfn_final Exp v_final_5m_vs_6m_5M_resume updates 545/5280 episodes, total num timesteps 436800/4224000, FPS 75.

incre win rate is 0.20606060606060606.
[v_final step=550] R_mean=0.4694 | G_n_mean=5.8338 (n=5) | q_tot_pred=5.9428 | drbfn_loss=-2.4993, qi_loss=0.0321, qtot_loss=3.4744

 Map 5m_vs_6m Algo r_drbfn_final Exp v_final_5m_vs_6m_5M_resume updates 550/5280 episodes, total num timesteps 440800/4224000, FPS 75.

incre win rate is 0.25.
eval win rate is 0.21875.

 Map 5m_vs_6m Algo r_drbfn_final Exp v_final_5m_vs_6m_5M_resume updates 555/5280 episodes, total num timesteps 444800/4224000, FPS 75.

incre win rate is 0.1488095238095238.
[v_final step=560] R_mean=0.4485 | G_n_mean=5.8798 (n=5) | q_tot_pred=5.9958 | drbfn_loss=-2.4995, qi_loss=0.0360, qtot_loss=2.8999

 Map 5m_vs_6m Algo r_drbfn_final Exp v_final_5m_vs_6m_5M_resume updates 560/5280 episodes, total num timesteps 448800/4224000, FPS 75.

incre win rate is 0.22560975609756098.

 Map 5m_vs_6m Algo r_drbfn_final Exp v_final_5m_vs_6m_5M_resume updates 565/5280 episodes, total num timesteps 452800/4224000, FPS 75.

incre win rate is 0.20121951219512196.
[v_final step=570] R_mean=0.4707 | G_n_mean=5.9880 (n=5) | q_tot_pred=6.0785 | drbfn_loss=-2.4994, qi_loss=0.0341, qtot_loss=2.4012

 Map 5m_vs_6m Algo r_drbfn_final Exp v_final_5m_vs_6m_5M_resume updates 570/5280 episodes, total num timesteps 456800/4224000, FPS 75.

incre win rate is 0.15950920245398773.

 Map 5m_vs_6m Algo r_drbfn_final Exp v_final_5m_vs_6m_5M_resume updates 575/5280 episodes, total num timesteps 460800/4224000, FPS 76.

incre win rate is 0.19047619047619047.
eval win rate is 0.375.
[v_final step=580] R_mean=0.4550 | G_n_mean=5.9083 (n=5) | q_tot_pred=5.9897 | drbfn_loss=-2.4995, qi_loss=0.0321, qtot_loss=2.3572

 Map 5m_vs_6m Algo r_drbfn_final Exp v_final_5m_vs_6m_5M_resume updates 580/5280 episodes, total num timesteps 464800/4224000, FPS 76.

incre win rate is 0.20987654320987653.

 Map 5m_vs_6m Algo r_drbfn_final Exp v_final_5m_vs_6m_5M_resume updates 585/5280 episodes, total num timesteps 468800/4224000, FPS 76.

incre win rate is 0.21341463414634146.
[v_final step=590] R_mean=0.4565 | G_n_mean=5.9078 (n=5) | q_tot_pred=6.0758 | drbfn_loss=-2.4995, qi_loss=0.0332, qtot_loss=2.3452

 Map 5m_vs_6m Algo r_drbfn_final Exp v_final_5m_vs_6m_5M_resume updates 590/5280 episodes, total num timesteps 472800/4224000, FPS 76.

incre win rate is 0.25609756097560976.

 Map 5m_vs_6m Algo r_drbfn_final Exp v_final_5m_vs_6m_5M_resume updates 595/5280 episodes, total num timesteps 476800/4224000, FPS 77.

incre win rate is 0.22085889570552147.
[v_final step=600] R_mean=0.4765 | G_n_mean=6.0563 (n=5) | q_tot_pred=6.1531 | drbfn_loss=-2.4993, qi_loss=0.0399, qtot_loss=2.9822

 Map 5m_vs_6m Algo r_drbfn_final Exp v_final_5m_vs_6m_5M_resume updates 600/5280 episodes, total num timesteps 480800/4224000, FPS 77.

incre win rate is 0.2484472049689441.
eval win rate is 0.25.

 Map 5m_vs_6m Algo r_drbfn_final Exp v_final_5m_vs_6m_5M_resume updates 605/5280 episodes, total num timesteps 484800/4224000, FPS 77.

incre win rate is 0.2345679012345679.
[v_final step=610] R_mean=0.5117 | G_n_mean=6.4892 (n=5) | q_tot_pred=6.3238 | drbfn_loss=-2.4991, qi_loss=0.0453, qtot_loss=3.2845

 Map 5m_vs_6m Algo r_drbfn_final Exp v_final_5m_vs_6m_5M_resume updates 610/5280 episodes, total num timesteps 488800/4224000, FPS 77.

incre win rate is 0.24074074074074073.

 Map 5m_vs_6m Algo r_drbfn_final Exp v_final_5m_vs_6m_5M_resume updates 615/5280 episodes, total num timesteps 492800/4224000, FPS 77.

incre win rate is 0.21739130434782608.
[v_final step=620] R_mean=0.5008 | G_n_mean=6.2552 (n=5) | q_tot_pred=6.2083 | drbfn_loss=-2.4992, qi_loss=0.0462, qtot_loss=2.6044

 Map 5m_vs_6m Algo r_drbfn_final Exp v_final_5m_vs_6m_5M_resume updates 620/5280 episodes, total num timesteps 496800/4224000, FPS 78.

incre win rate is 0.2360248447204969.

 Map 5m_vs_6m Algo r_drbfn_final Exp v_final_5m_vs_6m_5M_resume updates 625/5280 episodes, total num timesteps 500800/4224000, FPS 78.

incre win rate is 0.25766871165644173.
eval win rate is 0.34375.
[v_final step=630] R_mean=0.4843 | G_n_mean=6.2013 (n=5) | q_tot_pred=6.3167 | drbfn_loss=-2.4994, qi_loss=0.0435, qtot_loss=3.1703

 Map 5m_vs_6m Algo r_drbfn_final Exp v_final_5m_vs_6m_5M_resume updates 630/5280 episodes, total num timesteps 504800/4224000, FPS 78.

incre win rate is 0.2469879518072289.

 Map 5m_vs_6m Algo r_drbfn_final Exp v_final_5m_vs_6m_5M_resume updates 635/5280 episodes, total num timesteps 508800/4224000, FPS 78.

incre win rate is 0.18787878787878787.
[v_final step=640] R_mean=0.4881 | G_n_mean=6.2447 (n=5) | q_tot_pred=6.2346 | drbfn_loss=-2.4993, qi_loss=0.0466, qtot_loss=3.3684

 Map 5m_vs_6m Algo r_drbfn_final Exp v_final_5m_vs_6m_5M_resume updates 640/5280 episodes, total num timesteps 512800/4224000, FPS 79.

incre win rate is 0.26380368098159507.

 Map 5m_vs_6m Algo r_drbfn_final Exp v_final_5m_vs_6m_5M_resume updates 645/5280 episodes, total num timesteps 516800/4224000, FPS 79.

incre win rate is 0.19753086419753085.
[v_final step=650] R_mean=0.5298 | G_n_mean=6.5310 (n=5) | q_tot_pred=6.2653 | drbfn_loss=-2.4990, qi_loss=0.0511, qtot_loss=3.3661

 Map 5m_vs_6m Algo r_drbfn_final Exp v_final_5m_vs_6m_5M_resume updates 650/5280 episodes, total num timesteps 520800/4224000, FPS 78.

incre win rate is 0.2484472049689441.
eval win rate is 0.25.

 Map 5m_vs_6m Algo r_drbfn_final Exp v_final_5m_vs_6m_5M_resume updates 655/5280 episodes, total num timesteps 524800/4224000, FPS 78.

incre win rate is 0.17365269461077845.
[v_final step=660] R_mean=0.4290 | G_n_mean=5.6550 (n=5) | q_tot_pred=5.7296 | drbfn_loss=-2.4995, qi_loss=0.0416, qtot_loss=2.3033

 Map 5m_vs_6m Algo r_drbfn_final Exp v_final_5m_vs_6m_5M_resume updates 660/5280 episodes, total num timesteps 528800/4224000, FPS 78.

incre win rate is 0.1696969696969697.

 Map 5m_vs_6m Algo r_drbfn_final Exp v_final_5m_vs_6m_5M_resume updates 665/5280 episodes, total num timesteps 532800/4224000, FPS 78.

incre win rate is 0.17751479289940827.
[v_final step=670] R_mean=0.4542 | G_n_mean=5.7726 (n=5) | q_tot_pred=5.8860 | drbfn_loss=-2.4995, qi_loss=0.0367, qtot_loss=2.8675

 Map 5m_vs_6m Algo r_drbfn_final Exp v_final_5m_vs_6m_5M_resume updates 670/5280 episodes, total num timesteps 536800/4224000, FPS 78.

incre win rate is 0.16470588235294117.

 Map 5m_vs_6m Algo r_drbfn_final Exp v_final_5m_vs_6m_5M_resume updates 675/5280 episodes, total num timesteps 540800/4224000, FPS 78.

incre win rate is 0.1437125748502994.
eval win rate is 0.0625.
[v_final step=680] R_mean=0.5450 | G_n_mean=6.6658 (n=5) | q_tot_pred=6.4925 | drbfn_loss=-2.4989, qi_loss=0.0598, qtot_loss=3.7846

 Map 5m_vs_6m Algo r_drbfn_final Exp v_final_5m_vs_6m_5M_resume updates 680/5280 episodes, total num timesteps 544800/4224000, FPS 78.

incre win rate is 0.19642857142857142.

 Map 5m_vs_6m Algo r_drbfn_final Exp v_final_5m_vs_6m_5M_resume updates 685/5280 episodes, total num timesteps 548800/4224000, FPS 79.

incre win rate is 0.24404761904761904.
[v_final step=690] R_mean=0.5041 | G_n_mean=6.4001 (n=5) | q_tot_pred=6.2981 | drbfn_loss=-2.4992, qi_loss=0.0487, qtot_loss=2.6558

 Map 5m_vs_6m Algo r_drbfn_final Exp v_final_5m_vs_6m_5M_resume updates 690/5280 episodes, total num timesteps 552800/4224000, FPS 79.

incre win rate is 0.19875776397515527.

 Map 5m_vs_6m Algo r_drbfn_final Exp v_final_5m_vs_6m_5M_resume updates 695/5280 episodes, total num timesteps 556800/4224000, FPS 79.

incre win rate is 0.2621951219512195.
[v_final step=700] R_mean=0.4950 | G_n_mean=6.3779 (n=5) | q_tot_pred=6.4830 | drbfn_loss=-2.4992, qi_loss=0.0540, qtot_loss=3.7207

 Map 5m_vs_6m Algo r_drbfn_final Exp v_final_5m_vs_6m_5M_resume updates 700/5280 episodes, total num timesteps 560800/4224000, FPS 79.

incre win rate is 0.25153374233128833.
eval win rate is 0.28125.

 Map 5m_vs_6m Algo r_drbfn_final Exp v_final_5m_vs_6m_5M_resume updates 705/5280 episodes, total num timesteps 564800/4224000, FPS 79.

incre win rate is 0.22560975609756098.
[v_final step=710] R_mean=0.4916 | G_n_mean=6.2226 (n=5) | q_tot_pred=6.2315 | drbfn_loss=-2.4993, qi_loss=0.0479, qtot_loss=3.6825

 Map 5m_vs_6m Algo r_drbfn_final Exp v_final_5m_vs_6m_5M_resume updates 710/5280 episodes, total num timesteps 568800/4224000, FPS 79.

incre win rate is 0.3271604938271605.

 Map 5m_vs_6m Algo r_drbfn_final Exp v_final_5m_vs_6m_5M_resume updates 715/5280 episodes, total num timesteps 572800/4224000, FPS 79.

incre win rate is 0.2331288343558282.
[v_final step=720] R_mean=0.4570 | G_n_mean=6.0641 (n=5) | q_tot_pred=6.1964 | drbfn_loss=-2.4995, qi_loss=0.0467, qtot_loss=2.6264

 Map 5m_vs_6m Algo r_drbfn_final Exp v_final_5m_vs_6m_5M_resume updates 720/5280 episodes, total num timesteps 576800/4224000, FPS 79.

incre win rate is 0.20121951219512196.

 Map 5m_vs_6m Algo r_drbfn_final Exp v_final_5m_vs_6m_5M_resume updates 725/5280 episodes, total num timesteps 580800/4224000, FPS 79.

incre win rate is 0.17365269461077845.
eval win rate is 0.28125.
[v_final step=730] R_mean=0.5339 | G_n_mean=6.5310 (n=5) | q_tot_pred=6.3700 | drbfn_loss=-2.4990, qi_loss=0.0599, qtot_loss=4.5572

 Map 5m_vs_6m Algo r_drbfn_final Exp v_final_5m_vs_6m_5M_resume updates 730/5280 episodes, total num timesteps 584800/4224000, FPS 79.

incre win rate is 0.26506024096385544.

 Map 5m_vs_6m Algo r_drbfn_final Exp v_final_5m_vs_6m_5M_resume updates 735/5280 episodes, total num timesteps 588800/4224000, FPS 79.

incre win rate is 0.21686746987951808.
[v_final step=740] R_mean=0.4931 | G_n_mean=6.3765 (n=5) | q_tot_pred=6.2605 | drbfn_loss=-2.4993, qi_loss=0.0518, qtot_loss=4.2657

 Map 5m_vs_6m Algo r_drbfn_final Exp v_final_5m_vs_6m_5M_resume updates 740/5280 episodes, total num timesteps 592800/4224000, FPS 80.

incre win rate is 0.15976331360946747.

 Map 5m_vs_6m Algo r_drbfn_final Exp v_final_5m_vs_6m_5M_resume updates 745/5280 episodes, total num timesteps 596800/4224000, FPS 80.

incre win rate is 0.2155688622754491.
[v_final step=750] R_mean=0.4925 | G_n_mean=6.2580 (n=5) | q_tot_pred=6.2595 | drbfn_loss=-2.4993, qi_loss=0.0565, qtot_loss=3.8933

 Map 5m_vs_6m Algo r_drbfn_final Exp v_final_5m_vs_6m_5M_resume updates 750/5280 episodes, total num timesteps 600800/4224000, FPS 80.

incre win rate is 0.2545454545454545.
eval win rate is 0.375.

 Map 5m_vs_6m Algo r_drbfn_final Exp v_final_5m_vs_6m_5M_resume updates 755/5280 episodes, total num timesteps 604800/4224000, FPS 80.

incre win rate is 0.24242424242424243.
[v_final step=760] R_mean=0.4767 | G_n_mean=6.1871 (n=5) | q_tot_pred=6.0888 | drbfn_loss=-2.4994, qi_loss=0.0481, qtot_loss=3.6393

 Map 5m_vs_6m Algo r_drbfn_final Exp v_final_5m_vs_6m_5M_resume updates 760/5280 episodes, total num timesteps 608800/4224000, FPS 80.

incre win rate is 0.16766467065868262.

 Map 5m_vs_6m Algo r_drbfn_final Exp v_final_5m_vs_6m_5M_resume updates 765/5280 episodes, total num timesteps 612800/4224000, FPS 80.

incre win rate is 0.2469879518072289.
[v_final step=770] R_mean=0.4639 | G_n_mean=6.1085 (n=5) | q_tot_pred=6.3516 | drbfn_loss=-2.4995, qi_loss=0.0424, qtot_loss=3.3555

 Map 5m_vs_6m Algo r_drbfn_final Exp v_final_5m_vs_6m_5M_resume updates 770/5280 episodes, total num timesteps 616800/4224000, FPS 80.

incre win rate is 0.17857142857142858.

 Map 5m_vs_6m Algo r_drbfn_final Exp v_final_5m_vs_6m_5M_resume updates 775/5280 episodes, total num timesteps 620800/4224000, FPS 80.

incre win rate is 0.24074074074074073.
eval win rate is 0.3125.
[v_final step=780] R_mean=0.5067 | G_n_mean=6.5960 (n=5) | q_tot_pred=6.7122 | drbfn_loss=-2.4991, qi_loss=0.0581, qtot_loss=4.0675

 Map 5m_vs_6m Algo r_drbfn_final Exp v_final_5m_vs_6m_5M_resume updates 780/5280 episodes, total num timesteps 624800/4224000, FPS 80.

incre win rate is 0.2883435582822086.

 Map 5m_vs_6m Algo r_drbfn_final Exp v_final_5m_vs_6m_5M_resume updates 785/5280 episodes, total num timesteps 628800/4224000, FPS 80.

incre win rate is 0.2484472049689441.
[v_final step=790] R_mean=0.4506 | G_n_mean=5.9007 (n=5) | q_tot_pred=6.2592 | drbfn_loss=-2.4995, qi_loss=0.0422, qtot_loss=3.3920

 Map 5m_vs_6m Algo r_drbfn_final Exp v_final_5m_vs_6m_5M_resume updates 790/5280 episodes, total num timesteps 632800/4224000, FPS 80.

incre win rate is 0.20606060606060606.

 Map 5m_vs_6m Algo r_drbfn_final Exp v_final_5m_vs_6m_5M_resume updates 795/5280 episodes, total num timesteps 636800/4224000, FPS 80.

incre win rate is 0.2392638036809816.
[v_final step=800] R_mean=0.5325 | G_n_mean=6.9349 (n=5) | q_tot_pred=6.6829 | drbfn_loss=-2.4990, qi_loss=0.0648, qtot_loss=3.5991

 Map 5m_vs_6m Algo r_drbfn_final Exp v_final_5m_vs_6m_5M_resume updates 800/5280 episodes, total num timesteps 640800/4224000, FPS 80.

incre win rate is 0.23270440251572327.
eval win rate is 0.375.

 Map 5m_vs_6m Algo r_drbfn_final Exp v_final_5m_vs_6m_5M_resume updates 805/5280 episodes, total num timesteps 644800/4224000, FPS 80.

incre win rate is 0.2625.
[v_final step=810] R_mean=0.5044 | G_n_mean=6.4894 (n=5) | q_tot_pred=6.4383 | drbfn_loss=-2.4992, qi_loss=0.0611, qtot_loss=3.3973

 Map 5m_vs_6m Algo r_drbfn_final Exp v_final_5m_vs_6m_5M_resume updates 810/5280 episodes, total num timesteps 648800/4224000, FPS 80.

incre win rate is 0.24528301886792453.

 Map 5m_vs_6m Algo r_drbfn_final Exp v_final_5m_vs_6m_5M_resume updates 815/5280 episodes, total num timesteps 652800/4224000, FPS 81.

incre win rate is 0.21794871794871795.
[v_final step=820] R_mean=0.4799 | G_n_mean=6.4626 (n=5) | q_tot_pred=6.4458 | drbfn_loss=-2.4994, qi_loss=0.0591, qtot_loss=3.3667

 Map 5m_vs_6m Algo r_drbfn_final Exp v_final_5m_vs_6m_5M_resume updates 820/5280 episodes, total num timesteps 656800/4224000, FPS 81.

incre win rate is 0.19135802469135801.

 Map 5m_vs_6m Algo r_drbfn_final Exp v_final_5m_vs_6m_5M_resume updates 825/5280 episodes, total num timesteps 660800/4224000, FPS 81.

incre win rate is 0.19753086419753085.
eval win rate is 0.28125.
[v_final step=830] R_mean=0.4825 | G_n_mean=6.4089 (n=5) | q_tot_pred=6.2154 | drbfn_loss=-2.4994, qi_loss=0.0495, qtot_loss=3.1065

 Map 5m_vs_6m Algo r_drbfn_final Exp v_final_5m_vs_6m_5M_resume updates 830/5280 episodes, total num timesteps 664800/4224000, FPS 81.

incre win rate is 0.2625.

 Map 5m_vs_6m Algo r_drbfn_final Exp v_final_5m_vs_6m_5M_resume updates 835/5280 episodes, total num timesteps 668800/4224000, FPS 81.

incre win rate is 0.27607361963190186.
[v_final step=840] R_mean=0.5261 | G_n_mean=6.7188 (n=5) | q_tot_pred=6.4475 | drbfn_loss=-2.4991, qi_loss=0.0656, qtot_loss=3.8232

 Map 5m_vs_6m Algo r_drbfn_final Exp v_final_5m_vs_6m_5M_resume updates 840/5280 episodes, total num timesteps 672800/4224000, FPS 81.

incre win rate is 0.18902439024390244.

 Map 5m_vs_6m Algo r_drbfn_final Exp v_final_5m_vs_6m_5M_resume updates 845/5280 episodes, total num timesteps 676800/4224000, FPS 81.

incre win rate is 0.2.
[v_final step=850] R_mean=0.5075 | G_n_mean=6.5400 (n=5) | q_tot_pred=6.5297 | drbfn_loss=-2.4991, qi_loss=0.0520, qtot_loss=3.1271

 Map 5m_vs_6m Algo r_drbfn_final Exp v_final_5m_vs_6m_5M_resume updates 850/5280 episodes, total num timesteps 680800/4224000, FPS 81.

incre win rate is 0.25153374233128833.
eval win rate is 0.40625.

 Map 5m_vs_6m Algo r_drbfn_final Exp v_final_5m_vs_6m_5M_resume updates 855/5280 episodes, total num timesteps 684800/4224000, FPS 81.

incre win rate is 0.25625.
[v_final step=860] R_mean=0.4842 | G_n_mean=6.3373 (n=5) | q_tot_pred=6.5259 | drbfn_loss=-2.4993, qi_loss=0.0588, qtot_loss=4.4326

 Map 5m_vs_6m Algo r_drbfn_final Exp v_final_5m_vs_6m_5M_resume updates 860/5280 episodes, total num timesteps 688800/4224000, FPS 81.

incre win rate is 0.29375.

 Map 5m_vs_6m Algo r_drbfn_final Exp v_final_5m_vs_6m_5M_resume updates 865/5280 episodes, total num timesteps 692800/4224000, FPS 81.

incre win rate is 0.2546583850931677.
[v_final step=870] R_mean=0.4920 | G_n_mean=6.4343 (n=5) | q_tot_pred=6.4570 | drbfn_loss=-2.4993, qi_loss=0.0567, qtot_loss=3.6366

 Map 5m_vs_6m Algo r_drbfn_final Exp v_final_5m_vs_6m_5M_resume updates 870/5280 episodes, total num timesteps 696800/4224000, FPS 81.

incre win rate is 0.25766871165644173.

 Map 5m_vs_6m Algo r_drbfn_final Exp v_final_5m_vs_6m_5M_resume updates 875/5280 episodes, total num timesteps 700800/4224000, FPS 81.

incre win rate is 0.26380368098159507.
eval win rate is 0.21875.
[v_final step=880] R_mean=0.5481 | G_n_mean=6.8986 (n=5) | q_tot_pred=6.6483 | drbfn_loss=-2.4990, qi_loss=0.0809, qtot_loss=3.6572

 Map 5m_vs_6m Algo r_drbfn_final Exp v_final_5m_vs_6m_5M_resume updates 880/5280 episodes, total num timesteps 704800/4224000, FPS 81.

incre win rate is 0.275.

 Map 5m_vs_6m Algo r_drbfn_final Exp v_final_5m_vs_6m_5M_resume updates 885/5280 episodes, total num timesteps 708800/4224000, FPS 82.

incre win rate is 0.22839506172839505.
[v_final step=890] R_mean=0.4813 | G_n_mean=6.2620 (n=5) | q_tot_pred=6.3369 | drbfn_loss=-2.4993, qi_loss=0.0577, qtot_loss=3.3138

 Map 5m_vs_6m Algo r_drbfn_final Exp v_final_5m_vs_6m_5M_resume updates 890/5280 episodes, total num timesteps 712800/4224000, FPS 82.

incre win rate is 0.22699386503067484.

 Map 5m_vs_6m Algo r_drbfn_final Exp v_final_5m_vs_6m_5M_resume updates 895/5280 episodes, total num timesteps 716800/4224000, FPS 82.

incre win rate is 0.21951219512195122.
[v_final step=900] R_mean=0.5226 | G_n_mean=6.5453 (n=5) | q_tot_pred=6.5426 | drbfn_loss=-2.4991, qi_loss=0.0640, qtot_loss=3.3233

 Map 5m_vs_6m Algo r_drbfn_final Exp v_final_5m_vs_6m_5M_resume updates 900/5280 episodes, total num timesteps 720800/4224000, FPS 82.

incre win rate is 0.2670807453416149.
eval win rate is 0.15625.

 Map 5m_vs_6m Algo r_drbfn_final Exp v_final_5m_vs_6m_5M_resume updates 905/5280 episodes, total num timesteps 724800/4224000, FPS 82.

incre win rate is 0.2222222222222222.
[v_final step=910] R_mean=0.4736 | G_n_mean=6.2956 (n=5) | q_tot_pred=6.4439 | drbfn_loss=-2.4994, qi_loss=0.0530, qtot_loss=4.1613

 Map 5m_vs_6m Algo r_drbfn_final Exp v_final_5m_vs_6m_5M_resume updates 910/5280 episodes, total num timesteps 728800/4224000, FPS 82.

incre win rate is 0.27607361963190186.

 Map 5m_vs_6m Algo r_drbfn_final Exp v_final_5m_vs_6m_5M_resume updates 915/5280 episodes, total num timesteps 732800/4224000, FPS 82.

incre win rate is 0.34375.
[v_final step=920] R_mean=0.4865 | G_n_mean=6.5419 (n=5) | q_tot_pred=6.7955 | drbfn_loss=-2.4993, qi_loss=0.0659, qtot_loss=3.3462

 Map 5m_vs_6m Algo r_drbfn_final Exp v_final_5m_vs_6m_5M_resume updates 920/5280 episodes, total num timesteps 736800/4224000, FPS 82.

incre win rate is 0.2974683544303797.

 Map 5m_vs_6m Algo r_drbfn_final Exp v_final_5m_vs_6m_5M_resume updates 925/5280 episodes, total num timesteps 740800/4224000, FPS 82.

incre win rate is 0.2545454545454545.
eval win rate is 0.25.
[v_final step=930] R_mean=0.4933 | G_n_mean=6.4828 (n=5) | q_tot_pred=6.3595 | drbfn_loss=-2.4993, qi_loss=0.0594, qtot_loss=3.3886

 Map 5m_vs_6m Algo r_drbfn_final Exp v_final_5m_vs_6m_5M_resume updates 930/5280 episodes, total num timesteps 744800/4224000, FPS 82.

incre win rate is 0.23170731707317074.

 Map 5m_vs_6m Algo r_drbfn_final Exp v_final_5m_vs_6m_5M_resume updates 935/5280 episodes, total num timesteps 748800/4224000, FPS 82.

incre win rate is 0.17575757575757575.
[v_final step=940] R_mean=0.4840 | G_n_mean=6.4341 (n=5) | q_tot_pred=6.5913 | drbfn_loss=-2.4994, qi_loss=0.0468, qtot_loss=3.3344

 Map 5m_vs_6m Algo r_drbfn_final Exp v_final_5m_vs_6m_5M_resume updates 940/5280 episodes, total num timesteps 752800/4224000, FPS 82.

incre win rate is 0.25308641975308643.

 Map 5m_vs_6m Algo r_drbfn_final Exp v_final_5m_vs_6m_5M_resume updates 945/5280 episodes, total num timesteps 756800/4224000, FPS 82.

incre win rate is 0.2345679012345679.
[v_final step=950] R_mean=0.5341 | G_n_mean=6.9044 (n=5) | q_tot_pred=6.7273 | drbfn_loss=-2.4990, qi_loss=0.0680, qtot_loss=4.3617

 Map 5m_vs_6m Algo r_drbfn_final Exp v_final_5m_vs_6m_5M_resume updates 950/5280 episodes, total num timesteps 760800/4224000, FPS 82.

incre win rate is 0.24539877300613497.
eval win rate is 0.25.

 Map 5m_vs_6m Algo r_drbfn_final Exp v_final_5m_vs_6m_5M_resume updates 955/5280 episodes, total num timesteps 764800/4224000, FPS 82.

incre win rate is 0.2037037037037037.
[v_final step=960] R_mean=0.5500 | G_n_mean=7.0298 (n=5) | q_tot_pred=6.7118 | drbfn_loss=-2.4989, qi_loss=0.0737, qtot_loss=4.4580

 Map 5m_vs_6m Algo r_drbfn_final Exp v_final_5m_vs_6m_5M_resume updates 960/5280 episodes, total num timesteps 768800/4224000, FPS 82.

incre win rate is 0.25766871165644173.

 Map 5m_vs_6m Algo r_drbfn_final Exp v_final_5m_vs_6m_5M_resume updates 965/5280 episodes, total num timesteps 772800/4224000, FPS 82.

incre win rate is 0.19753086419753085.
[v_final step=970] R_mean=0.4693 | G_n_mean=6.1479 (n=5) | q_tot_pred=5.8971 | drbfn_loss=-2.4992, qi_loss=0.0615, qtot_loss=3.0422

 Map 5m_vs_6m Algo r_drbfn_final Exp v_final_5m_vs_6m_5M_resume updates 970/5280 episodes, total num timesteps 776800/4224000, FPS 82.

incre win rate is 0.15625.

 Map 5m_vs_6m Algo r_drbfn_final Exp v_final_5m_vs_6m_5M_resume updates 975/5280 episodes, total num timesteps 780800/4224000, FPS 82.

incre win rate is 0.2422360248447205.
eval win rate is 0.21875.
[v_final step=980] R_mean=0.4566 | G_n_mean=6.0811 (n=5) | q_tot_pred=6.4435 | drbfn_loss=-2.4995, qi_loss=0.0493, qtot_loss=3.6681

 Map 5m_vs_6m Algo r_drbfn_final Exp v_final_5m_vs_6m_5M_resume updates 980/5280 episodes, total num timesteps 784800/4224000, FPS 82.

incre win rate is 0.19753086419753085.

 Map 5m_vs_6m Algo r_drbfn_final Exp v_final_5m_vs_6m_5M_resume updates 985/5280 episodes, total num timesteps 788800/4224000, FPS 82.

incre win rate is 0.18518518518518517.
[v_final step=990] R_mean=0.4884 | G_n_mean=6.4884 (n=5) | q_tot_pred=6.2338 | drbfn_loss=-2.4993, qi_loss=0.0523, qtot_loss=4.2351

 Map 5m_vs_6m Algo r_drbfn_final Exp v_final_5m_vs_6m_5M_resume updates 990/5280 episodes, total num timesteps 792800/4224000, FPS 82.

incre win rate is 0.16770186335403728.

 Map 5m_vs_6m Algo r_drbfn_final Exp v_final_5m_vs_6m_5M_resume updates 995/5280 episodes, total num timesteps 796800/4224000, FPS 82.

incre win rate is 0.1901840490797546.
[v_final step=1000] R_mean=0.4625 | G_n_mean=6.2242 (n=5) | q_tot_pred=6.4464 | drbfn_loss=-2.4995, qi_loss=0.0587, qtot_loss=3.4904

 Map 5m_vs_6m Algo r_drbfn_final Exp v_final_5m_vs_6m_5M_resume updates 1000/5280 episodes, total num timesteps 800800/4224000, FPS 82.

incre win rate is 0.21019108280254778.
eval win rate is 0.3125.

 Map 5m_vs_6m Algo r_drbfn_final Exp v_final_5m_vs_6m_5M_resume updates 1005/5280 episodes, total num timesteps 804800/4224000, FPS 82.

incre win rate is 0.17857142857142858.
[v_final step=1010] R_mean=0.4358 | G_n_mean=5.7987 (n=5) | q_tot_pred=5.9439 | drbfn_loss=-2.4997, qi_loss=0.0450, qtot_loss=3.4630

 Map 5m_vs_6m Algo r_drbfn_final Exp v_final_5m_vs_6m_5M_resume updates 1010/5280 episodes, total num timesteps 808800/4224000, FPS 82.

incre win rate is 0.15476190476190477.

 Map 5m_vs_6m Algo r_drbfn_final Exp v_final_5m_vs_6m_5M_resume updates 1015/5280 episodes, total num timesteps 812800/4224000, FPS 82.

incre win rate is 0.15060240963855423.
[v_final step=1020] R_mean=0.5094 | G_n_mean=6.5580 (n=5) | q_tot_pred=6.4856 | drbfn_loss=-2.4992, qi_loss=0.0598, qtot_loss=3.9843

 Map 5m_vs_6m Algo r_drbfn_final Exp v_final_5m_vs_6m_5M_resume updates 1020/5280 episodes, total num timesteps 816800/4224000, FPS 82.

incre win rate is 0.19135802469135801.

 Map 5m_vs_6m Algo r_drbfn_final Exp v_final_5m_vs_6m_5M_resume updates 1025/5280 episodes, total num timesteps 820800/4224000, FPS 83.

incre win rate is 0.24691358024691357.
eval win rate is 0.1875.
[v_final step=1030] R_mean=0.4997 | G_n_mean=6.3829 (n=5) | q_tot_pred=6.2686 | drbfn_loss=-2.4992, qi_loss=0.0614, qtot_loss=4.2328

 Map 5m_vs_6m Algo r_drbfn_final Exp v_final_5m_vs_6m_5M_resume updates 1030/5280 episodes, total num timesteps 824800/4224000, FPS 83.

incre win rate is 0.25153374233128833.

 Map 5m_vs_6m Algo r_drbfn_final Exp v_final_5m_vs_6m_5M_resume updates 1035/5280 episodes, total num timesteps 828800/4224000, FPS 83.

incre win rate is 0.18518518518518517.
[v_final step=1040] R_mean=0.4892 | G_n_mean=6.3304 (n=5) | q_tot_pred=6.4601 | drbfn_loss=-2.4993, qi_loss=0.0660, qtot_loss=4.2471

 Map 5m_vs_6m Algo r_drbfn_final Exp v_final_5m_vs_6m_5M_resume updates 1040/5280 episodes, total num timesteps 832800/4224000, FPS 83.

incre win rate is 0.29375.

 Map 5m_vs_6m Algo r_drbfn_final Exp v_final_5m_vs_6m_5M_resume updates 1045/5280 episodes, total num timesteps 836800/4224000, FPS 83.

incre win rate is 0.25625.
[v_final step=1050] R_mean=0.4651 | G_n_mean=6.3105 (n=5) | q_tot_pred=6.4064 | drbfn_loss=-2.4995, qi_loss=0.0508, qtot_loss=3.2741

 Map 5m_vs_6m Algo r_drbfn_final Exp v_final_5m_vs_6m_5M_resume updates 1050/5280 episodes, total num timesteps 840800/4224000, FPS 83.

incre win rate is 0.23125.
eval win rate is 0.1875.

 Map 5m_vs_6m Algo r_drbfn_final Exp v_final_5m_vs_6m_5M_resume updates 1055/5280 episodes, total num timesteps 844800/4224000, FPS 83.

incre win rate is 0.18012422360248448.
[v_final step=1060] R_mean=0.5213 | G_n_mean=6.7746 (n=5) | q_tot_pred=6.6721 | drbfn_loss=-2.4991, qi_loss=0.0742, qtot_loss=3.2006

 Map 5m_vs_6m Algo r_drbfn_final Exp v_final_5m_vs_6m_5M_resume updates 1060/5280 episodes, total num timesteps 848800/4224000, FPS 83.

incre win rate is 0.2839506172839506.

 Map 5m_vs_6m Algo r_drbfn_final Exp v_final_5m_vs_6m_5M_resume updates 1065/5280 episodes, total num timesteps 852800/4224000, FPS 83.

incre win rate is 0.2608695652173913.
[v_final step=1070] R_mean=0.4923 | G_n_mean=6.3928 (n=5) | q_tot_pred=6.3855 | drbfn_loss=-2.4994, qi_loss=0.0630, qtot_loss=4.0976

 Map 5m_vs_6m Algo r_drbfn_final Exp v_final_5m_vs_6m_5M_resume updates 1070/5280 episodes, total num timesteps 856800/4224000, FPS 83.

incre win rate is 0.19875776397515527.

 Map 5m_vs_6m Algo r_drbfn_final Exp v_final_5m_vs_6m_5M_resume updates 1075/5280 episodes, total num timesteps 860800/4224000, FPS 83.

incre win rate is 0.22699386503067484.
eval win rate is 0.34375.
[v_final step=1080] R_mean=0.4608 | G_n_mean=6.2280 (n=5) | q_tot_pred=6.4544 | drbfn_loss=-2.4995, qi_loss=0.0642, qtot_loss=3.6138

 Map 5m_vs_6m Algo r_drbfn_final Exp v_final_5m_vs_6m_5M_resume updates 1080/5280 episodes, total num timesteps 864800/4224000, FPS 83.

incre win rate is 0.16363636363636364.

 Map 5m_vs_6m Algo r_drbfn_final Exp v_final_5m_vs_6m_5M_resume updates 1085/5280 episodes, total num timesteps 868800/4224000, FPS 83.

incre win rate is 0.1951219512195122.
[v_final step=1090] R_mean=0.5168 | G_n_mean=6.7233 (n=5) | q_tot_pred=6.4401 | drbfn_loss=-2.4991, qi_loss=0.0589, qtot_loss=3.6681

 Map 5m_vs_6m Algo r_drbfn_final Exp v_final_5m_vs_6m_5M_resume updates 1090/5280 episodes, total num timesteps 872800/4224000, FPS 83.

incre win rate is 0.22699386503067484.

 Map 5m_vs_6m Algo r_drbfn_final Exp v_final_5m_vs_6m_5M_resume updates 1095/5280 episodes, total num timesteps 876800/4224000, FPS 83.

incre win rate is 0.19393939393939394.
[v_final step=1100] R_mean=0.4845 | G_n_mean=6.3988 (n=5) | q_tot_pred=6.2971 | drbfn_loss=-2.4993, qi_loss=0.0570, qtot_loss=3.3811

 Map 5m_vs_6m Algo r_drbfn_final Exp v_final_5m_vs_6m_5M_resume updates 1100/5280 episodes, total num timesteps 880800/4224000, FPS 83.

incre win rate is 0.14792899408284024.
eval win rate is 0.25.

 Map 5m_vs_6m Algo r_drbfn_final Exp v_final_5m_vs_6m_5M_resume updates 1105/5280 episodes, total num timesteps 884800/4224000, FPS 83.

incre win rate is 0.21212121212121213.
[v_final step=1110] R_mean=0.5049 | G_n_mean=6.5136 (n=5) | q_tot_pred=6.4699 | drbfn_loss=-2.4992, qi_loss=0.0666, qtot_loss=3.8926

 Map 5m_vs_6m Algo r_drbfn_final Exp v_final_5m_vs_6m_5M_resume updates 1110/5280 episodes, total num timesteps 888800/4224000, FPS 83.

incre win rate is 0.24539877300613497.

 Map 5m_vs_6m Algo r_drbfn_final Exp v_final_5m_vs_6m_5M_resume updates 1115/5280 episodes, total num timesteps 892800/4224000, FPS 83.

incre win rate is 0.25625.
[v_final step=1120] R_mean=0.4830 | G_n_mean=6.4438 (n=5) | q_tot_pred=6.4947 | drbfn_loss=-2.4993, qi_loss=0.0552, qtot_loss=3.2786

 Map 5m_vs_6m Algo r_drbfn_final Exp v_final_5m_vs_6m_5M_resume updates 1120/5280 episodes, total num timesteps 896800/4224000, FPS 83.

incre win rate is 0.2484076433121019.

 Map 5m_vs_6m Algo r_drbfn_final Exp v_final_5m_vs_6m_5M_resume updates 1125/5280 episodes, total num timesteps 900800/4224000, FPS 83.

incre win rate is 0.26582278481012656.
eval win rate is 0.4375.
[v_final step=1130] R_mean=0.5192 | G_n_mean=6.6715 (n=5) | q_tot_pred=6.6387 | drbfn_loss=-2.4991, qi_loss=0.0806, qtot_loss=4.3873

 Map 5m_vs_6m Algo r_drbfn_final Exp v_final_5m_vs_6m_5M_resume updates 1130/5280 episodes, total num timesteps 904800/4224000, FPS 83.

incre win rate is 0.3227848101265823.

 Map 5m_vs_6m Algo r_drbfn_final Exp v_final_5m_vs_6m_5M_resume updates 1135/5280 episodes, total num timesteps 908800/4224000, FPS 83.

incre win rate is 0.3419354838709677.
[v_final step=1140] R_mean=0.5535 | G_n_mean=6.9885 (n=5) | q_tot_pred=6.8497 | drbfn_loss=-2.4989, qi_loss=0.0715, qtot_loss=3.4368

 Map 5m_vs_6m Algo r_drbfn_final Exp v_final_5m_vs_6m_5M_resume updates 1140/5280 episodes, total num timesteps 912800/4224000, FPS 84.

incre win rate is 0.31210191082802546.

 Map 5m_vs_6m Algo r_drbfn_final Exp v_final_5m_vs_6m_5M_resume updates 1145/5280 episodes, total num timesteps 916800/4224000, FPS 84.

incre win rate is 0.3660130718954248.
[v_final step=1150] R_mean=0.4935 | G_n_mean=6.6223 (n=5) | q_tot_pred=6.8383 | drbfn_loss=-2.4994, qi_loss=0.0623, qtot_loss=3.7074

 Map 5m_vs_6m Algo r_drbfn_final Exp v_final_5m_vs_6m_5M_resume updates 1150/5280 episodes, total num timesteps 920800/4224000, FPS 84.

incre win rate is 0.18787878787878787.
eval win rate is 0.25.

 Map 5m_vs_6m Algo r_drbfn_final Exp v_final_5m_vs_6m_5M_resume updates 1155/5280 episodes, total num timesteps 924800/4224000, FPS 84.

incre win rate is 0.30625.
[v_final step=1160] R_mean=0.5562 | G_n_mean=6.9407 (n=5) | q_tot_pred=6.7069 | drbfn_loss=-2.4988, qi_loss=0.0786, qtot_loss=3.8408

 Map 5m_vs_6m Algo r_drbfn_final Exp v_final_5m_vs_6m_5M_resume updates 1160/5280 episodes, total num timesteps 928800/4224000, FPS 84.

incre win rate is 0.27044025157232704.

 Map 5m_vs_6m Algo r_drbfn_final Exp v_final_5m_vs_6m_5M_resume updates 1165/5280 episodes, total num timesteps 932800/4224000, FPS 84.

incre win rate is 0.3312883435582822.
[v_final step=1170] R_mean=0.5336 | G_n_mean=6.8042 (n=5) | q_tot_pred=6.7021 | drbfn_loss=-2.4990, qi_loss=0.0757, qtot_loss=4.2276

 Map 5m_vs_6m Algo r_drbfn_final Exp v_final_5m_vs_6m_5M_resume updates 1170/5280 episodes, total num timesteps 936800/4224000, FPS 84.

incre win rate is 0.3081761006289308.

 Map 5m_vs_6m Algo r_drbfn_final Exp v_final_5m_vs_6m_5M_resume updates 1175/5280 episodes, total num timesteps 940800/4224000, FPS 84.

incre win rate is 0.35668789808917195.
eval win rate is 0.46875.
[v_final step=1180] R_mean=0.5042 | G_n_mean=6.5895 (n=5) | q_tot_pred=6.5474 | drbfn_loss=-2.4992, qi_loss=0.0698, qtot_loss=3.6763

 Map 5m_vs_6m Algo r_drbfn_final Exp v_final_5m_vs_6m_5M_resume updates 1180/5280 episodes, total num timesteps 944800/4224000, FPS 84.

incre win rate is 0.2392638036809816.

 Map 5m_vs_6m Algo r_drbfn_final Exp v_final_5m_vs_6m_5M_resume updates 1185/5280 episodes, total num timesteps 948800/4224000, FPS 84.

incre win rate is 0.2392638036809816.
[v_final step=1190] R_mean=0.5633 | G_n_mean=7.1674 (n=5) | q_tot_pred=6.6928 | drbfn_loss=-2.4987, qi_loss=0.0860, qtot_loss=4.1418

 Map 5m_vs_6m Algo r_drbfn_final Exp v_final_5m_vs_6m_5M_resume updates 1190/5280 episodes, total num timesteps 952800/4224000, FPS 84.

incre win rate is 0.2830188679245283.

 Map 5m_vs_6m Algo r_drbfn_final Exp v_final_5m_vs_6m_5M_resume updates 1195/5280 episodes, total num timesteps 956800/4224000, FPS 84.

incre win rate is 0.22981366459627328.
[v_final step=1200] R_mean=0.5054 | G_n_mean=6.5888 (n=5) | q_tot_pred=6.4253 | drbfn_loss=-2.4992, qi_loss=0.0691, qtot_loss=3.7614

 Map 5m_vs_6m Algo r_drbfn_final Exp v_final_5m_vs_6m_5M_resume updates 1200/5280 episodes, total num timesteps 960800/4224000, FPS 84.

incre win rate is 0.28125.
eval win rate is 0.40625.

 Map 5m_vs_6m Algo r_drbfn_final Exp v_final_5m_vs_6m_5M_resume updates 1205/5280 episodes, total num timesteps 964800/4224000, FPS 84.

incre win rate is 0.25308641975308643.
[v_final step=1210] R_mean=0.5383 | G_n_mean=6.7943 (n=5) | q_tot_pred=6.5910 | drbfn_loss=-2.4989, qi_loss=0.0840, qtot_loss=3.4758

 Map 5m_vs_6m Algo r_drbfn_final Exp v_final_5m_vs_6m_5M_resume updates 1210/5280 episodes, total num timesteps 968800/4224000, FPS 84.

incre win rate is 0.23125.

 Map 5m_vs_6m Algo r_drbfn_final Exp v_final_5m_vs_6m_5M_resume updates 1215/5280 episodes, total num timesteps 972800/4224000, FPS 84.

incre win rate is 0.2229299363057325.
[v_final step=1220] R_mean=0.5000 | G_n_mean=6.5159 (n=5) | q_tot_pred=6.1299 | drbfn_loss=-2.4992, qi_loss=0.0570, qtot_loss=3.8142

 Map 5m_vs_6m Algo r_drbfn_final Exp v_final_5m_vs_6m_5M_resume updates 1220/5280 episodes, total num timesteps 976800/4224000, FPS 84.

incre win rate is 0.1910828025477707.

 Map 5m_vs_6m Algo r_drbfn_final Exp v_final_5m_vs_6m_5M_resume updates 1225/5280 episodes, total num timesteps 980800/4224000, FPS 84.

incre win rate is 0.310126582278481.
eval win rate is 0.28125.
[v_final step=1230] R_mean=0.4884 | G_n_mean=6.5221 (n=5) | q_tot_pred=6.6592 | drbfn_loss=-2.4992, qi_loss=0.0751, qtot_loss=3.2529

 Map 5m_vs_6m Algo r_drbfn_final Exp v_final_5m_vs_6m_5M_resume updates 1230/5280 episodes, total num timesteps 984800/4224000, FPS 84.

incre win rate is 0.27672955974842767.

 Map 5m_vs_6m Algo r_drbfn_final Exp v_final_5m_vs_6m_5M_resume updates 1235/5280 episodes, total num timesteps 988800/4224000, FPS 84.

incre win rate is 0.2345679012345679.
[v_final step=1240] R_mean=0.4642 | G_n_mean=5.9206 (n=5) | q_tot_pred=6.0824 | drbfn_loss=-2.4993, qi_loss=0.0632, qtot_loss=3.4221

 Map 5m_vs_6m Algo r_drbfn_final Exp v_final_5m_vs_6m_5M_resume updates 1240/5280 episodes, total num timesteps 992800/4224000, FPS 84.

incre win rate is 0.23030303030303031.

 Map 5m_vs_6m Algo r_drbfn_final Exp v_final_5m_vs_6m_5M_resume updates 1245/5280 episodes, total num timesteps 996800/4224000, FPS 84.

incre win rate is 0.2981366459627329.
[v_final step=1250] R_mean=0.5608 | G_n_mean=7.1945 (n=5) | q_tot_pred=7.1273 | drbfn_loss=-2.4987, qi_loss=0.0851, qtot_loss=4.2403

 Map 5m_vs_6m Algo r_drbfn_final Exp v_final_5m_vs_6m_5M_resume updates 1250/5280 episodes, total num timesteps 1000800/4224000, FPS 84.

incre win rate is 0.35443037974683544.
eval win rate is 0.25.

 Map 5m_vs_6m Algo r_drbfn_final Exp v_final_5m_vs_6m_5M_resume updates 1255/5280 episodes, total num timesteps 1004800/4224000, FPS 84.

incre win rate is 0.36075949367088606.
[v_final step=1260] R_mean=0.5065 | G_n_mean=6.8387 (n=5) | q_tot_pred=6.8840 | drbfn_loss=-2.4992, qi_loss=0.0718, qtot_loss=4.3989

 Map 5m_vs_6m Algo r_drbfn_final Exp v_final_5m_vs_6m_5M_resume updates 1260/5280 episodes, total num timesteps 1008800/4224000, FPS 84.

incre win rate is 0.31210191082802546.

 Map 5m_vs_6m Algo r_drbfn_final Exp v_final_5m_vs_6m_5M_resume updates 1265/5280 episodes, total num timesteps 1012800/4224000, FPS 84.

incre win rate is 0.33121019108280253.
[v_final step=1270] R_mean=0.5227 | G_n_mean=6.8253 (n=5) | q_tot_pred=6.7727 | drbfn_loss=-2.4990, qi_loss=0.0763, qtot_loss=4.8058

 Map 5m_vs_6m Algo r_drbfn_final Exp v_final_5m_vs_6m_5M_resume updates 1270/5280 episodes, total num timesteps 1016800/4224000, FPS 84.

incre win rate is 0.27388535031847133.

 Map 5m_vs_6m Algo r_drbfn_final Exp v_final_5m_vs_6m_5M_resume updates 1275/5280 episodes, total num timesteps 1020800/4224000, FPS 84.

incre win rate is 0.2922077922077922.
eval win rate is 0.375.
[v_final step=1280] R_mean=0.4959 | G_n_mean=6.6930 (n=5) | q_tot_pred=6.7099 | drbfn_loss=-2.4992, qi_loss=0.0667, qtot_loss=3.6813

 Map 5m_vs_6m Algo r_drbfn_final Exp v_final_5m_vs_6m_5M_resume updates 1280/5280 episodes, total num timesteps 1024800/4224000, FPS 84.

incre win rate is 0.3032258064516129.

 Map 5m_vs_6m Algo r_drbfn_final Exp v_final_5m_vs_6m_5M_resume updates 1285/5280 episodes, total num timesteps 1028800/4224000, FPS 84.

incre win rate is 0.2948717948717949.
[v_final step=1290] R_mean=0.5645 | G_n_mean=7.3090 (n=5) | q_tot_pred=7.0880 | drbfn_loss=-2.4988, qi_loss=0.0905, qtot_loss=4.2577

 Map 5m_vs_6m Algo r_drbfn_final Exp v_final_5m_vs_6m_5M_resume updates 1290/5280 episodes, total num timesteps 1032800/4224000, FPS 84.

incre win rate is 0.41025641025641024.

 Map 5m_vs_6m Algo r_drbfn_final Exp v_final_5m_vs_6m_5M_resume updates 1295/5280 episodes, total num timesteps 1036800/4224000, FPS 85.

incre win rate is 0.36538461538461536.
[v_final step=1300] R_mean=0.5117 | G_n_mean=6.5998 (n=5) | q_tot_pred=6.6458 | drbfn_loss=-2.4991, qi_loss=0.0651, qtot_loss=3.6024

 Map 5m_vs_6m Algo r_drbfn_final Exp v_final_5m_vs_6m_5M_resume updates 1300/5280 episodes, total num timesteps 1040800/4224000, FPS 84.

incre win rate is 0.3782051282051282.
eval win rate is 0.4375.

 Map 5m_vs_6m Algo r_drbfn_final Exp v_final_5m_vs_6m_5M_resume updates 1305/5280 episodes, total num timesteps 1044800/4224000, FPS 84.

incre win rate is 0.2967741935483871.
[v_final step=1310] R_mean=0.4616 | G_n_mean=6.3119 (n=5) | q_tot_pred=6.4223 | drbfn_loss=-2.4994, qi_loss=0.0753, qtot_loss=4.0195

 Map 5m_vs_6m Algo r_drbfn_final Exp v_final_5m_vs_6m_5M_resume updates 1310/5280 episodes, total num timesteps 1048800/4224000, FPS 84.

incre win rate is 0.2929936305732484.

 Map 5m_vs_6m Algo r_drbfn_final Exp v_final_5m_vs_6m_5M_resume updates 1315/5280 episodes, total num timesteps 1052800/4224000, FPS 84.

incre win rate is 0.25949367088607594.
[v_final step=1320] R_mean=0.4550 | G_n_mean=6.0831 (n=5) | q_tot_pred=6.2964 | drbfn_loss=-2.4995, qi_loss=0.0487, qtot_loss=3.1902

 Map 5m_vs_6m Algo r_drbfn_final Exp v_final_5m_vs_6m_5M_resume updates 1320/5280 episodes, total num timesteps 1056800/4224000, FPS 84.

incre win rate is 0.24050632911392406.

 Map 5m_vs_6m Algo r_drbfn_final Exp v_final_5m_vs_6m_5M_resume updates 1325/5280 episodes, total num timesteps 1060800/4224000, FPS 84.

incre win rate is 0.27044025157232704.
eval win rate is 0.21875.
[v_final step=1330] R_mean=0.5005 | G_n_mean=6.5989 (n=5) | q_tot_pred=6.7246 | drbfn_loss=-2.4992, qi_loss=0.0714, qtot_loss=4.1856

 Map 5m_vs_6m Algo r_drbfn_final Exp v_final_5m_vs_6m_5M_resume updates 1330/5280 episodes, total num timesteps 1064800/4224000, FPS 84.

incre win rate is 0.28205128205128205.

 Map 5m_vs_6m Algo r_drbfn_final Exp v_final_5m_vs_6m_5M_resume updates 1335/5280 episodes, total num timesteps 1068800/4224000, FPS 84.

incre win rate is 0.25625.
[v_final step=1340] R_mean=0.5170 | G_n_mean=6.6893 (n=5) | q_tot_pred=6.6041 | drbfn_loss=-2.4990, qi_loss=0.0794, qtot_loss=3.9208

 Map 5m_vs_6m Algo r_drbfn_final Exp v_final_5m_vs_6m_5M_resume updates 1340/5280 episodes, total num timesteps 1072800/4224000, FPS 84.

incre win rate is 0.36363636363636365.

 Map 5m_vs_6m Algo r_drbfn_final Exp v_final_5m_vs_6m_5M_resume updates 1345/5280 episodes, total num timesteps 1076800/4224000, FPS 84.

incre win rate is 0.2974683544303797.
[v_final step=1350] R_mean=0.4644 | G_n_mean=6.3582 (n=5) | q_tot_pred=6.6147 | drbfn_loss=-2.4994, qi_loss=0.0653, qtot_loss=4.2978

 Map 5m_vs_6m Algo r_drbfn_final Exp v_final_5m_vs_6m_5M_resume updates 1350/5280 episodes, total num timesteps 1080800/4224000, FPS 84.

incre win rate is 0.3018867924528302.
eval win rate is 0.28125.

 Map 5m_vs_6m Algo r_drbfn_final Exp v_final_5m_vs_6m_5M_resume updates 1355/5280 episodes, total num timesteps 1084800/4224000, FPS 84.

incre win rate is 0.33766233766233766.
[v_final step=1360] R_mean=0.5421 | G_n_mean=7.1988 (n=5) | q_tot_pred=7.1507 | drbfn_loss=-2.4989, qi_loss=0.0896, qtot_loss=4.2771

 Map 5m_vs_6m Algo r_drbfn_final Exp v_final_5m_vs_6m_5M_resume updates 1360/5280 episodes, total num timesteps 1088800/4224000, FPS 84.

incre win rate is 0.3248407643312102.

 Map 5m_vs_6m Algo r_drbfn_final Exp v_final_5m_vs_6m_5M_resume updates 1365/5280 episodes, total num timesteps 1092800/4224000, FPS 84.

incre win rate is 0.3333333333333333.
[v_final step=1370] R_mean=0.4358 | G_n_mean=6.0078 (n=5) | q_tot_pred=5.9911 | drbfn_loss=-2.4994, qi_loss=0.0709, qtot_loss=2.6069

 Map 5m_vs_6m Algo r_drbfn_final Exp v_final_5m_vs_6m_5M_resume updates 1370/5280 episodes, total num timesteps 1096800/4224000, FPS 85.

incre win rate is 0.24183006535947713.

 Map 5m_vs_6m Algo r_drbfn_final Exp v_final_5m_vs_6m_5M_resume updates 1375/5280 episodes, total num timesteps 1100800/4224000, FPS 85.

incre win rate is 0.2125.
eval win rate is 0.40625.
[v_final step=1380] R_mean=0.4952 | G_n_mean=6.6641 (n=5) | q_tot_pred=6.5562 | drbfn_loss=-2.4992, qi_loss=0.0703, qtot_loss=4.4179

 Map 5m_vs_6m Algo r_drbfn_final Exp v_final_5m_vs_6m_5M_resume updates 1380/5280 episodes, total num timesteps 1104800/4224000, FPS 85.

incre win rate is 0.2578616352201258.

 Map 5m_vs_6m Algo r_drbfn_final Exp v_final_5m_vs_6m_5M_resume updates 1385/5280 episodes, total num timesteps 1108800/4224000, FPS 85.

incre win rate is 0.2802547770700637.
[v_final step=1390] R_mean=0.4873 | G_n_mean=6.4714 (n=5) | q_tot_pred=6.5950 | drbfn_loss=-2.4993, qi_loss=0.0728, qtot_loss=3.7210

 Map 5m_vs_6m Algo r_drbfn_final Exp v_final_5m_vs_6m_5M_resume updates 1390/5280 episodes, total num timesteps 1112800/4224000, FPS 85.

incre win rate is 0.2721518987341772.

 Map 5m_vs_6m Algo r_drbfn_final Exp v_final_5m_vs_6m_5M_resume updates 1395/5280 episodes, total num timesteps 1116800/4224000, FPS 85.

incre win rate is 0.34375.
[v_final step=1400] R_mean=0.4906 | G_n_mean=6.5130 (n=5) | q_tot_pred=6.6686 | drbfn_loss=-2.4993, qi_loss=0.0776, qtot_loss=3.1538

 Map 5m_vs_6m Algo r_drbfn_final Exp v_final_5m_vs_6m_5M_resume updates 1400/5280 episodes, total num timesteps 1120800/4224000, FPS 85.

incre win rate is 0.23717948717948717.
eval win rate is 0.34375.

 Map 5m_vs_6m Algo r_drbfn_final Exp v_final_5m_vs_6m_5M_resume updates 1405/5280 episodes, total num timesteps 1124800/4224000, FPS 85.

incre win rate is 0.3248407643312102.
[v_final step=1410] R_mean=0.5037 | G_n_mean=6.6585 (n=5) | q_tot_pred=6.8673 | drbfn_loss=-2.4992, qi_loss=0.0737, qtot_loss=3.8868

 Map 5m_vs_6m Algo r_drbfn_final Exp v_final_5m_vs_6m_5M_resume updates 1410/5280 episodes, total num timesteps 1128800/4224000, FPS 85.

incre win rate is 0.3032258064516129.

 Map 5m_vs_6m Algo r_drbfn_final Exp v_final_5m_vs_6m_5M_resume updates 1415/5280 episodes, total num timesteps 1132800/4224000, FPS 85.

incre win rate is 0.27044025157232704.
[v_final step=1420] R_mean=0.5201 | G_n_mean=7.1132 (n=5) | q_tot_pred=6.8510 | drbfn_loss=-2.4991, qi_loss=0.0938, qtot_loss=3.8986

 Map 5m_vs_6m Algo r_drbfn_final Exp v_final_5m_vs_6m_5M_resume updates 1420/5280 episodes, total num timesteps 1136800/4224000, FPS 85.

incre win rate is 0.26875.

 Map 5m_vs_6m Algo r_drbfn_final Exp v_final_5m_vs_6m_5M_resume updates 1425/5280 episodes, total num timesteps 1140800/4224000, FPS 85.

incre win rate is 0.3836477987421384.
eval win rate is 0.28125.
[v_final step=1430] R_mean=0.4807 | G_n_mean=6.4111 (n=5) | q_tot_pred=6.6349 | drbfn_loss=-2.4994, qi_loss=0.0767, qtot_loss=3.5701

 Map 5m_vs_6m Algo r_drbfn_final Exp v_final_5m_vs_6m_5M_resume updates 1430/5280 episodes, total num timesteps 1144800/4224000, FPS 85.

incre win rate is 0.34177215189873417.

 Map 5m_vs_6m Algo r_drbfn_final Exp v_final_5m_vs_6m_5M_resume updates 1435/5280 episodes, total num timesteps 1148800/4224000, FPS 85.

incre win rate is 0.2710843373493976.
[v_final step=1440] R_mean=0.5144 | G_n_mean=6.7127 (n=5) | q_tot_pred=6.7335 | drbfn_loss=-2.4992, qi_loss=0.0768, qtot_loss=4.6981

 Map 5m_vs_6m Algo r_drbfn_final Exp v_final_5m_vs_6m_5M_resume updates 1440/5280 episodes, total num timesteps 1152800/4224000, FPS 85.

incre win rate is 0.3067484662576687.

 Map 5m_vs_6m Algo r_drbfn_final Exp v_final_5m_vs_6m_5M_resume updates 1445/5280 episodes, total num timesteps 1156800/4224000, FPS 85.

incre win rate is 0.3006134969325153.
[v_final step=1450] R_mean=0.5242 | G_n_mean=6.8352 (n=5) | q_tot_pred=6.6975 | drbfn_loss=-2.4990, qi_loss=0.0849, qtot_loss=3.5402

 Map 5m_vs_6m Algo r_drbfn_final Exp v_final_5m_vs_6m_5M_resume updates 1450/5280 episodes, total num timesteps 1160800/4224000, FPS 85.

incre win rate is 0.27607361963190186.
eval win rate is 0.375.

 Map 5m_vs_6m Algo r_drbfn_final Exp v_final_5m_vs_6m_5M_resume updates 1455/5280 episodes, total num timesteps 1164800/4224000, FPS 85.

incre win rate is 0.2777777777777778.
[v_final step=1460] R_mean=0.5376 | G_n_mean=7.0439 (n=5) | q_tot_pred=6.9744 | drbfn_loss=-2.4990, qi_loss=0.0746, qtot_loss=3.7407

 Map 5m_vs_6m Algo r_drbfn_final Exp v_final_5m_vs_6m_5M_resume updates 1460/5280 episodes, total num timesteps 1168800/4224000, FPS 85.

incre win rate is 0.27388535031847133.

 Map 5m_vs_6m Algo r_drbfn_final Exp v_final_5m_vs_6m_5M_resume updates 1465/5280 episodes, total num timesteps 1172800/4224000, FPS 85.

incre win rate is 0.2883435582822086.
[v_final step=1470] R_mean=0.4940 | G_n_mean=6.5682 (n=5) | q_tot_pred=6.5032 | drbfn_loss=-2.4993, qi_loss=0.0715, qtot_loss=4.6111

 Map 5m_vs_6m Algo r_drbfn_final Exp v_final_5m_vs_6m_5M_resume updates 1470/5280 episodes, total num timesteps 1176800/4224000, FPS 85.

incre win rate is 0.22699386503067484.

 Map 5m_vs_6m Algo r_drbfn_final Exp v_final_5m_vs_6m_5M_resume updates 1475/5280 episodes, total num timesteps 1180800/4224000, FPS 85.

incre win rate is 0.3148148148148148.
eval win rate is 0.21875.
[v_final step=1480] R_mean=0.4635 | G_n_mean=6.3657 (n=5) | q_tot_pred=6.5500 | drbfn_loss=-2.4995, qi_loss=0.0683, qtot_loss=3.5014

 Map 5m_vs_6m Algo r_drbfn_final Exp v_final_5m_vs_6m_5M_resume updates 1480/5280 episodes, total num timesteps 1184800/4224000, FPS 85.

incre win rate is 0.25625.

 Map 5m_vs_6m Algo r_drbfn_final Exp v_final_5m_vs_6m_5M_resume updates 1485/5280 episodes, total num timesteps 1188800/4224000, FPS 85.

incre win rate is 0.18902439024390244.
[v_final step=1490] R_mean=0.5075 | G_n_mean=6.8462 (n=5) | q_tot_pred=6.8379 | drbfn_loss=-2.4992, qi_loss=0.0860, qtot_loss=3.8000

 Map 5m_vs_6m Algo r_drbfn_final Exp v_final_5m_vs_6m_5M_resume updates 1490/5280 episodes, total num timesteps 1192800/4224000, FPS 85.

incre win rate is 0.25157232704402516.

 Map 5m_vs_6m Algo r_drbfn_final Exp v_final_5m_vs_6m_5M_resume updates 1495/5280 episodes, total num timesteps 1196800/4224000, FPS 85.

incre win rate is 0.31446540880503143.
[v_final step=1500] R_mean=0.5374 | G_n_mean=7.0464 (n=5) | q_tot_pred=6.9469 | drbfn_loss=-2.4990, qi_loss=0.0907, qtot_loss=4.2161

 Map 5m_vs_6m Algo r_drbfn_final Exp v_final_5m_vs_6m_5M_resume updates 1500/5280 episodes, total num timesteps 1200800/4224000, FPS 85.

incre win rate is 0.325.
eval win rate is 0.34375.

 Map 5m_vs_6m Algo r_drbfn_final Exp v_final_5m_vs_6m_5M_resume updates 1505/5280 episodes, total num timesteps 1204800/4224000, FPS 85.

incre win rate is 0.2911392405063291.
[v_final step=1510] R_mean=0.4937 | G_n_mean=6.5929 (n=5) | q_tot_pred=6.5933 | drbfn_loss=-2.4993, qi_loss=0.0716, qtot_loss=2.9154

 Map 5m_vs_6m Algo r_drbfn_final Exp v_final_5m_vs_6m_5M_resume updates 1510/5280 episodes, total num timesteps 1208800/4224000, FPS 85.

incre win rate is 0.26875.

 Map 5m_vs_6m Algo r_drbfn_final Exp v_final_5m_vs_6m_5M_resume updates 1515/5280 episodes, total num timesteps 1212800/4224000, FPS 85.

incre win rate is 0.27672955974842767.
[v_final step=1520] R_mean=0.5085 | G_n_mean=6.6835 (n=5) | q_tot_pred=6.5564 | drbfn_loss=-2.4991, qi_loss=0.0966, qtot_loss=4.3639

 Map 5m_vs_6m Algo r_drbfn_final Exp v_final_5m_vs_6m_5M_resume updates 1520/5280 episodes, total num timesteps 1216800/4224000, FPS 85.

incre win rate is 0.26875.

 Map 5m_vs_6m Algo r_drbfn_final Exp v_final_5m_vs_6m_5M_resume updates 1525/5280 episodes, total num timesteps 1220800/4224000, FPS 85.

incre win rate is 0.2625.
eval win rate is 0.28125.
[v_final step=1530] R_mean=0.4499 | G_n_mean=6.1733 (n=5) | q_tot_pred=6.1498 | drbfn_loss=-2.4996, qi_loss=0.0614, qtot_loss=2.7535

 Map 5m_vs_6m Algo r_drbfn_final Exp v_final_5m_vs_6m_5M_resume updates 1530/5280 episodes, total num timesteps 1224800/4224000, FPS 85.

incre win rate is 0.16981132075471697.

 Map 5m_vs_6m Algo r_drbfn_final Exp v_final_5m_vs_6m_5M_resume updates 1535/5280 episodes, total num timesteps 1228800/4224000, FPS 85.

incre win rate is 0.2422360248447205.
[v_final step=1540] R_mean=0.4877 | G_n_mean=6.5022 (n=5) | q_tot_pred=6.4944 | drbfn_loss=-2.4993, qi_loss=0.0904, qtot_loss=3.6938

 Map 5m_vs_6m Algo r_drbfn_final Exp v_final_5m_vs_6m_5M_resume updates 1540/5280 episodes, total num timesteps 1232800/4224000, FPS 85.

incre win rate is 0.25157232704402516.

 Map 5m_vs_6m Algo r_drbfn_final Exp v_final_5m_vs_6m_5M_resume updates 1545/5280 episodes, total num timesteps 1236800/4224000, FPS 85.

incre win rate is 0.25308641975308643.
[v_final step=1550] R_mean=0.4510 | G_n_mean=6.1635 (n=5) | q_tot_pred=6.1529 | drbfn_loss=-2.4996, qi_loss=0.0652, qtot_loss=2.8082

 Map 5m_vs_6m Algo r_drbfn_final Exp v_final_5m_vs_6m_5M_resume updates 1550/5280 episodes, total num timesteps 1240800/4224000, FPS 86.

incre win rate is 0.18518518518518517.
eval win rate is 0.28125.

 Map 5m_vs_6m Algo r_drbfn_final Exp v_final_5m_vs_6m_5M_resume updates 1555/5280 episodes, total num timesteps 1244800/4224000, FPS 85.

incre win rate is 0.23170731707317074.
[v_final step=1560] R_mean=0.5050 | G_n_mean=6.7639 (n=5) | q_tot_pred=6.7320 | drbfn_loss=-2.4992, qi_loss=0.0971, qtot_loss=4.5157

 Map 5m_vs_6m Algo r_drbfn_final Exp v_final_5m_vs_6m_5M_resume updates 1560/5280 episodes, total num timesteps 1248800/4224000, FPS 85.

incre win rate is 0.267515923566879.

 Map 5m_vs_6m Algo r_drbfn_final Exp v_final_5m_vs_6m_5M_resume updates 1565/5280 episodes, total num timesteps 1252800/4224000, FPS 86.

incre win rate is 0.1951219512195122.
[v_final step=1570] R_mean=0.4333 | G_n_mean=5.8786 (n=5) | q_tot_pred=6.2033 | drbfn_loss=-2.4997, qi_loss=0.0593, qtot_loss=3.1451

 Map 5m_vs_6m Algo r_drbfn_final Exp v_final_5m_vs_6m_5M_resume updates 1570/5280 episodes, total num timesteps 1256800/4224000, FPS 86.

incre win rate is 0.20606060606060606.

 Map 5m_vs_6m Algo r_drbfn_final Exp v_final_5m_vs_6m_5M_resume updates 1575/5280 episodes, total num timesteps 1260800/4224000, FPS 86.

incre win rate is 0.22784810126582278.
eval win rate is 0.25.
[v_final step=1580] R_mean=0.5171 | G_n_mean=7.0372 (n=5) | q_tot_pred=6.9632 | drbfn_loss=-2.4992, qi_loss=0.0882, qtot_loss=4.0634

 Map 5m_vs_6m Algo r_drbfn_final Exp v_final_5m_vs_6m_5M_resume updates 1580/5280 episodes, total num timesteps 1264800/4224000, FPS 86.

incre win rate is 0.2974683544303797.

 Map 5m_vs_6m Algo r_drbfn_final Exp v_final_5m_vs_6m_5M_resume updates 1585/5280 episodes, total num timesteps 1268800/4224000, FPS 86.

incre win rate is 0.27672955974842767.
[v_final step=1590] R_mean=0.4858 | G_n_mean=6.4819 (n=5) | q_tot_pred=6.4211 | drbfn_loss=-2.4993, qi_loss=0.0818, qtot_loss=4.5638

 Map 5m_vs_6m Algo r_drbfn_final Exp v_final_5m_vs_6m_5M_resume updates 1590/5280 episodes, total num timesteps 1272800/4224000, FPS 86.

incre win rate is 0.2422360248447205.

 Map 5m_vs_6m Algo r_drbfn_final Exp v_final_5m_vs_6m_5M_resume updates 1595/5280 episodes, total num timesteps 1276800/4224000, FPS 86.

incre win rate is 0.20382165605095542.
[v_final step=1600] R_mean=0.5006 | G_n_mean=6.5799 (n=5) | q_tot_pred=6.7109 | drbfn_loss=-2.4992, qi_loss=0.0754, qtot_loss=3.3592

 Map 5m_vs_6m Algo r_drbfn_final Exp v_final_5m_vs_6m_5M_resume updates 1600/5280 episodes, total num timesteps 1280800/4224000, FPS 86.

incre win rate is 0.2484472049689441.
eval win rate is 0.21875.

 Map 5m_vs_6m Algo r_drbfn_final Exp v_final_5m_vs_6m_5M_resume updates 1605/5280 episodes, total num timesteps 1284800/4224000, FPS 86.

incre win rate is 0.2125.
[v_final step=1610] R_mean=0.4612 | G_n_mean=6.3576 (n=5) | q_tot_pred=6.3009 | drbfn_loss=-2.4994, qi_loss=0.0715, qtot_loss=4.0845

 Map 5m_vs_6m Algo r_drbfn_final Exp v_final_5m_vs_6m_5M_resume updates 1610/5280 episodes, total num timesteps 1288800/4224000, FPS 86.

incre win rate is 0.22151898734177214.

 Map 5m_vs_6m Algo r_drbfn_final Exp v_final_5m_vs_6m_5M_resume updates 1615/5280 episodes, total num timesteps 1292800/4224000, FPS 86.

incre win rate is 0.1509433962264151.
[v_final step=1620] R_mean=0.5461 | G_n_mean=7.1445 (n=5) | q_tot_pred=6.8877 | drbfn_loss=-2.4989, qi_loss=0.0946, qtot_loss=3.7056

 Map 5m_vs_6m Algo r_drbfn_final Exp v_final_5m_vs_6m_5M_resume updates 1620/5280 episodes, total num timesteps 1296800/4224000, FPS 86.

incre win rate is 0.2125.

 Map 5m_vs_6m Algo r_drbfn_final Exp v_final_5m_vs_6m_5M_resume updates 1625/5280 episodes, total num timesteps 1300800/4224000, FPS 85.

incre win rate is 0.21153846153846154.
eval win rate is 0.1875.
[v_final step=1630] R_mean=0.5183 | G_n_mean=6.8151 (n=5) | q_tot_pred=6.6830 | drbfn_loss=-2.4992, qi_loss=0.0809, qtot_loss=3.3469

 Map 5m_vs_6m Algo r_drbfn_final Exp v_final_5m_vs_6m_5M_resume updates 1630/5280 episodes, total num timesteps 1304800/4224000, FPS 85.

incre win rate is 0.2857142857142857.

 Map 5m_vs_6m Algo r_drbfn_final Exp v_final_5m_vs_6m_5M_resume updates 1635/5280 episodes, total num timesteps 1308800/4224000, FPS 85.

incre win rate is 0.2911392405063291.
[v_final step=1640] R_mean=0.4766 | G_n_mean=6.3755 (n=5) | q_tot_pred=6.4867 | drbfn_loss=-2.4993, qi_loss=0.0762, qtot_loss=3.7370

 Map 5m_vs_6m Algo r_drbfn_final Exp v_final_5m_vs_6m_5M_resume updates 1640/5280 episodes, total num timesteps 1312800/4224000, FPS 85.

incre win rate is 0.2468354430379747.

 Map 5m_vs_6m Algo r_drbfn_final Exp v_final_5m_vs_6m_5M_resume updates 1645/5280 episodes, total num timesteps 1316800/4224000, FPS 85.

incre win rate is 0.21656050955414013.
[v_final step=1650] R_mean=0.5127 | G_n_mean=7.0316 (n=5) | q_tot_pred=6.9202 | drbfn_loss=-2.4992, qi_loss=0.1065, qtot_loss=3.8937

 Map 5m_vs_6m Algo r_drbfn_final Exp v_final_5m_vs_6m_5M_resume updates 1650/5280 episodes, total num timesteps 1320800/4224000, FPS 86.

incre win rate is 0.2608695652173913.
eval win rate is 0.21875.

 Map 5m_vs_6m Algo r_drbfn_final Exp v_final_5m_vs_6m_5M_resume updates 1655/5280 episodes, total num timesteps 1324800/4224000, FPS 85.

incre win rate is 0.32075471698113206.
[v_final step=1660] R_mean=0.4604 | G_n_mean=6.4397 (n=5) | q_tot_pred=6.5575 | drbfn_loss=-2.4995, qi_loss=0.0754, qtot_loss=3.1203

 Map 5m_vs_6m Algo r_drbfn_final Exp v_final_5m_vs_6m_5M_resume updates 1660/5280 episodes, total num timesteps 1328800/4224000, FPS 85.

incre win rate is 0.22435897435897437.

 Map 5m_vs_6m Algo r_drbfn_final Exp v_final_5m_vs_6m_5M_resume updates 1665/5280 episodes, total num timesteps 1332800/4224000, FPS 86.

incre win rate is 0.2962962962962963.
[v_final step=1670] R_mean=0.4526 | G_n_mean=6.3702 (n=5) | q_tot_pred=6.6863 | drbfn_loss=-2.4996, qi_loss=0.0769, qtot_loss=2.7247

 Map 5m_vs_6m Algo r_drbfn_final Exp v_final_5m_vs_6m_5M_resume updates 1670/5280 episodes, total num timesteps 1336800/4224000, FPS 86.

incre win rate is 0.2611464968152866.

 Map 5m_vs_6m Algo r_drbfn_final Exp v_final_5m_vs_6m_5M_resume updates 1675/5280 episodes, total num timesteps 1340800/4224000, FPS 86.

incre win rate is 0.2981366459627329.
eval win rate is 0.25.
[v_final step=1680] R_mean=0.5213 | G_n_mean=6.9206 (n=5) | q_tot_pred=6.7312 | drbfn_loss=-2.4991, qi_loss=0.1095, qtot_loss=4.6637

 Map 5m_vs_6m Algo r_drbfn_final Exp v_final_5m_vs_6m_5M_resume updates 1680/5280 episodes, total num timesteps 1344800/4224000, FPS 86.

incre win rate is 0.2331288343558282.

 Map 5m_vs_6m Algo r_drbfn_final Exp v_final_5m_vs_6m_5M_resume updates 1685/5280 episodes, total num timesteps 1348800/4224000, FPS 86.

incre win rate is 0.22012578616352202.
[v_final step=1690] R_mean=0.4716 | G_n_mean=6.3575 (n=5) | q_tot_pred=6.5293 | drbfn_loss=-2.4994, qi_loss=0.0756, qtot_loss=3.6306

 Map 5m_vs_6m Algo r_drbfn_final Exp v_final_5m_vs_6m_5M_resume updates 1690/5280 episodes, total num timesteps 1352800/4224000, FPS 86.

incre win rate is 0.20958083832335328.

 Map 5m_vs_6m Algo r_drbfn_final Exp v_final_5m_vs_6m_5M_resume updates 1695/5280 episodes, total num timesteps 1356800/4224000, FPS 86.

incre win rate is 0.2625.
[v_final step=1700] R_mean=0.5252 | G_n_mean=6.9803 (n=5) | q_tot_pred=6.9082 | drbfn_loss=-2.4991, qi_loss=0.1107, qtot_loss=3.5479

 Map 5m_vs_6m Algo r_drbfn_final Exp v_final_5m_vs_6m_5M_resume updates 1700/5280 episodes, total num timesteps 1360800/4224000, FPS 86.

incre win rate is 0.310126582278481.
eval win rate is 0.3125.

 Map 5m_vs_6m Algo r_drbfn_final Exp v_final_5m_vs_6m_5M_resume updates 1705/5280 episodes, total num timesteps 1364800/4224000, FPS 86.

incre win rate is 0.26582278481012656.
[v_final step=1710] R_mean=0.5501 | G_n_mean=7.4136 (n=5) | q_tot_pred=7.0704 | drbfn_loss=-2.4989, qi_loss=0.0987, qtot_loss=4.1106

 Map 5m_vs_6m Algo r_drbfn_final Exp v_final_5m_vs_6m_5M_resume updates 1710/5280 episodes, total num timesteps 1368800/4224000, FPS 86.

incre win rate is 0.2830188679245283.

 Map 5m_vs_6m Algo r_drbfn_final Exp v_final_5m_vs_6m_5M_resume updates 1715/5280 episodes, total num timesteps 1372800/4224000, FPS 86.

incre win rate is 0.2608695652173913.
[v_final step=1720] R_mean=0.5126 | G_n_mean=6.8407 (n=5) | q_tot_pred=6.6758 | drbfn_loss=-2.4992, qi_loss=0.1015, qtot_loss=3.7106

 Map 5m_vs_6m Algo r_drbfn_final Exp v_final_5m_vs_6m_5M_resume updates 1720/5280 episodes, total num timesteps 1376800/4224000, FPS 86.

incre win rate is 0.275.

 Map 5m_vs_6m Algo r_drbfn_final Exp v_final_5m_vs_6m_5M_resume updates 1725/5280 episodes, total num timesteps 1380800/4224000, FPS 86.

incre win rate is 0.29375.
eval win rate is 0.21875.
[v_final step=1730] R_mean=0.4952 | G_n_mean=6.5541 (n=5) | q_tot_pred=6.8040 | drbfn_loss=-2.4993, qi_loss=0.0833, qtot_loss=4.1623

 Map 5m_vs_6m Algo r_drbfn_final Exp v_final_5m_vs_6m_5M_resume updates 1730/5280 episodes, total num timesteps 1384800/4224000, FPS 86.

incre win rate is 0.25316455696202533.

 Map 5m_vs_6m Algo r_drbfn_final Exp v_final_5m_vs_6m_5M_resume updates 1735/5280 episodes, total num timesteps 1388800/4224000, FPS 86.

incre win rate is 0.15337423312883436.
[v_final step=1740] R_mean=0.4718 | G_n_mean=6.4047 (n=5) | q_tot_pred=6.2452 | drbfn_loss=-2.4994, qi_loss=0.0824, qtot_loss=4.6378

 Map 5m_vs_6m Algo r_drbfn_final Exp v_final_5m_vs_6m_5M_resume updates 1740/5280 episodes, total num timesteps 1392800/4224000, FPS 86.

incre win rate is 0.15337423312883436.

 Map 5m_vs_6m Algo r_drbfn_final Exp v_final_5m_vs_6m_5M_resume updates 1745/5280 episodes, total num timesteps 1396800/4224000, FPS 86.

incre win rate is 0.16770186335403728.
[v_final step=1750] R_mean=0.4245 | G_n_mean=6.0529 (n=5) | q_tot_pred=6.1781 | drbfn_loss=-2.4996, qi_loss=0.0712, qtot_loss=2.7079

 Map 5m_vs_6m Algo r_drbfn_final Exp v_final_5m_vs_6m_5M_resume updates 1750/5280 episodes, total num timesteps 1400800/4224000, FPS 86.

incre win rate is 0.2375.
eval win rate is 0.125.

 Map 5m_vs_6m Algo r_drbfn_final Exp v_final_5m_vs_6m_5M_resume updates 1755/5280 episodes, total num timesteps 1404800/4224000, FPS 86.

incre win rate is 0.267515923566879.
[v_final step=1760] R_mean=0.4419 | G_n_mean=6.2297 (n=5) | q_tot_pred=6.4456 | drbfn_loss=-2.4996, qi_loss=0.0699, qtot_loss=3.6050

 Map 5m_vs_6m Algo r_drbfn_final Exp v_final_5m_vs_6m_5M_resume updates 1760/5280 episodes, total num timesteps 1408800/4224000, FPS 86.

incre win rate is 0.21875.

 Map 5m_vs_6m Algo r_drbfn_final Exp v_final_5m_vs_6m_5M_resume updates 1765/5280 episodes, total num timesteps 1412800/4224000, FPS 86.

incre win rate is 0.2236024844720497.
[v_final step=1770] R_mean=0.4861 | G_n_mean=6.6156 (n=5) | q_tot_pred=6.7029 | drbfn_loss=-2.4994, qi_loss=0.0896, qtot_loss=3.5866

 Map 5m_vs_6m Algo r_drbfn_final Exp v_final_5m_vs_6m_5M_resume updates 1770/5280 episodes, total num timesteps 1416800/4224000, FPS 86.

incre win rate is 0.25625.

 Map 5m_vs_6m Algo r_drbfn_final Exp v_final_5m_vs_6m_5M_resume updates 1775/5280 episodes, total num timesteps 1420800/4224000, FPS 86.

incre win rate is 0.2.
eval win rate is 0.28125.
[v_final step=1780] R_mean=0.4518 | G_n_mean=6.0146 (n=5) | q_tot_pred=5.9766 | drbfn_loss=-2.4995, qi_loss=0.0727, qtot_loss=3.4399

 Map 5m_vs_6m Algo r_drbfn_final Exp v_final_5m_vs_6m_5M_resume updates 1780/5280 episodes, total num timesteps 1424800/4224000, FPS 86.

incre win rate is 0.15757575757575756.

 Map 5m_vs_6m Algo r_drbfn_final Exp v_final_5m_vs_6m_5M_resume updates 1785/5280 episodes, total num timesteps 1428800/4224000, FPS 86.

incre win rate is 0.15853658536585366.
[v_final step=1790] R_mean=0.4750 | G_n_mean=6.4361 (n=5) | q_tot_pred=6.4161 | drbfn_loss=-2.4993, qi_loss=0.0865, qtot_loss=3.8669

 Map 5m_vs_6m Algo r_drbfn_final Exp v_final_5m_vs_6m_5M_resume updates 1790/5280 episodes, total num timesteps 1432800/4224000, FPS 86.

incre win rate is 0.19135802469135801.

 Map 5m_vs_6m Algo r_drbfn_final Exp v_final_5m_vs_6m_5M_resume updates 1795/5280 episodes, total num timesteps 1436800/4224000, FPS 86.

incre win rate is 0.2138364779874214.
[v_final step=1800] R_mean=0.4725 | G_n_mean=6.3008 (n=5) | q_tot_pred=6.2481 | drbfn_loss=-2.4994, qi_loss=0.0856, qtot_loss=3.9616

 Map 5m_vs_6m Algo r_drbfn_final Exp v_final_5m_vs_6m_5M_resume updates 1800/5280 episodes, total num timesteps 1440800/4224000, FPS 86.

incre win rate is 0.17901234567901234.
eval win rate is 0.0625.

 Map 5m_vs_6m Algo r_drbfn_final Exp v_final_5m_vs_6m_5M_resume updates 1805/5280 episodes, total num timesteps 1444800/4224000, FPS 86.

incre win rate is 0.16770186335403728.
[v_final step=1810] R_mean=0.4924 | G_n_mean=6.5848 (n=5) | q_tot_pred=6.5076 | drbfn_loss=-2.4993, qi_loss=0.0859, qtot_loss=3.6850

 Map 5m_vs_6m Algo r_drbfn_final Exp v_final_5m_vs_6m_5M_resume updates 1810/5280 episodes, total num timesteps 1448800/4224000, FPS 86.

incre win rate is 0.20754716981132076.

 Map 5m_vs_6m Algo r_drbfn_final Exp v_final_5m_vs_6m_5M_resume updates 1815/5280 episodes, total num timesteps 1452800/4224000, FPS 86.

incre win rate is 0.21518987341772153.
[v_final step=1820] R_mean=0.4625 | G_n_mean=6.4628 (n=5) | q_tot_pred=6.4791 | drbfn_loss=-2.4995, qi_loss=0.0792, qtot_loss=2.8034

 Map 5m_vs_6m Algo r_drbfn_final Exp v_final_5m_vs_6m_5M_resume updates 1820/5280 episodes, total num timesteps 1456800/4224000, FPS 86.

incre win rate is 0.24050632911392406.

 Map 5m_vs_6m Algo r_drbfn_final Exp v_final_5m_vs_6m_5M_resume updates 1825/5280 episodes, total num timesteps 1460800/4224000, FPS 86.

incre win rate is 0.21875.
eval win rate is 0.21875.
[v_final step=1830] R_mean=0.4921 | G_n_mean=6.5121 (n=5) | q_tot_pred=6.5964 | drbfn_loss=-2.4993, qi_loss=0.0978, qtot_loss=4.3425

 Map 5m_vs_6m Algo r_drbfn_final Exp v_final_5m_vs_6m_5M_resume updates 1830/5280 episodes, total num timesteps 1464800/4224000, FPS 86.

incre win rate is 0.2830188679245283.

 Map 5m_vs_6m Algo r_drbfn_final Exp v_final_5m_vs_6m_5M_resume updates 1835/5280 episodes, total num timesteps 1468800/4224000, FPS 86.

incre win rate is 0.20625.
[v_final step=1840] R_mean=0.5195 | G_n_mean=6.8028 (n=5) | q_tot_pred=6.7783 | drbfn_loss=-2.4991, qi_loss=0.0824, qtot_loss=3.2404

 Map 5m_vs_6m Algo r_drbfn_final Exp v_final_5m_vs_6m_5M_resume updates 1840/5280 episodes, total num timesteps 1472800/4224000, FPS 86.

incre win rate is 0.3184713375796178.

 Map 5m_vs_6m Algo r_drbfn_final Exp v_final_5m_vs_6m_5M_resume updates 1845/5280 episodes, total num timesteps 1476800/4224000, FPS 86.

incre win rate is 0.25.
[v_final step=1850] R_mean=0.5067 | G_n_mean=6.7445 (n=5) | q_tot_pred=6.4929 | drbfn_loss=-2.4992, qi_loss=0.0840, qtot_loss=3.2488

 Map 5m_vs_6m Algo r_drbfn_final Exp v_final_5m_vs_6m_5M_resume updates 1850/5280 episodes, total num timesteps 1480800/4224000, FPS 86.

incre win rate is 0.2692307692307692.
eval win rate is 0.1875.

 Map 5m_vs_6m Algo r_drbfn_final Exp v_final_5m_vs_6m_5M_resume updates 1855/5280 episodes, total num timesteps 1484800/4224000, FPS 86.

incre win rate is 0.24375.
[v_final step=1860] R_mean=0.4613 | G_n_mean=6.2894 (n=5) | q_tot_pred=6.4255 | drbfn_loss=-2.4995, qi_loss=0.0717, qtot_loss=3.2327

 Map 5m_vs_6m Algo r_drbfn_final Exp v_final_5m_vs_6m_5M_resume updates 1860/5280 episodes, total num timesteps 1488800/4224000, FPS 86.

incre win rate is 0.24074074074074073.

 Map 5m_vs_6m Algo r_drbfn_final Exp v_final_5m_vs_6m_5M_resume updates 1865/5280 episodes, total num timesteps 1492800/4224000, FPS 86.

incre win rate is 0.25949367088607594.
[v_final step=1870] R_mean=0.4673 | G_n_mean=6.3651 (n=5) | q_tot_pred=6.4020 | drbfn_loss=-2.4994, qi_loss=0.0815, qtot_loss=2.9864

 Map 5m_vs_6m Algo r_drbfn_final Exp v_final_5m_vs_6m_5M_resume updates 1870/5280 episodes, total num timesteps 1496800/4224000, FPS 86.

incre win rate is 0.20754716981132076.

 Map 5m_vs_6m Algo r_drbfn_final Exp v_final_5m_vs_6m_5M_resume updates 1875/5280 episodes, total num timesteps 1500800/4224000, FPS 86.

incre win rate is 0.2974683544303797.
eval win rate is 0.28125.
[v_final step=1880] R_mean=0.4483 | G_n_mean=5.8239 (n=5) | q_tot_pred=5.9894 | drbfn_loss=-2.4995, qi_loss=0.0713, qtot_loss=3.6027

 Map 5m_vs_6m Algo r_drbfn_final Exp v_final_5m_vs_6m_5M_resume updates 1880/5280 episodes, total num timesteps 1504800/4224000, FPS 86.

incre win rate is 0.23125.

 Map 5m_vs_6m Algo r_drbfn_final Exp v_final_5m_vs_6m_5M_resume updates 1885/5280 episodes, total num timesteps 1508800/4224000, FPS 86.

incre win rate is 0.25.
[v_final step=1890] R_mean=0.5089 | G_n_mean=6.6765 (n=5) | q_tot_pred=6.6408 | drbfn_loss=-2.4991, qi_loss=0.0928, qtot_loss=3.4843

 Map 5m_vs_6m Algo r_drbfn_final Exp v_final_5m_vs_6m_5M_resume updates 1890/5280 episodes, total num timesteps 1512800/4224000, FPS 86.

incre win rate is 0.25609756097560976.

 Map 5m_vs_6m Algo r_drbfn_final Exp v_final_5m_vs_6m_5M_resume updates 1895/5280 episodes, total num timesteps 1516800/4224000, FPS 86.

incre win rate is 0.21518987341772153.
[v_final step=1900] R_mean=0.4905 | G_n_mean=6.6393 (n=5) | q_tot_pred=6.7037 | drbfn_loss=-2.4993, qi_loss=0.1039, qtot_loss=4.2487

 Map 5m_vs_6m Algo r_drbfn_final Exp v_final_5m_vs_6m_5M_resume updates 1900/5280 episodes, total num timesteps 1520800/4224000, FPS 86.

incre win rate is 0.3.
eval win rate is 0.28125.

 Map 5m_vs_6m Algo r_drbfn_final Exp v_final_5m_vs_6m_5M_resume updates 1905/5280 episodes, total num timesteps 1524800/4224000, FPS 86.

incre win rate is 0.2236024844720497.
[v_final step=1910] R_mean=0.4570 | G_n_mean=6.2701 (n=5) | q_tot_pred=6.3728 | drbfn_loss=-2.4995, qi_loss=0.0766, qtot_loss=3.7894

 Map 5m_vs_6m Algo r_drbfn_final Exp v_final_5m_vs_6m_5M_resume updates 1910/5280 episodes, total num timesteps 1528800/4224000, FPS 86.

incre win rate is 0.22012578616352202.

 Map 5m_vs_6m Algo r_drbfn_final Exp v_final_5m_vs_6m_5M_resume updates 1915/5280 episodes, total num timesteps 1532800/4224000, FPS 86.

incre win rate is 0.2641509433962264.
[v_final step=1920] R_mean=0.5105 | G_n_mean=6.6795 (n=5) | q_tot_pred=6.5716 | drbfn_loss=-2.4992, qi_loss=0.1007, qtot_loss=4.5434

 Map 5m_vs_6m Algo r_drbfn_final Exp v_final_5m_vs_6m_5M_resume updates 1920/5280 episodes, total num timesteps 1536800/4224000, FPS 86.

incre win rate is 0.26993865030674846.

 Map 5m_vs_6m Algo r_drbfn_final Exp v_final_5m_vs_6m_5M_resume updates 1925/5280 episodes, total num timesteps 1540800/4224000, FPS 86.

incre win rate is 0.3584905660377358.
eval win rate is 0.375.
[v_final step=1930] R_mean=0.5108 | G_n_mean=6.7981 (n=5) | q_tot_pred=6.7238 | drbfn_loss=-2.4992, qi_loss=0.1091, qtot_loss=4.6653

 Map 5m_vs_6m Algo r_drbfn_final Exp v_final_5m_vs_6m_5M_resume updates 1930/5280 episodes, total num timesteps 1544800/4224000, FPS 86.

incre win rate is 0.24528301886792453.

 Map 5m_vs_6m Algo r_drbfn_final Exp v_final_5m_vs_6m_5M_resume updates 1935/5280 episodes, total num timesteps 1548800/4224000, FPS 86.

incre win rate is 0.2578616352201258.
[v_final step=1940] R_mean=0.4930 | G_n_mean=6.6444 (n=5) | q_tot_pred=6.7315 | drbfn_loss=-2.4993, qi_loss=0.0938, qtot_loss=3.0433

 Map 5m_vs_6m Algo r_drbfn_final Exp v_final_5m_vs_6m_5M_resume updates 1940/5280 episodes, total num timesteps 1552800/4224000, FPS 86.

incre win rate is 0.24528301886792453.

 Map 5m_vs_6m Algo r_drbfn_final Exp v_final_5m_vs_6m_5M_resume updates 1945/5280 episodes, total num timesteps 1556800/4224000, FPS 86.

incre win rate is 0.2085889570552147.
[v_final step=1950] R_mean=0.4684 | G_n_mean=6.1665 (n=5) | q_tot_pred=6.0555 | drbfn_loss=-2.4994, qi_loss=0.0854, qtot_loss=3.9928

 Map 5m_vs_6m Algo r_drbfn_final Exp v_final_5m_vs_6m_5M_resume updates 1950/5280 episodes, total num timesteps 1560800/4224000, FPS 86.

incre win rate is 0.16766467065868262.
eval win rate is 0.03125.

 Map 5m_vs_6m Algo r_drbfn_final Exp v_final_5m_vs_6m_5M_resume updates 1955/5280 episodes, total num timesteps 1564800/4224000, FPS 86.

incre win rate is 0.17159763313609466.
[v_final step=1960] R_mean=0.4953 | G_n_mean=6.4886 (n=5) | q_tot_pred=6.3196 | drbfn_loss=-2.4993, qi_loss=0.0888, qtot_loss=3.2187

 Map 5m_vs_6m Algo r_drbfn_final Exp v_final_5m_vs_6m_5M_resume updates 1960/5280 episodes, total num timesteps 1568800/4224000, FPS 86.

incre win rate is 0.14035087719298245.

 Map 5m_vs_6m Algo r_drbfn_final Exp v_final_5m_vs_6m_5M_resume updates 1965/5280 episodes, total num timesteps 1572800/4224000, FPS 86.

incre win rate is 0.13690476190476192.
[v_final step=1970] R_mean=0.4663 | G_n_mean=6.3783 (n=5) | q_tot_pred=6.1745 | drbfn_loss=-2.4995, qi_loss=0.0859, qtot_loss=3.3765

 Map 5m_vs_6m Algo r_drbfn_final Exp v_final_5m_vs_6m_5M_resume updates 1970/5280 episodes, total num timesteps 1576800/4224000, FPS 86.

incre win rate is 0.1377245508982036.

 Map 5m_vs_6m Algo r_drbfn_final Exp v_final_5m_vs_6m_5M_resume updates 1975/5280 episodes, total num timesteps 1580800/4224000, FPS 86.

incre win rate is 0.22289156626506024.
eval win rate is 0.25.
[v_final step=1980] R_mean=0.5078 | G_n_mean=6.5498 (n=5) | q_tot_pred=6.5607 | drbfn_loss=-2.4993, qi_loss=0.0860, qtot_loss=3.7124

 Map 5m_vs_6m Algo r_drbfn_final Exp v_final_5m_vs_6m_5M_resume updates 1980/5280 episodes, total num timesteps 1584800/4224000, FPS 86.

incre win rate is 0.23780487804878048.

 Map 5m_vs_6m Algo r_drbfn_final Exp v_final_5m_vs_6m_5M_resume updates 1985/5280 episodes, total num timesteps 1588800/4224000, FPS 86.

incre win rate is 0.2289156626506024.
[v_final step=1990] R_mean=0.4595 | G_n_mean=6.0797 (n=5) | q_tot_pred=6.0869 | drbfn_loss=-2.4996, qi_loss=0.0831, qtot_loss=3.2168

 Map 5m_vs_6m Algo r_drbfn_final Exp v_final_5m_vs_6m_5M_resume updates 1990/5280 episodes, total num timesteps 1592800/4224000, FPS 86.

incre win rate is 0.15568862275449102.

 Map 5m_vs_6m Algo r_drbfn_final Exp v_final_5m_vs_6m_5M_resume updates 1995/5280 episodes, total num timesteps 1596800/4224000, FPS 86.

incre win rate is 0.23030303030303031.
[v_final step=2000] R_mean=0.5033 | G_n_mean=6.5250 (n=5) | q_tot_pred=6.3642 | drbfn_loss=-2.4993, qi_loss=0.0834, qtot_loss=3.6837

 Map 5m_vs_6m Algo r_drbfn_final Exp v_final_5m_vs_6m_5M_resume updates 2000/5280 episodes, total num timesteps 1600800/4224000, FPS 86.

incre win rate is 0.20245398773006135.
eval win rate is 0.25.

 Map 5m_vs_6m Algo r_drbfn_final Exp v_final_5m_vs_6m_5M_resume updates 2005/5280 episodes, total num timesteps 1604800/4224000, FPS 86.

incre win rate is 0.2545454545454545.
[v_final step=2010] R_mean=0.4842 | G_n_mean=6.3623 (n=5) | q_tot_pred=6.5441 | drbfn_loss=-2.4993, qi_loss=0.0948, qtot_loss=3.2584

 Map 5m_vs_6m Algo r_drbfn_final Exp v_final_5m_vs_6m_5M_resume updates 2010/5280 episodes, total num timesteps 1608800/4224000, FPS 86.

incre win rate is 0.2085889570552147.

 Map 5m_vs_6m Algo r_drbfn_final Exp v_final_5m_vs_6m_5M_resume updates 2015/5280 episodes, total num timesteps 1612800/4224000, FPS 86.

incre win rate is 0.2716049382716049.
[v_final step=2020] R_mean=0.4734 | G_n_mean=6.2342 (n=5) | q_tot_pred=6.2547 | drbfn_loss=-2.4994, qi_loss=0.0980, qtot_loss=3.7862

 Map 5m_vs_6m Algo r_drbfn_final Exp v_final_5m_vs_6m_5M_resume updates 2020/5280 episodes, total num timesteps 1616800/4224000, FPS 86.

incre win rate is 0.24242424242424243.

 Map 5m_vs_6m Algo r_drbfn_final Exp v_final_5m_vs_6m_5M_resume updates 2025/5280 episodes, total num timesteps 1620800/4224000, FPS 86.

incre win rate is 0.1901840490797546.
eval win rate is 0.1875.
[v_final step=2030] R_mean=0.5012 | G_n_mean=6.6725 (n=5) | q_tot_pred=6.8023 | drbfn_loss=-2.4992, qi_loss=0.0850, qtot_loss=4.3601

 Map 5m_vs_6m Algo r_drbfn_final Exp v_final_5m_vs_6m_5M_resume updates 2030/5280 episodes, total num timesteps 1624800/4224000, FPS 86.

incre win rate is 0.25157232704402516.

 Map 5m_vs_6m Algo r_drbfn_final Exp v_final_5m_vs_6m_5M_resume updates 2035/5280 episodes, total num timesteps 1628800/4224000, FPS 86.

incre win rate is 0.25925925925925924.
[v_final step=2040] R_mean=0.5392 | G_n_mean=6.8569 (n=5) | q_tot_pred=6.5544 | drbfn_loss=-2.4990, qi_loss=0.1012, qtot_loss=4.9914

 Map 5m_vs_6m Algo r_drbfn_final Exp v_final_5m_vs_6m_5M_resume updates 2040/5280 episodes, total num timesteps 1632800/4224000, FPS 86.

incre win rate is 0.2222222222222222.

 Map 5m_vs_6m Algo r_drbfn_final Exp v_final_5m_vs_6m_5M_resume updates 2045/5280 episodes, total num timesteps 1636800/4224000, FPS 86.

incre win rate is 0.21604938271604937.
[v_final step=2050] R_mean=0.5077 | G_n_mean=6.6950 (n=5) | q_tot_pred=6.6455 | drbfn_loss=-2.4992, qi_loss=0.1030, qtot_loss=4.0225

 Map 5m_vs_6m Algo r_drbfn_final Exp v_final_5m_vs_6m_5M_resume updates 2050/5280 episodes, total num timesteps 1640800/4224000, FPS 86.

incre win rate is 0.2732919254658385.
eval win rate is 0.28125.

 Map 5m_vs_6m Algo r_drbfn_final Exp v_final_5m_vs_6m_5M_resume updates 2055/5280 episodes, total num timesteps 1644800/4224000, FPS 86.

incre win rate is 0.30434782608695654.
[v_final step=2060] R_mean=0.4885 | G_n_mean=6.4952 (n=5) | q_tot_pred=6.5713 | drbfn_loss=-2.4993, qi_loss=0.0966, qtot_loss=3.8792

 Map 5m_vs_6m Algo r_drbfn_final Exp v_final_5m_vs_6m_5M_resume updates 2060/5280 episodes, total num timesteps 1648800/4224000, FPS 86.

incre win rate is 0.2654320987654321.

 Map 5m_vs_6m Algo r_drbfn_final Exp v_final_5m_vs_6m_5M_resume updates 2065/5280 episodes, total num timesteps 1652800/4224000, FPS 86.

incre win rate is 0.2392638036809816.
[v_final step=2070] R_mean=0.4763 | G_n_mean=6.5047 (n=5) | q_tot_pred=6.6573 | drbfn_loss=-2.4994, qi_loss=0.0927, qtot_loss=3.3752

 Map 5m_vs_6m Algo r_drbfn_final Exp v_final_5m_vs_6m_5M_resume updates 2070/5280 episodes, total num timesteps 1656800/4224000, FPS 86.

incre win rate is 0.275.

 Map 5m_vs_6m Algo r_drbfn_final Exp v_final_5m_vs_6m_5M_resume updates 2075/5280 episodes, total num timesteps 1660800/4224000, FPS 86.

incre win rate is 0.2962962962962963.
eval win rate is 0.375.
[v_final step=2080] R_mean=0.4827 | G_n_mean=6.2037 (n=5) | q_tot_pred=6.2323 | drbfn_loss=-2.4993, qi_loss=0.1008, qtot_loss=4.3447

 Map 5m_vs_6m Algo r_drbfn_final Exp v_final_5m_vs_6m_5M_resume updates 2080/5280 episodes, total num timesteps 1664800/4224000, FPS 86.

incre win rate is 0.21084337349397592.

 Map 5m_vs_6m Algo r_drbfn_final Exp v_final_5m_vs_6m_5M_resume updates 2085/5280 episodes, total num timesteps 1668800/4224000, FPS 86.

incre win rate is 0.2375.
[v_final step=2090] R_mean=0.5427 | G_n_mean=6.8968 (n=5) | q_tot_pred=6.7544 | drbfn_loss=-2.4989, qi_loss=0.1200, qtot_loss=4.1696

 Map 5m_vs_6m Algo r_drbfn_final Exp v_final_5m_vs_6m_5M_resume updates 2090/5280 episodes, total num timesteps 1672800/4224000, FPS 86.

incre win rate is 0.33962264150943394.

 Map 5m_vs_6m Algo r_drbfn_final Exp v_final_5m_vs_6m_5M_resume updates 2095/5280 episodes, total num timesteps 1676800/4224000, FPS 86.

incre win rate is 0.24242424242424243.
[v_final step=2100] R_mean=0.4725 | G_n_mean=6.3113 (n=5) | q_tot_pred=6.0562 | drbfn_loss=-2.4994, qi_loss=0.1085, qtot_loss=3.9992

 Map 5m_vs_6m Algo r_drbfn_final Exp v_final_5m_vs_6m_5M_resume updates 2100/5280 episodes, total num timesteps 1680800/4224000, FPS 86.

incre win rate is 0.1656441717791411.
eval win rate is 0.375.

 Map 5m_vs_6m Algo r_drbfn_final Exp v_final_5m_vs_6m_5M_resume updates 2105/5280 episodes, total num timesteps 1684800/4224000, FPS 86.

incre win rate is 0.2875.
[v_final step=2110] R_mean=0.4958 | G_n_mean=6.5753 (n=5) | q_tot_pred=6.8340 | drbfn_loss=-2.4994, qi_loss=0.0920, qtot_loss=4.3008

 Map 5m_vs_6m Algo r_drbfn_final Exp v_final_5m_vs_6m_5M_resume updates 2110/5280 episodes, total num timesteps 1688800/4224000, FPS 86.

incre win rate is 0.18902439024390244.

 Map 5m_vs_6m Algo r_drbfn_final Exp v_final_5m_vs_6m_5M_resume updates 2115/5280 episodes, total num timesteps 1692800/4224000, FPS 86.

incre win rate is 0.25.
[v_final step=2120] R_mean=0.4984 | G_n_mean=6.3456 (n=5) | q_tot_pred=6.4045 | drbfn_loss=-2.4993, qi_loss=0.1117, qtot_loss=3.8029

 Map 5m_vs_6m Algo r_drbfn_final Exp v_final_5m_vs_6m_5M_resume updates 2120/5280 episodes, total num timesteps 1696800/4224000, FPS 86.

incre win rate is 0.25308641975308643.

 Map 5m_vs_6m Algo r_drbfn_final Exp v_final_5m_vs_6m_5M_resume updates 2125/5280 episodes, total num timesteps 1700800/4224000, FPS 86.

incre win rate is 0.16149068322981366.
eval win rate is 0.25.
[v_final step=2130] R_mean=0.4758 | G_n_mean=6.1842 (n=5) | q_tot_pred=6.2287 | drbfn_loss=-2.4994, qi_loss=0.0961, qtot_loss=3.3493

 Map 5m_vs_6m Algo r_drbfn_final Exp v_final_5m_vs_6m_5M_resume updates 2130/5280 episodes, total num timesteps 1704800/4224000, FPS 86.

incre win rate is 0.21341463414634146.

 Map 5m_vs_6m Algo r_drbfn_final Exp v_final_5m_vs_6m_5M_resume updates 2135/5280 episodes, total num timesteps 1708800/4224000, FPS 86.

incre win rate is 0.18125.
[v_final step=2140] R_mean=0.5110 | G_n_mean=6.8817 (n=5) | q_tot_pred=6.6661 | drbfn_loss=-2.4992, qi_loss=0.1191, qtot_loss=3.7309

 Map 5m_vs_6m Algo r_drbfn_final Exp v_final_5m_vs_6m_5M_resume updates 2140/5280 episodes, total num timesteps 1712800/4224000, FPS 86.

incre win rate is 0.25.

 Map 5m_vs_6m Algo r_drbfn_final Exp v_final_5m_vs_6m_5M_resume updates 2145/5280 episodes, total num timesteps 1716800/4224000, FPS 86.

incre win rate is 0.25949367088607594.
[v_final step=2150] R_mean=0.4649 | G_n_mean=6.2954 (n=5) | q_tot_pred=6.2889 | drbfn_loss=-2.4995, qi_loss=0.1047, qtot_loss=3.2922

 Map 5m_vs_6m Algo r_drbfn_final Exp v_final_5m_vs_6m_5M_resume updates 2150/5280 episodes, total num timesteps 1720800/4224000, FPS 86.

incre win rate is 0.18867924528301888.
eval win rate is 0.3125.

 Map 5m_vs_6m Algo r_drbfn_final Exp v_final_5m_vs_6m_5M_resume updates 2155/5280 episodes, total num timesteps 1724800/4224000, FPS 86.

incre win rate is 0.27848101265822783.
[v_final step=2160] R_mean=0.4567 | G_n_mean=6.1051 (n=5) | q_tot_pred=6.2340 | drbfn_loss=-2.4995, qi_loss=0.0925, qtot_loss=2.8345

 Map 5m_vs_6m Algo r_drbfn_final Exp v_final_5m_vs_6m_5M_resume updates 2160/5280 episodes, total num timesteps 1728800/4224000, FPS 86.

incre win rate is 0.15432098765432098.

 Map 5m_vs_6m Algo r_drbfn_final Exp v_final_5m_vs_6m_5M_resume updates 2165/5280 episodes, total num timesteps 1732800/4224000, FPS 86.

incre win rate is 0.147239263803681.
[v_final step=2170] R_mean=0.4589 | G_n_mean=6.1921 (n=5) | q_tot_pred=6.2701 | drbfn_loss=-2.4995, qi_loss=0.0932, qtot_loss=2.6733

 Map 5m_vs_6m Algo r_drbfn_final Exp v_final_5m_vs_6m_5M_resume updates 2170/5280 episodes, total num timesteps 1736800/4224000, FPS 86.

incre win rate is 0.1165644171779141.

 Map 5m_vs_6m Algo r_drbfn_final Exp v_final_5m_vs_6m_5M_resume updates 2175/5280 episodes, total num timesteps 1740800/4224000, FPS 86.

incre win rate is 0.2625.
eval win rate is 0.125.
[v_final step=2180] R_mean=0.4940 | G_n_mean=6.5750 (n=5) | q_tot_pred=6.5092 | drbfn_loss=-2.4992, qi_loss=0.1183, qtot_loss=4.7362

 Map 5m_vs_6m Algo r_drbfn_final Exp v_final_5m_vs_6m_5M_resume updates 2180/5280 episodes, total num timesteps 1744800/4224000, FPS 86.

incre win rate is 0.18518518518518517.

 Map 5m_vs_6m Algo r_drbfn_final Exp v_final_5m_vs_6m_5M_resume updates 2185/5280 episodes, total num timesteps 1748800/4224000, FPS 86.

incre win rate is 0.2948717948717949.
[v_final step=2190] R_mean=0.4317 | G_n_mean=6.0364 (n=5) | q_tot_pred=6.3356 | drbfn_loss=-2.4996, qi_loss=0.0927, qtot_loss=4.3518

 Map 5m_vs_6m Algo r_drbfn_final Exp v_final_5m_vs_6m_5M_resume updates 2190/5280 episodes, total num timesteps 1752800/4224000, FPS 86.

incre win rate is 0.1761006289308176.

 Map 5m_vs_6m Algo r_drbfn_final Exp v_final_5m_vs_6m_5M_resume updates 2195/5280 episodes, total num timesteps 1756800/4224000, FPS 86.

incre win rate is 0.20754716981132076.
[v_final step=2200] R_mean=0.4893 | G_n_mean=6.5822 (n=5) | q_tot_pred=6.6298 | drbfn_loss=-2.4993, qi_loss=0.1154, qtot_loss=3.6533

 Map 5m_vs_6m Algo r_drbfn_final Exp v_final_5m_vs_6m_5M_resume updates 2200/5280 episodes, total num timesteps 1760800/4224000, FPS 86.

incre win rate is 0.225.
eval win rate is 0.21875.

 Map 5m_vs_6m Algo r_drbfn_final Exp v_final_5m_vs_6m_5M_resume updates 2205/5280 episodes, total num timesteps 1764800/4224000, FPS 86.

incre win rate is 0.2578616352201258.
[v_final step=2210] R_mean=0.4752 | G_n_mean=6.2620 (n=5) | q_tot_pred=6.0676 | drbfn_loss=-2.4994, qi_loss=0.1023, qtot_loss=4.2099

 Map 5m_vs_6m Algo r_drbfn_final Exp v_final_5m_vs_6m_5M_resume updates 2210/5280 episodes, total num timesteps 1768800/4224000, FPS 86.

incre win rate is 0.17901234567901234.

 Map 5m_vs_6m Algo r_drbfn_final Exp v_final_5m_vs_6m_5M_resume updates 2215/5280 episodes, total num timesteps 1772800/4224000, FPS 86.

incre win rate is 0.18867924528301888.
[v_final step=2220] R_mean=0.4893 | G_n_mean=6.2058 (n=5) | q_tot_pred=6.2746 | drbfn_loss=-2.4993, qi_loss=0.0914, qtot_loss=3.7232

 Map 5m_vs_6m Algo r_drbfn_final Exp v_final_5m_vs_6m_5M_resume updates 2220/5280 episodes, total num timesteps 1776800/4224000, FPS 86.

incre win rate is 0.21739130434782608.

 Map 5m_vs_6m Algo r_drbfn_final Exp v_final_5m_vs_6m_5M_resume updates 2225/5280 episodes, total num timesteps 1780800/4224000, FPS 86.

incre win rate is 0.2222222222222222.
eval win rate is 0.21875.
[v_final step=2230] R_mean=0.5165 | G_n_mean=6.9976 (n=5) | q_tot_pred=6.6943 | drbfn_loss=-2.4991, qi_loss=0.1387, qtot_loss=3.9164

 Map 5m_vs_6m Algo r_drbfn_final Exp v_final_5m_vs_6m_5M_resume updates 2230/5280 episodes, total num timesteps 1784800/4224000, FPS 86.

incre win rate is 0.2147239263803681.

 Map 5m_vs_6m Algo r_drbfn_final Exp v_final_5m_vs_6m_5M_resume updates 2235/5280 episodes, total num timesteps 1788800/4224000, FPS 86.

incre win rate is 0.22929936305732485.
[v_final step=2240] R_mean=0.5209 | G_n_mean=6.9241 (n=5) | q_tot_pred=6.6947 | drbfn_loss=-2.4990, qi_loss=0.1208, qtot_loss=3.9983

 Map 5m_vs_6m Algo r_drbfn_final Exp v_final_5m_vs_6m_5M_resume updates 2240/5280 episodes, total num timesteps 1792800/4224000, FPS 86.

incre win rate is 0.25949367088607594.

 Map 5m_vs_6m Algo r_drbfn_final Exp v_final_5m_vs_6m_5M_resume updates 2245/5280 episodes, total num timesteps 1796800/4224000, FPS 86.

incre win rate is 0.2138364779874214.
[v_final step=2250] R_mean=0.5038 | G_n_mean=6.7011 (n=5) | q_tot_pred=6.5356 | drbfn_loss=-2.4993, qi_loss=0.1086, qtot_loss=3.4607

 Map 5m_vs_6m Algo r_drbfn_final Exp v_final_5m_vs_6m_5M_resume updates 2250/5280 episodes, total num timesteps 1800800/4224000, FPS 86.

incre win rate is 0.20245398773006135.
eval win rate is 0.0625.

 Map 5m_vs_6m Algo r_drbfn_final Exp v_final_5m_vs_6m_5M_resume updates 2255/5280 episodes, total num timesteps 1804800/4224000, FPS 86.

incre win rate is 0.2236024844720497.
[v_final step=2260] R_mean=0.4476 | G_n_mean=6.1321 (n=5) | q_tot_pred=6.2686 | drbfn_loss=-2.4996, qi_loss=0.1020, qtot_loss=3.3433

 Map 5m_vs_6m Algo r_drbfn_final Exp v_final_5m_vs_6m_5M_resume updates 2260/5280 episodes, total num timesteps 1808800/4224000, FPS 86.

incre win rate is 0.25.

 Map 5m_vs_6m Algo r_drbfn_final Exp v_final_5m_vs_6m_5M_resume updates 2265/5280 episodes, total num timesteps 1812800/4224000, FPS 86.

incre win rate is 0.21604938271604937.
[v_final step=2270] R_mean=0.4660 | G_n_mean=6.3694 (n=5) | q_tot_pred=6.4951 | drbfn_loss=-2.4994, qi_loss=0.1265, qtot_loss=3.5889

 Map 5m_vs_6m Algo r_drbfn_final Exp v_final_5m_vs_6m_5M_resume updates 2270/5280 episodes, total num timesteps 1816800/4224000, FPS 86.

incre win rate is 0.15.

 Map 5m_vs_6m Algo r_drbfn_final Exp v_final_5m_vs_6m_5M_resume updates 2275/5280 episodes, total num timesteps 1820800/4224000, FPS 86.

incre win rate is 0.2721518987341772.
eval win rate is 0.3125.
[v_final step=2280] R_mean=0.4531 | G_n_mean=6.1659 (n=5) | q_tot_pred=6.3482 | drbfn_loss=-2.4995, qi_loss=0.0983, qtot_loss=2.4556

 Map 5m_vs_6m Algo r_drbfn_final Exp v_final_5m_vs_6m_5M_resume updates 2280/5280 episodes, total num timesteps 1824800/4224000, FPS 86.

incre win rate is 0.2356687898089172.

 Map 5m_vs_6m Algo r_drbfn_final Exp v_final_5m_vs_6m_5M_resume updates 2285/5280 episodes, total num timesteps 1828800/4224000, FPS 86.

incre win rate is 0.21739130434782608.
[v_final step=2290] R_mean=0.4795 | G_n_mean=6.4870 (n=5) | q_tot_pred=6.5725 | drbfn_loss=-2.4994, qi_loss=0.1061, qtot_loss=3.5807

 Map 5m_vs_6m Algo r_drbfn_final Exp v_final_5m_vs_6m_5M_resume updates 2290/5280 episodes, total num timesteps 1832800/4224000, FPS 86.

incre win rate is 0.23717948717948717.

 Map 5m_vs_6m Algo r_drbfn_final Exp v_final_5m_vs_6m_5M_resume updates 2295/5280 episodes, total num timesteps 1836800/4224000, FPS 86.

incre win rate is 0.2578616352201258.
[v_final step=2300] R_mean=0.5424 | G_n_mean=7.0531 (n=5) | q_tot_pred=6.7145 | drbfn_loss=-2.4990, qi_loss=0.1231, qtot_loss=4.2328

 Map 5m_vs_6m Algo r_drbfn_final Exp v_final_5m_vs_6m_5M_resume updates 2300/5280 episodes, total num timesteps 1840800/4224000, FPS 86.

incre win rate is 0.2484472049689441.
eval win rate is 0.25.

 Map 5m_vs_6m Algo r_drbfn_final Exp v_final_5m_vs_6m_5M_resume updates 2305/5280 episodes, total num timesteps 1844800/4224000, FPS 86.

incre win rate is 0.2375.
[v_final step=2310] R_mean=0.4696 | G_n_mean=6.1837 (n=5) | q_tot_pred=6.3497 | drbfn_loss=-2.4994, qi_loss=0.1041, qtot_loss=3.7810

 Map 5m_vs_6m Algo r_drbfn_final Exp v_final_5m_vs_6m_5M_resume updates 2310/5280 episodes, total num timesteps 1848800/4224000, FPS 86.

incre win rate is 0.22839506172839505.

 Map 5m_vs_6m Algo r_drbfn_final Exp v_final_5m_vs_6m_5M_resume updates 2315/5280 episodes, total num timesteps 1852800/4224000, FPS 86.

incre win rate is 0.2.
[v_final step=2320] R_mean=0.5082 | G_n_mean=6.6895 (n=5) | q_tot_pred=6.5780 | drbfn_loss=-2.4992, qi_loss=0.1206, qtot_loss=2.9709

 Map 5m_vs_6m Algo r_drbfn_final Exp v_final_5m_vs_6m_5M_resume updates 2320/5280 episodes, total num timesteps 1856800/4224000, FPS 86.

incre win rate is 0.17834394904458598.

 Map 5m_vs_6m Algo r_drbfn_final Exp v_final_5m_vs_6m_5M_resume updates 2325/5280 episodes, total num timesteps 1860800/4224000, FPS 86.

incre win rate is 0.2654320987654321.
eval win rate is 0.25.
[v_final step=2330] R_mean=0.5074 | G_n_mean=6.6108 (n=5) | q_tot_pred=6.4933 | drbfn_loss=-2.4992, qi_loss=0.1189, qtot_loss=3.9488

 Map 5m_vs_6m Algo r_drbfn_final Exp v_final_5m_vs_6m_5M_resume updates 2330/5280 episodes, total num timesteps 1864800/4224000, FPS 86.

incre win rate is 0.27848101265822783.

 Map 5m_vs_6m Algo r_drbfn_final Exp v_final_5m_vs_6m_5M_resume updates 2335/5280 episodes, total num timesteps 1868800/4224000, FPS 86.

incre win rate is 0.30625.
[v_final step=2340] R_mean=0.5018 | G_n_mean=6.7560 (n=5) | q_tot_pred=6.8780 | drbfn_loss=-2.4992, qi_loss=0.1403, qtot_loss=4.1551

 Map 5m_vs_6m Algo r_drbfn_final Exp v_final_5m_vs_6m_5M_resume updates 2340/5280 episodes, total num timesteps 1872800/4224000, FPS 86.

incre win rate is 0.25625.

 Map 5m_vs_6m Algo r_drbfn_final Exp v_final_5m_vs_6m_5M_resume updates 2345/5280 episodes, total num timesteps 1876800/4224000, FPS 86.

incre win rate is 0.23270440251572327.
[v_final step=2350] R_mean=0.4445 | G_n_mean=6.1714 (n=5) | q_tot_pred=6.2532 | drbfn_loss=-2.4995, qi_loss=0.1214, qtot_loss=3.5357

 Map 5m_vs_6m Algo r_drbfn_final Exp v_final_5m_vs_6m_5M_resume updates 2350/5280 episodes, total num timesteps 1880800/4224000, FPS 86.

incre win rate is 0.21153846153846154.
eval win rate is 0.28125.

 Map 5m_vs_6m Algo r_drbfn_final Exp v_final_5m_vs_6m_5M_resume updates 2355/5280 episodes, total num timesteps 1884800/4224000, FPS 86.

incre win rate is 0.21710526315789475.
[v_final step=2360] R_mean=0.4863 | G_n_mean=6.5477 (n=5) | q_tot_pred=6.3158 | drbfn_loss=-2.4994, qi_loss=0.1111, qtot_loss=3.1804

 Map 5m_vs_6m Algo r_drbfn_final Exp v_final_5m_vs_6m_5M_resume updates 2360/5280 episodes, total num timesteps 1888800/4224000, FPS 86.

incre win rate is 0.25.

 Map 5m_vs_6m Algo r_drbfn_final Exp v_final_5m_vs_6m_5M_resume updates 2365/5280 episodes, total num timesteps 1892800/4224000, FPS 86.

incre win rate is 0.2848101265822785.
[v_final step=2370] R_mean=0.5403 | G_n_mean=7.2718 (n=5) | q_tot_pred=7.2555 | drbfn_loss=-2.4989, qi_loss=0.1389, qtot_loss=4.0848

 Map 5m_vs_6m Algo r_drbfn_final Exp v_final_5m_vs_6m_5M_resume updates 2370/5280 episodes, total num timesteps 1896800/4224000, FPS 86.

incre win rate is 0.28205128205128205.

 Map 5m_vs_6m Algo r_drbfn_final Exp v_final_5m_vs_6m_5M_resume updates 2375/5280 episodes, total num timesteps 1900800/4224000, FPS 86.

incre win rate is 0.30128205128205127.
eval win rate is 0.375.
[v_final step=2380] R_mean=0.4884 | G_n_mean=6.5597 (n=5) | q_tot_pred=6.4283 | drbfn_loss=-2.4993, qi_loss=0.1378, qtot_loss=3.6240

 Map 5m_vs_6m Algo r_drbfn_final Exp v_final_5m_vs_6m_5M_resume updates 2380/5280 episodes, total num timesteps 1904800/4224000, FPS 86.

incre win rate is 0.25806451612903225.

 Map 5m_vs_6m Algo r_drbfn_final Exp v_final_5m_vs_6m_5M_resume updates 2385/5280 episodes, total num timesteps 1908800/4224000, FPS 86.

incre win rate is 0.3464052287581699.
[v_final step=2390] R_mean=0.5336 | G_n_mean=6.9947 (n=5) | q_tot_pred=6.9757 | drbfn_loss=-2.4990, qi_loss=0.1321, qtot_loss=4.7888

 Map 5m_vs_6m Algo r_drbfn_final Exp v_final_5m_vs_6m_5M_resume updates 2390/5280 episodes, total num timesteps 1912800/4224000, FPS 86.

incre win rate is 0.310126582278481.

 Map 5m_vs_6m Algo r_drbfn_final Exp v_final_5m_vs_6m_5M_resume updates 2395/5280 episodes, total num timesteps 1916800/4224000, FPS 86.

incre win rate is 0.2981366459627329.
[v_final step=2400] R_mean=0.5564 | G_n_mean=7.1661 (n=5) | q_tot_pred=6.8821 | drbfn_loss=-2.4988, qi_loss=0.1269, qtot_loss=5.1072

 Map 5m_vs_6m Algo r_drbfn_final Exp v_final_5m_vs_6m_5M_resume updates 2400/5280 episodes, total num timesteps 1920800/4224000, FPS 86.

incre win rate is 0.2822085889570552.
eval win rate is 0.5.

 Map 5m_vs_6m Algo r_drbfn_final Exp v_final_5m_vs_6m_5M_resume updates 2405/5280 episodes, total num timesteps 1924800/4224000, FPS 86.

incre win rate is 0.267515923566879.
[v_final step=2410] R_mean=0.5112 | G_n_mean=6.9384 (n=5) | q_tot_pred=6.9763 | drbfn_loss=-2.4992, qi_loss=0.1215, qtot_loss=4.3226

 Map 5m_vs_6m Algo r_drbfn_final Exp v_final_5m_vs_6m_5M_resume updates 2410/5280 episodes, total num timesteps 1928800/4224000, FPS 86.

incre win rate is 0.29936305732484075.

 Map 5m_vs_6m Algo r_drbfn_final Exp v_final_5m_vs_6m_5M_resume updates 2415/5280 episodes, total num timesteps 1932800/4224000, FPS 86.

incre win rate is 0.33544303797468356.
[v_final step=2420] R_mean=0.5209 | G_n_mean=6.7622 (n=5) | q_tot_pred=6.6408 | drbfn_loss=-2.4991, qi_loss=0.1400, qtot_loss=4.2536

 Map 5m_vs_6m Algo r_drbfn_final Exp v_final_5m_vs_6m_5M_resume updates 2420/5280 episodes, total num timesteps 1936800/4224000, FPS 86.

incre win rate is 0.3081761006289308.

 Map 5m_vs_6m Algo r_drbfn_final Exp v_final_5m_vs_6m_5M_resume updates 2425/5280 episodes, total num timesteps 1940800/4224000, FPS 86.

incre win rate is 0.33121019108280253.
eval win rate is 0.3125.
[v_final step=2430] R_mean=0.4549 | G_n_mean=6.2029 (n=5) | q_tot_pred=6.6252 | drbfn_loss=-2.4995, qi_loss=0.1274, qtot_loss=4.1655

 Map 5m_vs_6m Algo r_drbfn_final Exp v_final_5m_vs_6m_5M_resume updates 2430/5280 episodes, total num timesteps 1944800/4224000, FPS 85.

incre win rate is 0.2654320987654321.

 Map 5m_vs_6m Algo r_drbfn_final Exp v_final_5m_vs_6m_5M_resume updates 2435/5280 episodes, total num timesteps 1948800/4224000, FPS 85.

incre win rate is 0.32903225806451614.
[v_final step=2440] R_mean=0.4530 | G_n_mean=6.2192 (n=5) | q_tot_pred=6.4983 | drbfn_loss=-2.4996, qi_loss=0.0960, qtot_loss=3.5522

 Map 5m_vs_6m Algo r_drbfn_final Exp v_final_5m_vs_6m_5M_resume updates 2440/5280 episodes, total num timesteps 1952800/4224000, FPS 86.

incre win rate is 0.24691358024691357.

 Map 5m_vs_6m Algo r_drbfn_final Exp v_final_5m_vs_6m_5M_resume updates 2445/5280 episodes, total num timesteps 1956800/4224000, FPS 86.

incre win rate is 0.3018867924528302.
[v_final step=2450] R_mean=0.4932 | G_n_mean=6.6513 (n=5) | q_tot_pred=6.8383 | drbfn_loss=-2.4993, qi_loss=0.1253, qtot_loss=5.1188

 Map 5m_vs_6m Algo r_drbfn_final Exp v_final_5m_vs_6m_5M_resume updates 2450/5280 episodes, total num timesteps 1960800/4224000, FPS 86.

incre win rate is 0.3.
eval win rate is 0.3125.

 Map 5m_vs_6m Algo r_drbfn_final Exp v_final_5m_vs_6m_5M_resume updates 2455/5280 episodes, total num timesteps 1964800/4224000, FPS 85.

incre win rate is 0.32051282051282054.
[v_final step=2460] R_mean=0.4868 | G_n_mean=6.6208 (n=5) | q_tot_pred=6.7927 | drbfn_loss=-2.4993, qi_loss=0.1240, qtot_loss=3.7004

 Map 5m_vs_6m Algo r_drbfn_final Exp v_final_5m_vs_6m_5M_resume updates 2460/5280 episodes, total num timesteps 1968800/4224000, FPS 85.

incre win rate is 0.2484076433121019.

 Map 5m_vs_6m Algo r_drbfn_final Exp v_final_5m_vs_6m_5M_resume updates 2465/5280 episodes, total num timesteps 1972800/4224000, FPS 85.

incre win rate is 0.37662337662337664.
[v_final step=2470] R_mean=0.4489 | G_n_mean=6.0669 (n=5) | q_tot_pred=6.2853 | drbfn_loss=-2.4995, qi_loss=0.1002, qtot_loss=3.9719

 Map 5m_vs_6m Algo r_drbfn_final Exp v_final_5m_vs_6m_5M_resume updates 2470/5280 episodes, total num timesteps 1976800/4224000, FPS 85.

incre win rate is 0.28662420382165604.

 Map 5m_vs_6m Algo r_drbfn_final Exp v_final_5m_vs_6m_5M_resume updates 2475/5280 episodes, total num timesteps 1980800/4224000, FPS 86.

incre win rate is 0.33116883116883117.
eval win rate is 0.375.
[v_final step=2480] R_mean=0.4861 | G_n_mean=6.5313 (n=5) | q_tot_pred=6.7518 | drbfn_loss=-2.4993, qi_loss=0.1026, qtot_loss=4.4642

 Map 5m_vs_6m Algo r_drbfn_final Exp v_final_5m_vs_6m_5M_resume updates 2480/5280 episodes, total num timesteps 1984800/4224000, FPS 85.

incre win rate is 0.25625.

 Map 5m_vs_6m Algo r_drbfn_final Exp v_final_5m_vs_6m_5M_resume updates 2485/5280 episodes, total num timesteps 1988800/4224000, FPS 85.

incre win rate is 0.25.
[v_final step=2490] R_mean=0.5164 | G_n_mean=6.6746 (n=5) | q_tot_pred=6.6561 | drbfn_loss=-2.4991, qi_loss=0.1346, qtot_loss=4.5016

 Map 5m_vs_6m Algo r_drbfn_final Exp v_final_5m_vs_6m_5M_resume updates 2490/5280 episodes, total num timesteps 1992800/4224000, FPS 85.

incre win rate is 0.33121019108280253.

 Map 5m_vs_6m Algo r_drbfn_final Exp v_final_5m_vs_6m_5M_resume updates 2495/5280 episodes, total num timesteps 1996800/4224000, FPS 85.

incre win rate is 0.25.
[v_final step=2500] R_mean=0.4983 | G_n_mean=6.7631 (n=5) | q_tot_pred=6.6864 | drbfn_loss=-2.4993, qi_loss=0.1130, qtot_loss=3.0055

 Map 5m_vs_6m Algo r_drbfn_final Exp v_final_5m_vs_6m_5M_resume updates 2500/5280 episodes, total num timesteps 2000800/4224000, FPS 86.

incre win rate is 0.3032258064516129.
eval win rate is 0.25.

 Map 5m_vs_6m Algo r_drbfn_final Exp v_final_5m_vs_6m_5M_resume updates 2505/5280 episodes, total num timesteps 2004800/4224000, FPS 85.

incre win rate is 0.3032258064516129.
[v_final step=2510] R_mean=0.5118 | G_n_mean=6.6522 (n=5) | q_tot_pred=6.7415 | drbfn_loss=-2.4991, qi_loss=0.1399, qtot_loss=4.3985

 Map 5m_vs_6m Algo r_drbfn_final Exp v_final_5m_vs_6m_5M_resume updates 2510/5280 episodes, total num timesteps 2008800/4224000, FPS 85.

incre win rate is 0.33544303797468356.

 Map 5m_vs_6m Algo r_drbfn_final Exp v_final_5m_vs_6m_5M_resume updates 2515/5280 episodes, total num timesteps 2012800/4224000, FPS 85.

incre win rate is 0.2611464968152866.
[v_final step=2520] R_mean=0.5049 | G_n_mean=6.5915 (n=5) | q_tot_pred=6.5668 | drbfn_loss=-2.4992, qi_loss=0.1310, qtot_loss=4.1244

 Map 5m_vs_6m Algo r_drbfn_final Exp v_final_5m_vs_6m_5M_resume updates 2520/5280 episodes, total num timesteps 2016800/4224000, FPS 86.

incre win rate is 0.27044025157232704.

 Map 5m_vs_6m Algo r_drbfn_final Exp v_final_5m_vs_6m_5M_resume updates 2525/5280 episodes, total num timesteps 2020800/4224000, FPS 86.

incre win rate is 0.3096774193548387.
eval win rate is 0.25.
[v_final step=2530] R_mean=0.5360 | G_n_mean=6.8460 (n=5) | q_tot_pred=6.6827 | drbfn_loss=-2.4989, qi_loss=0.1231, qtot_loss=4.6984

 Map 5m_vs_6m Algo r_drbfn_final Exp v_final_5m_vs_6m_5M_resume updates 2530/5280 episodes, total num timesteps 2024800/4224000, FPS 85.

incre win rate is 0.31446540880503143.

 Map 5m_vs_6m Algo r_drbfn_final Exp v_final_5m_vs_6m_5M_resume updates 2535/5280 episodes, total num timesteps 2028800/4224000, FPS 85.

incre win rate is 0.3270440251572327.
[v_final step=2540] R_mean=0.5343 | G_n_mean=7.0435 (n=5) | q_tot_pred=6.9647 | drbfn_loss=-2.4991, qi_loss=0.1419, qtot_loss=3.4618

 Map 5m_vs_6m Algo r_drbfn_final Exp v_final_5m_vs_6m_5M_resume updates 2540/5280 episodes, total num timesteps 2032800/4224000, FPS 85.

incre win rate is 0.27044025157232704.

 Map 5m_vs_6m Algo r_drbfn_final Exp v_final_5m_vs_6m_5M_resume updates 2545/5280 episodes, total num timesteps 2036800/4224000, FPS 85.

incre win rate is 0.32051282051282054.
[v_final step=2550] R_mean=0.4665 | G_n_mean=6.4366 (n=5) | q_tot_pred=6.7937 | drbfn_loss=-2.4994, qi_loss=0.1139, qtot_loss=3.9566

 Map 5m_vs_6m Algo r_drbfn_final Exp v_final_5m_vs_6m_5M_resume updates 2550/5280 episodes, total num timesteps 2040800/4224000, FPS 85.

incre win rate is 0.3269230769230769.
eval win rate is 0.21875.

 Map 5m_vs_6m Algo r_drbfn_final Exp v_final_5m_vs_6m_5M_resume updates 2555/5280 episodes, total num timesteps 2044800/4224000, FPS 85.

incre win rate is 0.2356687898089172.
[v_final step=2560] R_mean=0.5277 | G_n_mean=6.8659 (n=5) | q_tot_pred=6.6259 | drbfn_loss=-2.4991, qi_loss=0.1467, qtot_loss=3.6980

 Map 5m_vs_6m Algo r_drbfn_final Exp v_final_5m_vs_6m_5M_resume updates 2560/5280 episodes, total num timesteps 2048800/4224000, FPS 85.

incre win rate is 0.3161290322580645.

 Map 5m_vs_6m Algo r_drbfn_final Exp v_final_5m_vs_6m_5M_resume updates 2565/5280 episodes, total num timesteps 2052800/4224000, FPS 85.

incre win rate is 0.3584905660377358.
[v_final step=2570] R_mean=0.4597 | G_n_mean=6.3877 (n=5) | q_tot_pred=6.5252 | drbfn_loss=-2.4995, qi_loss=0.1132, qtot_loss=2.7218

 Map 5m_vs_6m Algo r_drbfn_final Exp v_final_5m_vs_6m_5M_resume updates 2570/5280 episodes, total num timesteps 2056800/4224000, FPS 85.

incre win rate is 0.2356687898089172.

 Map 5m_vs_6m Algo r_drbfn_final Exp v_final_5m_vs_6m_5M_resume updates 2575/5280 episodes, total num timesteps 2060800/4224000, FPS 85.

incre win rate is 0.3503184713375796.
eval win rate is 0.25.
[v_final step=2580] R_mean=0.5668 | G_n_mean=7.3664 (n=5) | q_tot_pred=7.4368 | drbfn_loss=-2.4987, qi_loss=0.1467, qtot_loss=4.4635

 Map 5m_vs_6m Algo r_drbfn_final Exp v_final_5m_vs_6m_5M_resume updates 2580/5280 episodes, total num timesteps 2064800/4224000, FPS 85.

incre win rate is 0.3375796178343949.

 Map 5m_vs_6m Algo r_drbfn_final Exp v_final_5m_vs_6m_5M_resume updates 2585/5280 episodes, total num timesteps 2068800/4224000, FPS 85.

incre win rate is 0.37341772151898733.
[v_final step=2590] R_mean=0.5391 | G_n_mean=7.0183 (n=5) | q_tot_pred=6.6596 | drbfn_loss=-2.4989, qi_loss=0.1387, qtot_loss=4.7046

 Map 5m_vs_6m Algo r_drbfn_final Exp v_final_5m_vs_6m_5M_resume updates 2590/5280 episodes, total num timesteps 2072800/4224000, FPS 85.

incre win rate is 0.3225806451612903.

 Map 5m_vs_6m Algo r_drbfn_final Exp v_final_5m_vs_6m_5M_resume updates 2595/5280 episodes, total num timesteps 2076800/4224000, FPS 85.

incre win rate is 0.3181818181818182.
[v_final step=2600] R_mean=0.5237 | G_n_mean=6.9117 (n=5) | q_tot_pred=6.8283 | drbfn_loss=-2.4990, qi_loss=0.1415, qtot_loss=3.9635

 Map 5m_vs_6m Algo r_drbfn_final Exp v_final_5m_vs_6m_5M_resume updates 2600/5280 episodes, total num timesteps 2080800/4224000, FPS 85.

incre win rate is 0.325.
eval win rate is 0.59375.

 Map 5m_vs_6m Algo r_drbfn_final Exp v_final_5m_vs_6m_5M_resume updates 2605/5280 episodes, total num timesteps 2084800/4224000, FPS 85.

incre win rate is 0.33766233766233766.
[v_final step=2610] R_mean=0.5585 | G_n_mean=7.3454 (n=5) | q_tot_pred=7.1567 | drbfn_loss=-2.4989, qi_loss=0.1455, qtot_loss=4.2312

 Map 5m_vs_6m Algo r_drbfn_final Exp v_final_5m_vs_6m_5M_resume updates 2610/5280 episodes, total num timesteps 2088800/4224000, FPS 85.

incre win rate is 0.3018867924528302.

 Map 5m_vs_6m Algo r_drbfn_final Exp v_final_5m_vs_6m_5M_resume updates 2615/5280 episodes, total num timesteps 2092800/4224000, FPS 85.

incre win rate is 0.36538461538461536.
[v_final step=2620] R_mean=0.4658 | G_n_mean=6.6233 (n=5) | q_tot_pred=6.7252 | drbfn_loss=-2.4994, qi_loss=0.1185, qtot_loss=3.8033

 Map 5m_vs_6m Algo r_drbfn_final Exp v_final_5m_vs_6m_5M_resume updates 2620/5280 episodes, total num timesteps 2096800/4224000, FPS 85.

incre win rate is 0.25316455696202533.

 Map 5m_vs_6m Algo r_drbfn_final Exp v_final_5m_vs_6m_5M_resume updates 2625/5280 episodes, total num timesteps 2100800/4224000, FPS 85.

incre win rate is 0.23125.
eval win rate is 0.3125.
[v_final step=2630] R_mean=0.4731 | G_n_mean=6.3895 (n=5) | q_tot_pred=6.4631 | drbfn_loss=-2.4994, qi_loss=0.1311, qtot_loss=4.0108

 Map 5m_vs_6m Algo r_drbfn_final Exp v_final_5m_vs_6m_5M_resume updates 2630/5280 episodes, total num timesteps 2104800/4224000, FPS 85.

incre win rate is 0.2236024844720497.

 Map 5m_vs_6m Algo r_drbfn_final Exp v_final_5m_vs_6m_5M_resume updates 2635/5280 episodes, total num timesteps 2108800/4224000, FPS 85.

incre win rate is 0.25.
[v_final step=2640] R_mean=0.4782 | G_n_mean=6.5793 (n=5) | q_tot_pred=6.6262 | drbfn_loss=-2.4994, qi_loss=0.1261, qtot_loss=2.7367

 Map 5m_vs_6m Algo r_drbfn_final Exp v_final_5m_vs_6m_5M_resume updates 2640/5280 episodes, total num timesteps 2112800/4224000, FPS 85.

incre win rate is 0.25316455696202533.

 Map 5m_vs_6m Algo r_drbfn_final Exp v_final_5m_vs_6m_5M_resume updates 2645/5280 episodes, total num timesteps 2116800/4224000, FPS 85.

incre win rate is 0.23125.
[v_final step=2650] R_mean=0.4470 | G_n_mean=6.3517 (n=5) | q_tot_pred=6.6191 | drbfn_loss=-2.4996, qi_loss=0.1176, qtot_loss=3.0874

 Map 5m_vs_6m Algo r_drbfn_final Exp v_final_5m_vs_6m_5M_resume updates 2650/5280 episodes, total num timesteps 2120800/4224000, FPS 85.

incre win rate is 0.18867924528301888.
eval win rate is 0.34375.

 Map 5m_vs_6m Algo r_drbfn_final Exp v_final_5m_vs_6m_5M_resume updates 2655/5280 episodes, total num timesteps 2124800/4224000, FPS 85.

incre win rate is 0.27672955974842767.
[v_final step=2660] R_mean=0.4846 | G_n_mean=6.3397 (n=5) | q_tot_pred=6.3467 | drbfn_loss=-2.4993, qi_loss=0.1171, qtot_loss=3.1665

 Map 5m_vs_6m Algo r_drbfn_final Exp v_final_5m_vs_6m_5M_resume updates 2660/5280 episodes, total num timesteps 2128800/4224000, FPS 85.

incre win rate is 0.25.

 Map 5m_vs_6m Algo r_drbfn_final Exp v_final_5m_vs_6m_5M_resume updates 2665/5280 episodes, total num timesteps 2132800/4224000, FPS 85.

incre win rate is 0.2088607594936709.
[v_final step=2670] R_mean=0.4949 | G_n_mean=6.5684 (n=5) | q_tot_pred=6.5209 | drbfn_loss=-2.4993, qi_loss=0.1211, qtot_loss=4.3122

 Map 5m_vs_6m Algo r_drbfn_final Exp v_final_5m_vs_6m_5M_resume updates 2670/5280 episodes, total num timesteps 2136800/4224000, FPS 85.

incre win rate is 0.23417721518987342.

 Map 5m_vs_6m Algo r_drbfn_final Exp v_final_5m_vs_6m_5M_resume updates 2675/5280 episodes, total num timesteps 2140800/4224000, FPS 85.

incre win rate is 0.24358974358974358.
eval win rate is 0.34375.
[v_final step=2680] R_mean=0.4852 | G_n_mean=6.6958 (n=5) | q_tot_pred=6.6550 | drbfn_loss=-2.4993, qi_loss=0.1312, qtot_loss=3.3683

 Map 5m_vs_6m Algo r_drbfn_final Exp v_final_5m_vs_6m_5M_resume updates 2680/5280 episodes, total num timesteps 2144800/4224000, FPS 85.

incre win rate is 0.15723270440251572.

 Map 5m_vs_6m Algo r_drbfn_final Exp v_final_5m_vs_6m_5M_resume updates 2685/5280 episodes, total num timesteps 2148800/4224000, FPS 85.

incre win rate is 0.23270440251572327.
[v_final step=2690] R_mean=0.4510 | G_n_mean=6.1738 (n=5) | q_tot_pred=6.1821 | drbfn_loss=-2.4995, qi_loss=0.1241, qtot_loss=3.2288

 Map 5m_vs_6m Algo r_drbfn_final Exp v_final_5m_vs_6m_5M_resume updates 2690/5280 episodes, total num timesteps 2152800/4224000, FPS 85.

incre win rate is 0.18471337579617833.

 Map 5m_vs_6m Algo r_drbfn_final Exp v_final_5m_vs_6m_5M_resume updates 2695/5280 episodes, total num timesteps 2156800/4224000, FPS 85.

incre win rate is 0.2375.
[v_final step=2700] R_mean=0.5182 | G_n_mean=6.8507 (n=5) | q_tot_pred=6.7890 | drbfn_loss=-2.4991, qi_loss=0.1565, qtot_loss=4.3218

 Map 5m_vs_6m Algo r_drbfn_final Exp v_final_5m_vs_6m_5M_resume updates 2700/5280 episodes, total num timesteps 2160800/4224000, FPS 85.

incre win rate is 0.2484472049689441.
eval win rate is 0.3125.

 Map 5m_vs_6m Algo r_drbfn_final Exp v_final_5m_vs_6m_5M_resume updates 2705/5280 episodes, total num timesteps 2164800/4224000, FPS 85.

incre win rate is 0.23270440251572327.
[v_final step=2710] R_mean=0.5331 | G_n_mean=6.7313 (n=5) | q_tot_pred=6.7798 | drbfn_loss=-2.4990, qi_loss=0.1600, qtot_loss=4.7043

 Map 5m_vs_6m Algo r_drbfn_final Exp v_final_5m_vs_6m_5M_resume updates 2710/5280 episodes, total num timesteps 2168800/4224000, FPS 85.

incre win rate is 0.27848101265822783.

 Map 5m_vs_6m Algo r_drbfn_final Exp v_final_5m_vs_6m_5M_resume updates 2715/5280 episodes, total num timesteps 2172800/4224000, FPS 85.

incre win rate is 0.29936305732484075.
[v_final step=2720] R_mean=0.5498 | G_n_mean=7.1513 (n=5) | q_tot_pred=6.6687 | drbfn_loss=-2.4989, qi_loss=0.1596, qtot_loss=4.3113

 Map 5m_vs_6m Algo r_drbfn_final Exp v_final_5m_vs_6m_5M_resume updates 2720/5280 episodes, total num timesteps 2176800/4224000, FPS 85.

incre win rate is 0.267515923566879.

 Map 5m_vs_6m Algo r_drbfn_final Exp v_final_5m_vs_6m_5M_resume updates 2725/5280 episodes, total num timesteps 2180800/4224000, FPS 85.

incre win rate is 0.2611464968152866.
eval win rate is 0.28125.
[v_final step=2730] R_mean=0.5447 | G_n_mean=7.1002 (n=5) | q_tot_pred=7.0700 | drbfn_loss=-2.4989, qi_loss=0.1505, qtot_loss=4.6191

 Map 5m_vs_6m Algo r_drbfn_final Exp v_final_5m_vs_6m_5M_resume updates 2730/5280 episodes, total num timesteps 2184800/4224000, FPS 85.

incre win rate is 0.2929936305732484.

 Map 5m_vs_6m Algo r_drbfn_final Exp v_final_5m_vs_6m_5M_resume updates 2735/5280 episodes, total num timesteps 2188800/4224000, FPS 85.

incre win rate is 0.2692307692307692.
[v_final step=2740] R_mean=0.5145 | G_n_mean=6.8564 (n=5) | q_tot_pred=7.0226 | drbfn_loss=-2.4991, qi_loss=0.1467, qtot_loss=4.2028

 Map 5m_vs_6m Algo r_drbfn_final Exp v_final_5m_vs_6m_5M_resume updates 2740/5280 episodes, total num timesteps 2192800/4224000, FPS 85.

incre win rate is 0.4155844155844156.

 Map 5m_vs_6m Algo r_drbfn_final Exp v_final_5m_vs_6m_5M_resume updates 2745/5280 episodes, total num timesteps 2196800/4224000, FPS 85.

incre win rate is 0.3181818181818182.
[v_final step=2750] R_mean=0.5179 | G_n_mean=6.9894 (n=5) | q_tot_pred=6.7121 | drbfn_loss=-2.4991, qi_loss=0.1603, qtot_loss=4.0094

 Map 5m_vs_6m Algo r_drbfn_final Exp v_final_5m_vs_6m_5M_resume updates 2750/5280 episodes, total num timesteps 2200800/4224000, FPS 85.

incre win rate is 0.3269230769230769.
eval win rate is 0.34375.

 Map 5m_vs_6m Algo r_drbfn_final Exp v_final_5m_vs_6m_5M_resume updates 2755/5280 episodes, total num timesteps 2204800/4224000, FPS 85.

incre win rate is 0.2857142857142857.
[v_final step=2760] R_mean=0.5332 | G_n_mean=7.1351 (n=5) | q_tot_pred=7.0676 | drbfn_loss=-2.4991, qi_loss=0.1378, qtot_loss=3.5023

 Map 5m_vs_6m Algo r_drbfn_final Exp v_final_5m_vs_6m_5M_resume updates 2760/5280 episodes, total num timesteps 2208800/4224000, FPS 85.

incre win rate is 0.3333333333333333.

 Map 5m_vs_6m Algo r_drbfn_final Exp v_final_5m_vs_6m_5M_resume updates 2765/5280 episodes, total num timesteps 2212800/4224000, FPS 85.

incre win rate is 0.3288590604026846.
[v_final step=2770] R_mean=0.5047 | G_n_mean=6.8241 (n=5) | q_tot_pred=6.8495 | drbfn_loss=-2.4993, qi_loss=0.1325, qtot_loss=3.4846

 Map 5m_vs_6m Algo r_drbfn_final Exp v_final_5m_vs_6m_5M_resume updates 2770/5280 episodes, total num timesteps 2216800/4224000, FPS 85.

incre win rate is 0.2903225806451613.

 Map 5m_vs_6m Algo r_drbfn_final Exp v_final_5m_vs_6m_5M_resume updates 2775/5280 episodes, total num timesteps 2220800/4224000, FPS 85.

incre win rate is 0.24203821656050956.
eval win rate is 0.34375.
[v_final step=2780] R_mean=0.4963 | G_n_mean=6.8024 (n=5) | q_tot_pred=6.8245 | drbfn_loss=-2.4992, qi_loss=0.1544, qtot_loss=4.3004

 Map 5m_vs_6m Algo r_drbfn_final Exp v_final_5m_vs_6m_5M_resume updates 2780/5280 episodes, total num timesteps 2224800/4224000, FPS 85.

incre win rate is 0.3269230769230769.

 Map 5m_vs_6m Algo r_drbfn_final Exp v_final_5m_vs_6m_5M_resume updates 2785/5280 episodes, total num timesteps 2228800/4224000, FPS 85.

incre win rate is 0.19736842105263158.
[v_final step=2790] R_mean=0.5398 | G_n_mean=7.2694 (n=5) | q_tot_pred=6.8784 | drbfn_loss=-2.4989, qi_loss=0.1744, qtot_loss=4.1437

 Map 5m_vs_6m Algo r_drbfn_final Exp v_final_5m_vs_6m_5M_resume updates 2790/5280 episodes, total num timesteps 2232800/4224000, FPS 85.

incre win rate is 0.33766233766233766.

 Map 5m_vs_6m Algo r_drbfn_final Exp v_final_5m_vs_6m_5M_resume updates 2795/5280 episodes, total num timesteps 2236800/4224000, FPS 85.

incre win rate is 0.3717948717948718.
[v_final step=2800] R_mean=0.6022 | G_n_mean=7.7213 (n=5) | q_tot_pred=7.3605 | drbfn_loss=-2.4986, qi_loss=0.1763, qtot_loss=4.8855

 Map 5m_vs_6m Algo r_drbfn_final Exp v_final_5m_vs_6m_5M_resume updates 2800/5280 episodes, total num timesteps 2240800/4224000, FPS 85.

incre win rate is 0.36942675159235666.
eval win rate is 0.40625.

 Map 5m_vs_6m Algo r_drbfn_final Exp v_final_5m_vs_6m_5M_resume updates 2805/5280 episodes, total num timesteps 2244800/4224000, FPS 85.

incre win rate is 0.2929936305732484.
[v_final step=2810] R_mean=0.5600 | G_n_mean=7.2796 (n=5) | q_tot_pred=7.1832 | drbfn_loss=-2.4988, qi_loss=0.1726, qtot_loss=4.7790

 Map 5m_vs_6m Algo r_drbfn_final Exp v_final_5m_vs_6m_5M_resume updates 2810/5280 episodes, total num timesteps 2248800/4224000, FPS 85.

incre win rate is 0.3584905660377358.

 Map 5m_vs_6m Algo r_drbfn_final Exp v_final_5m_vs_6m_5M_resume updates 2815/5280 episodes, total num timesteps 2252800/4224000, FPS 85.

incre win rate is 0.41935483870967744.
[v_final step=2820] R_mean=0.5931 | G_n_mean=7.8073 (n=5) | q_tot_pred=7.6287 | drbfn_loss=-2.4986, qi_loss=0.1798, qtot_loss=4.1964

 Map 5m_vs_6m Algo r_drbfn_final Exp v_final_5m_vs_6m_5M_resume updates 2820/5280 episodes, total num timesteps 2256800/4224000, FPS 85.

incre win rate is 0.43312101910828027.

 Map 5m_vs_6m Algo r_drbfn_final Exp v_final_5m_vs_6m_5M_resume updates 2825/5280 episodes, total num timesteps 2260800/4224000, FPS 85.

incre win rate is 0.32903225806451614.
eval win rate is 0.375.
[v_final step=2830] R_mean=0.5113 | G_n_mean=7.0066 (n=5) | q_tot_pred=7.1200 | drbfn_loss=-2.4991, qi_loss=0.1624, qtot_loss=3.7982

 Map 5m_vs_6m Algo r_drbfn_final Exp v_final_5m_vs_6m_5M_resume updates 2830/5280 episodes, total num timesteps 2264800/4224000, FPS 85.

incre win rate is 0.3503184713375796.

 Map 5m_vs_6m Algo r_drbfn_final Exp v_final_5m_vs_6m_5M_resume updates 2835/5280 episodes, total num timesteps 2268800/4224000, FPS 85.

incre win rate is 0.4090909090909091.
[v_final step=2840] R_mean=0.4984 | G_n_mean=7.0195 (n=5) | q_tot_pred=7.1727 | drbfn_loss=-2.4993, qi_loss=0.1620, qtot_loss=3.9773

 Map 5m_vs_6m Algo r_drbfn_final Exp v_final_5m_vs_6m_5M_resume updates 2840/5280 episodes, total num timesteps 2272800/4224000, FPS 85.

incre win rate is 0.27388535031847133.

 Map 5m_vs_6m Algo r_drbfn_final Exp v_final_5m_vs_6m_5M_resume updates 2845/5280 episodes, total num timesteps 2276800/4224000, FPS 85.

incre win rate is 0.3037974683544304.
[v_final step=2850] R_mean=0.4744 | G_n_mean=6.5270 (n=5) | q_tot_pred=6.8371 | drbfn_loss=-2.4994, qi_loss=0.1280, qtot_loss=4.3680

 Map 5m_vs_6m Algo r_drbfn_final Exp v_final_5m_vs_6m_5M_resume updates 2850/5280 episodes, total num timesteps 2280800/4224000, FPS 85.

incre win rate is 0.3037974683544304.
eval win rate is 0.46875.

 Map 5m_vs_6m Algo r_drbfn_final Exp v_final_5m_vs_6m_5M_resume updates 2855/5280 episodes, total num timesteps 2284800/4224000, FPS 85.

incre win rate is 0.32075471698113206.
[v_final step=2860] R_mean=0.5988 | G_n_mean=7.6906 (n=5) | q_tot_pred=7.2405 | drbfn_loss=-2.4986, qi_loss=0.1557, qtot_loss=4.0849

 Map 5m_vs_6m Algo r_drbfn_final Exp v_final_5m_vs_6m_5M_resume updates 2860/5280 episodes, total num timesteps 2288800/4224000, FPS 85.

incre win rate is 0.34591194968553457.

 Map 5m_vs_6m Algo r_drbfn_final Exp v_final_5m_vs_6m_5M_resume updates 2865/5280 episodes, total num timesteps 2292800/4224000, FPS 86.

incre win rate is 0.34394904458598724.
[v_final step=2870] R_mean=0.5863 | G_n_mean=7.8159 (n=5) | q_tot_pred=7.5476 | drbfn_loss=-2.4987, qi_loss=0.1834, qtot_loss=4.7855

 Map 5m_vs_6m Algo r_drbfn_final Exp v_final_5m_vs_6m_5M_resume updates 2870/5280 episodes, total num timesteps 2296800/4224000, FPS 86.

incre win rate is 0.36477987421383645.

 Map 5m_vs_6m Algo r_drbfn_final Exp v_final_5m_vs_6m_5M_resume updates 2875/5280 episodes, total num timesteps 2300800/4224000, FPS 86.

incre win rate is 0.36538461538461536.
eval win rate is 0.28125.
[v_final step=2880] R_mean=0.5198 | G_n_mean=7.1710 (n=5) | q_tot_pred=7.2495 | drbfn_loss=-2.4991, qi_loss=0.1812, qtot_loss=4.1884

 Map 5m_vs_6m Algo r_drbfn_final Exp v_final_5m_vs_6m_5M_resume updates 2880/5280 episodes, total num timesteps 2304800/4224000, FPS 86.

incre win rate is 0.3630573248407643.

 Map 5m_vs_6m Algo r_drbfn_final Exp v_final_5m_vs_6m_5M_resume updates 2885/5280 episodes, total num timesteps 2308800/4224000, FPS 86.

incre win rate is 0.2974683544303797.
[v_final step=2890] R_mean=0.5400 | G_n_mean=7.3427 (n=5) | q_tot_pred=7.2009 | drbfn_loss=-2.4990, qi_loss=0.1707, qtot_loss=4.1319

 Map 5m_vs_6m Algo r_drbfn_final Exp v_final_5m_vs_6m_5M_resume updates 2890/5280 episodes, total num timesteps 2312800/4224000, FPS 86.

incre win rate is 0.30128205128205127.

 Map 5m_vs_6m Algo r_drbfn_final Exp v_final_5m_vs_6m_5M_resume updates 2895/5280 episodes, total num timesteps 2316800/4224000, FPS 86.

incre win rate is 0.3670886075949367.
[v_final step=2900] R_mean=0.5955 | G_n_mean=8.0612 (n=5) | q_tot_pred=7.8469 | drbfn_loss=-2.4987, qi_loss=0.2117, qtot_loss=4.2628

 Map 5m_vs_6m Algo r_drbfn_final Exp v_final_5m_vs_6m_5M_resume updates 2900/5280 episodes, total num timesteps 2320800/4224000, FPS 86.

incre win rate is 0.44936708860759494.
eval win rate is 0.4375.

 Map 5m_vs_6m Algo r_drbfn_final Exp v_final_5m_vs_6m_5M_resume updates 2905/5280 episodes, total num timesteps 2324800/4224000, FPS 86.

incre win rate is 0.391304347826087.
[v_final step=2910] R_mean=0.5602 | G_n_mean=7.3878 (n=5) | q_tot_pred=7.2961 | drbfn_loss=-2.4988, qi_loss=0.1780, qtot_loss=3.4523

 Map 5m_vs_6m Algo r_drbfn_final Exp v_final_5m_vs_6m_5M_resume updates 2910/5280 episodes, total num timesteps 2328800/4224000, FPS 86.

incre win rate is 0.41139240506329117.

 Map 5m_vs_6m Algo r_drbfn_final Exp v_final_5m_vs_6m_5M_resume updates 2915/5280 episodes, total num timesteps 2332800/4224000, FPS 86.

incre win rate is 0.34782608695652173.
[v_final step=2920] R_mean=0.4924 | G_n_mean=6.7441 (n=5) | q_tot_pred=6.9616 | drbfn_loss=-2.4993, qi_loss=0.1547, qtot_loss=4.6492

 Map 5m_vs_6m Algo r_drbfn_final Exp v_final_5m_vs_6m_5M_resume updates 2920/5280 episodes, total num timesteps 2336800/4224000, FPS 85.

incre win rate is 0.3269230769230769.

 Map 5m_vs_6m Algo r_drbfn_final Exp v_final_5m_vs_6m_5M_resume updates 2925/5280 episodes, total num timesteps 2340800/4224000, FPS 85.

incre win rate is 0.33962264150943394.
eval win rate is 0.28125.
[v_final step=2930] R_mean=0.5211 | G_n_mean=7.2168 (n=5) | q_tot_pred=7.3137 | drbfn_loss=-2.4990, qi_loss=0.1626, qtot_loss=4.4842

 Map 5m_vs_6m Algo r_drbfn_final Exp v_final_5m_vs_6m_5M_resume updates 2930/5280 episodes, total num timesteps 2344800/4224000, FPS 85.

incre win rate is 0.37579617834394907.

 Map 5m_vs_6m Algo r_drbfn_final Exp v_final_5m_vs_6m_5M_resume updates 2935/5280 episodes, total num timesteps 2348800/4224000, FPS 85.

incre win rate is 0.3248407643312102.
[v_final step=2940] R_mean=0.5435 | G_n_mean=7.5198 (n=5) | q_tot_pred=7.2448 | drbfn_loss=-2.4989, qi_loss=0.1881, qtot_loss=3.6969

 Map 5m_vs_6m Algo r_drbfn_final Exp v_final_5m_vs_6m_5M_resume updates 2940/5280 episodes, total num timesteps 2352800/4224000, FPS 85.

incre win rate is 0.33548387096774196.

 Map 5m_vs_6m Algo r_drbfn_final Exp v_final_5m_vs_6m_5M_resume updates 2945/5280 episodes, total num timesteps 2356800/4224000, FPS 86.

incre win rate is 0.35947712418300654.
[v_final step=2950] R_mean=0.5503 | G_n_mean=7.5070 (n=5) | q_tot_pred=7.0542 | drbfn_loss=-2.4989, qi_loss=0.1831, qtot_loss=3.3471

 Map 5m_vs_6m Algo r_drbfn_final Exp v_final_5m_vs_6m_5M_resume updates 2950/5280 episodes, total num timesteps 2360800/4224000, FPS 86.

incre win rate is 0.2922077922077922.
eval win rate is 0.3125.

 Map 5m_vs_6m Algo r_drbfn_final Exp v_final_5m_vs_6m_5M_resume updates 2955/5280 episodes, total num timesteps 2364800/4224000, FPS 85.

incre win rate is 0.2948717948717949.
[v_final step=2960] R_mean=0.5045 | G_n_mean=7.0434 (n=5) | q_tot_pred=7.1196 | drbfn_loss=-2.4991, qi_loss=0.1783, qtot_loss=4.2048

 Map 5m_vs_6m Algo r_drbfn_final Exp v_final_5m_vs_6m_5M_resume updates 2960/5280 episodes, total num timesteps 2368800/4224000, FPS 86.

incre win rate is 0.28104575163398693.

 Map 5m_vs_6m Algo r_drbfn_final Exp v_final_5m_vs_6m_5M_resume updates 2965/5280 episodes, total num timesteps 2372800/4224000, FPS 86.

incre win rate is 0.3291139240506329.
[v_final step=2970] R_mean=0.5084 | G_n_mean=7.1955 (n=5) | q_tot_pred=7.0853 | drbfn_loss=-2.4992, qi_loss=0.1620, qtot_loss=3.6723

 Map 5m_vs_6m Algo r_drbfn_final Exp v_final_5m_vs_6m_5M_resume updates 2970/5280 episodes, total num timesteps 2376800/4224000, FPS 86.

incre win rate is 0.3092105263157895.

 Map 5m_vs_6m Algo r_drbfn_final Exp v_final_5m_vs_6m_5M_resume updates 2975/5280 episodes, total num timesteps 2380800/4224000, FPS 86.

incre win rate is 0.27848101265822783.
eval win rate is 0.21875.
[v_final step=2980] R_mean=0.5094 | G_n_mean=6.8886 (n=5) | q_tot_pred=6.8237 | drbfn_loss=-2.4991, qi_loss=0.1558, qtot_loss=4.1777

 Map 5m_vs_6m Algo r_drbfn_final Exp v_final_5m_vs_6m_5M_resume updates 2980/5280 episodes, total num timesteps 2384800/4224000, FPS 86.

incre win rate is 0.20625.

 Map 5m_vs_6m Algo r_drbfn_final Exp v_final_5m_vs_6m_5M_resume updates 2985/5280 episodes, total num timesteps 2388800/4224000, FPS 86.

incre win rate is 0.2974683544303797.
[v_final step=2990] R_mean=0.5153 | G_n_mean=6.8413 (n=5) | q_tot_pred=6.7966 | drbfn_loss=-2.4992, qi_loss=0.1587, qtot_loss=3.3581

 Map 5m_vs_6m Algo r_drbfn_final Exp v_final_5m_vs_6m_5M_resume updates 2990/5280 episodes, total num timesteps 2392800/4224000, FPS 86.

incre win rate is 0.2125.

 Map 5m_vs_6m Algo r_drbfn_final Exp v_final_5m_vs_6m_5M_resume updates 2995/5280 episodes, total num timesteps 2396800/4224000, FPS 86.

incre win rate is 0.3141025641025641.
[v_final step=3000] R_mean=0.5051 | G_n_mean=6.9344 (n=5) | q_tot_pred=7.2884 | drbfn_loss=-2.4992, qi_loss=0.1940, qtot_loss=4.1966

 Map 5m_vs_6m Algo r_drbfn_final Exp v_final_5m_vs_6m_5M_resume updates 3000/5280 episodes, total num timesteps 2400800/4224000, FPS 86.

incre win rate is 0.39869281045751637.
eval win rate is 0.5625.

 Map 5m_vs_6m Algo r_drbfn_final Exp v_final_5m_vs_6m_5M_resume updates 3005/5280 episodes, total num timesteps 2404800/4224000, FPS 86.

incre win rate is 0.33548387096774196.
[v_final step=3010] R_mean=0.5466 | G_n_mean=7.2135 (n=5) | q_tot_pred=6.6083 | drbfn_loss=-2.4988, qi_loss=0.1689, qtot_loss=4.3106

 Map 5m_vs_6m Algo r_drbfn_final Exp v_final_5m_vs_6m_5M_resume updates 3010/5280 episodes, total num timesteps 2408800/4224000, FPS 86.

incre win rate is 0.3246753246753247.

 Map 5m_vs_6m Algo r_drbfn_final Exp v_final_5m_vs_6m_5M_resume updates 3015/5280 episodes, total num timesteps 2412800/4224000, FPS 86.

incre win rate is 0.2929936305732484.
[v_final step=3020] R_mean=0.5391 | G_n_mean=7.2693 (n=5) | q_tot_pred=7.0806 | drbfn_loss=-2.4990, qi_loss=0.1943, qtot_loss=3.7118

 Map 5m_vs_6m Algo r_drbfn_final Exp v_final_5m_vs_6m_5M_resume updates 3020/5280 episodes, total num timesteps 2416800/4224000, FPS 86.

incre win rate is 0.2911392405063291.

 Map 5m_vs_6m Algo r_drbfn_final Exp v_final_5m_vs_6m_5M_resume updates 3025/5280 episodes, total num timesteps 2420800/4224000, FPS 86.

incre win rate is 0.2893081761006289.
eval win rate is 0.375.
[v_final step=3030] R_mean=0.5387 | G_n_mean=7.2445 (n=5) | q_tot_pred=7.3270 | drbfn_loss=-2.4990, qi_loss=0.1718, qtot_loss=3.1049

 Map 5m_vs_6m Algo r_drbfn_final Exp v_final_5m_vs_6m_5M_resume updates 3030/5280 episodes, total num timesteps 2424800/4224000, FPS 86.

incre win rate is 0.34394904458598724.

 Map 5m_vs_6m Algo r_drbfn_final Exp v_final_5m_vs_6m_5M_resume updates 3035/5280 episodes, total num timesteps 2428800/4224000, FPS 86.

incre win rate is 0.325.
[v_final step=3040] R_mean=0.4585 | G_n_mean=6.6610 (n=5) | q_tot_pred=6.8311 | drbfn_loss=-2.4995, qi_loss=0.1435, qtot_loss=3.8907

 Map 5m_vs_6m Algo r_drbfn_final Exp v_final_5m_vs_6m_5M_resume updates 3040/5280 episodes, total num timesteps 2432800/4224000, FPS 86.

incre win rate is 0.2692307692307692.

 Map 5m_vs_6m Algo r_drbfn_final Exp v_final_5m_vs_6m_5M_resume updates 3045/5280 episodes, total num timesteps 2436800/4224000, FPS 86.

incre win rate is 0.29559748427672955.
[v_final step=3050] R_mean=0.5301 | G_n_mean=7.0798 (n=5) | q_tot_pred=7.1075 | drbfn_loss=-2.4991, qi_loss=0.1749, qtot_loss=4.0970

 Map 5m_vs_6m Algo r_drbfn_final Exp v_final_5m_vs_6m_5M_resume updates 3050/5280 episodes, total num timesteps 2440800/4224000, FPS 86.

incre win rate is 0.2875.
eval win rate is 0.34375.

 Map 5m_vs_6m Algo r_drbfn_final Exp v_final_5m_vs_6m_5M_resume updates 3055/5280 episodes, total num timesteps 2444800/4224000, FPS 86.

incre win rate is 0.27564102564102566.
[v_final step=3060] R_mean=0.4425 | G_n_mean=6.1765 (n=5) | q_tot_pred=6.3880 | drbfn_loss=-2.4996, qi_loss=0.1481, qtot_loss=3.0112

 Map 5m_vs_6m Algo r_drbfn_final Exp v_final_5m_vs_6m_5M_resume updates 3060/5280 episodes, total num timesteps 2448800/4224000, FPS 86.

incre win rate is 0.2.

 Map 5m_vs_6m Algo r_drbfn_final Exp v_final_5m_vs_6m_5M_resume updates 3065/5280 episodes, total num timesteps 2452800/4224000, FPS 86.

incre win rate is 0.2802547770700637.
[v_final step=3070] R_mean=0.5300 | G_n_mean=7.0826 (n=5) | q_tot_pred=7.1196 | drbfn_loss=-2.4989, qi_loss=0.1709, qtot_loss=3.2649

 Map 5m_vs_6m Algo r_drbfn_final Exp v_final_5m_vs_6m_5M_resume updates 3070/5280 episodes, total num timesteps 2456800/4224000, FPS 86.

incre win rate is 0.35668789808917195.

 Map 5m_vs_6m Algo r_drbfn_final Exp v_final_5m_vs_6m_5M_resume updates 3075/5280 episodes, total num timesteps 2460800/4224000, FPS 86.

incre win rate is 0.22435897435897437.
eval win rate is 0.34375.
[v_final step=3080] R_mean=0.4684 | G_n_mean=6.6441 (n=5) | q_tot_pred=6.5848 | drbfn_loss=-2.4995, qi_loss=0.1749, qtot_loss=3.4639

 Map 5m_vs_6m Algo r_drbfn_final Exp v_final_5m_vs_6m_5M_resume updates 3080/5280 episodes, total num timesteps 2464800/4224000, FPS 86.

incre win rate is 0.3076923076923077.

 Map 5m_vs_6m Algo r_drbfn_final Exp v_final_5m_vs_6m_5M_resume updates 3085/5280 episodes, total num timesteps 2468800/4224000, FPS 86.

incre win rate is 0.31645569620253167.
[v_final step=3090] R_mean=0.5314 | G_n_mean=7.1325 (n=5) | q_tot_pred=7.0433 | drbfn_loss=-2.4990, qi_loss=0.1752, qtot_loss=4.5127

 Map 5m_vs_6m Algo r_drbfn_final Exp v_final_5m_vs_6m_5M_resume updates 3090/5280 episodes, total num timesteps 2472800/4224000, FPS 86.

incre win rate is 0.25949367088607594.

 Map 5m_vs_6m Algo r_drbfn_final Exp v_final_5m_vs_6m_5M_resume updates 3095/5280 episodes, total num timesteps 2476800/4224000, FPS 86.

incre win rate is 0.29936305732484075.
[v_final step=3100] R_mean=0.4941 | G_n_mean=6.5886 (n=5) | q_tot_pred=6.6119 | drbfn_loss=-2.4992, qi_loss=0.1879, qtot_loss=5.1412

 Map 5m_vs_6m Algo r_drbfn_final Exp v_final_5m_vs_6m_5M_resume updates 3100/5280 episodes, total num timesteps 2480800/4224000, FPS 86.

incre win rate is 0.21656050955414013.
eval win rate is 0.4375.

 Map 5m_vs_6m Algo r_drbfn_final Exp v_final_5m_vs_6m_5M_resume updates 3105/5280 episodes, total num timesteps 2484800/4224000, FPS 86.

incre win rate is 0.2549019607843137.
[v_final step=3110] R_mean=0.4814 | G_n_mean=6.7120 (n=5) | q_tot_pred=6.8868 | drbfn_loss=-2.4994, qi_loss=0.1464, qtot_loss=3.9091

 Map 5m_vs_6m Algo r_drbfn_final Exp v_final_5m_vs_6m_5M_resume updates 3110/5280 episodes, total num timesteps 2488800/4224000, FPS 86.

incre win rate is 0.25477707006369427.

 Map 5m_vs_6m Algo r_drbfn_final Exp v_final_5m_vs_6m_5M_resume updates 3115/5280 episodes, total num timesteps 2492800/4224000, FPS 86.

incre win rate is 0.25477707006369427.
[v_final step=3120] R_mean=0.4960 | G_n_mean=6.8105 (n=5) | q_tot_pred=6.9063 | drbfn_loss=-2.4993, qi_loss=0.1706, qtot_loss=3.3541

 Map 5m_vs_6m Algo r_drbfn_final Exp v_final_5m_vs_6m_5M_resume updates 3120/5280 episodes, total num timesteps 2496800/4224000, FPS 86.

incre win rate is 0.29375.

 Map 5m_vs_6m Algo r_drbfn_final Exp v_final_5m_vs_6m_5M_resume updates 3125/5280 episodes, total num timesteps 2500800/4224000, FPS 86.

incre win rate is 0.3333333333333333.
eval win rate is 0.375.
[v_final step=3130] R_mean=0.5929 | G_n_mean=7.7697 (n=5) | q_tot_pred=7.3891 | drbfn_loss=-2.4988, qi_loss=0.1889, qtot_loss=4.6972

 Map 5m_vs_6m Algo r_drbfn_final Exp v_final_5m_vs_6m_5M_resume updates 3130/5280 episodes, total num timesteps 2504800/4224000, FPS 86.

incre win rate is 0.3048780487804878.

 Map 5m_vs_6m Algo r_drbfn_final Exp v_final_5m_vs_6m_5M_resume updates 3135/5280 episodes, total num timesteps 2508800/4224000, FPS 86.

incre win rate is 0.2987012987012987.
[v_final step=3140] R_mean=0.5607 | G_n_mean=7.3762 (n=5) | q_tot_pred=7.2525 | drbfn_loss=-2.4988, qi_loss=0.2098, qtot_loss=4.8777

 Map 5m_vs_6m Algo r_drbfn_final Exp v_final_5m_vs_6m_5M_resume updates 3140/5280 episodes, total num timesteps 2512800/4224000, FPS 86.

incre win rate is 0.35625.

 Map 5m_vs_6m Algo r_drbfn_final Exp v_final_5m_vs_6m_5M_resume updates 3145/5280 episodes, total num timesteps 2516800/4224000, FPS 86.

incre win rate is 0.29936305732484075.
[v_final step=3150] R_mean=0.5276 | G_n_mean=7.1721 (n=5) | q_tot_pred=7.2678 | drbfn_loss=-2.4990, qi_loss=0.2157, qtot_loss=4.5908

 Map 5m_vs_6m Algo r_drbfn_final Exp v_final_5m_vs_6m_5M_resume updates 3150/5280 episodes, total num timesteps 2520800/4224000, FPS 86.

incre win rate is 0.3227848101265823.
eval win rate is 0.375.

 Map 5m_vs_6m Algo r_drbfn_final Exp v_final_5m_vs_6m_5M_resume updates 3155/5280 episodes, total num timesteps 2524800/4224000, FPS 86.

incre win rate is 0.3870967741935484.
[v_final step=3160] R_mean=0.5283 | G_n_mean=7.2608 (n=5) | q_tot_pred=7.3016 | drbfn_loss=-2.4990, qi_loss=0.2212, qtot_loss=4.0232

 Map 5m_vs_6m Algo r_drbfn_final Exp v_final_5m_vs_6m_5M_resume updates 3160/5280 episodes, total num timesteps 2528800/4224000, FPS 86.

incre win rate is 0.3974358974358974.

 Map 5m_vs_6m Algo r_drbfn_final Exp v_final_5m_vs_6m_5M_resume updates 3165/5280 episodes, total num timesteps 2532800/4224000, FPS 86.

incre win rate is 0.3710691823899371.
[v_final step=3170] R_mean=0.5707 | G_n_mean=7.7976 (n=5) | q_tot_pred=7.7230 | drbfn_loss=-2.4988, qi_loss=0.2433, qtot_loss=4.1381

 Map 5m_vs_6m Algo r_drbfn_final Exp v_final_5m_vs_6m_5M_resume updates 3170/5280 episodes, total num timesteps 2536800/4224000, FPS 86.

incre win rate is 0.4064516129032258.

 Map 5m_vs_6m Algo r_drbfn_final Exp v_final_5m_vs_6m_5M_resume updates 3175/5280 episodes, total num timesteps 2540800/4224000, FPS 86.

incre win rate is 0.40764331210191085.
eval win rate is 0.46875.
[v_final step=3180] R_mean=0.5193 | G_n_mean=7.0383 (n=5) | q_tot_pred=7.0131 | drbfn_loss=-2.4990, qi_loss=0.1934, qtot_loss=3.9897

 Map 5m_vs_6m Algo r_drbfn_final Exp v_final_5m_vs_6m_5M_resume updates 3180/5280 episodes, total num timesteps 2544800/4224000, FPS 86.

incre win rate is 0.3741935483870968.

 Map 5m_vs_6m Algo r_drbfn_final Exp v_final_5m_vs_6m_5M_resume updates 3185/5280 episodes, total num timesteps 2548800/4224000, FPS 86.

incre win rate is 0.4129032258064516.
[v_final step=3190] R_mean=0.4985 | G_n_mean=6.8273 (n=5) | q_tot_pred=7.0678 | drbfn_loss=-2.4992, qi_loss=0.2119, qtot_loss=3.3971

 Map 5m_vs_6m Algo r_drbfn_final Exp v_final_5m_vs_6m_5M_resume updates 3190/5280 episodes, total num timesteps 2552800/4224000, FPS 86.

incre win rate is 0.34810126582278483.

 Map 5m_vs_6m Algo r_drbfn_final Exp v_final_5m_vs_6m_5M_resume updates 3195/5280 episodes, total num timesteps 2556800/4224000, FPS 86.

incre win rate is 0.3291139240506329.
[v_final step=3200] R_mean=0.5087 | G_n_mean=6.7785 (n=5) | q_tot_pred=6.9710 | drbfn_loss=-2.4992, qi_loss=0.1642, qtot_loss=4.3421

 Map 5m_vs_6m Algo r_drbfn_final Exp v_final_5m_vs_6m_5M_resume updates 3200/5280 episodes, total num timesteps 2560800/4224000, FPS 86.

incre win rate is 0.389937106918239.
eval win rate is 0.53125.

 Map 5m_vs_6m Algo r_drbfn_final Exp v_final_5m_vs_6m_5M_resume updates 3205/5280 episodes, total num timesteps 2564800/4224000, FPS 86.

incre win rate is 0.36477987421383645.
[v_final step=3210] R_mean=0.5623 | G_n_mean=7.4837 (n=5) | q_tot_pred=7.2170 | drbfn_loss=-2.4988, qi_loss=0.2332, qtot_loss=5.3433

 Map 5m_vs_6m Algo r_drbfn_final Exp v_final_5m_vs_6m_5M_resume updates 3210/5280 episodes, total num timesteps 2568800/4224000, FPS 86.

incre win rate is 0.3924050632911392.

 Map 5m_vs_6m Algo r_drbfn_final Exp v_final_5m_vs_6m_5M_resume updates 3215/5280 episodes, total num timesteps 2572800/4224000, FPS 86.

incre win rate is 0.33125.
[v_final step=3220] R_mean=0.5125 | G_n_mean=7.0380 (n=5) | q_tot_pred=7.0777 | drbfn_loss=-2.4992, qi_loss=0.2104, qtot_loss=3.9661

 Map 5m_vs_6m Algo r_drbfn_final Exp v_final_5m_vs_6m_5M_resume updates 3220/5280 episodes, total num timesteps 2576800/4224000, FPS 86.

incre win rate is 0.34394904458598724.

 Map 5m_vs_6m Algo r_drbfn_final Exp v_final_5m_vs_6m_5M_resume updates 3225/5280 episodes, total num timesteps 2580800/4224000, FPS 86.

incre win rate is 0.25925925925925924.
eval win rate is 0.34375.
[v_final step=3230] R_mean=0.5559 | G_n_mean=7.5931 (n=5) | q_tot_pred=7.4204 | drbfn_loss=-2.4990, qi_loss=0.1778, qtot_loss=4.4493

 Map 5m_vs_6m Algo r_drbfn_final Exp v_final_5m_vs_6m_5M_resume updates 3230/5280 episodes, total num timesteps 2584800/4224000, FPS 86.

incre win rate is 0.30864197530864196.

 Map 5m_vs_6m Algo r_drbfn_final Exp v_final_5m_vs_6m_5M_resume updates 3235/5280 episodes, total num timesteps 2588800/4224000, FPS 86.

incre win rate is 0.34177215189873417.
[v_final step=3240] R_mean=0.5399 | G_n_mean=7.4181 (n=5) | q_tot_pred=7.0027 | drbfn_loss=-2.4989, qi_loss=0.2152, qtot_loss=4.2767

 Map 5m_vs_6m Algo r_drbfn_final Exp v_final_5m_vs_6m_5M_resume updates 3240/5280 episodes, total num timesteps 2592800/4224000, FPS 86.

incre win rate is 0.3227848101265823.

 Map 5m_vs_6m Algo r_drbfn_final Exp v_final_5m_vs_6m_5M_resume updates 3245/5280 episodes, total num timesteps 2596800/4224000, FPS 86.

incre win rate is 0.34838709677419355.
[v_final step=3250] R_mean=0.5076 | G_n_mean=7.3437 (n=5) | q_tot_pred=7.5668 | drbfn_loss=-2.4991, qi_loss=0.2010, qtot_loss=4.1448

 Map 5m_vs_6m Algo r_drbfn_final Exp v_final_5m_vs_6m_5M_resume updates 3250/5280 episodes, total num timesteps 2600800/4224000, FPS 86.

incre win rate is 0.38961038961038963.
eval win rate is 0.4375.

 Map 5m_vs_6m Algo r_drbfn_final Exp v_final_5m_vs_6m_5M_resume updates 3255/5280 episodes, total num timesteps 2604800/4224000, FPS 86.

incre win rate is 0.2967741935483871.
[v_final step=3260] R_mean=0.5432 | G_n_mean=7.3251 (n=5) | q_tot_pred=7.2654 | drbfn_loss=-2.4990, qi_loss=0.2103, qtot_loss=4.8729

 Map 5m_vs_6m Algo r_drbfn_final Exp v_final_5m_vs_6m_5M_resume updates 3260/5280 episodes, total num timesteps 2608800/4224000, FPS 86.

incre win rate is 0.35443037974683544.

 Map 5m_vs_6m Algo r_drbfn_final Exp v_final_5m_vs_6m_5M_resume updates 3265/5280 episodes, total num timesteps 2612800/4224000, FPS 86.

incre win rate is 0.33544303797468356.
[v_final step=3270] R_mean=0.4930 | G_n_mean=6.8733 (n=5) | q_tot_pred=6.9791 | drbfn_loss=-2.4993, qi_loss=0.1987, qtot_loss=3.6254

 Map 5m_vs_6m Algo r_drbfn_final Exp v_final_5m_vs_6m_5M_resume updates 3270/5280 episodes, total num timesteps 2616800/4224000, FPS 86.

incre win rate is 0.32075471698113206.

 Map 5m_vs_6m Algo r_drbfn_final Exp v_final_5m_vs_6m_5M_resume updates 3275/5280 episodes, total num timesteps 2620800/4224000, FPS 86.

incre win rate is 0.40764331210191085.
eval win rate is 0.5625.
[v_final step=3280] R_mean=0.4829 | G_n_mean=6.8356 (n=5) | q_tot_pred=7.1703 | drbfn_loss=-2.4993, qi_loss=0.1985, qtot_loss=3.2769

 Map 5m_vs_6m Algo r_drbfn_final Exp v_final_5m_vs_6m_5M_resume updates 3280/5280 episodes, total num timesteps 2624800/4224000, FPS 86.

incre win rate is 0.3935483870967742.

 Map 5m_vs_6m Algo r_drbfn_final Exp v_final_5m_vs_6m_5M_resume updates 3285/5280 episodes, total num timesteps 2628800/4224000, FPS 86.

incre win rate is 0.3710691823899371.
[v_final step=3290] R_mean=0.5564 | G_n_mean=7.5183 (n=5) | q_tot_pred=7.5771 | drbfn_loss=-2.4988, qi_loss=0.2453, qtot_loss=4.7184

 Map 5m_vs_6m Algo r_drbfn_final Exp v_final_5m_vs_6m_5M_resume updates 3290/5280 episodes, total num timesteps 2632800/4224000, FPS 86.

incre win rate is 0.4267515923566879.

 Map 5m_vs_6m Algo r_drbfn_final Exp v_final_5m_vs_6m_5M_resume updates 3295/5280 episodes, total num timesteps 2636800/4224000, FPS 86.

incre win rate is 0.379746835443038.
[v_final step=3300] R_mean=0.5617 | G_n_mean=7.8572 (n=5) | q_tot_pred=7.8029 | drbfn_loss=-2.4988, qi_loss=0.2680, qtot_loss=4.8533

 Map 5m_vs_6m Algo r_drbfn_final Exp v_final_5m_vs_6m_5M_resume updates 3300/5280 episodes, total num timesteps 2640800/4224000, FPS 86.

incre win rate is 0.4177215189873418.
eval win rate is 0.375.

 Map 5m_vs_6m Algo r_drbfn_final Exp v_final_5m_vs_6m_5M_resume updates 3305/5280 episodes, total num timesteps 2644800/4224000, FPS 86.

incre win rate is 0.38125.
[v_final step=3310] R_mean=0.5173 | G_n_mean=7.1797 (n=5) | q_tot_pred=7.1714 | drbfn_loss=-2.4992, qi_loss=0.2272, qtot_loss=3.9187

 Map 5m_vs_6m Algo r_drbfn_final Exp v_final_5m_vs_6m_5M_resume updates 3310/5280 episodes, total num timesteps 2648800/4224000, FPS 86.

incre win rate is 0.36538461538461536.

 Map 5m_vs_6m Algo r_drbfn_final Exp v_final_5m_vs_6m_5M_resume updates 3315/5280 episodes, total num timesteps 2652800/4224000, FPS 86.

incre win rate is 0.35802469135802467.
[v_final step=3320] R_mean=0.5496 | G_n_mean=7.4140 (n=5) | q_tot_pred=7.3249 | drbfn_loss=-2.4989, qi_loss=0.2714, qtot_loss=4.4350

 Map 5m_vs_6m Algo r_drbfn_final Exp v_final_5m_vs_6m_5M_resume updates 3320/5280 episodes, total num timesteps 2656800/4224000, FPS 86.

incre win rate is 0.3924050632911392.

 Map 5m_vs_6m Algo r_drbfn_final Exp v_final_5m_vs_6m_5M_resume updates 3325/5280 episodes, total num timesteps 2660800/4224000, FPS 86.

incre win rate is 0.310126582278481.
eval win rate is 0.46875.
[v_final step=3330] R_mean=0.5809 | G_n_mean=7.7690 (n=5) | q_tot_pred=7.4569 | drbfn_loss=-2.4988, qi_loss=0.2334, qtot_loss=4.7468

 Map 5m_vs_6m Algo r_drbfn_final Exp v_final_5m_vs_6m_5M_resume updates 3330/5280 episodes, total num timesteps 2664800/4224000, FPS 86.

incre win rate is 0.35403726708074534.

 Map 5m_vs_6m Algo r_drbfn_final Exp v_final_5m_vs_6m_5M_resume updates 3335/5280 episodes, total num timesteps 2668800/4224000, FPS 86.

incre win rate is 0.36024844720496896.
[v_final step=3340] R_mean=0.5147 | G_n_mean=7.1652 (n=5) | q_tot_pred=7.2588 | drbfn_loss=-2.4991, qi_loss=0.2181, qtot_loss=4.9938

 Map 5m_vs_6m Algo r_drbfn_final Exp v_final_5m_vs_6m_5M_resume updates 3340/5280 episodes, total num timesteps 2672800/4224000, FPS 86.

incre win rate is 0.31210191082802546.

 Map 5m_vs_6m Algo r_drbfn_final Exp v_final_5m_vs_6m_5M_resume updates 3345/5280 episodes, total num timesteps 2676800/4224000, FPS 86.

incre win rate is 0.3503184713375796.
[v_final step=3350] R_mean=0.5588 | G_n_mean=7.6119 (n=5) | q_tot_pred=7.5595 | drbfn_loss=-2.4990, qi_loss=0.2439, qtot_loss=4.8844

 Map 5m_vs_6m Algo r_drbfn_final Exp v_final_5m_vs_6m_5M_resume updates 3350/5280 episodes, total num timesteps 2680800/4224000, FPS 86.

incre win rate is 0.3924050632911392.
eval win rate is 0.4375.

 Map 5m_vs_6m Algo r_drbfn_final Exp v_final_5m_vs_6m_5M_resume updates 3355/5280 episodes, total num timesteps 2684800/4224000, FPS 86.

incre win rate is 0.3270440251572327.
[v_final step=3360] R_mean=0.4919 | G_n_mean=6.8140 (n=5) | q_tot_pred=6.8447 | drbfn_loss=-2.4993, qi_loss=0.1871, qtot_loss=4.5178

 Map 5m_vs_6m Algo r_drbfn_final Exp v_final_5m_vs_6m_5M_resume updates 3360/5280 episodes, total num timesteps 2688800/4224000, FPS 86.

incre win rate is 0.2777777777777778.

 Map 5m_vs_6m Algo r_drbfn_final Exp v_final_5m_vs_6m_5M_resume updates 3365/5280 episodes, total num timesteps 2692800/4224000, FPS 86.

incre win rate is 0.34591194968553457.
[v_final step=3370] R_mean=0.5188 | G_n_mean=7.1535 (n=5) | q_tot_pred=7.2233 | drbfn_loss=-2.4991, qi_loss=0.2170, qtot_loss=4.1242

 Map 5m_vs_6m Algo r_drbfn_final Exp v_final_5m_vs_6m_5M_resume updates 3370/5280 episodes, total num timesteps 2696800/4224000, FPS 86.

incre win rate is 0.36875.

 Map 5m_vs_6m Algo r_drbfn_final Exp v_final_5m_vs_6m_5M_resume updates 3375/5280 episodes, total num timesteps 2700800/4224000, FPS 86.

incre win rate is 0.35.
eval win rate is 0.28125.
[v_final step=3380] R_mean=0.5921 | G_n_mean=8.1373 (n=5) | q_tot_pred=7.8389 | drbfn_loss=-2.4988, qi_loss=0.2634, qtot_loss=4.7278

 Map 5m_vs_6m Algo r_drbfn_final Exp v_final_5m_vs_6m_5M_resume updates 3380/5280 episodes, total num timesteps 2704800/4224000, FPS 86.

incre win rate is 0.38125.

 Map 5m_vs_6m Algo r_drbfn_final Exp v_final_5m_vs_6m_5M_resume updates 3385/5280 episodes, total num timesteps 2708800/4224000, FPS 86.

incre win rate is 0.33125.
[v_final step=3390] R_mean=0.5223 | G_n_mean=7.0813 (n=5) | q_tot_pred=6.8965 | drbfn_loss=-2.4991, qi_loss=0.1871, qtot_loss=3.5191

 Map 5m_vs_6m Algo r_drbfn_final Exp v_final_5m_vs_6m_5M_resume updates 3390/5280 episodes, total num timesteps 2712800/4224000, FPS 86.

incre win rate is 0.3270440251572327.

 Map 5m_vs_6m Algo r_drbfn_final Exp v_final_5m_vs_6m_5M_resume updates 3395/5280 episodes, total num timesteps 2716800/4224000, FPS 86.

incre win rate is 0.39375.
[v_final step=3400] R_mean=0.4685 | G_n_mean=6.5058 (n=5) | q_tot_pred=7.0738 | drbfn_loss=-2.4994, qi_loss=0.1980, qtot_loss=5.0284

 Map 5m_vs_6m Algo r_drbfn_final Exp v_final_5m_vs_6m_5M_resume updates 3400/5280 episodes, total num timesteps 2720800/4224000, FPS 86.

incre win rate is 0.31875.
eval win rate is 0.375.

 Map 5m_vs_6m Algo r_drbfn_final Exp v_final_5m_vs_6m_5M_resume updates 3405/5280 episodes, total num timesteps 2724800/4224000, FPS 86.

incre win rate is 0.3375796178343949.
[v_final step=3410] R_mean=0.5531 | G_n_mean=7.5968 (n=5) | q_tot_pred=7.5472 | drbfn_loss=-2.4989, qi_loss=0.2330, qtot_loss=4.2286

 Map 5m_vs_6m Algo r_drbfn_final Exp v_final_5m_vs_6m_5M_resume updates 3410/5280 episodes, total num timesteps 2728800/4224000, FPS 86.

incre win rate is 0.36942675159235666.

 Map 5m_vs_6m Algo r_drbfn_final Exp v_final_5m_vs_6m_5M_resume updates 3415/5280 episodes, total num timesteps 2732800/4224000, FPS 86.

incre win rate is 0.325.
[v_final step=3420] R_mean=0.5717 | G_n_mean=7.6006 (n=5) | q_tot_pred=7.3677 | drbfn_loss=-2.4987, qi_loss=0.2302, qtot_loss=4.9427

 Map 5m_vs_6m Algo r_drbfn_final Exp v_final_5m_vs_6m_5M_resume updates 3420/5280 episodes, total num timesteps 2736800/4224000, FPS 86.

incre win rate is 0.4276729559748428.

 Map 5m_vs_6m Algo r_drbfn_final Exp v_final_5m_vs_6m_5M_resume updates 3425/5280 episodes, total num timesteps 2740800/4224000, FPS 86.

incre win rate is 0.39490445859872614.
eval win rate is 0.375.
[v_final step=3430] R_mean=0.5661 | G_n_mean=7.5923 (n=5) | q_tot_pred=7.6229 | drbfn_loss=-2.4989, qi_loss=0.2310, qtot_loss=4.8537

 Map 5m_vs_6m Algo r_drbfn_final Exp v_final_5m_vs_6m_5M_resume updates 3430/5280 episodes, total num timesteps 2744800/4224000, FPS 86.

incre win rate is 0.37341772151898733.

 Map 5m_vs_6m Algo r_drbfn_final Exp v_final_5m_vs_6m_5M_resume updates 3435/5280 episodes, total num timesteps 2748800/4224000, FPS 86.

incre win rate is 0.391025641025641.
[v_final step=3440] R_mean=0.5688 | G_n_mean=7.9467 (n=5) | q_tot_pred=7.9461 | drbfn_loss=-2.4988, qi_loss=0.2381, qtot_loss=4.2163

 Map 5m_vs_6m Algo r_drbfn_final Exp v_final_5m_vs_6m_5M_resume updates 3440/5280 episodes, total num timesteps 2752800/4224000, FPS 86.

incre win rate is 0.432258064516129.

 Map 5m_vs_6m Algo r_drbfn_final Exp v_final_5m_vs_6m_5M_resume updates 3445/5280 episodes, total num timesteps 2756800/4224000, FPS 86.

incre win rate is 0.34810126582278483.
[v_final step=3450] R_mean=0.5187 | G_n_mean=7.0320 (n=5) | q_tot_pred=7.1391 | drbfn_loss=-2.4991, qi_loss=0.1886, qtot_loss=4.4499

 Map 5m_vs_6m Algo r_drbfn_final Exp v_final_5m_vs_6m_5M_resume updates 3450/5280 episodes, total num timesteps 2760800/4224000, FPS 86.

incre win rate is 0.3870967741935484.
eval win rate is 0.25.

 Map 5m_vs_6m Algo r_drbfn_final Exp v_final_5m_vs_6m_5M_resume updates 3455/5280 episodes, total num timesteps 2764800/4224000, FPS 86.

incre win rate is 0.2948717948717949.
[v_final step=3460] R_mean=0.5158 | G_n_mean=6.8898 (n=5) | q_tot_pred=6.9846 | drbfn_loss=-2.4991, qi_loss=0.2059, qtot_loss=4.4468

 Map 5m_vs_6m Algo r_drbfn_final Exp v_final_5m_vs_6m_5M_resume updates 3460/5280 episodes, total num timesteps 2768800/4224000, FPS 86.

incre win rate is 0.3584905660377358.

 Map 5m_vs_6m Algo r_drbfn_final Exp v_final_5m_vs_6m_5M_resume updates 3465/5280 episodes, total num timesteps 2772800/4224000, FPS 86.

incre win rate is 0.2389937106918239.
[v_final step=3470] R_mean=0.4850 | G_n_mean=7.0320 (n=5) | q_tot_pred=6.9745 | drbfn_loss=-2.4994, qi_loss=0.2048, qtot_loss=4.5607

 Map 5m_vs_6m Algo r_drbfn_final Exp v_final_5m_vs_6m_5M_resume updates 3470/5280 episodes, total num timesteps 2776800/4224000, FPS 86.

incre win rate is 0.26582278481012656.

 Map 5m_vs_6m Algo r_drbfn_final Exp v_final_5m_vs_6m_5M_resume updates 3475/5280 episodes, total num timesteps 2780800/4224000, FPS 86.

incre win rate is 0.31446540880503143.
eval win rate is 0.34375.
[v_final step=3480] R_mean=0.4990 | G_n_mean=7.0632 (n=5) | q_tot_pred=7.3423 | drbfn_loss=-2.4993, qi_loss=0.2192, qtot_loss=4.1090

 Map 5m_vs_6m Algo r_drbfn_final Exp v_final_5m_vs_6m_5M_resume updates 3480/5280 episodes, total num timesteps 2784800/4224000, FPS 86.

incre win rate is 0.3525641025641026.

 Map 5m_vs_6m Algo r_drbfn_final Exp v_final_5m_vs_6m_5M_resume updates 3485/5280 episodes, total num timesteps 2788800/4224000, FPS 86.

incre win rate is 0.3181818181818182.
[v_final step=3490] R_mean=0.5748 | G_n_mean=8.0446 (n=5) | q_tot_pred=7.5633 | drbfn_loss=-2.4988, qi_loss=0.2674, qtot_loss=3.9047

 Map 5m_vs_6m Algo r_drbfn_final Exp v_final_5m_vs_6m_5M_resume updates 3490/5280 episodes, total num timesteps 2792800/4224000, FPS 86.

incre win rate is 0.43312101910828027.

 Map 5m_vs_6m Algo r_drbfn_final Exp v_final_5m_vs_6m_5M_resume updates 3495/5280 episodes, total num timesteps 2796800/4224000, FPS 86.

incre win rate is 0.3522012578616352.
[v_final step=3500] R_mean=0.5247 | G_n_mean=7.2323 (n=5) | q_tot_pred=7.2562 | drbfn_loss=-2.4991, qi_loss=0.2248, qtot_loss=5.0546

 Map 5m_vs_6m Algo r_drbfn_final Exp v_final_5m_vs_6m_5M_resume updates 3500/5280 episodes, total num timesteps 2800800/4224000, FPS 86.

incre win rate is 0.41935483870967744.
eval win rate is 0.40625.

 Map 5m_vs_6m Algo r_drbfn_final Exp v_final_5m_vs_6m_5M_resume updates 3505/5280 episodes, total num timesteps 2804800/4224000, FPS 86.

incre win rate is 0.379746835443038.
[v_final step=3510] R_mean=0.5603 | G_n_mean=7.5739 (n=5) | q_tot_pred=7.5984 | drbfn_loss=-2.4991, qi_loss=0.2534, qtot_loss=4.6795

 Map 5m_vs_6m Algo r_drbfn_final Exp v_final_5m_vs_6m_5M_resume updates 3510/5280 episodes, total num timesteps 2808800/4224000, FPS 86.

incre win rate is 0.375.

 Map 5m_vs_6m Algo r_drbfn_final Exp v_final_5m_vs_6m_5M_resume updates 3515/5280 episodes, total num timesteps 2812800/4224000, FPS 86.

incre win rate is 0.43125.
[v_final step=3520] R_mean=0.5420 | G_n_mean=7.5091 (n=5) | q_tot_pred=7.2602 | drbfn_loss=-2.4991, qi_loss=0.2413, qtot_loss=4.1637

 Map 5m_vs_6m Algo r_drbfn_final Exp v_final_5m_vs_6m_5M_resume updates 3520/5280 episodes, total num timesteps 2816800/4224000, FPS 86.

incre win rate is 0.31446540880503143.

 Map 5m_vs_6m Algo r_drbfn_final Exp v_final_5m_vs_6m_5M_resume updates 3525/5280 episodes, total num timesteps 2820800/4224000, FPS 86.

incre win rate is 0.38125.
eval win rate is 0.34375.
[v_final step=3530] R_mean=0.5787 | G_n_mean=7.8133 (n=5) | q_tot_pred=7.8939 | drbfn_loss=-2.4989, qi_loss=0.2343, qtot_loss=4.5160

 Map 5m_vs_6m Algo r_drbfn_final Exp v_final_5m_vs_6m_5M_resume updates 3530/5280 episodes, total num timesteps 2824800/4224000, FPS 86.

incre win rate is 0.36645962732919257.

 Map 5m_vs_6m Algo r_drbfn_final Exp v_final_5m_vs_6m_5M_resume updates 3535/5280 episodes, total num timesteps 2828800/4224000, FPS 86.

incre win rate is 0.2919254658385093.
[v_final step=3540] R_mean=0.5671 | G_n_mean=8.0170 (n=5) | q_tot_pred=7.8776 | drbfn_loss=-2.4989, qi_loss=0.2477, qtot_loss=4.2839

 Map 5m_vs_6m Algo r_drbfn_final Exp v_final_5m_vs_6m_5M_resume updates 3540/5280 episodes, total num timesteps 2832800/4224000, FPS 86.

incre win rate is 0.40625.

 Map 5m_vs_6m Algo r_drbfn_final Exp v_final_5m_vs_6m_5M_resume updates 3545/5280 episodes, total num timesteps 2836800/4224000, FPS 86.

incre win rate is 0.45222929936305734.
[v_final step=3550] R_mean=0.5767 | G_n_mean=7.9483 (n=5) | q_tot_pred=7.7222 | drbfn_loss=-2.4988, qi_loss=0.2485, qtot_loss=4.4233

 Map 5m_vs_6m Algo r_drbfn_final Exp v_final_5m_vs_6m_5M_resume updates 3550/5280 episodes, total num timesteps 2840800/4224000, FPS 86.

incre win rate is 0.4430379746835443.
eval win rate is 0.34375.

 Map 5m_vs_6m Algo r_drbfn_final Exp v_final_5m_vs_6m_5M_resume updates 3555/5280 episodes, total num timesteps 2844800/4224000, FPS 86.

incre win rate is 0.33962264150943394.
[v_final step=3560] R_mean=0.5226 | G_n_mean=7.3085 (n=5) | q_tot_pred=7.6294 | drbfn_loss=-2.4991, qi_loss=0.2516, qtot_loss=3.6819

 Map 5m_vs_6m Algo r_drbfn_final Exp v_final_5m_vs_6m_5M_resume updates 3560/5280 episodes, total num timesteps 2848800/4224000, FPS 86.

incre win rate is 0.4050632911392405.

 Map 5m_vs_6m Algo r_drbfn_final Exp v_final_5m_vs_6m_5M_resume updates 3565/5280 episodes, total num timesteps 2852800/4224000, FPS 86.

incre win rate is 0.2468354430379747.
[v_final step=3570] R_mean=0.5326 | G_n_mean=7.4776 (n=5) | q_tot_pred=7.1465 | drbfn_loss=-2.4992, qi_loss=0.2206, qtot_loss=4.2622

 Map 5m_vs_6m Algo r_drbfn_final Exp v_final_5m_vs_6m_5M_resume updates 3570/5280 episodes, total num timesteps 2856800/4224000, FPS 86.

incre win rate is 0.35947712418300654.

 Map 5m_vs_6m Algo r_drbfn_final Exp v_final_5m_vs_6m_5M_resume updates 3575/5280 episodes, total num timesteps 2860800/4224000, FPS 86.

incre win rate is 0.2911392405063291.
eval win rate is 0.25.
[v_final step=3580] R_mean=0.5197 | G_n_mean=7.3053 (n=5) | q_tot_pred=7.3217 | drbfn_loss=-2.4991, qi_loss=0.2238, qtot_loss=3.9127

 Map 5m_vs_6m Algo r_drbfn_final Exp v_final_5m_vs_6m_5M_resume updates 3580/5280 episodes, total num timesteps 2864800/4224000, FPS 86.

incre win rate is 0.36129032258064514.

 Map 5m_vs_6m Algo r_drbfn_final Exp v_final_5m_vs_6m_5M_resume updates 3585/5280 episodes, total num timesteps 2868800/4224000, FPS 86.

incre win rate is 0.34177215189873417.
[v_final step=3590] R_mean=0.5596 | G_n_mean=7.5931 (n=5) | q_tot_pred=7.4910 | drbfn_loss=-2.4991, qi_loss=0.2236, qtot_loss=4.3596

 Map 5m_vs_6m Algo r_drbfn_final Exp v_final_5m_vs_6m_5M_resume updates 3590/5280 episodes, total num timesteps 2872800/4224000, FPS 86.

incre win rate is 0.38509316770186336.

 Map 5m_vs_6m Algo r_drbfn_final Exp v_final_5m_vs_6m_5M_resume updates 3595/5280 episodes, total num timesteps 2876800/4224000, FPS 86.

incre win rate is 0.37341772151898733.
[v_final step=3600] R_mean=0.5275 | G_n_mean=7.1692 (n=5) | q_tot_pred=6.9977 | drbfn_loss=-2.4991, qi_loss=0.2385, qtot_loss=4.0500

 Map 5m_vs_6m Algo r_drbfn_final Exp v_final_5m_vs_6m_5M_resume updates 3600/5280 episodes, total num timesteps 2880800/4224000, FPS 86.

incre win rate is 0.30434782608695654.
eval win rate is 0.28125.

 Map 5m_vs_6m Algo r_drbfn_final Exp v_final_5m_vs_6m_5M_resume updates 3605/5280 episodes, total num timesteps 2884800/4224000, FPS 86.

incre win rate is 0.3670886075949367.
[v_final step=3610] R_mean=0.5350 | G_n_mean=7.7342 (n=5) | q_tot_pred=7.8283 | drbfn_loss=-2.4991, qi_loss=0.2457, qtot_loss=4.0786

 Map 5m_vs_6m Algo r_drbfn_final Exp v_final_5m_vs_6m_5M_resume updates 3610/5280 episodes, total num timesteps 2888800/4224000, FPS 86.

incre win rate is 0.36075949367088606.

 Map 5m_vs_6m Algo r_drbfn_final Exp v_final_5m_vs_6m_5M_resume updates 3615/5280 episodes, total num timesteps 2892800/4224000, FPS 86.

incre win rate is 0.391304347826087.
[v_final step=3620] R_mean=0.5220 | G_n_mean=7.1069 (n=5) | q_tot_pred=7.2941 | drbfn_loss=-2.4992, qi_loss=0.2424, qtot_loss=4.6906

 Map 5m_vs_6m Algo r_drbfn_final Exp v_final_5m_vs_6m_5M_resume updates 3620/5280 episodes, total num timesteps 2896800/4224000, FPS 86.

incre win rate is 0.3395061728395062.

 Map 5m_vs_6m Algo r_drbfn_final Exp v_final_5m_vs_6m_5M_resume updates 3625/5280 episodes, total num timesteps 2900800/4224000, FPS 86.

incre win rate is 0.3416149068322981.
eval win rate is 0.3125.
[v_final step=3630] R_mean=0.6018 | G_n_mean=8.1052 (n=5) | q_tot_pred=7.7467 | drbfn_loss=-2.4987, qi_loss=0.2720, qtot_loss=5.1137

 Map 5m_vs_6m Algo r_drbfn_final Exp v_final_5m_vs_6m_5M_resume updates 3630/5280 episodes, total num timesteps 2904800/4224000, FPS 86.

incre win rate is 0.35.

 Map 5m_vs_6m Algo r_drbfn_final Exp v_final_5m_vs_6m_5M_resume updates 3635/5280 episodes, total num timesteps 2908800/4224000, FPS 86.

incre win rate is 0.42948717948717946.
[v_final step=3640] R_mean=0.5353 | G_n_mean=7.1229 (n=5) | q_tot_pred=6.9602 | drbfn_loss=-2.4991, qi_loss=0.2340, qtot_loss=4.4133

 Map 5m_vs_6m Algo r_drbfn_final Exp v_final_5m_vs_6m_5M_resume updates 3640/5280 episodes, total num timesteps 2912800/4224000, FPS 86.

incre win rate is 0.2777777777777778.

 Map 5m_vs_6m Algo r_drbfn_final Exp v_final_5m_vs_6m_5M_resume updates 3645/5280 episodes, total num timesteps 2916800/4224000, FPS 86.

incre win rate is 0.32075471698113206.
[v_final step=3650] R_mean=0.5952 | G_n_mean=8.1399 (n=5) | q_tot_pred=8.1235 | drbfn_loss=-2.4987, qi_loss=0.2462, qtot_loss=4.2029

 Map 5m_vs_6m Algo r_drbfn_final Exp v_final_5m_vs_6m_5M_resume updates 3650/5280 episodes, total num timesteps 2920800/4224000, FPS 86.

incre win rate is 0.4551282051282051.
eval win rate is 0.375.

 Map 5m_vs_6m Algo r_drbfn_final Exp v_final_5m_vs_6m_5M_resume updates 3655/5280 episodes, total num timesteps 2924800/4224000, FPS 86.

incre win rate is 0.3333333333333333.
[v_final step=3660] R_mean=0.5407 | G_n_mean=7.4373 (n=5) | q_tot_pred=7.2198 | drbfn_loss=-2.4991, qi_loss=0.2089, qtot_loss=4.2886

 Map 5m_vs_6m Algo r_drbfn_final Exp v_final_5m_vs_6m_5M_resume updates 3660/5280 episodes, total num timesteps 2928800/4224000, FPS 86.

incre win rate is 0.4177215189873418.

 Map 5m_vs_6m Algo r_drbfn_final Exp v_final_5m_vs_6m_5M_resume updates 3665/5280 episodes, total num timesteps 2932800/4224000, FPS 86.

incre win rate is 0.3105590062111801.
[v_final step=3670] R_mean=0.5342 | G_n_mean=7.0998 (n=5) | q_tot_pred=7.0017 | drbfn_loss=-2.4991, qi_loss=0.2415, qtot_loss=5.5825

 Map 5m_vs_6m Algo r_drbfn_final Exp v_final_5m_vs_6m_5M_resume updates 3670/5280 episodes, total num timesteps 2936800/4224000, FPS 86.

incre win rate is 0.35185185185185186.

 Map 5m_vs_6m Algo r_drbfn_final Exp v_final_5m_vs_6m_5M_resume updates 3675/5280 episodes, total num timesteps 2940800/4224000, FPS 86.

incre win rate is 0.37341772151898733.
eval win rate is 0.34375.
[v_final step=3680] R_mean=0.5192 | G_n_mean=7.2078 (n=5) | q_tot_pred=7.2813 | drbfn_loss=-2.4992, qi_loss=0.2252, qtot_loss=3.9500

 Map 5m_vs_6m Algo r_drbfn_final Exp v_final_5m_vs_6m_5M_resume updates 3680/5280 episodes, total num timesteps 2944800/4224000, FPS 86.

incre win rate is 0.2962962962962963.

 Map 5m_vs_6m Algo r_drbfn_final Exp v_final_5m_vs_6m_5M_resume updates 3685/5280 episodes, total num timesteps 2948800/4224000, FPS 86.

incre win rate is 0.37341772151898733.
[v_final step=3690] R_mean=0.5360 | G_n_mean=7.2824 (n=5) | q_tot_pred=7.3199 | drbfn_loss=-2.4991, qi_loss=0.2423, qtot_loss=3.7618

 Map 5m_vs_6m Algo r_drbfn_final Exp v_final_5m_vs_6m_5M_resume updates 3690/5280 episodes, total num timesteps 2952800/4224000, FPS 86.

incre win rate is 0.3375.

 Map 5m_vs_6m Algo r_drbfn_final Exp v_final_5m_vs_6m_5M_resume updates 3695/5280 episodes, total num timesteps 2956800/4224000, FPS 86.

incre win rate is 0.3974358974358974.
[v_final step=3700] R_mean=0.4950 | G_n_mean=6.7357 (n=5) | q_tot_pred=6.9823 | drbfn_loss=-2.4993, qi_loss=0.2383, qtot_loss=4.3784

 Map 5m_vs_6m Algo r_drbfn_final Exp v_final_5m_vs_6m_5M_resume updates 3700/5280 episodes, total num timesteps 2960800/4224000, FPS 86.

incre win rate is 0.325.
eval win rate is 0.4375.

 Map 5m_vs_6m Algo r_drbfn_final Exp v_final_5m_vs_6m_5M_resume updates 3705/5280 episodes, total num timesteps 2964800/4224000, FPS 86.

incre win rate is 0.34838709677419355.
[v_final step=3710] R_mean=0.5201 | G_n_mean=7.2482 (n=5) | q_tot_pred=7.4260 | drbfn_loss=-2.4991, qi_loss=0.2420, qtot_loss=5.0922

 Map 5m_vs_6m Algo r_drbfn_final Exp v_final_5m_vs_6m_5M_resume updates 3710/5280 episodes, total num timesteps 2968800/4224000, FPS 86.

incre win rate is 0.4166666666666667.

 Map 5m_vs_6m Algo r_drbfn_final Exp v_final_5m_vs_6m_5M_resume updates 3715/5280 episodes, total num timesteps 2972800/4224000, FPS 86.

incre win rate is 0.28205128205128205.
[v_final step=3720] R_mean=0.4855 | G_n_mean=7.1463 (n=5) | q_tot_pred=7.3847 | drbfn_loss=-2.4994, qi_loss=0.2436, qtot_loss=4.1399

 Map 5m_vs_6m Algo r_drbfn_final Exp v_final_5m_vs_6m_5M_resume updates 3720/5280 episodes, total num timesteps 2976800/4224000, FPS 86.

incre win rate is 0.36129032258064514.

 Map 5m_vs_6m Algo r_drbfn_final Exp v_final_5m_vs_6m_5M_resume updates 3725/5280 episodes, total num timesteps 2980800/4224000, FPS 86.

incre win rate is 0.41025641025641024.
eval win rate is 0.4375.
[v_final step=3730] R_mean=0.5380 | G_n_mean=7.3451 (n=5) | q_tot_pred=7.3988 | drbfn_loss=-2.4992, qi_loss=0.2324, qtot_loss=4.1716

 Map 5m_vs_6m Algo r_drbfn_final Exp v_final_5m_vs_6m_5M_resume updates 3730/5280 episodes, total num timesteps 2984800/4224000, FPS 86.

incre win rate is 0.389937106918239.

 Map 5m_vs_6m Algo r_drbfn_final Exp v_final_5m_vs_6m_5M_resume updates 3735/5280 episodes, total num timesteps 2988800/4224000, FPS 86.

incre win rate is 0.41139240506329117.
[v_final step=3740] R_mean=0.5261 | G_n_mean=7.3682 (n=5) | q_tot_pred=7.4654 | drbfn_loss=-2.4991, qi_loss=0.2628, qtot_loss=4.7400

 Map 5m_vs_6m Algo r_drbfn_final Exp v_final_5m_vs_6m_5M_resume updates 3740/5280 episodes, total num timesteps 2992800/4224000, FPS 86.

incre win rate is 0.310126582278481.

 Map 5m_vs_6m Algo r_drbfn_final Exp v_final_5m_vs_6m_5M_resume updates 3745/5280 episodes, total num timesteps 2996800/4224000, FPS 86.

incre win rate is 0.4528301886792453.
[v_final step=3750] R_mean=0.5750 | G_n_mean=7.6105 (n=5) | q_tot_pred=7.5492 | drbfn_loss=-2.4988, qi_loss=0.2695, qtot_loss=4.3955

 Map 5m_vs_6m Algo r_drbfn_final Exp v_final_5m_vs_6m_5M_resume updates 3750/5280 episodes, total num timesteps 3000800/4224000, FPS 86.

incre win rate is 0.37341772151898733.
eval win rate is 0.34375.

 Map 5m_vs_6m Algo r_drbfn_final Exp v_final_5m_vs_6m_5M_resume updates 3755/5280 episodes, total num timesteps 3004800/4224000, FPS 86.

incre win rate is 0.36075949367088606.
[v_final step=3760] R_mean=0.5197 | G_n_mean=7.3322 (n=5) | q_tot_pred=7.3056 | drbfn_loss=-2.4991, qi_loss=0.2449, qtot_loss=4.6386

 Map 5m_vs_6m Algo r_drbfn_final Exp v_final_5m_vs_6m_5M_resume updates 3760/5280 episodes, total num timesteps 3008800/4224000, FPS 86.

incre win rate is 0.41025641025641024.

 Map 5m_vs_6m Algo r_drbfn_final Exp v_final_5m_vs_6m_5M_resume updates 3765/5280 episodes, total num timesteps 3012800/4224000, FPS 86.

incre win rate is 0.3419354838709677.
[v_final step=3770] R_mean=0.5387 | G_n_mean=7.2648 (n=5) | q_tot_pred=7.1691 | drbfn_loss=-2.4992, qi_loss=0.2394, qtot_loss=4.1912

 Map 5m_vs_6m Algo r_drbfn_final Exp v_final_5m_vs_6m_5M_resume updates 3770/5280 episodes, total num timesteps 3016800/4224000, FPS 86.

incre win rate is 0.3875.

 Map 5m_vs_6m Algo r_drbfn_final Exp v_final_5m_vs_6m_5M_resume updates 3775/5280 episodes, total num timesteps 3020800/4224000, FPS 86.

incre win rate is 0.3375.
eval win rate is 0.28125.
[v_final step=3780] R_mean=0.5686 | G_n_mean=7.8979 (n=5) | q_tot_pred=7.7498 | drbfn_loss=-2.4989, qi_loss=0.2919, qtot_loss=4.5343

 Map 5m_vs_6m Algo r_drbfn_final Exp v_final_5m_vs_6m_5M_resume updates 3780/5280 episodes, total num timesteps 3024800/4224000, FPS 86.

incre win rate is 0.4166666666666667.

 Map 5m_vs_6m Algo r_drbfn_final Exp v_final_5m_vs_6m_5M_resume updates 3785/5280 episodes, total num timesteps 3028800/4224000, FPS 86.

incre win rate is 0.36024844720496896.
[v_final step=3790] R_mean=0.5102 | G_n_mean=7.2238 (n=5) | q_tot_pred=7.4978 | drbfn_loss=-2.4991, qi_loss=0.2540, qtot_loss=3.9228

 Map 5m_vs_6m Algo r_drbfn_final Exp v_final_5m_vs_6m_5M_resume updates 3790/5280 episodes, total num timesteps 3032800/4224000, FPS 86.

incre win rate is 0.3935483870967742.

 Map 5m_vs_6m Algo r_drbfn_final Exp v_final_5m_vs_6m_5M_resume updates 3795/5280 episodes, total num timesteps 3036800/4224000, FPS 86.

incre win rate is 0.4713375796178344.
[v_final step=3800] R_mean=0.5648 | G_n_mean=7.7376 (n=5) | q_tot_pred=7.5605 | drbfn_loss=-2.4988, qi_loss=0.3107, qtot_loss=4.8091

 Map 5m_vs_6m Algo r_drbfn_final Exp v_final_5m_vs_6m_5M_resume updates 3800/5280 episodes, total num timesteps 3040800/4224000, FPS 86.

incre win rate is 0.4088050314465409.
eval win rate is 0.375.

 Map 5m_vs_6m Algo r_drbfn_final Exp v_final_5m_vs_6m_5M_resume updates 3805/5280 episodes, total num timesteps 3044800/4224000, FPS 86.

incre win rate is 0.3782051282051282.
[v_final step=3810] R_mean=0.5095 | G_n_mean=7.1238 (n=5) | q_tot_pred=7.3698 | drbfn_loss=-2.4992, qi_loss=0.2941, qtot_loss=4.4264

 Map 5m_vs_6m Algo r_drbfn_final Exp v_final_5m_vs_6m_5M_resume updates 3810/5280 episodes, total num timesteps 3048800/4224000, FPS 86.

incre win rate is 0.4050632911392405.

 Map 5m_vs_6m Algo r_drbfn_final Exp v_final_5m_vs_6m_5M_resume updates 3815/5280 episodes, total num timesteps 3052800/4224000, FPS 86.

incre win rate is 0.3987341772151899.
[v_final step=3820] R_mean=0.5548 | G_n_mean=7.7181 (n=5) | q_tot_pred=7.8517 | drbfn_loss=-2.4990, qi_loss=0.3247, qtot_loss=4.5997

 Map 5m_vs_6m Algo r_drbfn_final Exp v_final_5m_vs_6m_5M_resume updates 3820/5280 episodes, total num timesteps 3056800/4224000, FPS 86.

incre win rate is 0.4012738853503185.

 Map 5m_vs_6m Algo r_drbfn_final Exp v_final_5m_vs_6m_5M_resume updates 3825/5280 episodes, total num timesteps 3060800/4224000, FPS 86.

incre win rate is 0.4620253164556962.
eval win rate is 0.59375.
[v_final step=3830] R_mean=0.6359 | G_n_mean=8.4722 (n=5) | q_tot_pred=8.0961 | drbfn_loss=-2.4987, qi_loss=0.3501, qtot_loss=5.3558

 Map 5m_vs_6m Algo r_drbfn_final Exp v_final_5m_vs_6m_5M_resume updates 3830/5280 episodes, total num timesteps 3064800/4224000, FPS 86.

incre win rate is 0.3875.

 Map 5m_vs_6m Algo r_drbfn_final Exp v_final_5m_vs_6m_5M_resume updates 3835/5280 episodes, total num timesteps 3068800/4224000, FPS 86.

incre win rate is 0.4177215189873418.
[v_final step=3840] R_mean=0.5813 | G_n_mean=7.7922 (n=5) | q_tot_pred=7.6842 | drbfn_loss=-2.4989, qi_loss=0.3109, qtot_loss=4.4431

 Map 5m_vs_6m Algo r_drbfn_final Exp v_final_5m_vs_6m_5M_resume updates 3840/5280 episodes, total num timesteps 3072800/4224000, FPS 86.

incre win rate is 0.3836477987421384.

 Map 5m_vs_6m Algo r_drbfn_final Exp v_final_5m_vs_6m_5M_resume updates 3845/5280 episodes, total num timesteps 3076800/4224000, FPS 86.

incre win rate is 0.43312101910828027.
[v_final step=3850] R_mean=0.5539 | G_n_mean=7.5405 (n=5) | q_tot_pred=7.7819 | drbfn_loss=-2.4990, qi_loss=0.2919, qtot_loss=3.6578

 Map 5m_vs_6m Algo r_drbfn_final Exp v_final_5m_vs_6m_5M_resume updates 3850/5280 episodes, total num timesteps 3080800/4224000, FPS 86.

incre win rate is 0.4409937888198758.
eval win rate is 0.5.

 Map 5m_vs_6m Algo r_drbfn_final Exp v_final_5m_vs_6m_5M_resume updates 3855/5280 episodes, total num timesteps 3084800/4224000, FPS 86.

incre win rate is 0.453416149068323.
[v_final step=3860] R_mean=0.5513 | G_n_mean=7.6634 (n=5) | q_tot_pred=7.9857 | drbfn_loss=-2.4990, qi_loss=0.2734, qtot_loss=4.9891

 Map 5m_vs_6m Algo r_drbfn_final Exp v_final_5m_vs_6m_5M_resume updates 3860/5280 episodes, total num timesteps 3088800/4224000, FPS 86.

incre win rate is 0.45625.

 Map 5m_vs_6m Algo r_drbfn_final Exp v_final_5m_vs_6m_5M_resume updates 3865/5280 episodes, total num timesteps 3092800/4224000, FPS 86.

incre win rate is 0.42138364779874216.
[v_final step=3870] R_mean=0.5384 | G_n_mean=7.5585 (n=5) | q_tot_pred=7.3898 | drbfn_loss=-2.4990, qi_loss=0.2925, qtot_loss=3.8327

 Map 5m_vs_6m Algo r_drbfn_final Exp v_final_5m_vs_6m_5M_resume updates 3870/5280 episodes, total num timesteps 3096800/4224000, FPS 86.

incre win rate is 0.39490445859872614.

 Map 5m_vs_6m Algo r_drbfn_final Exp v_final_5m_vs_6m_5M_resume updates 3875/5280 episodes, total num timesteps 3100800/4224000, FPS 87.

incre win rate is 0.44375.
eval win rate is 0.5.
[v_final step=3880] R_mean=0.5167 | G_n_mean=7.1263 (n=5) | q_tot_pred=7.2953 | drbfn_loss=-2.4992, qi_loss=0.2912, qtot_loss=4.0460

 Map 5m_vs_6m Algo r_drbfn_final Exp v_final_5m_vs_6m_5M_resume updates 3880/5280 episodes, total num timesteps 3104800/4224000, FPS 86.

incre win rate is 0.36024844720496896.

 Map 5m_vs_6m Algo r_drbfn_final Exp v_final_5m_vs_6m_5M_resume updates 3885/5280 episodes, total num timesteps 3108800/4224000, FPS 86.

incre win rate is 0.33962264150943394.
[v_final step=3890] R_mean=0.5283 | G_n_mean=7.1462 (n=5) | q_tot_pred=7.3598 | drbfn_loss=-2.4992, qi_loss=0.3192, qtot_loss=5.1423

 Map 5m_vs_6m Algo r_drbfn_final Exp v_final_5m_vs_6m_5M_resume updates 3890/5280 episodes, total num timesteps 3112800/4224000, FPS 87.

incre win rate is 0.36645962732919257.

 Map 5m_vs_6m Algo r_drbfn_final Exp v_final_5m_vs_6m_5M_resume updates 3895/5280 episodes, total num timesteps 3116800/4224000, FPS 86.

incre win rate is 0.40764331210191085.
[v_final step=3900] R_mean=0.5621 | G_n_mean=7.5818 (n=5) | q_tot_pred=7.4207 | drbfn_loss=-2.4990, qi_loss=0.3149, qtot_loss=3.7217

 Map 5m_vs_6m Algo r_drbfn_final Exp v_final_5m_vs_6m_5M_resume updates 3900/5280 episodes, total num timesteps 3120800/4224000, FPS 86.

incre win rate is 0.41509433962264153.
eval win rate is 0.5.

 Map 5m_vs_6m Algo r_drbfn_final Exp v_final_5m_vs_6m_5M_resume updates 3905/5280 episodes, total num timesteps 3124800/4224000, FPS 86.

incre win rate is 0.391304347826087.
[v_final step=3910] R_mean=0.5496 | G_n_mean=7.5534 (n=5) | q_tot_pred=7.5684 | drbfn_loss=-2.4991, qi_loss=0.3444, qtot_loss=4.8421

 Map 5m_vs_6m Algo r_drbfn_final Exp v_final_5m_vs_6m_5M_resume updates 3910/5280 episodes, total num timesteps 3128800/4224000, FPS 86.

incre win rate is 0.36585365853658536.

 Map 5m_vs_6m Algo r_drbfn_final Exp v_final_5m_vs_6m_5M_resume updates 3915/5280 episodes, total num timesteps 3132800/4224000, FPS 86.

incre win rate is 0.379746835443038.
[v_final step=3920] R_mean=0.5863 | G_n_mean=8.1056 (n=5) | q_tot_pred=7.9106 | drbfn_loss=-2.4989, qi_loss=0.3416, qtot_loss=4.6184

 Map 5m_vs_6m Algo r_drbfn_final Exp v_final_5m_vs_6m_5M_resume updates 3920/5280 episodes, total num timesteps 3136800/4224000, FPS 86.

incre win rate is 0.36942675159235666.

 Map 5m_vs_6m Algo r_drbfn_final Exp v_final_5m_vs_6m_5M_resume updates 3925/5280 episodes, total num timesteps 3140800/4224000, FPS 86.

incre win rate is 0.4675324675324675.
eval win rate is 0.53125.
[v_final step=3930] R_mean=0.5496 | G_n_mean=7.5809 (n=5) | q_tot_pred=7.5373 | drbfn_loss=-2.4989, qi_loss=0.3080, qtot_loss=4.6959

 Map 5m_vs_6m Algo r_drbfn_final Exp v_final_5m_vs_6m_5M_resume updates 3930/5280 episodes, total num timesteps 3144800/4224000, FPS 86.

incre win rate is 0.37735849056603776.

 Map 5m_vs_6m Algo r_drbfn_final Exp v_final_5m_vs_6m_5M_resume updates 3935/5280 episodes, total num timesteps 3148800/4224000, FPS 86.

incre win rate is 0.3974358974358974.
[v_final step=3940] R_mean=0.6121 | G_n_mean=8.3658 (n=5) | q_tot_pred=8.3279 | drbfn_loss=-2.4987, qi_loss=0.3202, qtot_loss=5.2367

 Map 5m_vs_6m Algo r_drbfn_final Exp v_final_5m_vs_6m_5M_resume updates 3940/5280 episodes, total num timesteps 3152800/4224000, FPS 86.

incre win rate is 0.4936708860759494.

 Map 5m_vs_6m Algo r_drbfn_final Exp v_final_5m_vs_6m_5M_resume updates 3945/5280 episodes, total num timesteps 3156800/4224000, FPS 86.

incre win rate is 0.4720496894409938.
[v_final step=3950] R_mean=0.5118 | G_n_mean=7.1624 (n=5) | q_tot_pred=7.1132 | drbfn_loss=-2.4993, qi_loss=0.3027, qtot_loss=4.0763

 Map 5m_vs_6m Algo r_drbfn_final Exp v_final_5m_vs_6m_5M_resume updates 3950/5280 episodes, total num timesteps 3160800/4224000, FPS 86.

incre win rate is 0.3375.
eval win rate is 0.40625.

 Map 5m_vs_6m Algo r_drbfn_final Exp v_final_5m_vs_6m_5M_resume updates 3955/5280 episodes, total num timesteps 3164800/4224000, FPS 86.

incre win rate is 0.33540372670807456.
[v_final step=3960] R_mean=0.5458 | G_n_mean=7.5736 (n=5) | q_tot_pred=7.6442 | drbfn_loss=-2.4990, qi_loss=0.3154, qtot_loss=4.6340

 Map 5m_vs_6m Algo r_drbfn_final Exp v_final_5m_vs_6m_5M_resume updates 3960/5280 episodes, total num timesteps 3168800/4224000, FPS 86.

incre win rate is 0.4125.

 Map 5m_vs_6m Algo r_drbfn_final Exp v_final_5m_vs_6m_5M_resume updates 3965/5280 episodes, total num timesteps 3172800/4224000, FPS 86.

incre win rate is 0.34591194968553457.
[v_final step=3970] R_mean=0.4752 | G_n_mean=7.0038 (n=5) | q_tot_pred=7.3743 | drbfn_loss=-2.4994, qi_loss=0.3324, qtot_loss=4.5966

 Map 5m_vs_6m Algo r_drbfn_final Exp v_final_5m_vs_6m_5M_resume updates 3970/5280 episodes, total num timesteps 3176800/4224000, FPS 86.

incre win rate is 0.4276729559748428.

 Map 5m_vs_6m Algo r_drbfn_final Exp v_final_5m_vs_6m_5M_resume updates 3975/5280 episodes, total num timesteps 3180800/4224000, FPS 86.

incre win rate is 0.36875.
eval win rate is 0.5.
[v_final step=3980] R_mean=0.4846 | G_n_mean=6.6362 (n=5) | q_tot_pred=6.9615 | drbfn_loss=-2.4994, qi_loss=0.3204, qtot_loss=4.8495

 Map 5m_vs_6m Algo r_drbfn_final Exp v_final_5m_vs_6m_5M_resume updates 3980/5280 episodes, total num timesteps 3184800/4224000, FPS 86.

incre win rate is 0.32515337423312884.

 Map 5m_vs_6m Algo r_drbfn_final Exp v_final_5m_vs_6m_5M_resume updates 3985/5280 episodes, total num timesteps 3188800/4224000, FPS 86.

incre win rate is 0.39622641509433965.
[v_final step=3990] R_mean=0.5599 | G_n_mean=7.7212 (n=5) | q_tot_pred=7.9025 | drbfn_loss=-2.4990, qi_loss=0.3197, qtot_loss=5.6862

 Map 5m_vs_6m Algo r_drbfn_final Exp v_final_5m_vs_6m_5M_resume updates 3990/5280 episodes, total num timesteps 3192800/4224000, FPS 86.

incre win rate is 0.38509316770186336.

 Map 5m_vs_6m Algo r_drbfn_final Exp v_final_5m_vs_6m_5M_resume updates 3995/5280 episodes, total num timesteps 3196800/4224000, FPS 86.

incre win rate is 0.3503184713375796.
[v_final step=4000] R_mean=0.6077 | G_n_mean=8.1347 (n=5) | q_tot_pred=7.8978 | drbfn_loss=-2.4986, qi_loss=0.3247, qtot_loss=4.6484

 Map 5m_vs_6m Algo r_drbfn_final Exp v_final_5m_vs_6m_5M_resume updates 4000/5280 episodes, total num timesteps 3200800/4224000, FPS 86.

incre win rate is 0.4620253164556962.
eval win rate is 0.1875.

 Map 5m_vs_6m Algo r_drbfn_final Exp v_final_5m_vs_6m_5M_resume updates 4005/5280 episodes, total num timesteps 3204800/4224000, FPS 86.

incre win rate is 0.4430379746835443.
[v_final step=4010] R_mean=0.5287 | G_n_mean=7.5400 (n=5) | q_tot_pred=7.5332 | drbfn_loss=-2.4991, qi_loss=0.3674, qtot_loss=5.1786

 Map 5m_vs_6m Algo r_drbfn_final Exp v_final_5m_vs_6m_5M_resume updates 4010/5280 episodes, total num timesteps 3208800/4224000, FPS 86.

incre win rate is 0.45222929936305734.

 Map 5m_vs_6m Algo r_drbfn_final Exp v_final_5m_vs_6m_5M_resume updates 4015/5280 episodes, total num timesteps 3212800/4224000, FPS 86.

incre win rate is 0.5031446540880503.
[v_final step=4020] R_mean=0.5919 | G_n_mean=7.9758 (n=5) | q_tot_pred=8.1342 | drbfn_loss=-2.4992, qi_loss=0.3550, qtot_loss=4.6538

 Map 5m_vs_6m Algo r_drbfn_final Exp v_final_5m_vs_6m_5M_resume updates 4020/5280 episodes, total num timesteps 3216800/4224000, FPS 86.

incre win rate is 0.4625.

 Map 5m_vs_6m Algo r_drbfn_final Exp v_final_5m_vs_6m_5M_resume updates 4025/5280 episodes, total num timesteps 3220800/4224000, FPS 86.

incre win rate is 0.44025157232704404.
eval win rate is 0.40625.
[v_final step=4030] R_mean=0.5751 | G_n_mean=7.6881 (n=5) | q_tot_pred=7.6959 | drbfn_loss=-2.4989, qi_loss=0.3688, qtot_loss=5.3549

 Map 5m_vs_6m Algo r_drbfn_final Exp v_final_5m_vs_6m_5M_resume updates 4030/5280 episodes, total num timesteps 3224800/4224000, FPS 86.

incre win rate is 0.40372670807453415.

 Map 5m_vs_6m Algo r_drbfn_final Exp v_final_5m_vs_6m_5M_resume updates 4035/5280 episodes, total num timesteps 3228800/4224000, FPS 86.

incre win rate is 0.4161490683229814.
[v_final step=4040] R_mean=0.5656 | G_n_mean=8.0949 (n=5) | q_tot_pred=8.1362 | drbfn_loss=-2.4989, qi_loss=0.3932, qtot_loss=4.4901

 Map 5m_vs_6m Algo r_drbfn_final Exp v_final_5m_vs_6m_5M_resume updates 4040/5280 episodes, total num timesteps 3232800/4224000, FPS 86.

incre win rate is 0.44936708860759494.

 Map 5m_vs_6m Algo r_drbfn_final Exp v_final_5m_vs_6m_5M_resume updates 4045/5280 episodes, total num timesteps 3236800/4224000, FPS 86.

incre win rate is 0.37579617834394907.
[v_final step=4050] R_mean=0.5677 | G_n_mean=7.8418 (n=5) | q_tot_pred=7.6095 | drbfn_loss=-2.4990, qi_loss=0.3490, qtot_loss=4.3444

 Map 5m_vs_6m Algo r_drbfn_final Exp v_final_5m_vs_6m_5M_resume updates 4050/5280 episodes, total num timesteps 3240800/4224000, FPS 86.

incre win rate is 0.37888198757763975.
eval win rate is 0.3125.

 Map 5m_vs_6m Algo r_drbfn_final Exp v_final_5m_vs_6m_5M_resume updates 4055/5280 episodes, total num timesteps 3244800/4224000, FPS 86.

incre win rate is 0.3333333333333333.
[v_final step=4060] R_mean=0.6325 | G_n_mean=8.5662 (n=5) | q_tot_pred=8.2938 | drbfn_loss=-2.4986, qi_loss=0.3780, qtot_loss=5.4529

 Map 5m_vs_6m Algo r_drbfn_final Exp v_final_5m_vs_6m_5M_resume updates 4060/5280 episodes, total num timesteps 3248800/4224000, FPS 86.

incre win rate is 0.39375.

 Map 5m_vs_6m Algo r_drbfn_final Exp v_final_5m_vs_6m_5M_resume updates 4065/5280 episodes, total num timesteps 3252800/4224000, FPS 86.

incre win rate is 0.3522012578616352.
[v_final step=4070] R_mean=0.5308 | G_n_mean=7.6000 (n=5) | q_tot_pred=7.8004 | drbfn_loss=-2.4992, qi_loss=0.3757, qtot_loss=4.1493

 Map 5m_vs_6m Algo r_drbfn_final Exp v_final_5m_vs_6m_5M_resume updates 4070/5280 episodes, total num timesteps 3256800/4224000, FPS 86.

incre win rate is 0.38271604938271603.

 Map 5m_vs_6m Algo r_drbfn_final Exp v_final_5m_vs_6m_5M_resume updates 4075/5280 episodes, total num timesteps 3260800/4224000, FPS 86.

incre win rate is 0.33540372670807456.
eval win rate is 0.25.
[v_final step=4080] R_mean=0.5688 | G_n_mean=7.8957 (n=5) | q_tot_pred=7.8144 | drbfn_loss=-2.4989, qi_loss=0.3564, qtot_loss=5.3174

 Map 5m_vs_6m Algo r_drbfn_final Exp v_final_5m_vs_6m_5M_resume updates 4080/5280 episodes, total num timesteps 3264800/4224000, FPS 86.

incre win rate is 0.36024844720496896.

 Map 5m_vs_6m Algo r_drbfn_final Exp v_final_5m_vs_6m_5M_resume updates 4085/5280 episodes, total num timesteps 3268800/4224000, FPS 86.

incre win rate is 0.31446540880503143.
[v_final step=4090] R_mean=0.5255 | G_n_mean=7.4428 (n=5) | q_tot_pred=7.6663 | drbfn_loss=-2.4993, qi_loss=0.3406, qtot_loss=4.0561

 Map 5m_vs_6m Algo r_drbfn_final Exp v_final_5m_vs_6m_5M_resume updates 4090/5280 episodes, total num timesteps 3272800/4224000, FPS 86.

incre win rate is 0.38125.

 Map 5m_vs_6m Algo r_drbfn_final Exp v_final_5m_vs_6m_5M_resume updates 4095/5280 episodes, total num timesteps 3276800/4224000, FPS 86.

incre win rate is 0.36809815950920244.
[v_final step=4100] R_mean=0.4927 | G_n_mean=7.1495 (n=5) | q_tot_pred=7.4741 | drbfn_loss=-2.4994, qi_loss=0.3593, qtot_loss=4.2824

 Map 5m_vs_6m Algo r_drbfn_final Exp v_final_5m_vs_6m_5M_resume updates 4100/5280 episodes, total num timesteps 3280800/4224000, FPS 86.

incre win rate is 0.3584905660377358.
eval win rate is 0.375.

 Map 5m_vs_6m Algo r_drbfn_final Exp v_final_5m_vs_6m_5M_resume updates 4105/5280 episodes, total num timesteps 3284800/4224000, FPS 86.

incre win rate is 0.35365853658536583.
[v_final step=4110] R_mean=0.5311 | G_n_mean=7.4694 (n=5) | q_tot_pred=7.7243 | drbfn_loss=-2.4989, qi_loss=0.3295, qtot_loss=4.4952

 Map 5m_vs_6m Algo r_drbfn_final Exp v_final_5m_vs_6m_5M_resume updates 4110/5280 episodes, total num timesteps 3288800/4224000, FPS 86.

incre win rate is 0.389937106918239.

 Map 5m_vs_6m Algo r_drbfn_final Exp v_final_5m_vs_6m_5M_resume updates 4115/5280 episodes, total num timesteps 3292800/4224000, FPS 86.

incre win rate is 0.45625.
[v_final step=4120] R_mean=0.5263 | G_n_mean=7.3146 (n=5) | q_tot_pred=7.1468 | drbfn_loss=-2.4993, qi_loss=0.3673, qtot_loss=4.0466

 Map 5m_vs_6m Algo r_drbfn_final Exp v_final_5m_vs_6m_5M_resume updates 4120/5280 episodes, total num timesteps 3296800/4224000, FPS 86.

incre win rate is 0.34591194968553457.

 Map 5m_vs_6m Algo r_drbfn_final Exp v_final_5m_vs_6m_5M_resume updates 4125/5280 episodes, total num timesteps 3300800/4224000, FPS 87.

incre win rate is 0.37423312883435583.
eval win rate is 0.3125.
[v_final step=4130] R_mean=0.5724 | G_n_mean=7.9406 (n=5) | q_tot_pred=8.0412 | drbfn_loss=-2.4990, qi_loss=0.3673, qtot_loss=4.6684

 Map 5m_vs_6m Algo r_drbfn_final Exp v_final_5m_vs_6m_5M_resume updates 4130/5280 episodes, total num timesteps 3304800/4224000, FPS 86.

incre win rate is 0.36075949367088606.

 Map 5m_vs_6m Algo r_drbfn_final Exp v_final_5m_vs_6m_5M_resume updates 4135/5280 episodes, total num timesteps 3308800/4224000, FPS 86.

incre win rate is 0.4.
[v_final step=4140] R_mean=0.5448 | G_n_mean=7.7325 (n=5) | q_tot_pred=7.5891 | drbfn_loss=-2.4990, qi_loss=0.3953, qtot_loss=5.2471

 Map 5m_vs_6m Algo r_drbfn_final Exp v_final_5m_vs_6m_5M_resume updates 4140/5280 episodes, total num timesteps 3312800/4224000, FPS 86.

incre win rate is 0.34394904458598724.

 Map 5m_vs_6m Algo r_drbfn_final Exp v_final_5m_vs_6m_5M_resume updates 4145/5280 episodes, total num timesteps 3316800/4224000, FPS 86.

incre win rate is 0.36942675159235666.
[v_final step=4150] R_mean=0.5042 | G_n_mean=7.0446 (n=5) | q_tot_pred=7.2290 | drbfn_loss=-2.4992, qi_loss=0.3954, qtot_loss=5.2206

 Map 5m_vs_6m Algo r_drbfn_final Exp v_final_5m_vs_6m_5M_resume updates 4150/5280 episodes, total num timesteps 3320800/4224000, FPS 86.

incre win rate is 0.3105590062111801.
eval win rate is 0.59375.

 Map 5m_vs_6m Algo r_drbfn_final Exp v_final_5m_vs_6m_5M_resume updates 4155/5280 episodes, total num timesteps 3324800/4224000, FPS 86.

incre win rate is 0.4240506329113924.
[v_final step=4160] R_mean=0.5250 | G_n_mean=7.4781 (n=5) | q_tot_pred=7.5624 | drbfn_loss=-2.4992, qi_loss=0.3405, qtot_loss=4.4228

 Map 5m_vs_6m Algo r_drbfn_final Exp v_final_5m_vs_6m_5M_resume updates 4160/5280 episodes, total num timesteps 3328800/4224000, FPS 86.

incre win rate is 0.3717948717948718.

 Map 5m_vs_6m Algo r_drbfn_final Exp v_final_5m_vs_6m_5M_resume updates 4165/5280 episodes, total num timesteps 3332800/4224000, FPS 86.

incre win rate is 0.31210191082802546.
[v_final step=4170] R_mean=0.5284 | G_n_mean=7.5331 (n=5) | q_tot_pred=7.4509 | drbfn_loss=-2.4992, qi_loss=0.3637, qtot_loss=3.7876

 Map 5m_vs_6m Algo r_drbfn_final Exp v_final_5m_vs_6m_5M_resume updates 4170/5280 episodes, total num timesteps 3336800/4224000, FPS 86.

incre win rate is 0.37579617834394907.

 Map 5m_vs_6m Algo r_drbfn_final Exp v_final_5m_vs_6m_5M_resume updates 4175/5280 episodes, total num timesteps 3340800/4224000, FPS 86.

incre win rate is 0.4064516129032258.
eval win rate is 0.4375.
[v_final step=4180] R_mean=0.5604 | G_n_mean=7.8674 (n=5) | q_tot_pred=7.8688 | drbfn_loss=-2.4990, qi_loss=0.4047, qtot_loss=4.5840

 Map 5m_vs_6m Algo r_drbfn_final Exp v_final_5m_vs_6m_5M_resume updates 4180/5280 episodes, total num timesteps 3344800/4224000, FPS 86.

incre win rate is 0.391304347826087.

 Map 5m_vs_6m Algo r_drbfn_final Exp v_final_5m_vs_6m_5M_resume updates 4185/5280 episodes, total num timesteps 3348800/4224000, FPS 86.

incre win rate is 0.34810126582278483.
[v_final step=4190] R_mean=0.5169 | G_n_mean=7.3265 (n=5) | q_tot_pred=7.6139 | drbfn_loss=-2.4993, qi_loss=0.4271, qtot_loss=3.9628

 Map 5m_vs_6m Algo r_drbfn_final Exp v_final_5m_vs_6m_5M_resume updates 4190/5280 episodes, total num timesteps 3352800/4224000, FPS 86.

incre win rate is 0.36075949367088606.

 Map 5m_vs_6m Algo r_drbfn_final Exp v_final_5m_vs_6m_5M_resume updates 4195/5280 episodes, total num timesteps 3356800/4224000, FPS 86.

incre win rate is 0.3416149068322981.
[v_final step=4200] R_mean=0.5839 | G_n_mean=7.8856 (n=5) | q_tot_pred=7.5012 | drbfn_loss=-2.4990, qi_loss=0.4198, qtot_loss=4.3167

 Map 5m_vs_6m Algo r_drbfn_final Exp v_final_5m_vs_6m_5M_resume updates 4200/5280 episodes, total num timesteps 3360800/4224000, FPS 87.

incre win rate is 0.3503184713375796.
eval win rate is 0.40625.

 Map 5m_vs_6m Algo r_drbfn_final Exp v_final_5m_vs_6m_5M_resume updates 4205/5280 episodes, total num timesteps 3364800/4224000, FPS 86.

incre win rate is 0.389937106918239.
[v_final step=4210] R_mean=0.5410 | G_n_mean=7.6860 (n=5) | q_tot_pred=7.8151 | drbfn_loss=-2.4989, qi_loss=0.4466, qtot_loss=4.9649

 Map 5m_vs_6m Algo r_drbfn_final Exp v_final_5m_vs_6m_5M_resume updates 4210/5280 episodes, total num timesteps 3368800/4224000, FPS 86.

incre win rate is 0.42948717948717946.

 Map 5m_vs_6m Algo r_drbfn_final Exp v_final_5m_vs_6m_5M_resume updates 4215/5280 episodes, total num timesteps 3372800/4224000, FPS 86.

incre win rate is 0.3860759493670886.
[v_final step=4220] R_mean=0.5670 | G_n_mean=7.7985 (n=5) | q_tot_pred=7.7357 | drbfn_loss=-2.4990, qi_loss=0.4166, qtot_loss=5.7022

 Map 5m_vs_6m Algo r_drbfn_final Exp v_final_5m_vs_6m_5M_resume updates 4220/5280 episodes, total num timesteps 3376800/4224000, FPS 86.

incre win rate is 0.44871794871794873.

 Map 5m_vs_6m Algo r_drbfn_final Exp v_final_5m_vs_6m_5M_resume updates 4225/5280 episodes, total num timesteps 3380800/4224000, FPS 86.

incre win rate is 0.46835443037974683.
eval win rate is 0.34375.
[v_final step=4230] R_mean=0.5723 | G_n_mean=7.6628 (n=5) | q_tot_pred=7.8107 | drbfn_loss=-2.4989, qi_loss=0.4239, qtot_loss=5.9961

 Map 5m_vs_6m Algo r_drbfn_final Exp v_final_5m_vs_6m_5M_resume updates 4230/5280 episodes, total num timesteps 3384800/4224000, FPS 86.

incre win rate is 0.41139240506329117.

 Map 5m_vs_6m Algo r_drbfn_final Exp v_final_5m_vs_6m_5M_resume updates 4235/5280 episodes, total num timesteps 3388800/4224000, FPS 86.

incre win rate is 0.4240506329113924.
[v_final step=4240] R_mean=0.5006 | G_n_mean=6.8294 (n=5) | q_tot_pred=7.2165 | drbfn_loss=-2.4993, qi_loss=0.4204, qtot_loss=5.1634

 Map 5m_vs_6m Algo r_drbfn_final Exp v_final_5m_vs_6m_5M_resume updates 4240/5280 episodes, total num timesteps 3392800/4224000, FPS 86.

incre win rate is 0.43037974683544306.

 Map 5m_vs_6m Algo r_drbfn_final Exp v_final_5m_vs_6m_5M_resume updates 4245/5280 episodes, total num timesteps 3396800/4224000, FPS 86.

incre win rate is 0.46496815286624205.
[v_final step=4250] R_mean=0.5825 | G_n_mean=8.3589 (n=5) | q_tot_pred=8.4369 | drbfn_loss=-2.4988, qi_loss=0.3976, qtot_loss=4.9087

 Map 5m_vs_6m Algo r_drbfn_final Exp v_final_5m_vs_6m_5M_resume updates 4250/5280 episodes, total num timesteps 3400800/4224000, FPS 86.

incre win rate is 0.4591194968553459.
eval win rate is 0.4375.

 Map 5m_vs_6m Algo r_drbfn_final Exp v_final_5m_vs_6m_5M_resume updates 4255/5280 episodes, total num timesteps 3404800/4224000, FPS 86.

incre win rate is 0.35443037974683544.
[v_final step=4260] R_mean=0.5822 | G_n_mean=8.2075 (n=5) | q_tot_pred=8.1409 | drbfn_loss=-2.4989, qi_loss=0.4126, qtot_loss=4.8925

 Map 5m_vs_6m Algo r_drbfn_final Exp v_final_5m_vs_6m_5M_resume updates 4260/5280 episodes, total num timesteps 3408800/4224000, FPS 86.

incre win rate is 0.4358974358974359.

 Map 5m_vs_6m Algo r_drbfn_final Exp v_final_5m_vs_6m_5M_resume updates 4265/5280 episodes, total num timesteps 3412800/4224000, FPS 86.

incre win rate is 0.5253164556962026.
[v_final step=4270] R_mean=0.5752 | G_n_mean=8.0416 (n=5) | q_tot_pred=7.9087 | drbfn_loss=-2.4990, qi_loss=0.4143, qtot_loss=4.7095

 Map 5m_vs_6m Algo r_drbfn_final Exp v_final_5m_vs_6m_5M_resume updates 4270/5280 episodes, total num timesteps 3416800/4224000, FPS 86.

incre win rate is 0.4267515923566879.

 Map 5m_vs_6m Algo r_drbfn_final Exp v_final_5m_vs_6m_5M_resume updates 4275/5280 episodes, total num timesteps 3420800/4224000, FPS 86.

incre win rate is 0.4230769230769231.
eval win rate is 0.5625.
[v_final step=4280] R_mean=0.5590 | G_n_mean=7.8268 (n=5) | q_tot_pred=8.0548 | drbfn_loss=-2.4991, qi_loss=0.4611, qtot_loss=5.1024

 Map 5m_vs_6m Algo r_drbfn_final Exp v_final_5m_vs_6m_5M_resume updates 4280/5280 episodes, total num timesteps 3424800/4224000, FPS 86.

incre win rate is 0.44871794871794873.

 Map 5m_vs_6m Algo r_drbfn_final Exp v_final_5m_vs_6m_5M_resume updates 4285/5280 episodes, total num timesteps 3428800/4224000, FPS 86.

incre win rate is 0.43670886075949367.
[v_final step=4290] R_mean=0.6421 | G_n_mean=8.7249 (n=5) | q_tot_pred=8.1607 | drbfn_loss=-2.4984, qi_loss=0.4820, qtot_loss=5.8462

 Map 5m_vs_6m Algo r_drbfn_final Exp v_final_5m_vs_6m_5M_resume updates 4290/5280 episodes, total num timesteps 3432800/4224000, FPS 86.

incre win rate is 0.46496815286624205.

 Map 5m_vs_6m Algo r_drbfn_final Exp v_final_5m_vs_6m_5M_resume updates 4295/5280 episodes, total num timesteps 3436800/4224000, FPS 86.

incre win rate is 0.49032258064516127.
[v_final step=4300] R_mean=0.6451 | G_n_mean=8.9265 (n=5) | q_tot_pred=8.4716 | drbfn_loss=-2.4988, qi_loss=0.4650, qtot_loss=4.4961

 Map 5m_vs_6m Algo r_drbfn_final Exp v_final_5m_vs_6m_5M_resume updates 4300/5280 episodes, total num timesteps 3440800/4224000, FPS 86.

incre win rate is 0.4140127388535032.
eval win rate is 0.5.

 Map 5m_vs_6m Algo r_drbfn_final Exp v_final_5m_vs_6m_5M_resume updates 4305/5280 episodes, total num timesteps 3444800/4224000, FPS 86.

incre win rate is 0.40764331210191085.
[v_final step=4310] R_mean=0.5571 | G_n_mean=7.8330 (n=5) | q_tot_pred=7.8986 | drbfn_loss=-2.4991, qi_loss=0.4605, qtot_loss=4.7841

 Map 5m_vs_6m Algo r_drbfn_final Exp v_final_5m_vs_6m_5M_resume updates 4310/5280 episodes, total num timesteps 3448800/4224000, FPS 86.

incre win rate is 0.432258064516129.

 Map 5m_vs_6m Algo r_drbfn_final Exp v_final_5m_vs_6m_5M_resume updates 4315/5280 episodes, total num timesteps 3452800/4224000, FPS 86.

incre win rate is 0.4444444444444444.
[v_final step=4320] R_mean=0.5274 | G_n_mean=7.5827 (n=5) | q_tot_pred=7.5980 | drbfn_loss=-2.4992, qi_loss=0.4409, qtot_loss=4.1863

 Map 5m_vs_6m Algo r_drbfn_final Exp v_final_5m_vs_6m_5M_resume updates 4320/5280 episodes, total num timesteps 3456800/4224000, FPS 86.

incre win rate is 0.4064516129032258.

 Map 5m_vs_6m Algo r_drbfn_final Exp v_final_5m_vs_6m_5M_resume updates 4325/5280 episodes, total num timesteps 3460800/4224000, FPS 86.

incre win rate is 0.4012738853503185.
eval win rate is 0.5.
[v_final step=4330] R_mean=0.5611 | G_n_mean=8.0070 (n=5) | q_tot_pred=7.7506 | drbfn_loss=-2.4990, qi_loss=0.4170, qtot_loss=5.4451

 Map 5m_vs_6m Algo r_drbfn_final Exp v_final_5m_vs_6m_5M_resume updates 4330/5280 episodes, total num timesteps 3464800/4224000, FPS 86.

incre win rate is 0.4025974025974026.

 Map 5m_vs_6m Algo r_drbfn_final Exp v_final_5m_vs_6m_5M_resume updates 4335/5280 episodes, total num timesteps 3468800/4224000, FPS 86.

incre win rate is 0.3870967741935484.
[v_final step=4340] R_mean=0.5526 | G_n_mean=7.8559 (n=5) | q_tot_pred=7.7015 | drbfn_loss=-2.4992, qi_loss=0.4646, qtot_loss=4.1452

 Map 5m_vs_6m Algo r_drbfn_final Exp v_final_5m_vs_6m_5M_resume updates 4340/5280 episodes, total num timesteps 3472800/4224000, FPS 86.

incre win rate is 0.3815789473684211.

 Map 5m_vs_6m Algo r_drbfn_final Exp v_final_5m_vs_6m_5M_resume updates 4345/5280 episodes, total num timesteps 3476800/4224000, FPS 86.

incre win rate is 0.3717948717948718.
[v_final step=4350] R_mean=0.5796 | G_n_mean=8.1755 (n=5) | q_tot_pred=8.2863 | drbfn_loss=-2.4990, qi_loss=0.4865, qtot_loss=5.5818

 Map 5m_vs_6m Algo r_drbfn_final Exp v_final_5m_vs_6m_5M_resume updates 4350/5280 episodes, total num timesteps 3480800/4224000, FPS 86.

incre win rate is 0.46710526315789475.
eval win rate is 0.4375.

 Map 5m_vs_6m Algo r_drbfn_final Exp v_final_5m_vs_6m_5M_resume updates 4355/5280 episodes, total num timesteps 3484800/4224000, FPS 86.

incre win rate is 0.39869281045751637.
[v_final step=4360] R_mean=0.5033 | G_n_mean=7.3373 (n=5) | q_tot_pred=7.5504 | drbfn_loss=-2.4992, qi_loss=0.4852, qtot_loss=4.4027

 Map 5m_vs_6m Algo r_drbfn_final Exp v_final_5m_vs_6m_5M_resume updates 4360/5280 episodes, total num timesteps 3488800/4224000, FPS 86.

incre win rate is 0.4025974025974026.

 Map 5m_vs_6m Algo r_drbfn_final Exp v_final_5m_vs_6m_5M_resume updates 4365/5280 episodes, total num timesteps 3492800/4224000, FPS 86.

incre win rate is 0.432258064516129.
[v_final step=4370] R_mean=0.6055 | G_n_mean=8.4255 (n=5) | q_tot_pred=8.1774 | drbfn_loss=-2.4988, qi_loss=0.4800, qtot_loss=5.2459

 Map 5m_vs_6m Algo r_drbfn_final Exp v_final_5m_vs_6m_5M_resume updates 4370/5280 episodes, total num timesteps 3496800/4224000, FPS 86.

incre win rate is 0.3870967741935484.

 Map 5m_vs_6m Algo r_drbfn_final Exp v_final_5m_vs_6m_5M_resume updates 4375/5280 episodes, total num timesteps 3500800/4224000, FPS 86.

incre win rate is 0.39215686274509803.
eval win rate is 0.53125.
[v_final step=4380] R_mean=0.5275 | G_n_mean=7.6119 (n=5) | q_tot_pred=7.6914 | drbfn_loss=-2.4993, qi_loss=0.4881, qtot_loss=5.5917

 Map 5m_vs_6m Algo r_drbfn_final Exp v_final_5m_vs_6m_5M_resume updates 4380/5280 episodes, total num timesteps 3504800/4224000, FPS 86.

incre win rate is 0.3741935483870968.

 Map 5m_vs_6m Algo r_drbfn_final Exp v_final_5m_vs_6m_5M_resume updates 4385/5280 episodes, total num timesteps 3508800/4224000, FPS 86.

incre win rate is 0.35714285714285715.
[v_final step=4390] R_mean=0.5687 | G_n_mean=8.1357 (n=5) | q_tot_pred=8.2155 | drbfn_loss=-2.4991, qi_loss=0.4709, qtot_loss=4.6221

 Map 5m_vs_6m Algo r_drbfn_final Exp v_final_5m_vs_6m_5M_resume updates 4390/5280 episodes, total num timesteps 3512800/4224000, FPS 86.

incre win rate is 0.41935483870967744.

 Map 5m_vs_6m Algo r_drbfn_final Exp v_final_5m_vs_6m_5M_resume updates 4395/5280 episodes, total num timesteps 3516800/4224000, FPS 86.

incre win rate is 0.35294117647058826.
[v_final step=4400] R_mean=0.5072 | G_n_mean=7.3788 (n=5) | q_tot_pred=7.2011 | drbfn_loss=-2.4993, qi_loss=0.4998, qtot_loss=5.0341

 Map 5m_vs_6m Algo r_drbfn_final Exp v_final_5m_vs_6m_5M_resume updates 4400/5280 episodes, total num timesteps 3520800/4224000, FPS 86.

incre win rate is 0.3782051282051282.
eval win rate is 0.46875.

 Map 5m_vs_6m Algo r_drbfn_final Exp v_final_5m_vs_6m_5M_resume updates 4405/5280 episodes, total num timesteps 3524800/4224000, FPS 86.

incre win rate is 0.33548387096774196.
[v_final step=4410] R_mean=0.4916 | G_n_mean=6.9554 (n=5) | q_tot_pred=6.9690 | drbfn_loss=-2.4993, qi_loss=0.4492, qtot_loss=3.9875

 Map 5m_vs_6m Algo r_drbfn_final Exp v_final_5m_vs_6m_5M_resume updates 4410/5280 episodes, total num timesteps 3528800/4224000, FPS 86.

incre win rate is 0.29936305732484075.

 Map 5m_vs_6m Algo r_drbfn_final Exp v_final_5m_vs_6m_5M_resume updates 4415/5280 episodes, total num timesteps 3532800/4224000, FPS 86.

incre win rate is 0.3375.
[v_final step=4420] R_mean=0.4927 | G_n_mean=6.9862 (n=5) | q_tot_pred=7.2308 | drbfn_loss=-2.4994, qi_loss=0.4357, qtot_loss=4.4326

 Map 5m_vs_6m Algo r_drbfn_final Exp v_final_5m_vs_6m_5M_resume updates 4420/5280 episodes, total num timesteps 3536800/4224000, FPS 86.

incre win rate is 0.3269230769230769.

 Map 5m_vs_6m Algo r_drbfn_final Exp v_final_5m_vs_6m_5M_resume updates 4425/5280 episodes, total num timesteps 3540800/4224000, FPS 86.

incre win rate is 0.4423076923076923.
eval win rate is 0.46875.
[v_final step=4430] R_mean=0.5054 | G_n_mean=7.2965 (n=5) | q_tot_pred=7.4214 | drbfn_loss=-2.4993, qi_loss=0.5269, qtot_loss=4.1568

 Map 5m_vs_6m Algo r_drbfn_final Exp v_final_5m_vs_6m_5M_resume updates 4430/5280 episodes, total num timesteps 3544800/4224000, FPS 86.

incre win rate is 0.36129032258064514.

 Map 5m_vs_6m Algo r_drbfn_final Exp v_final_5m_vs_6m_5M_resume updates 4435/5280 episodes, total num timesteps 3548800/4224000, FPS 86.

incre win rate is 0.37341772151898733.
[v_final step=4440] R_mean=0.5209 | G_n_mean=7.6616 (n=5) | q_tot_pred=7.9251 | drbfn_loss=-2.4993, qi_loss=0.4802, qtot_loss=4.5335

 Map 5m_vs_6m Algo r_drbfn_final Exp v_final_5m_vs_6m_5M_resume updates 4440/5280 episodes, total num timesteps 3552800/4224000, FPS 86.

incre win rate is 0.44871794871794873.

 Map 5m_vs_6m Algo r_drbfn_final Exp v_final_5m_vs_6m_5M_resume updates 4445/5280 episodes, total num timesteps 3556800/4224000, FPS 86.

incre win rate is 0.4140127388535032.
[v_final step=4450] R_mean=0.4924 | G_n_mean=6.9422 (n=5) | q_tot_pred=7.2383 | drbfn_loss=-2.4993, qi_loss=0.6078, qtot_loss=4.8575

 Map 5m_vs_6m Algo r_drbfn_final Exp v_final_5m_vs_6m_5M_resume updates 4450/5280 episodes, total num timesteps 3560800/4224000, FPS 86.

incre win rate is 0.41509433962264153.
eval win rate is 0.4375.

 Map 5m_vs_6m Algo r_drbfn_final Exp v_final_5m_vs_6m_5M_resume updates 4455/5280 episodes, total num timesteps 3564800/4224000, FPS 86.

incre win rate is 0.4620253164556962.
[v_final step=4460] R_mean=0.5596 | G_n_mean=8.0028 (n=5) | q_tot_pred=8.0867 | drbfn_loss=-2.4991, qi_loss=0.5392, qtot_loss=5.0948

 Map 5m_vs_6m Algo r_drbfn_final Exp v_final_5m_vs_6m_5M_resume updates 4460/5280 episodes, total num timesteps 3568800/4224000, FPS 86.

incre win rate is 0.4140127388535032.

 Map 5m_vs_6m Algo r_drbfn_final Exp v_final_5m_vs_6m_5M_resume updates 4465/5280 episodes, total num timesteps 3572800/4224000, FPS 86.

incre win rate is 0.3670886075949367.
[v_final step=4470] R_mean=0.5384 | G_n_mean=7.5199 (n=5) | q_tot_pred=7.5215 | drbfn_loss=-2.4991, qi_loss=0.5555, qtot_loss=4.4572

 Map 5m_vs_6m Algo r_drbfn_final Exp v_final_5m_vs_6m_5M_resume updates 4470/5280 episodes, total num timesteps 3576800/4224000, FPS 86.

incre win rate is 0.36538461538461536.

 Map 5m_vs_6m Algo r_drbfn_final Exp v_final_5m_vs_6m_5M_resume updates 4475/5280 episodes, total num timesteps 3580800/4224000, FPS 86.

incre win rate is 0.4050632911392405.
eval win rate is 0.59375.
[v_final step=4480] R_mean=0.5107 | G_n_mean=7.2837 (n=5) | q_tot_pred=7.5100 | drbfn_loss=-2.4992, qi_loss=0.5195, qtot_loss=5.3979

 Map 5m_vs_6m Algo r_drbfn_final Exp v_final_5m_vs_6m_5M_resume updates 4480/5280 episodes, total num timesteps 3584800/4224000, FPS 86.

incre win rate is 0.3935483870967742.

 Map 5m_vs_6m Algo r_drbfn_final Exp v_final_5m_vs_6m_5M_resume updates 4485/5280 episodes, total num timesteps 3588800/4224000, FPS 86.

incre win rate is 0.49019607843137253.
[v_final step=4490] R_mean=0.6274 | G_n_mean=8.5717 (n=5) | q_tot_pred=8.2798 | drbfn_loss=-2.4987, qi_loss=0.5568, qtot_loss=4.4832

 Map 5m_vs_6m Algo r_drbfn_final Exp v_final_5m_vs_6m_5M_resume updates 4490/5280 episodes, total num timesteps 3592800/4224000, FPS 86.

incre win rate is 0.47096774193548385.

 Map 5m_vs_6m Algo r_drbfn_final Exp v_final_5m_vs_6m_5M_resume updates 4495/5280 episodes, total num timesteps 3596800/4224000, FPS 86.

incre win rate is 0.4064516129032258.
[v_final step=4500] R_mean=0.5521 | G_n_mean=7.8524 (n=5) | q_tot_pred=7.7963 | drbfn_loss=-2.4991, qi_loss=0.5928, qtot_loss=5.4344

 Map 5m_vs_6m Algo r_drbfn_final Exp v_final_5m_vs_6m_5M_resume updates 4500/5280 episodes, total num timesteps 3600800/4224000, FPS 86.

incre win rate is 0.3935483870967742.
eval win rate is 0.5.

 Map 5m_vs_6m Algo r_drbfn_final Exp v_final_5m_vs_6m_5M_resume updates 4505/5280 episodes, total num timesteps 3604800/4224000, FPS 86.

incre win rate is 0.35668789808917195.
[v_final step=4510] R_mean=0.5698 | G_n_mean=7.7922 (n=5) | q_tot_pred=7.7011 | drbfn_loss=-2.4992, qi_loss=0.6410, qtot_loss=4.4273

 Map 5m_vs_6m Algo r_drbfn_final Exp v_final_5m_vs_6m_5M_resume updates 4510/5280 episodes, total num timesteps 3608800/4224000, FPS 86.

incre win rate is 0.4025157232704403.

 Map 5m_vs_6m Algo r_drbfn_final Exp v_final_5m_vs_6m_5M_resume updates 4515/5280 episodes, total num timesteps 3612800/4224000, FPS 86.

incre win rate is 0.4551282051282051.
[v_final step=4520] R_mean=0.5381 | G_n_mean=7.7711 (n=5) | q_tot_pred=7.8253 | drbfn_loss=-2.4992, qi_loss=0.6091, qtot_loss=4.7004

 Map 5m_vs_6m Algo r_drbfn_final Exp v_final_5m_vs_6m_5M_resume updates 4520/5280 episodes, total num timesteps 3616800/4224000, FPS 86.

incre win rate is 0.391025641025641.

 Map 5m_vs_6m Algo r_drbfn_final Exp v_final_5m_vs_6m_5M_resume updates 4525/5280 episodes, total num timesteps 3620800/4224000, FPS 86.

incre win rate is 0.44936708860759494.
eval win rate is 0.625.
[v_final step=4530] R_mean=0.5154 | G_n_mean=7.4023 (n=5) | q_tot_pred=7.4996 | drbfn_loss=-2.4994, qi_loss=0.5765, qtot_loss=4.9968

 Map 5m_vs_6m Algo r_drbfn_final Exp v_final_5m_vs_6m_5M_resume updates 4530/5280 episodes, total num timesteps 3624800/4224000, FPS 86.

incre win rate is 0.34375.

 Map 5m_vs_6m Algo r_drbfn_final Exp v_final_5m_vs_6m_5M_resume updates 4535/5280 episodes, total num timesteps 3628800/4224000, FPS 86.

incre win rate is 0.4840764331210191.
[v_final step=4540] R_mean=0.5640 | G_n_mean=7.9214 (n=5) | q_tot_pred=8.0151 | drbfn_loss=-2.4991, qi_loss=0.5455, qtot_loss=4.5177

 Map 5m_vs_6m Algo r_drbfn_final Exp v_final_5m_vs_6m_5M_resume updates 4540/5280 episodes, total num timesteps 3632800/4224000, FPS 86.

incre win rate is 0.4088050314465409.

 Map 5m_vs_6m Algo r_drbfn_final Exp v_final_5m_vs_6m_5M_resume updates 4545/5280 episodes, total num timesteps 3636800/4224000, FPS 86.

incre win rate is 0.4161490683229814.
[v_final step=4550] R_mean=0.5536 | G_n_mean=7.8971 (n=5) | q_tot_pred=7.9778 | drbfn_loss=-2.4991, qi_loss=0.6635, qtot_loss=4.7532

 Map 5m_vs_6m Algo r_drbfn_final Exp v_final_5m_vs_6m_5M_resume updates 4550/5280 episodes, total num timesteps 3640800/4224000, FPS 86.

incre win rate is 0.4.
eval win rate is 0.4375.

 Map 5m_vs_6m Algo r_drbfn_final Exp v_final_5m_vs_6m_5M_resume updates 4555/5280 episodes, total num timesteps 3644800/4224000, FPS 86.

incre win rate is 0.34782608695652173.
[v_final step=4560] R_mean=0.5608 | G_n_mean=7.6881 (n=5) | q_tot_pred=7.6960 | drbfn_loss=-2.4990, qi_loss=0.5684, qtot_loss=5.5039

 Map 5m_vs_6m Algo r_drbfn_final Exp v_final_5m_vs_6m_5M_resume updates 4560/5280 episodes, total num timesteps 3648800/4224000, FPS 86.

incre win rate is 0.422360248447205.

 Map 5m_vs_6m Algo r_drbfn_final Exp v_final_5m_vs_6m_5M_resume updates 4565/5280 episodes, total num timesteps 3652800/4224000, FPS 86.

incre win rate is 0.33125.
[v_final step=4570] R_mean=0.5209 | G_n_mean=7.6915 (n=5) | q_tot_pred=7.4581 | drbfn_loss=-2.4993, qi_loss=0.5865, qtot_loss=3.9543

 Map 5m_vs_6m Algo r_drbfn_final Exp v_final_5m_vs_6m_5M_resume updates 4570/5280 episodes, total num timesteps 3656800/4224000, FPS 86.

incre win rate is 0.3037974683544304.

 Map 5m_vs_6m Algo r_drbfn_final Exp v_final_5m_vs_6m_5M_resume updates 4575/5280 episodes, total num timesteps 3660800/4224000, FPS 86.

incre win rate is 0.37037037037037035.
eval win rate is 0.34375.
[v_final step=4580] R_mean=0.5638 | G_n_mean=7.7318 (n=5) | q_tot_pred=7.7002 | drbfn_loss=-2.4990, qi_loss=0.6042, qtot_loss=4.9323

 Map 5m_vs_6m Algo r_drbfn_final Exp v_final_5m_vs_6m_5M_resume updates 4580/5280 episodes, total num timesteps 3664800/4224000, FPS 86.

incre win rate is 0.36645962732919257.

 Map 5m_vs_6m Algo r_drbfn_final Exp v_final_5m_vs_6m_5M_resume updates 4585/5280 episodes, total num timesteps 3668800/4224000, FPS 86.

incre win rate is 0.36477987421383645.
[v_final step=4590] R_mean=0.5029 | G_n_mean=7.5251 (n=5) | q_tot_pred=7.5793 | drbfn_loss=-2.4994, qi_loss=0.6323, qtot_loss=4.6319

 Map 5m_vs_6m Algo r_drbfn_final Exp v_final_5m_vs_6m_5M_resume updates 4590/5280 episodes, total num timesteps 3672800/4224000, FPS 86.

incre win rate is 0.3333333333333333.

 Map 5m_vs_6m Algo r_drbfn_final Exp v_final_5m_vs_6m_5M_resume updates 4595/5280 episodes, total num timesteps 3676800/4224000, FPS 86.

incre win rate is 0.4125.
[v_final step=4600] R_mean=0.5367 | G_n_mean=7.8080 (n=5) | q_tot_pred=7.8648 | drbfn_loss=-2.4991, qi_loss=0.5877, qtot_loss=3.8662

 Map 5m_vs_6m Algo r_drbfn_final Exp v_final_5m_vs_6m_5M_resume updates 4600/5280 episodes, total num timesteps 3680800/4224000, FPS 86.

incre win rate is 0.38562091503267976.
eval win rate is 0.28125.

 Map 5m_vs_6m Algo r_drbfn_final Exp v_final_5m_vs_6m_5M_resume updates 4605/5280 episodes, total num timesteps 3684800/4224000, FPS 86.

incre win rate is 0.3419354838709677.
[v_final step=4610] R_mean=0.5216 | G_n_mean=7.3048 (n=5) | q_tot_pred=7.4304 | drbfn_loss=-2.4994, qi_loss=0.5822, qtot_loss=4.1727

 Map 5m_vs_6m Algo r_drbfn_final Exp v_final_5m_vs_6m_5M_resume updates 4610/5280 episodes, total num timesteps 3688800/4224000, FPS 86.

incre win rate is 0.3522012578616352.

 Map 5m_vs_6m Algo r_drbfn_final Exp v_final_5m_vs_6m_5M_resume updates 4615/5280 episodes, total num timesteps 3692800/4224000, FPS 86.

incre win rate is 0.34615384615384615.
[v_final step=4620] R_mean=0.5219 | G_n_mean=7.4984 (n=5) | q_tot_pred=7.5298 | drbfn_loss=-2.4993, qi_loss=0.6464, qtot_loss=4.6427

 Map 5m_vs_6m Algo r_drbfn_final Exp v_final_5m_vs_6m_5M_resume updates 4620/5280 episodes, total num timesteps 3696800/4224000, FPS 86.

incre win rate is 0.3630573248407643.

 Map 5m_vs_6m Algo r_drbfn_final Exp v_final_5m_vs_6m_5M_resume updates 4625/5280 episodes, total num timesteps 3700800/4224000, FPS 86.

incre win rate is 0.35185185185185186.
eval win rate is 0.3125.
[v_final step=4630] R_mean=0.5453 | G_n_mean=7.7920 (n=5) | q_tot_pred=7.8640 | drbfn_loss=-2.4991, qi_loss=0.6305, qtot_loss=5.0109

 Map 5m_vs_6m Algo r_drbfn_final Exp v_final_5m_vs_6m_5M_resume updates 4630/5280 episodes, total num timesteps 3704800/4224000, FPS 86.

incre win rate is 0.3836477987421384.

 Map 5m_vs_6m Algo r_drbfn_final Exp v_final_5m_vs_6m_5M_resume updates 4635/5280 episodes, total num timesteps 3708800/4224000, FPS 86.

incre win rate is 0.34177215189873417.
[v_final step=4640] R_mean=0.5916 | G_n_mean=8.1811 (n=5) | q_tot_pred=7.8161 | drbfn_loss=-2.4989, qi_loss=0.6273, qtot_loss=4.9995

 Map 5m_vs_6m Algo r_drbfn_final Exp v_final_5m_vs_6m_5M_resume updates 4640/5280 episodes, total num timesteps 3712800/4224000, FPS 86.

incre win rate is 0.3710691823899371.

 Map 5m_vs_6m Algo r_drbfn_final Exp v_final_5m_vs_6m_5M_resume updates 4645/5280 episodes, total num timesteps 3716800/4224000, FPS 86.

incre win rate is 0.43125.
[v_final step=4650] R_mean=0.5858 | G_n_mean=8.0878 (n=5) | q_tot_pred=7.8348 | drbfn_loss=-2.4989, qi_loss=0.6502, qtot_loss=3.9105

 Map 5m_vs_6m Algo r_drbfn_final Exp v_final_5m_vs_6m_5M_resume updates 4650/5280 episodes, total num timesteps 3720800/4224000, FPS 86.

incre win rate is 0.38461538461538464.
eval win rate is 0.125.

 Map 5m_vs_6m Algo r_drbfn_final Exp v_final_5m_vs_6m_5M_resume updates 4655/5280 episodes, total num timesteps 3724800/4224000, FPS 86.

incre win rate is 0.36645962732919257.
[v_final step=4660] R_mean=0.5186 | G_n_mean=7.0042 (n=5) | q_tot_pred=7.2983 | drbfn_loss=-2.4993, qi_loss=0.6288, qtot_loss=5.4926

 Map 5m_vs_6m Algo r_drbfn_final Exp v_final_5m_vs_6m_5M_resume updates 4660/5280 episodes, total num timesteps 3728800/4224000, FPS 86.

incre win rate is 0.34782608695652173.

 Map 5m_vs_6m Algo r_drbfn_final Exp v_final_5m_vs_6m_5M_resume updates 4665/5280 episodes, total num timesteps 3732800/4224000, FPS 86.

incre win rate is 0.3782051282051282.
[v_final step=4670] R_mean=0.5560 | G_n_mean=7.7257 (n=5) | q_tot_pred=7.8305 | drbfn_loss=-2.4991, qi_loss=0.8429, qtot_loss=5.2474

 Map 5m_vs_6m Algo r_drbfn_final Exp v_final_5m_vs_6m_5M_resume updates 4670/5280 episodes, total num timesteps 3736800/4224000, FPS 86.

incre win rate is 0.4.

 Map 5m_vs_6m Algo r_drbfn_final Exp v_final_5m_vs_6m_5M_resume updates 4675/5280 episodes, total num timesteps 3740800/4224000, FPS 86.

incre win rate is 0.41025641025641024.
eval win rate is 0.3125.
[v_final step=4680] R_mean=0.5147 | G_n_mean=7.3580 (n=5) | q_tot_pred=7.4158 | drbfn_loss=-2.4993, qi_loss=0.6702, qtot_loss=5.1619

 Map 5m_vs_6m Algo r_drbfn_final Exp v_final_5m_vs_6m_5M_resume updates 4680/5280 episodes, total num timesteps 3744800/4224000, FPS 86.

incre win rate is 0.36875.

 Map 5m_vs_6m Algo r_drbfn_final Exp v_final_5m_vs_6m_5M_resume updates 4685/5280 episodes, total num timesteps 3748800/4224000, FPS 86.

incre win rate is 0.41509433962264153.
[v_final step=4690] R_mean=0.5892 | G_n_mean=8.0412 (n=5) | q_tot_pred=7.9156 | drbfn_loss=-2.4987, qi_loss=0.7175, qtot_loss=5.7036

 Map 5m_vs_6m Algo r_drbfn_final Exp v_final_5m_vs_6m_5M_resume updates 4690/5280 episodes, total num timesteps 3752800/4224000, FPS 86.

incre win rate is 0.40764331210191085.

 Map 5m_vs_6m Algo r_drbfn_final Exp v_final_5m_vs_6m_5M_resume updates 4695/5280 episodes, total num timesteps 3756800/4224000, FPS 86.

incre win rate is 0.37579617834394907.
[v_final step=4700] R_mean=0.5546 | G_n_mean=7.6419 (n=5) | q_tot_pred=7.4841 | drbfn_loss=-2.4990, qi_loss=0.8023, qtot_loss=5.6283

 Map 5m_vs_6m Algo r_drbfn_final Exp v_final_5m_vs_6m_5M_resume updates 4700/5280 episodes, total num timesteps 3760800/4224000, FPS 86.

incre win rate is 0.33544303797468356.
eval win rate is 0.53125.

 Map 5m_vs_6m Algo r_drbfn_final Exp v_final_5m_vs_6m_5M_resume updates 4705/5280 episodes, total num timesteps 3764800/4224000, FPS 86.

incre win rate is 0.37341772151898733.
[v_final step=4710] R_mean=0.5817 | G_n_mean=7.9049 (n=5) | q_tot_pred=7.9499 | drbfn_loss=-2.4992, qi_loss=0.7324, qtot_loss=4.5311

 Map 5m_vs_6m Algo r_drbfn_final Exp v_final_5m_vs_6m_5M_resume updates 4710/5280 episodes, total num timesteps 3768800/4224000, FPS 86.

incre win rate is 0.41875.

 Map 5m_vs_6m Algo r_drbfn_final Exp v_final_5m_vs_6m_5M_resume updates 4715/5280 episodes, total num timesteps 3772800/4224000, FPS 86.

incre win rate is 0.35.
[v_final step=4720] R_mean=0.5300 | G_n_mean=7.4410 (n=5) | q_tot_pred=7.6130 | drbfn_loss=-2.4991, qi_loss=0.8111, qtot_loss=5.2840

 Map 5m_vs_6m Algo r_drbfn_final Exp v_final_5m_vs_6m_5M_resume updates 4720/5280 episodes, total num timesteps 3776800/4224000, FPS 86.

incre win rate is 0.41139240506329117.

 Map 5m_vs_6m Algo r_drbfn_final Exp v_final_5m_vs_6m_5M_resume updates 4725/5280 episodes, total num timesteps 3780800/4224000, FPS 86.

incre win rate is 0.41139240506329117.
eval win rate is 0.375.
[v_final step=4730] R_mean=0.5337 | G_n_mean=7.5020 (n=5) | q_tot_pred=7.9667 | drbfn_loss=-2.4992, qi_loss=0.7364, qtot_loss=5.4306

 Map 5m_vs_6m Algo r_drbfn_final Exp v_final_5m_vs_6m_5M_resume updates 4730/5280 episodes, total num timesteps 3784800/4224000, FPS 86.

incre win rate is 0.44936708860759494.

 Map 5m_vs_6m Algo r_drbfn_final Exp v_final_5m_vs_6m_5M_resume updates 4735/5280 episodes, total num timesteps 3788800/4224000, FPS 86.

incre win rate is 0.41025641025641024.
[v_final step=4740] R_mean=0.5522 | G_n_mean=7.7963 (n=5) | q_tot_pred=7.6539 | drbfn_loss=-2.4991, qi_loss=0.8644, qtot_loss=4.9243

 Map 5m_vs_6m Algo r_drbfn_final Exp v_final_5m_vs_6m_5M_resume updates 4740/5280 episodes, total num timesteps 3792800/4224000, FPS 86.

incre win rate is 0.432258064516129.

 Map 5m_vs_6m Algo r_drbfn_final Exp v_final_5m_vs_6m_5M_resume updates 4745/5280 episodes, total num timesteps 3796800/4224000, FPS 86.

incre win rate is 0.39490445859872614.
[v_final step=4750] R_mean=0.5178 | G_n_mean=7.5062 (n=5) | q_tot_pred=7.6934 | drbfn_loss=-2.4994, qi_loss=0.7741, qtot_loss=4.5648

 Map 5m_vs_6m Algo r_drbfn_final Exp v_final_5m_vs_6m_5M_resume updates 4750/5280 episodes, total num timesteps 3800800/4224000, FPS 86.

incre win rate is 0.3584905660377358.
eval win rate is 0.46875.

 Map 5m_vs_6m Algo r_drbfn_final Exp v_final_5m_vs_6m_5M_resume updates 4755/5280 episodes, total num timesteps 3804800/4224000, FPS 86.

incre win rate is 0.4012738853503185.
[v_final step=4760] R_mean=0.4915 | G_n_mean=7.1713 (n=5) | q_tot_pred=7.6467 | drbfn_loss=-2.4994, qi_loss=0.6328, qtot_loss=5.4585

 Map 5m_vs_6m Algo r_drbfn_final Exp v_final_5m_vs_6m_5M_resume updates 4760/5280 episodes, total num timesteps 3808800/4224000, FPS 86.

incre win rate is 0.4117647058823529.

 Map 5m_vs_6m Algo r_drbfn_final Exp v_final_5m_vs_6m_5M_resume updates 4765/5280 episodes, total num timesteps 3812800/4224000, FPS 86.

incre win rate is 0.43870967741935485.
[v_final step=4770] R_mean=0.5831 | G_n_mean=8.3051 (n=5) | q_tot_pred=8.1803 | drbfn_loss=-2.4989, qi_loss=0.7191, qtot_loss=5.1306

 Map 5m_vs_6m Algo r_drbfn_final Exp v_final_5m_vs_6m_5M_resume updates 4770/5280 episodes, total num timesteps 3816800/4224000, FPS 86.

incre win rate is 0.445859872611465.

 Map 5m_vs_6m Algo r_drbfn_final Exp v_final_5m_vs_6m_5M_resume updates 4775/5280 episodes, total num timesteps 3820800/4224000, FPS 86.

incre win rate is 0.47096774193548385.
eval win rate is 0.4375.
[v_final step=4780] R_mean=0.5928 | G_n_mean=8.0539 (n=5) | q_tot_pred=7.9776 | drbfn_loss=-2.4989, qi_loss=0.8286, qtot_loss=5.1817

 Map 5m_vs_6m Algo r_drbfn_final Exp v_final_5m_vs_6m_5M_resume updates 4780/5280 episodes, total num timesteps 3824800/4224000, FPS 86.

incre win rate is 0.43312101910828027.

 Map 5m_vs_6m Algo r_drbfn_final Exp v_final_5m_vs_6m_5M_resume updates 4785/5280 episodes, total num timesteps 3828800/4224000, FPS 86.

incre win rate is 0.4129032258064516.
[v_final step=4790] R_mean=0.5733 | G_n_mean=8.0145 (n=5) | q_tot_pred=8.2908 | drbfn_loss=-2.4992, qi_loss=0.8385, qtot_loss=5.5028

 Map 5m_vs_6m Algo r_drbfn_final Exp v_final_5m_vs_6m_5M_resume updates 4790/5280 episodes, total num timesteps 3832800/4224000, FPS 86.

incre win rate is 0.5.

 Map 5m_vs_6m Algo r_drbfn_final Exp v_final_5m_vs_6m_5M_resume updates 4795/5280 episodes, total num timesteps 3836800/4224000, FPS 86.

incre win rate is 0.474025974025974.
[v_final step=4800] R_mean=0.5615 | G_n_mean=8.0399 (n=5) | q_tot_pred=7.8145 | drbfn_loss=-2.4992, qi_loss=0.7080, qtot_loss=5.8413

 Map 5m_vs_6m Algo r_drbfn_final Exp v_final_5m_vs_6m_5M_resume updates 4800/5280 episodes, total num timesteps 3840800/4224000, FPS 86.

incre win rate is 0.44936708860759494.
eval win rate is 0.5625.

 Map 5m_vs_6m Algo r_drbfn_final Exp v_final_5m_vs_6m_5M_resume updates 4805/5280 episodes, total num timesteps 3844800/4224000, FPS 86.

incre win rate is 0.4774193548387097.
[v_final step=4810] R_mean=0.6265 | G_n_mean=8.6358 (n=5) | q_tot_pred=8.4643 | drbfn_loss=-2.4989, qi_loss=0.7951, qtot_loss=4.1302

 Map 5m_vs_6m Algo r_drbfn_final Exp v_final_5m_vs_6m_5M_resume updates 4810/5280 episodes, total num timesteps 3848800/4224000, FPS 86.

incre win rate is 0.4585987261146497.

 Map 5m_vs_6m Algo r_drbfn_final Exp v_final_5m_vs_6m_5M_resume updates 4815/5280 episodes, total num timesteps 3852800/4224000, FPS 86.

incre win rate is 0.5128205128205128.
[v_final step=4820] R_mean=0.5316 | G_n_mean=7.5053 (n=5) | q_tot_pred=7.6535 | drbfn_loss=-2.4992, qi_loss=0.8318, qtot_loss=4.2441

 Map 5m_vs_6m Algo r_drbfn_final Exp v_final_5m_vs_6m_5M_resume updates 4820/5280 episodes, total num timesteps 3856800/4224000, FPS 86.

incre win rate is 0.4129032258064516.

 Map 5m_vs_6m Algo r_drbfn_final Exp v_final_5m_vs_6m_5M_resume updates 4825/5280 episodes, total num timesteps 3860800/4224000, FPS 86.

incre win rate is 0.47435897435897434.
eval win rate is 0.4375.
[v_final step=4830] R_mean=0.5131 | G_n_mean=7.2405 (n=5) | q_tot_pred=7.5421 | drbfn_loss=-2.4992, qi_loss=0.8440, qtot_loss=4.6836

 Map 5m_vs_6m Algo r_drbfn_final Exp v_final_5m_vs_6m_5M_resume updates 4830/5280 episodes, total num timesteps 3864800/4224000, FPS 86.

incre win rate is 0.40764331210191085.

 Map 5m_vs_6m Algo r_drbfn_final Exp v_final_5m_vs_6m_5M_resume updates 4835/5280 episodes, total num timesteps 3868800/4224000, FPS 86.

incre win rate is 0.41509433962264153.
[v_final step=4840] R_mean=0.5550 | G_n_mean=7.7773 (n=5) | q_tot_pred=7.6794 | drbfn_loss=-2.4990, qi_loss=0.9239, qtot_loss=4.9740

 Map 5m_vs_6m Algo r_drbfn_final Exp v_final_5m_vs_6m_5M_resume updates 4840/5280 episodes, total num timesteps 3872800/4224000, FPS 86.

incre win rate is 0.3710691823899371.

 Map 5m_vs_6m Algo r_drbfn_final Exp v_final_5m_vs_6m_5M_resume updates 4845/5280 episodes, total num timesteps 3876800/4224000, FPS 86.

incre win rate is 0.3717948717948718.
[v_final step=4850] R_mean=0.5759 | G_n_mean=7.8715 (n=5) | q_tot_pred=7.8733 | drbfn_loss=-2.4990, qi_loss=0.8698, qtot_loss=4.7980

 Map 5m_vs_6m Algo r_drbfn_final Exp v_final_5m_vs_6m_5M_resume updates 4850/5280 episodes, total num timesteps 3880800/4224000, FPS 86.

incre win rate is 0.4713375796178344.
eval win rate is 0.375.

 Map 5m_vs_6m Algo r_drbfn_final Exp v_final_5m_vs_6m_5M_resume updates 4855/5280 episodes, total num timesteps 3884800/4224000, FPS 86.

incre win rate is 0.44871794871794873.
[v_final step=4860] R_mean=0.5753 | G_n_mean=7.7738 (n=5) | q_tot_pred=8.0760 | drbfn_loss=-2.4991, qi_loss=0.8656, qtot_loss=4.7180

 Map 5m_vs_6m Algo r_drbfn_final Exp v_final_5m_vs_6m_5M_resume updates 4860/5280 episodes, total num timesteps 3888800/4224000, FPS 86.

incre win rate is 0.49044585987261147.

 Map 5m_vs_6m Algo r_drbfn_final Exp v_final_5m_vs_6m_5M_resume updates 4865/5280 episodes, total num timesteps 3892800/4224000, FPS 86.

incre win rate is 0.3987341772151899.
[v_final step=4870] R_mean=0.5366 | G_n_mean=7.7232 (n=5) | q_tot_pred=7.4930 | drbfn_loss=-2.4993, qi_loss=1.0314, qtot_loss=4.1274

 Map 5m_vs_6m Algo r_drbfn_final Exp v_final_5m_vs_6m_5M_resume updates 4870/5280 episodes, total num timesteps 3896800/4224000, FPS 86.

incre win rate is 0.43506493506493504.

 Map 5m_vs_6m Algo r_drbfn_final Exp v_final_5m_vs_6m_5M_resume updates 4875/5280 episodes, total num timesteps 3900800/4224000, FPS 86.

incre win rate is 0.36645962732919257.
eval win rate is 0.5625.
[v_final step=4880] R_mean=0.4635 | G_n_mean=6.8208 (n=5) | q_tot_pred=7.1024 | drbfn_loss=-2.4996, qi_loss=0.8221, qtot_loss=4.7317

 Map 5m_vs_6m Algo r_drbfn_final Exp v_final_5m_vs_6m_5M_resume updates 4880/5280 episodes, total num timesteps 3904800/4224000, FPS 86.

incre win rate is 0.3375.

 Map 5m_vs_6m Algo r_drbfn_final Exp v_final_5m_vs_6m_5M_resume updates 4885/5280 episodes, total num timesteps 3908800/4224000, FPS 86.

incre win rate is 0.3584905660377358.
[v_final step=4890] R_mean=0.5798 | G_n_mean=8.1177 (n=5) | q_tot_pred=8.2579 | drbfn_loss=-2.4989, qi_loss=0.8476, qtot_loss=4.5179

 Map 5m_vs_6m Algo r_drbfn_final Exp v_final_5m_vs_6m_5M_resume updates 4890/5280 episodes, total num timesteps 3912800/4224000, FPS 86.

incre win rate is 0.4472049689440994.

 Map 5m_vs_6m Algo r_drbfn_final Exp v_final_5m_vs_6m_5M_resume updates 4895/5280 episodes, total num timesteps 3916800/4224000, FPS 86.

incre win rate is 0.4276729559748428.
[v_final step=4900] R_mean=0.6124 | G_n_mean=8.3228 (n=5) | q_tot_pred=7.7325 | drbfn_loss=-2.4988, qi_loss=0.8833, qtot_loss=5.0089

 Map 5m_vs_6m Algo r_drbfn_final Exp v_final_5m_vs_6m_5M_resume updates 4900/5280 episodes, total num timesteps 3920800/4224000, FPS 86.

incre win rate is 0.39622641509433965.
eval win rate is 0.28125.

 Map 5m_vs_6m Algo r_drbfn_final Exp v_final_5m_vs_6m_5M_resume updates 4905/5280 episodes, total num timesteps 3924800/4224000, FPS 86.

incre win rate is 0.34591194968553457.
[v_final step=4910] R_mean=0.5636 | G_n_mean=8.2321 (n=5) | q_tot_pred=8.3487 | drbfn_loss=-2.4989, qi_loss=0.8522, qtot_loss=5.1230

 Map 5m_vs_6m Algo r_drbfn_final Exp v_final_5m_vs_6m_5M_resume updates 4910/5280 episodes, total num timesteps 3928800/4224000, FPS 86.

incre win rate is 0.4276729559748428.

 Map 5m_vs_6m Algo r_drbfn_final Exp v_final_5m_vs_6m_5M_resume updates 4915/5280 episodes, total num timesteps 3932800/4224000, FPS 86.

incre win rate is 0.37579617834394907.
[v_final step=4920] R_mean=0.5242 | G_n_mean=7.6208 (n=5) | q_tot_pred=7.5085 | drbfn_loss=-2.4991, qi_loss=0.8638, qtot_loss=4.2347

 Map 5m_vs_6m Algo r_drbfn_final Exp v_final_5m_vs_6m_5M_resume updates 4920/5280 episodes, total num timesteps 3936800/4224000, FPS 86.

incre win rate is 0.3885350318471338.

 Map 5m_vs_6m Algo r_drbfn_final Exp v_final_5m_vs_6m_5M_resume updates 4925/5280 episodes, total num timesteps 3940800/4224000, FPS 86.

incre win rate is 0.3870967741935484.
eval win rate is 0.4375.
[v_final step=4930] R_mean=0.5686 | G_n_mean=8.0989 (n=5) | q_tot_pred=7.9390 | drbfn_loss=-2.4992, qi_loss=0.9483, qtot_loss=4.9083

 Map 5m_vs_6m Algo r_drbfn_final Exp v_final_5m_vs_6m_5M_resume updates 4930/5280 episodes, total num timesteps 3944800/4224000, FPS 86.

incre win rate is 0.4050632911392405.

 Map 5m_vs_6m Algo r_drbfn_final Exp v_final_5m_vs_6m_5M_resume updates 4935/5280 episodes, total num timesteps 3948800/4224000, FPS 86.

incre win rate is 0.43037974683544306.
[v_final step=4940] R_mean=0.5847 | G_n_mean=8.3162 (n=5) | q_tot_pred=8.1835 | drbfn_loss=-2.4990, qi_loss=1.0145, qtot_loss=4.4429

 Map 5m_vs_6m Algo r_drbfn_final Exp v_final_5m_vs_6m_5M_resume updates 4940/5280 episodes, total num timesteps 3952800/4224000, FPS 86.

incre win rate is 0.4129032258064516.

 Map 5m_vs_6m Algo r_drbfn_final Exp v_final_5m_vs_6m_5M_resume updates 4945/5280 episodes, total num timesteps 3956800/4224000, FPS 86.

incre win rate is 0.3885350318471338.
[v_final step=4950] R_mean=0.5810 | G_n_mean=8.1951 (n=5) | q_tot_pred=7.9423 | drbfn_loss=-2.4993, qi_loss=1.0562, qtot_loss=4.2542

 Map 5m_vs_6m Algo r_drbfn_final Exp v_final_5m_vs_6m_5M_resume updates 4950/5280 episodes, total num timesteps 3960800/4224000, FPS 86.

incre win rate is 0.45569620253164556.
eval win rate is 0.40625.

 Map 5m_vs_6m Algo r_drbfn_final Exp v_final_5m_vs_6m_5M_resume updates 4955/5280 episodes, total num timesteps 3964800/4224000, FPS 86.

incre win rate is 0.41139240506329117.
[v_final step=4960] R_mean=0.5805 | G_n_mean=7.9921 (n=5) | q_tot_pred=7.8643 | drbfn_loss=-2.4990, qi_loss=1.1326, qtot_loss=6.2528

 Map 5m_vs_6m Algo r_drbfn_final Exp v_final_5m_vs_6m_5M_resume updates 4960/5280 episodes, total num timesteps 3968800/4224000, FPS 86.

incre win rate is 0.3860759493670886.

 Map 5m_vs_6m Algo r_drbfn_final Exp v_final_5m_vs_6m_5M_resume updates 4965/5280 episodes, total num timesteps 3972800/4224000, FPS 86.

incre win rate is 0.4620253164556962.
[v_final step=4970] R_mean=0.5396 | G_n_mean=7.7263 (n=5) | q_tot_pred=8.1174 | drbfn_loss=-2.4993, qi_loss=1.2246, qtot_loss=4.4135

 Map 5m_vs_6m Algo r_drbfn_final Exp v_final_5m_vs_6m_5M_resume updates 4970/5280 episodes, total num timesteps 3976800/4224000, FPS 86.

incre win rate is 0.4012738853503185.

 Map 5m_vs_6m Algo r_drbfn_final Exp v_final_5m_vs_6m_5M_resume updates 4975/5280 episodes, total num timesteps 3980800/4224000, FPS 86.

incre win rate is 0.40625.
eval win rate is 0.40625.
[v_final step=4980] R_mean=0.5161 | G_n_mean=7.6102 (n=5) | q_tot_pred=7.4821 | drbfn_loss=-2.4993, qi_loss=0.8675, qtot_loss=5.1160

 Map 5m_vs_6m Algo r_drbfn_final Exp v_final_5m_vs_6m_5M_resume updates 4980/5280 episodes, total num timesteps 3984800/4224000, FPS 85.

incre win rate is 0.36477987421383645.

 Map 5m_vs_6m Algo r_drbfn_final Exp v_final_5m_vs_6m_5M_resume updates 4985/5280 episodes, total num timesteps 3988800/4224000, FPS 85.

incre win rate is 0.41025641025641024.
[v_final step=4990] R_mean=0.5844 | G_n_mean=8.2669 (n=5) | q_tot_pred=8.2817 | drbfn_loss=-2.4990, qi_loss=1.0062, qtot_loss=5.9511

 Map 5m_vs_6m Algo r_drbfn_final Exp v_final_5m_vs_6m_5M_resume updates 4990/5280 episodes, total num timesteps 3992800/4224000, FPS 85.

incre win rate is 0.3584905660377358.

 Map 5m_vs_6m Algo r_drbfn_final Exp v_final_5m_vs_6m_5M_resume updates 4995/5280 episodes, total num timesteps 3996800/4224000, FPS 85.

incre win rate is 0.32075471698113206.
[v_final step=5000] R_mean=0.5260 | G_n_mean=7.2218 (n=5) | q_tot_pred=7.1459 | drbfn_loss=-2.4992, qi_loss=1.1540, qtot_loss=3.3585

 Map 5m_vs_6m Algo r_drbfn_final Exp v_final_5m_vs_6m_5M_resume updates 5000/5280 episodes, total num timesteps 4000800/4224000, FPS 85.

incre win rate is 0.27848101265822783.
eval win rate is 0.34375.

 Map 5m_vs_6m Algo r_drbfn_final Exp v_final_5m_vs_6m_5M_resume updates 5005/5280 episodes, total num timesteps 4004800/4224000, FPS 85.

incre win rate is 0.3522012578616352.
[v_final step=5010] R_mean=0.5605 | G_n_mean=7.9235 (n=5) | q_tot_pred=7.9633 | drbfn_loss=-2.4990, qi_loss=1.0037, qtot_loss=5.1012

 Map 5m_vs_6m Algo r_drbfn_final Exp v_final_5m_vs_6m_5M_resume updates 5010/5280 episodes, total num timesteps 4008800/4224000, FPS 85.

incre win rate is 0.4012738853503185.

 Map 5m_vs_6m Algo r_drbfn_final Exp v_final_5m_vs_6m_5M_resume updates 5015/5280 episodes, total num timesteps 4012800/4224000, FPS 85.

incre win rate is 0.40384615384615385.
[v_final step=5020] R_mean=0.5439 | G_n_mean=7.9941 (n=5) | q_tot_pred=7.6585 | drbfn_loss=-2.4993, qi_loss=1.0431, qtot_loss=3.4401

 Map 5m_vs_6m Algo r_drbfn_final Exp v_final_5m_vs_6m_5M_resume updates 5020/5280 episodes, total num timesteps 4016800/4224000, FPS 85.

incre win rate is 0.33544303797468356.

 Map 5m_vs_6m Algo r_drbfn_final Exp v_final_5m_vs_6m_5M_resume updates 5025/5280 episodes, total num timesteps 4020800/4224000, FPS 85.

incre win rate is 0.35668789808917195.
eval win rate is 0.375.
[v_final step=5030] R_mean=0.5671 | G_n_mean=8.0821 (n=5) | q_tot_pred=8.0828 | drbfn_loss=-2.4990, qi_loss=1.1175, qtot_loss=5.6360

 Map 5m_vs_6m Algo r_drbfn_final Exp v_final_5m_vs_6m_5M_resume updates 5030/5280 episodes, total num timesteps 4024800/4224000, FPS 85.

incre win rate is 0.4551282051282051.

 Map 5m_vs_6m Algo r_drbfn_final Exp v_final_5m_vs_6m_5M_resume updates 5035/5280 episodes, total num timesteps 4028800/4224000, FPS 85.

incre win rate is 0.46794871794871795.
[v_final step=5040] R_mean=0.5279 | G_n_mean=7.4978 (n=5) | q_tot_pred=7.6189 | drbfn_loss=-2.4992, qi_loss=1.1367, qtot_loss=4.7929

 Map 5m_vs_6m Algo r_drbfn_final Exp v_final_5m_vs_6m_5M_resume updates 5040/5280 episodes, total num timesteps 4032800/4224000, FPS 85.

incre win rate is 0.3717948717948718.

 Map 5m_vs_6m Algo r_drbfn_final Exp v_final_5m_vs_6m_5M_resume updates 5045/5280 episodes, total num timesteps 4036800/4224000, FPS 85.

incre win rate is 0.4935897435897436.
[v_final step=5050] R_mean=0.5706 | G_n_mean=7.9623 (n=5) | q_tot_pred=7.8833 | drbfn_loss=-2.4990, qi_loss=1.2092, qtot_loss=3.9593

 Map 5m_vs_6m Algo r_drbfn_final Exp v_final_5m_vs_6m_5M_resume updates 5050/5280 episodes, total num timesteps 4040800/4224000, FPS 85.

incre win rate is 0.38064516129032255.
eval win rate is 0.28125.

 Map 5m_vs_6m Algo r_drbfn_final Exp v_final_5m_vs_6m_5M_resume updates 5055/5280 episodes, total num timesteps 4044800/4224000, FPS 85.

incre win rate is 0.35443037974683544.
[v_final step=5060] R_mean=0.5380 | G_n_mean=7.8745 (n=5) | q_tot_pred=7.8292 | drbfn_loss=-2.4992, qi_loss=1.0440, qtot_loss=4.2487

 Map 5m_vs_6m Algo r_drbfn_final Exp v_final_5m_vs_6m_5M_resume updates 5060/5280 episodes, total num timesteps 4048800/4224000, FPS 85.

incre win rate is 0.3333333333333333.

 Map 5m_vs_6m Algo r_drbfn_final Exp v_final_5m_vs_6m_5M_resume updates 5065/5280 episodes, total num timesteps 4052800/4224000, FPS 85.

incre win rate is 0.4528301886792453.
[v_final step=5070] R_mean=0.5118 | G_n_mean=7.3055 (n=5) | q_tot_pred=7.5290 | drbfn_loss=-2.4993, qi_loss=1.1350, qtot_loss=4.4854

 Map 5m_vs_6m Algo r_drbfn_final Exp v_final_5m_vs_6m_5M_resume updates 5070/5280 episodes, total num timesteps 4056800/4224000, FPS 85.

incre win rate is 0.3875.

 Map 5m_vs_6m Algo r_drbfn_final Exp v_final_5m_vs_6m_5M_resume updates 5075/5280 episodes, total num timesteps 4060800/4224000, FPS 85.

incre win rate is 0.34810126582278483.
eval win rate is 0.625.
[v_final step=5080] R_mean=0.5728 | G_n_mean=7.9164 (n=5) | q_tot_pred=7.9896 | drbfn_loss=-2.4992, qi_loss=1.1226, qtot_loss=4.4786

 Map 5m_vs_6m Algo r_drbfn_final Exp v_final_5m_vs_6m_5M_resume updates 5080/5280 episodes, total num timesteps 4064800/4224000, FPS 85.

incre win rate is 0.4528301886792453.

 Map 5m_vs_6m Algo r_drbfn_final Exp v_final_5m_vs_6m_5M_resume updates 5085/5280 episodes, total num timesteps 4068800/4224000, FPS 85.

incre win rate is 0.3875.
[v_final step=5090] R_mean=0.5491 | G_n_mean=7.6051 (n=5) | q_tot_pred=7.6232 | drbfn_loss=-2.4990, qi_loss=1.3295, qtot_loss=5.3617

 Map 5m_vs_6m Algo r_drbfn_final Exp v_final_5m_vs_6m_5M_resume updates 5090/5280 episodes, total num timesteps 4072800/4224000, FPS 85.

incre win rate is 0.38509316770186336.

 Map 5m_vs_6m Algo r_drbfn_final Exp v_final_5m_vs_6m_5M_resume updates 5095/5280 episodes, total num timesteps 4076800/4224000, FPS 85.

incre win rate is 0.40993788819875776.
[v_final step=5100] R_mean=0.5075 | G_n_mean=7.0152 (n=5) | q_tot_pred=7.1071 | drbfn_loss=-2.4992, qi_loss=1.4196, qtot_loss=5.3095

 Map 5m_vs_6m Algo r_drbfn_final Exp v_final_5m_vs_6m_5M_resume updates 5100/5280 episodes, total num timesteps 4080800/4224000, FPS 85.

incre win rate is 0.3353658536585366.
eval win rate is 0.4375.

 Map 5m_vs_6m Algo r_drbfn_final Exp v_final_5m_vs_6m_5M_resume updates 5105/5280 episodes, total num timesteps 4084800/4224000, FPS 85.

incre win rate is 0.29012345679012347.
[v_final step=5110] R_mean=0.5303 | G_n_mean=7.7154 (n=5) | q_tot_pred=7.8852 | drbfn_loss=-2.4994, qi_loss=1.3094, qtot_loss=3.5791

 Map 5m_vs_6m Algo r_drbfn_final Exp v_final_5m_vs_6m_5M_resume updates 5110/5280 episodes, total num timesteps 4088800/4224000, FPS 85.

incre win rate is 0.379746835443038.

 Map 5m_vs_6m Algo r_drbfn_final Exp v_final_5m_vs_6m_5M_resume updates 5115/5280 episodes, total num timesteps 4092800/4224000, FPS 85.

incre win rate is 0.39375.
[v_final step=5120] R_mean=0.5377 | G_n_mean=7.4881 (n=5) | q_tot_pred=7.4148 | drbfn_loss=-2.4992, qi_loss=1.1753, qtot_loss=4.2617

 Map 5m_vs_6m Algo r_drbfn_final Exp v_final_5m_vs_6m_5M_resume updates 5120/5280 episodes, total num timesteps 4096800/4224000, FPS 85.

incre win rate is 0.4.

 Map 5m_vs_6m Algo r_drbfn_final Exp v_final_5m_vs_6m_5M_resume updates 5125/5280 episodes, total num timesteps 4100800/4224000, FPS 85.

incre win rate is 0.36875.
eval win rate is 0.28125.
[v_final step=5130] R_mean=0.5983 | G_n_mean=8.3559 (n=5) | q_tot_pred=8.1733 | drbfn_loss=-2.4992, qi_loss=1.2240, qtot_loss=4.7945

 Map 5m_vs_6m Algo r_drbfn_final Exp v_final_5m_vs_6m_5M_resume updates 5130/5280 episodes, total num timesteps 4104800/4224000, FPS 85.

incre win rate is 0.3710691823899371.

 Map 5m_vs_6m Algo r_drbfn_final Exp v_final_5m_vs_6m_5M_resume updates 5135/5280 episodes, total num timesteps 4108800/4224000, FPS 85.

incre win rate is 0.389937106918239.
[v_final step=5140] R_mean=0.5192 | G_n_mean=7.4427 (n=5) | q_tot_pred=7.5460 | drbfn_loss=-2.4993, qi_loss=1.2818, qtot_loss=5.2048

 Map 5m_vs_6m Algo r_drbfn_final Exp v_final_5m_vs_6m_5M_resume updates 5140/5280 episodes, total num timesteps 4112800/4224000, FPS 85.

incre win rate is 0.37267080745341613.

 Map 5m_vs_6m Algo r_drbfn_final Exp v_final_5m_vs_6m_5M_resume updates 5145/5280 episodes, total num timesteps 4116800/4224000, FPS 85.

incre win rate is 0.3225806451612903.
[v_final step=5150] R_mean=0.5687 | G_n_mean=7.8379 (n=5) | q_tot_pred=7.9267 | drbfn_loss=-2.4992, qi_loss=1.3185, qtot_loss=5.4625

 Map 5m_vs_6m Algo r_drbfn_final Exp v_final_5m_vs_6m_5M_resume updates 5150/5280 episodes, total num timesteps 4120800/4224000, FPS 85.

incre win rate is 0.4276729559748428.
eval win rate is 0.5625.

 Map 5m_vs_6m Algo r_drbfn_final Exp v_final_5m_vs_6m_5M_resume updates 5155/5280 episodes, total num timesteps 4124800/4224000, FPS 85.

incre win rate is 0.4166666666666667.
[v_final step=5160] R_mean=0.5292 | G_n_mean=7.6771 (n=5) | q_tot_pred=7.6267 | drbfn_loss=-2.4991, qi_loss=1.2114, qtot_loss=5.2134

 Map 5m_vs_6m Algo r_drbfn_final Exp v_final_5m_vs_6m_5M_resume updates 5160/5280 episodes, total num timesteps 4128800/4224000, FPS 85.

incre win rate is 0.38461538461538464.

 Map 5m_vs_6m Algo r_drbfn_final Exp v_final_5m_vs_6m_5M_resume updates 5165/5280 episodes, total num timesteps 4132800/4224000, FPS 85.

incre win rate is 0.39215686274509803.
[v_final step=5170] R_mean=0.5775 | G_n_mean=7.8799 (n=5) | q_tot_pred=7.8083 | drbfn_loss=-2.4987, qi_loss=1.2401, qtot_loss=5.1869

 Map 5m_vs_6m Algo r_drbfn_final Exp v_final_5m_vs_6m_5M_resume updates 5170/5280 episodes, total num timesteps 4136800/4224000, FPS 85.

incre win rate is 0.47770700636942676.

 Map 5m_vs_6m Algo r_drbfn_final Exp v_final_5m_vs_6m_5M_resume updates 5175/5280 episodes, total num timesteps 4140800/4224000, FPS 85.

incre win rate is 0.41139240506329117.
eval win rate is 0.59375.
[v_final step=5180] R_mean=0.5442 | G_n_mean=7.6937 (n=5) | q_tot_pred=7.4881 | drbfn_loss=-2.4993, qi_loss=1.1317, qtot_loss=4.5049

 Map 5m_vs_6m Algo r_drbfn_final Exp v_final_5m_vs_6m_5M_resume updates 5180/5280 episodes, total num timesteps 4144800/4224000, FPS 84.

incre win rate is 0.4430379746835443.

 Map 5m_vs_6m Algo r_drbfn_final Exp v_final_5m_vs_6m_5M_resume updates 5185/5280 episodes, total num timesteps 4148800/4224000, FPS 84.

incre win rate is 0.38125.
[v_final step=5190] R_mean=0.5985 | G_n_mean=8.3408 (n=5) | q_tot_pred=8.0864 | drbfn_loss=-2.4988, qi_loss=1.3426, qtot_loss=5.4837

 Map 5m_vs_6m Algo r_drbfn_final Exp v_final_5m_vs_6m_5M_resume updates 5190/5280 episodes, total num timesteps 4152800/4224000, FPS 84.

incre win rate is 0.4166666666666667.

 Map 5m_vs_6m Algo r_drbfn_final Exp v_final_5m_vs_6m_5M_resume updates 5195/5280 episodes, total num timesteps 4156800/4224000, FPS 84.

incre win rate is 0.39869281045751637.
[v_final step=5200] R_mean=0.5699 | G_n_mean=8.3722 (n=5) | q_tot_pred=8.1744 | drbfn_loss=-2.4989, qi_loss=1.3997, qtot_loss=5.4030

 Map 5m_vs_6m Algo r_drbfn_final Exp v_final_5m_vs_6m_5M_resume updates 5200/5280 episodes, total num timesteps 4160800/4224000, FPS 84.

incre win rate is 0.3717948717948718.
eval win rate is 0.375.

 Map 5m_vs_6m Algo r_drbfn_final Exp v_final_5m_vs_6m_5M_resume updates 5205/5280 episodes, total num timesteps 4164800/4224000, FPS 84.

incre win rate is 0.4276729559748428.
[v_final step=5210] R_mean=0.5482 | G_n_mean=7.7330 (n=5) | q_tot_pred=7.8938 | drbfn_loss=-2.4993, qi_loss=1.3801, qtot_loss=5.1754

 Map 5m_vs_6m Algo r_drbfn_final Exp v_final_5m_vs_6m_5M_resume updates 5210/5280 episodes, total num timesteps 4168800/4224000, FPS 84.

incre win rate is 0.45222929936305734.

 Map 5m_vs_6m Algo r_drbfn_final Exp v_final_5m_vs_6m_5M_resume updates 5215/5280 episodes, total num timesteps 4172800/4224000, FPS 84.

incre win rate is 0.42857142857142855.
[v_final step=5220] R_mean=0.5405 | G_n_mean=7.8705 (n=5) | q_tot_pred=7.9008 | drbfn_loss=-2.4994, qi_loss=1.6239, qtot_loss=4.2572

 Map 5m_vs_6m Algo r_drbfn_final Exp v_final_5m_vs_6m_5M_resume updates 5220/5280 episodes, total num timesteps 4176800/4224000, FPS 84.

incre win rate is 0.45569620253164556.

 Map 5m_vs_6m Algo r_drbfn_final Exp v_final_5m_vs_6m_5M_resume updates 5225/5280 episodes, total num timesteps 4180800/4224000, FPS 84.

incre win rate is 0.375.
eval win rate is 0.46875.
[v_final step=5230] R_mean=0.5794 | G_n_mean=8.1132 (n=5) | q_tot_pred=7.8622 | drbfn_loss=-2.4990, qi_loss=1.7136, qtot_loss=4.0913

 Map 5m_vs_6m Algo r_drbfn_final Exp v_final_5m_vs_6m_5M_resume updates 5230/5280 episodes, total num timesteps 4184800/4224000, FPS 84.

incre win rate is 0.3924050632911392.

 Map 5m_vs_6m Algo r_drbfn_final Exp v_final_5m_vs_6m_5M_resume updates 5235/5280 episodes, total num timesteps 4188800/4224000, FPS 84.

incre win rate is 0.4012738853503185.
[v_final step=5240] R_mean=0.5841 | G_n_mean=8.0040 (n=5) | q_tot_pred=8.1280 | drbfn_loss=-2.4989, qi_loss=1.3605, qtot_loss=4.7913

 Map 5m_vs_6m Algo r_drbfn_final Exp v_final_5m_vs_6m_5M_resume updates 5240/5280 episodes, total num timesteps 4192800/4224000, FPS 84.

incre win rate is 0.4625.

 Map 5m_vs_6m Algo r_drbfn_final Exp v_final_5m_vs_6m_5M_resume updates 5245/5280 episodes, total num timesteps 4196800/4224000, FPS 84.

incre win rate is 0.3741935483870968.
[v_final step=5250] R_mean=0.4709 | G_n_mean=6.9742 (n=5) | q_tot_pred=7.1734 | drbfn_loss=-2.4995, qi_loss=1.3241, qtot_loss=4.6458

 Map 5m_vs_6m Algo r_drbfn_final Exp v_final_5m_vs_6m_5M_resume updates 5250/5280 episodes, total num timesteps 4200800/4224000, FPS 84.

incre win rate is 0.2716049382716049.
eval win rate is 0.5.

 Map 5m_vs_6m Algo r_drbfn_final Exp v_final_5m_vs_6m_5M_resume updates 5255/5280 episodes, total num timesteps 4204800/4224000, FPS 84.

incre win rate is 0.3584905660377358.
[v_final step=5260] R_mean=0.5071 | G_n_mean=7.1525 (n=5) | q_tot_pred=7.5761 | drbfn_loss=-2.4994, qi_loss=1.4341, qtot_loss=4.5731

 Map 5m_vs_6m Algo r_drbfn_final Exp v_final_5m_vs_6m_5M_resume updates 5260/5280 episodes, total num timesteps 4208800/4224000, FPS 84.

incre win rate is 0.39622641509433965.

 Map 5m_vs_6m Algo r_drbfn_final Exp v_final_5m_vs_6m_5M_resume updates 5265/5280 episodes, total num timesteps 4212800/4224000, FPS 84.

incre win rate is 0.3018867924528302.
[v_final step=5270] R_mean=0.5817 | G_n_mean=7.9863 (n=5) | q_tot_pred=7.5550 | drbfn_loss=-2.4991, qi_loss=1.3584, qtot_loss=5.5474

 Map 5m_vs_6m Algo r_drbfn_final Exp v_final_5m_vs_6m_5M_resume updates 5270/5280 episodes, total num timesteps 4216800/4224000, FPS 84.

incre win rate is 0.3625.

 Map 5m_vs_6m Algo r_drbfn_final Exp v_final_5m_vs_6m_5M_resume updates 5275/5280 episodes, total num timesteps 4220800/4224000, FPS 84.

incre win rate is 0.3333333333333333.
eval win rate is 0.46875.
