u are choosing to use r_drbfn_v2 (generative DRBFN), keeping use_centralized_V = True
choose to use gpu...
D:\conda\Lib\site-packages\requests\__init__.py:113: RequestsDependencyWarning: urllib3 (2.2.3) or chardet (7.4.3)/charset_normalizer (3.3.2) doesn't match a supported version!
  warnings.warn(
obs_space:  [[370, [9, 26], [12, 8], [1, 4], [1, 36]], [370, [9, 26], [12, 8], [1, 4], [1, 36]], [370, [9, 26], [12, 8], [1, 4], [1, 36]], [370, [9, 26], [12, 8], [1, 4], [1, 36]], [370, [9, 26], [12, 8], [1, 4], [1, 36]], [370, [9, 26], [12, 8], [1, 4], [1, 36]], [370, [9, 26], [12, 8], [1, 4], [1, 36]], [370, [9, 26], [12, 8], [1, 4], [1, 36]], [370, [9, 26], [12, 8], [1, 4], [1, 36]], [370, [9, 26], [12, 8], [1, 4], [1, 36]]]
share_obs_space:  [[435, [9, 29], [12, 11], [1, 4], [1, 38]], [435, [9, 29], [12, 11], [1, 4], [1, 38]], [435, [9, 29], [12, 11], [1, 4], [1, 38]], [435, [9, 29], [12, 11], [1, 4], [1, 38]], [435, [9, 29], [12, 11], [1, 4], [1, 38]], [435, [9, 29], [12, 11], [1, 4], [1, 38]], [435, [9, 29], [12, 11], [1, 4], [1, 38]], [435, [9, 29], [12, 11], [1, 4], [1, 38]], [435, [9, 29], [12, 11], [1, 4], [1, 38]], [435, [9, 29], [12, 11], [1, 4], [1, 38]]]
act_space:  [Discrete(18), Discrete(18), Discrete(18), Discrete(18), Discrete(18), Discrete(18), Discrete(18), Discrete(18), Discrete(18), Discrete(18)]

 Map MMM2 Algo r_drbfn_v2 Exp v2_MMM2_5M_run3 updates 0/3125 episodes, total num timesteps 1600/5000000, FPS 58.

incre win rate is 0.0.
eval win rate is 0.0.

 Map MMM2 Algo r_drbfn_v2 Exp v2_MMM2_5M_run3 updates 5/3125 episodes, total num timesteps 9600/5000000, FPS 37.

incre win rate is 0.0.

 Map MMM2 Algo r_drbfn_v2 Exp v2_MMM2_5M_run3 updates 10/3125 episodes, total num timesteps 17600/5000000, FPS 47.

incre win rate is 0.0.

 Map MMM2 Algo r_drbfn_v2 Exp v2_MMM2_5M_run3 updates 15/3125 episodes, total num timesteps 25600/5000000, FPS 53.

incre win rate is 0.0.

 Map MMM2 Algo r_drbfn_v2 Exp v2_MMM2_5M_run3 updates 20/3125 episodes, total num timesteps 33600/5000000, FPS 56.

incre win rate is 0.0.

 Map MMM2 Algo r_drbfn_v2 Exp v2_MMM2_5M_run3 updates 25/3125 episodes, total num timesteps 41600/5000000, FPS 58.

incre win rate is 0.0.
eval win rate is 0.0.

 Map MMM2 Algo r_drbfn_v2 Exp v2_MMM2_5M_run3 updates 30/3125 episodes, total num timesteps 49600/5000000, FPS 57.

incre win rate is 0.0.

 Map MMM2 Algo r_drbfn_v2 Exp v2_MMM2_5M_run3 updates 35/3125 episodes, total num timesteps 57600/5000000, FPS 59.

incre win rate is 0.0.
[v2-shape step=40] R_mean=0.1890 | r_mean(mean,min,max)=(-0.0341,-0.1275,0.0878) | r_var_mean=0.000315 | shaping_abs=0.0599 | alpha=1.0
[v2-qdbg step=40] Q_tot(factual) sample: mean=0.0888, min=0.0710, max=0.1398 | counterfactual_r(cur step) mean=0.0189, min=0.0000, max=0.1176 | drbfn_loss=0.0380, qtot_loss=0.0247

 Map MMM2 Algo r_drbfn_v2 Exp v2_MMM2_5M_run3 updates 40/3125 episodes, total num timesteps 65600/5000000, FPS 60.

incre win rate is 0.0.

 Map MMM2 Algo r_drbfn_v2 Exp v2_MMM2_5M_run3 updates 45/3125 episodes, total num timesteps 73600/5000000, FPS 61.

incre win rate is 0.0.
[v2-shape step=50] R_mean=0.1285 | r_mean(mean,min,max)=(-0.0288,-0.1225,0.0859) | r_var_mean=0.000316 | shaping_abs=0.0537 | alpha=1.0
[v2-qdbg step=50] Q_tot(factual) sample: mean=0.1042, min=0.0708, max=0.1348 | counterfactual_r(cur step) mean=0.0128, min=0.0000, max=0.1146 | drbfn_loss=0.0254, qtot_loss=0.0144

 Map MMM2 Algo r_drbfn_v2 Exp v2_MMM2_5M_run3 updates 50/3125 episodes, total num timesteps 81600/5000000, FPS 62.

incre win rate is 0.0.
eval win rate is 0.0.

 Map MMM2 Algo r_drbfn_v2 Exp v2_MMM2_5M_run3 updates 55/3125 episodes, total num timesteps 89600/5000000, FPS 60.

incre win rate is 0.0.
[v2-shape step=60] R_mean=0.1607 | r_mean(mean,min,max)=(-0.0233,-0.1081,0.0853) | r_var_mean=0.000309 | shaping_abs=0.0470 | alpha=1.0
[v2-qdbg step=60] Q_tot(factual) sample: mean=0.1045, min=0.0884, max=0.1344 | counterfactual_r(cur step) mean=0.0161, min=0.0000, max=0.1093 | drbfn_loss=0.0239, qtot_loss=0.0159

 Map MMM2 Algo r_drbfn_v2 Exp v2_MMM2_5M_run3 updates 60/3125 episodes, total num timesteps 97600/5000000, FPS 61.

incre win rate is 0.0.

 Map MMM2 Algo r_drbfn_v2 Exp v2_MMM2_5M_run3 updates 65/3125 episodes, total num timesteps 105600/5000000, FPS 62.

incre win rate is 0.0.
[v2-shape step=70] R_mean=0.1200 | r_mean(mean,min,max)=(-0.0183,-0.1025,0.0830) | r_var_mean=0.000314 | shaping_abs=0.0406 | alpha=1.0
[v2-qdbg step=70] Q_tot(factual) sample: mean=0.1058, min=0.0874, max=0.1422 | counterfactual_r(cur step) mean=0.0120, min=0.0000, max=0.0911 | drbfn_loss=0.0156, qtot_loss=0.0107

 Map MMM2 Algo r_drbfn_v2 Exp v2_MMM2_5M_run3 updates 70/3125 episodes, total num timesteps 113600/5000000, FPS 62.

incre win rate is 0.0.

 Map MMM2 Algo r_drbfn_v2 Exp v2_MMM2_5M_run3 updates 75/3125 episodes, total num timesteps 121600/5000000, FPS 63.

incre win rate is 0.0.
eval win rate is 0.0.
[v2-shape step=80] R_mean=0.1005 | r_mean(mean,min,max)=(-0.0130,-0.0864,0.0818) | r_var_mean=0.000316 | shaping_abs=0.0340 | alpha=1.0
[v2-qdbg step=80] Q_tot(factual) sample: mean=0.1058, min=0.0458, max=0.1797 | counterfactual_r(cur step) mean=0.0101, min=0.0000, max=0.1062 | drbfn_loss=0.0106, qtot_loss=0.0084

 Map MMM2 Algo r_drbfn_v2 Exp v2_MMM2_5M_run3 updates 80/3125 episodes, total num timesteps 129600/5000000, FPS 62.

incre win rate is 0.0.

 Map MMM2 Algo r_drbfn_v2 Exp v2_MMM2_5M_run3 updates 85/3125 episodes, total num timesteps 137600/5000000, FPS 63.

incre win rate is 0.0.
[v2-shape step=90] R_mean=0.1056 | r_mean(mean,min,max)=(-0.0076,-0.0884,0.0806) | r_var_mean=0.000329 | shaping_abs=0.0275 | alpha=1.0
[v2-qdbg step=90] Q_tot(factual) sample: mean=0.0959, min=0.0751, max=0.1040 | counterfactual_r(cur step) mean=0.0106, min=0.0000, max=0.1085 | drbfn_loss=0.0083, qtot_loss=0.0087

 Map MMM2 Algo r_drbfn_v2 Exp v2_MMM2_5M_run3 updates 90/3125 episodes, total num timesteps 145600/5000000, FPS 64.

incre win rate is 0.0.

 Map MMM2 Algo r_drbfn_v2 Exp v2_MMM2_5M_run3 updates 95/3125 episodes, total num timesteps 153600/5000000, FPS 64.

incre win rate is 0.0.
[v2-shape step=100] R_mean=0.0827 | r_mean(mean,min,max)=(-0.0023,-0.0711,0.0745) | r_var_mean=0.000331 | shaping_abs=0.0224 | alpha=1.0
[v2-qdbg step=100] Q_tot(factual) sample: mean=0.1218, min=0.0924, max=0.1932 | counterfactual_r(cur step) mean=0.0083, min=0.0000, max=0.1245 | drbfn_loss=0.0046, qtot_loss=0.0071

 Map MMM2 Algo r_drbfn_v2 Exp v2_MMM2_5M_run3 updates 100/3125 episodes, total num timesteps 161600/5000000, FPS 65.

incre win rate is 0.0.
eval win rate is 0.0.

 Map MMM2 Algo r_drbfn_v2 Exp v2_MMM2_5M_run3 updates 105/3125 episodes, total num timesteps 169600/5000000, FPS 64.

incre win rate is 0.0.
[v2-shape step=110] R_mean=0.0770 | r_mean(mean,min,max)=(0.0036,-0.0635,0.0797) | r_var_mean=0.000337 | shaping_abs=0.0194 | alpha=1.0
[v2-qdbg step=110] Q_tot(factual) sample: mean=0.1346, min=0.0980, max=0.2084 | counterfactual_r(cur step) mean=0.0077, min=0.0000, max=0.1266 | drbfn_loss=0.0031, qtot_loss=0.0062

 Map MMM2 Algo r_drbfn_v2 Exp v2_MMM2_5M_run3 updates 110/3125 episodes, total num timesteps 177600/5000000, FPS 64.

incre win rate is 0.0.

 Map MMM2 Algo r_drbfn_v2 Exp v2_MMM2_5M_run3 updates 115/3125 episodes, total num timesteps 185600/5000000, FPS 65.

incre win rate is 0.0.
[v2-shape step=120] R_mean=0.0751 | r_mean(mean,min,max)=(0.0093,-0.0496,0.0714) | r_var_mean=0.000353 | shaping_abs=0.0188 | alpha=1.0
[v2-qdbg step=120] Q_tot(factual) sample: mean=0.1184, min=0.0996, max=0.2048 | counterfactual_r(cur step) mean=0.0075, min=0.0000, max=0.1065 | drbfn_loss=0.0025, qtot_loss=0.0062

 Map MMM2 Algo r_drbfn_v2 Exp v2_MMM2_5M_run3 updates 120/3125 episodes, total num timesteps 193600/5000000, FPS 66.

incre win rate is 0.0.

 Map MMM2 Algo r_drbfn_v2 Exp v2_MMM2_5M_run3 updates 125/3125 episodes, total num timesteps 201600/5000000, FPS 66.

incre win rate is 0.0.
eval win rate is 0.0.
[v2-shape step=130] R_mean=0.0803 | r_mean(mean,min,max)=(0.0148,-0.0432,0.0745) | r_var_mean=0.000353 | shaping_abs=0.0198 | alpha=1.0
[v2-qdbg step=130] Q_tot(factual) sample: mean=0.1040, min=0.0955, max=0.1080 | counterfactual_r(cur step) mean=0.0080, min=0.0000, max=0.1145 | drbfn_loss=0.0028, qtot_loss=0.0071

 Map MMM2 Algo r_drbfn_v2 Exp v2_MMM2_5M_run3 updates 130/3125 episodes, total num timesteps 209600/5000000, FPS 65.

incre win rate is 0.0.

 Map MMM2 Algo r_drbfn_v2 Exp v2_MMM2_5M_run3 updates 135/3125 episodes, total num timesteps 217600/5000000, FPS 65.

incre win rate is 0.0.
[v2-shape step=140] R_mean=0.0985 | r_mean(mean,min,max)=(0.0191,-0.0320,0.1013) | r_var_mean=0.000355 | shaping_abs=0.0209 | alpha=1.0
[v2-qdbg step=140] Q_tot(factual) sample: mean=0.1297, min=0.0967, max=0.2584 | counterfactual_r(cur step) mean=0.0098, min=0.0000, max=0.1339 | drbfn_loss=0.0034, qtot_loss=0.0089

 Map MMM2 Algo r_drbfn_v2 Exp v2_MMM2_5M_run3 updates 140/3125 episodes, total num timesteps 225600/5000000, FPS 66.

incre win rate is 0.0.

 Map MMM2 Algo r_drbfn_v2 Exp v2_MMM2_5M_run3 updates 145/3125 episodes, total num timesteps 233600/5000000, FPS 66.

incre win rate is 0.0.
[v2-shape step=150] R_mean=0.0927 | r_mean(mean,min,max)=(0.0223,-0.0286,0.1043) | r_var_mean=0.000352 | shaping_abs=0.0229 | alpha=1.0
[v2-qdbg step=150] Q_tot(factual) sample: mean=0.0996, min=0.0495, max=0.1160 | counterfactual_r(cur step) mean=0.0093, min=0.0000, max=0.1133 | drbfn_loss=0.0034, qtot_loss=0.0071

 Map MMM2 Algo r_drbfn_v2 Exp v2_MMM2_5M_run3 updates 150/3125 episodes, total num timesteps 241600/5000000, FPS 67.

incre win rate is 0.0.
eval win rate is 0.0.

 Map MMM2 Algo r_drbfn_v2 Exp v2_MMM2_5M_run3 updates 155/3125 episodes, total num timesteps 249600/5000000, FPS 66.

incre win rate is 0.0.
[v2-shape step=160] R_mean=0.0710 | r_mean(mean,min,max)=(0.0229,-0.0219,0.1023) | r_var_mean=0.000339 | shaping_abs=0.0232 | alpha=1.0
[v2-qdbg step=160] Q_tot(factual) sample: mean=0.1088, min=0.1010, max=0.1121 | counterfactual_r(cur step) mean=0.0071, min=0.0000, max=0.1047 | drbfn_loss=0.0034, qtot_loss=0.0059

 Map MMM2 Algo r_drbfn_v2 Exp v2_MMM2_5M_run3 updates 160/3125 episodes, total num timesteps 257600/5000000, FPS 66.

incre win rate is 0.0.

 Map MMM2 Algo r_drbfn_v2 Exp v2_MMM2_5M_run3 updates 165/3125 episodes, total num timesteps 265600/5000000, FPS 66.

incre win rate is 0.0.
[v2-shape step=170] R_mean=0.0711 | r_mean(mean,min,max)=(0.0227,-0.0287,0.0948) | r_var_mean=0.000332 | shaping_abs=0.0231 | alpha=1.0
[v2-qdbg step=170] Q_tot(factual) sample: mean=0.1124, min=0.0859, max=0.1527 | counterfactual_r(cur step) mean=0.0071, min=0.0000, max=0.1137 | drbfn_loss=0.0032, qtot_loss=0.0062

 Map MMM2 Algo r_drbfn_v2 Exp v2_MMM2_5M_run3 updates 170/3125 episodes, total num timesteps 273600/5000000, FPS 66.

incre win rate is 0.0.

 Map MMM2 Algo r_drbfn_v2 Exp v2_MMM2_5M_run3 updates 175/3125 episodes, total num timesteps 281600/5000000, FPS 66.

incre win rate is 0.0.
eval win rate is 0.0.
[v2-shape step=180] R_mean=0.0742 | r_mean(mean,min,max)=(0.0213,-0.0342,0.0956) | r_var_mean=0.000318 | shaping_abs=0.0220 | alpha=1.0
[v2-qdbg step=180] Q_tot(factual) sample: mean=0.1089, min=0.1002, max=0.1264 | counterfactual_r(cur step) mean=0.0074, min=0.0000, max=0.1281 | drbfn_loss=0.0029, qtot_loss=0.0060

 Map MMM2 Algo r_drbfn_v2 Exp v2_MMM2_5M_run3 updates 180/3125 episodes, total num timesteps 289600/5000000, FPS 66.

incre win rate is 0.0.

 Map MMM2 Algo r_drbfn_v2 Exp v2_MMM2_5M_run3 updates 185/3125 episodes, total num timesteps 297600/5000000, FPS 66.

incre win rate is 0.0.
[v2-shape step=190] R_mean=0.0604 | r_mean(mean,min,max)=(0.0185,-0.0296,0.0855) | r_var_mean=0.000300 | shaping_abs=0.0197 | alpha=1.0
[v2-qdbg step=190] Q_tot(factual) sample: mean=0.1135, min=0.1036, max=0.1252 | counterfactual_r(cur step) mean=0.0060, min=0.0000, max=0.1072 | drbfn_loss=0.0022, qtot_loss=0.0046

 Map MMM2 Algo r_drbfn_v2 Exp v2_MMM2_5M_run3 updates 190/3125 episodes, total num timesteps 305600/5000000, FPS 67.

incre win rate is 0.0.

 Map MMM2 Algo r_drbfn_v2 Exp v2_MMM2_5M_run3 updates 195/3125 episodes, total num timesteps 313600/5000000, FPS 67.

incre win rate is 0.0.
[v2-shape step=200] R_mean=0.0544 | r_mean(mean,min,max)=(0.0159,-0.0263,0.0778) | r_var_mean=0.000288 | shaping_abs=0.0179 | alpha=1.0
[v2-qdbg step=200] Q_tot(factual) sample: mean=0.1367, min=0.1081, max=0.2421 | counterfactual_r(cur step) mean=0.0054, min=0.0000, max=0.1248 | drbfn_loss=0.0021, qtot_loss=0.0062

 Map MMM2 Algo r_drbfn_v2 Exp v2_MMM2_5M_run3 updates 200/3125 episodes, total num timesteps 321600/5000000, FPS 67.

incre win rate is 0.0.
eval win rate is 0.0.

 Map MMM2 Algo r_drbfn_v2 Exp v2_MMM2_5M_run3 updates 205/3125 episodes, total num timesteps 329600/5000000, FPS 67.

incre win rate is 0.0.
[v2-shape step=210] R_mean=0.0569 | r_mean(mean,min,max)=(0.0139,-0.0335,0.0852) | r_var_mean=0.000268 | shaping_abs=0.0166 | alpha=1.0
[v2-qdbg step=210] Q_tot(factual) sample: mean=0.1586, min=0.1070, max=0.3518 | counterfactual_r(cur step) mean=0.0057, min=0.0000, max=0.0963 | drbfn_loss=0.0015, qtot_loss=0.0046

 Map MMM2 Algo r_drbfn_v2 Exp v2_MMM2_5M_run3 updates 210/3125 episodes, total num timesteps 337600/5000000, FPS 67.

incre win rate is 0.0.

 Map MMM2 Algo r_drbfn_v2 Exp v2_MMM2_5M_run3 updates 215/3125 episodes, total num timesteps 345600/5000000, FPS 67.

incre win rate is 0.0.
[v2-shape step=220] R_mean=0.0815 | r_mean(mean,min,max)=(0.0128,-0.0312,0.0839) | r_var_mean=0.000257 | shaping_abs=0.0159 | alpha=1.0
[v2-qdbg step=220] Q_tot(factual) sample: mean=0.1715, min=0.1125, max=0.3820 | counterfactual_r(cur step) mean=0.0082, min=0.0000, max=0.0940 | drbfn_loss=0.0019, qtot_loss=0.0068

 Map MMM2 Algo r_drbfn_v2 Exp v2_MMM2_5M_run3 updates 220/3125 episodes, total num timesteps 353600/5000000, FPS 67.

incre win rate is 0.0.

 Map MMM2 Algo r_drbfn_v2 Exp v2_MMM2_5M_run3 updates 225/3125 episodes, total num timesteps 361600/5000000, FPS 68.

incre win rate is 0.0.
eval win rate is 0.0.
[v2-shape step=230] R_mean=0.1230 | r_mean(mean,min,max)=(0.0131,-0.0285,0.0719) | r_var_mean=0.000247 | shaping_abs=0.0160 | alpha=1.0
[v2-qdbg step=230] Q_tot(factual) sample: mean=0.1167, min=0.0478, max=0.3045 | counterfactual_r(cur step) mean=0.0123, min=0.0000, max=0.1229 | drbfn_loss=0.0032, qtot_loss=0.0116

 Map MMM2 Algo r_drbfn_v2 Exp v2_MMM2_5M_run3 updates 230/3125 episodes, total num timesteps 369600/5000000, FPS 67.

incre win rate is 0.0.

 Map MMM2 Algo r_drbfn_v2 Exp v2_MMM2_5M_run3 updates 235/3125 episodes, total num timesteps 377600/5000000, FPS 68.

incre win rate is 0.0.
[v2-shape step=240] R_mean=0.0685 | r_mean(mean,min,max)=(0.0111,-0.0255,0.0693) | r_var_mean=0.000233 | shaping_abs=0.0137 | alpha=1.0
[v2-qdbg step=240] Q_tot(factual) sample: mean=0.0984, min=0.0451, max=0.1159 | counterfactual_r(cur step) mean=0.0069, min=0.0000, max=0.1264 | drbfn_loss=0.0015, qtot_loss=0.0055

 Map MMM2 Algo r_drbfn_v2 Exp v2_MMM2_5M_run3 updates 240/3125 episodes, total num timesteps 385600/5000000, FPS 68.

incre win rate is 0.0.

 Map MMM2 Algo r_drbfn_v2 Exp v2_MMM2_5M_run3 updates 245/3125 episodes, total num timesteps 393600/5000000, FPS 68.

incre win rate is 0.0.
[v2-shape step=250] R_mean=0.0853 | r_mean(mean,min,max)=(0.0119,-0.0244,0.0732) | r_var_mean=0.000222 | shaping_abs=0.0138 | alpha=1.0
[v2-qdbg step=250] Q_tot(factual) sample: mean=0.1179, min=0.1122, max=0.1266 | counterfactual_r(cur step) mean=0.0085, min=0.0000, max=0.1089 | drbfn_loss=0.0016, qtot_loss=0.0065

 Map MMM2 Algo r_drbfn_v2 Exp v2_MMM2_5M_run3 updates 250/3125 episodes, total num timesteps 401600/5000000, FPS 68.

incre win rate is 0.0.
eval win rate is 0.0.

 Map MMM2 Algo r_drbfn_v2 Exp v2_MMM2_5M_run3 updates 255/3125 episodes, total num timesteps 409600/5000000, FPS 68.

incre win rate is 0.0.
[v2-shape step=260] R_mean=0.0743 | r_mean(mean,min,max)=(0.0122,-0.0237,0.0741) | r_var_mean=0.000216 | shaping_abs=0.0136 | alpha=1.0
[v2-qdbg step=260] Q_tot(factual) sample: mean=0.1405, min=0.1058, max=0.2292 | counterfactual_r(cur step) mean=0.0074, min=0.0000, max=0.0977 | drbfn_loss=0.0014, qtot_loss=0.0060

 Map MMM2 Algo r_drbfn_v2 Exp v2_MMM2_5M_run3 updates 260/3125 episodes, total num timesteps 417600/5000000, FPS 68.

incre win rate is 0.0.

 Map MMM2 Algo r_drbfn_v2 Exp v2_MMM2_5M_run3 updates 265/3125 episodes, total num timesteps 425600/5000000, FPS 68.

incre win rate is 0.0.
[v2-shape step=270] R_mean=0.0790 | r_mean(mean,min,max)=(0.0129,-0.0240,0.0759) | r_var_mean=0.000209 | shaping_abs=0.0140 | alpha=1.0
[v2-qdbg step=270] Q_tot(factual) sample: mean=0.1744, min=0.1063, max=0.4196 | counterfactual_r(cur step) mean=0.0079, min=0.0000, max=0.0969 | drbfn_loss=0.0015, qtot_loss=0.0066

 Map MMM2 Algo r_drbfn_v2 Exp v2_MMM2_5M_run3 updates 270/3125 episodes, total num timesteps 433600/5000000, FPS 69.

incre win rate is 0.0.

 Map MMM2 Algo r_drbfn_v2 Exp v2_MMM2_5M_run3 updates 275/3125 episodes, total num timesteps 441600/5000000, FPS 69.

incre win rate is 0.0.
eval win rate is 0.0.
[v2-shape step=280] R_mean=0.0796 | r_mean(mean,min,max)=(0.0126,-0.0228,0.0795) | r_var_mean=0.000200 | shaping_abs=0.0135 | alpha=1.0
[v2-qdbg step=280] Q_tot(factual) sample: mean=0.2716, min=0.1196, max=0.5616 | counterfactual_r(cur step) mean=0.0080, min=0.0000, max=0.1038 | drbfn_loss=0.0017, qtot_loss=0.0056

 Map MMM2 Algo r_drbfn_v2 Exp v2_MMM2_5M_run3 updates 280/3125 episodes, total num timesteps 449600/5000000, FPS 68.

incre win rate is 0.0.

 Map MMM2 Algo r_drbfn_v2 Exp v2_MMM2_5M_run3 updates 285/3125 episodes, total num timesteps 457600/5000000, FPS 69.

incre win rate is 0.0.
[v2-shape step=290] R_mean=0.0765 | r_mean(mean,min,max)=(0.0130,-0.0230,0.0768) | r_var_mean=0.000195 | shaping_abs=0.0137 | alpha=1.0
[v2-qdbg step=290] Q_tot(factual) sample: mean=0.2066, min=0.0663, max=0.5262 | counterfactual_r(cur step) mean=0.0077, min=0.0000, max=0.1084 | drbfn_loss=0.0014, qtot_loss=0.0058

 Map MMM2 Algo r_drbfn_v2 Exp v2_MMM2_5M_run3 updates 290/3125 episodes, total num timesteps 465600/5000000, FPS 69.

incre win rate is 0.0.

 Map MMM2 Algo r_drbfn_v2 Exp v2_MMM2_5M_run3 updates 295/3125 episodes, total num timesteps 473600/5000000, FPS 69.

incre win rate is 0.0.
[v2-shape step=300] R_mean=0.0636 | r_mean(mean,min,max)=(0.0125,-0.0195,0.0847) | r_var_mean=0.000193 | shaping_abs=0.0132 | alpha=1.0
[v2-qdbg step=300] Q_tot(factual) sample: mean=0.1936, min=0.1185, max=0.3743 | counterfactual_r(cur step) mean=0.0064, min=0.0000, max=0.1026 | drbfn_loss=0.0011, qtot_loss=0.0045

 Map MMM2 Algo r_drbfn_v2 Exp v2_MMM2_5M_run3 updates 300/3125 episodes, total num timesteps 481600/5000000, FPS 69.

incre win rate is 0.0.
eval win rate is 0.0.

 Map MMM2 Algo r_drbfn_v2 Exp v2_MMM2_5M_run3 updates 305/3125 episodes, total num timesteps 489600/5000000, FPS 69.

incre win rate is 0.0.
[v2-shape step=310] R_mean=0.0793 | r_mean(mean,min,max)=(0.0129,-0.0369,0.0785) | r_var_mean=0.000184 | shaping_abs=0.0137 | alpha=1.0
[v2-qdbg step=310] Q_tot(factual) sample: mean=0.1181, min=0.1091, max=0.1300 | counterfactual_r(cur step) mean=0.0079, min=0.0000, max=0.0895 | drbfn_loss=0.0015, qtot_loss=0.0058

 Map MMM2 Algo r_drbfn_v2 Exp v2_MMM2_5M_run3 updates 310/3125 episodes, total num timesteps 497600/5000000, FPS 69.

incre win rate is 0.0.

 Map MMM2 Algo r_drbfn_v2 Exp v2_MMM2_5M_run3 updates 315/3125 episodes, total num timesteps 505600/5000000, FPS 69.

incre win rate is 0.0.
[v2-shape step=320] R_mean=0.0647 | r_mean(mean,min,max)=(0.0122,-0.0234,0.0820) | r_var_mean=0.000178 | shaping_abs=0.0130 | alpha=1.0
[v2-qdbg step=320] Q_tot(factual) sample: mean=0.1159, min=0.1100, max=0.1268 | counterfactual_r(cur step) mean=0.0065, min=0.0000, max=0.1127 | drbfn_loss=0.0012, qtot_loss=0.0052

 Map MMM2 Algo r_drbfn_v2 Exp v2_MMM2_5M_run3 updates 320/3125 episodes, total num timesteps 513600/5000000, FPS 69.

incre win rate is 0.0.

 Map MMM2 Algo r_drbfn_v2 Exp v2_MMM2_5M_run3 updates 325/3125 episodes, total num timesteps 521600/5000000, FPS 70.

incre win rate is 0.0.
eval win rate is 0.0.
[v2-shape step=330] R_mean=0.0906 | r_mean(mean,min,max)=(0.0135,-0.0209,0.0874) | r_var_mean=0.000180 | shaping_abs=0.0143 | alpha=1.0
[v2-qdbg step=330] Q_tot(factual) sample: mean=0.2979, min=0.0641, max=0.5693 | counterfactual_r(cur step) mean=0.0091, min=0.0000, max=0.1165 | drbfn_loss=0.0015, qtot_loss=0.0069

 Map MMM2 Algo r_drbfn_v2 Exp v2_MMM2_5M_run3 updates 330/3125 episodes, total num timesteps 529600/5000000, FPS 69.

incre win rate is 0.0.

 Map MMM2 Algo r_drbfn_v2 Exp v2_MMM2_5M_run3 updates 335/3125 episodes, total num timesteps 537600/5000000, FPS 69.

incre win rate is 0.0.
[v2-shape step=340] R_mean=0.0456 | r_mean(mean,min,max)=(0.0109,-0.0247,0.0715) | r_var_mean=0.000174 | shaping_abs=0.0118 | alpha=1.0
[v2-qdbg step=340] Q_tot(factual) sample: mean=0.1539, min=0.1116, max=0.3518 | counterfactual_r(cur step) mean=0.0046, min=0.0000, max=0.0906 | drbfn_loss=0.0007, qtot_loss=0.0033

 Map MMM2 Algo r_drbfn_v2 Exp v2_MMM2_5M_run3 updates 340/3125 episodes, total num timesteps 545600/5000000, FPS 69.

incre win rate is 0.0.

 Map MMM2 Algo r_drbfn_v2 Exp v2_MMM2_5M_run3 updates 345/3125 episodes, total num timesteps 553600/5000000, FPS 69.

incre win rate is 0.0.
[v2-shape step=350] R_mean=0.0553 | r_mean(mean,min,max)=(0.0108,-0.0228,0.0771) | r_var_mean=0.000168 | shaping_abs=0.0119 | alpha=1.0
[v2-qdbg step=350] Q_tot(factual) sample: mean=0.1387, min=0.1141, max=0.2429 | counterfactual_r(cur step) mean=0.0055, min=0.0000, max=0.1204 | drbfn_loss=0.0009, qtot_loss=0.0046

 Map MMM2 Algo r_drbfn_v2 Exp v2_MMM2_5M_run3 updates 350/3125 episodes, total num timesteps 561600/5000000, FPS 69.

incre win rate is 0.0.
eval win rate is 0.0.

 Map MMM2 Algo r_drbfn_v2 Exp v2_MMM2_5M_run3 updates 355/3125 episodes, total num timesteps 569600/5000000, FPS 69.

incre win rate is 0.0.
[v2-shape step=360] R_mean=0.0500 | r_mean(mean,min,max)=(0.0105,-0.0222,0.0784) | r_var_mean=0.000169 | shaping_abs=0.0116 | alpha=1.0
[v2-qdbg step=360] Q_tot(factual) sample: mean=0.1262, min=0.1141, max=0.1434 | counterfactual_r(cur step) mean=0.0050, min=0.0000, max=0.1091 | drbfn_loss=0.0008, qtot_loss=0.0041

 Map MMM2 Algo r_drbfn_v2 Exp v2_MMM2_5M_run3 updates 360/3125 episodes, total num timesteps 577600/5000000, FPS 69.

incre win rate is 0.0.

 Map MMM2 Algo r_drbfn_v2 Exp v2_MMM2_5M_run3 updates 365/3125 episodes, total num timesteps 585600/5000000, FPS 69.

incre win rate is 0.0.
[v2-shape step=370] R_mean=0.0801 | r_mean(mean,min,max)=(0.0123,-0.0203,0.0734) | r_var_mean=0.000168 | shaping_abs=0.0132 | alpha=1.0
[v2-qdbg step=370] Q_tot(factual) sample: mean=0.2463, min=0.0555, max=0.7019 | counterfactual_r(cur step) mean=0.0080, min=0.0000, max=0.1149 | drbfn_loss=0.0012, qtot_loss=0.0064

 Map MMM2 Algo r_drbfn_v2 Exp v2_MMM2_5M_run3 updates 370/3125 episodes, total num timesteps 593600/5000000, FPS 69.

incre win rate is 0.0.

 Map MMM2 Algo r_drbfn_v2 Exp v2_MMM2_5M_run3 updates 375/3125 episodes, total num timesteps 601600/5000000, FPS 70.

incre win rate is 0.0.
eval win rate is 0.0.
[v2-shape step=380] R_mean=0.0710 | r_mean(mean,min,max)=(0.0113,-0.0218,0.0772) | r_var_mean=0.000161 | shaping_abs=0.0123 | alpha=1.0
[v2-qdbg step=380] Q_tot(factual) sample: mean=0.2019, min=0.1146, max=0.5185 | counterfactual_r(cur step) mean=0.0071, min=0.0000, max=0.1221 | drbfn_loss=0.0013, qtot_loss=0.0066

 Map MMM2 Algo r_drbfn_v2 Exp v2_MMM2_5M_run3 updates 380/3125 episodes, total num timesteps 609600/5000000, FPS 69.

incre win rate is 0.0.

 Map MMM2 Algo r_drbfn_v2 Exp v2_MMM2_5M_run3 updates 385/3125 episodes, total num timesteps 617600/5000000, FPS 69.

incre win rate is 0.0.
[v2-shape step=390] R_mean=0.0647 | r_mean(mean,min,max)=(0.0116,-0.0187,0.0749) | r_var_mean=0.000159 | shaping_abs=0.0125 | alpha=1.0
[v2-qdbg step=390] Q_tot(factual) sample: mean=0.2283, min=0.1186, max=0.7541 | counterfactual_r(cur step) mean=0.0065, min=0.0000, max=0.0964 | drbfn_loss=0.0009, qtot_loss=0.0052

 Map MMM2 Algo r_drbfn_v2 Exp v2_MMM2_5M_run3 updates 390/3125 episodes, total num timesteps 625600/5000000, FPS 70.

incre win rate is 0.0.

 Map MMM2 Algo r_drbfn_v2 Exp v2_MMM2_5M_run3 updates 395/3125 episodes, total num timesteps 633600/5000000, FPS 70.

incre win rate is 0.0.
[v2-shape step=400] R_mean=0.0609 | r_mean(mean,min,max)=(0.0117,-0.0206,0.0852) | r_var_mean=0.000157 | shaping_abs=0.0125 | alpha=1.0
[v2-qdbg step=400] Q_tot(factual) sample: mean=0.1260, min=0.1159, max=0.1347 | counterfactual_r(cur step) mean=0.0061, min=0.0000, max=0.1176 | drbfn_loss=0.0010, qtot_loss=0.0056

 Map MMM2 Algo r_drbfn_v2 Exp v2_MMM2_5M_run3 updates 400/3125 episodes, total num timesteps 641600/5000000, FPS 70.

incre win rate is 0.0.
eval win rate is 0.0.

 Map MMM2 Algo r_drbfn_v2 Exp v2_MMM2_5M_run3 updates 405/3125 episodes, total num timesteps 649600/5000000, FPS 69.

incre win rate is 0.0.
[v2-shape step=410] R_mean=0.0630 | r_mean(mean,min,max)=(0.0116,-0.0209,0.0722) | r_var_mean=0.000153 | shaping_abs=0.0125 | alpha=1.0
[v2-qdbg step=410] Q_tot(factual) sample: mean=0.1326, min=0.1179, max=0.1555 | counterfactual_r(cur step) mean=0.0063, min=0.0000, max=0.1165 | drbfn_loss=0.0010, qtot_loss=0.0052

 Map MMM2 Algo r_drbfn_v2 Exp v2_MMM2_5M_run3 updates 410/3125 episodes, total num timesteps 657600/5000000, FPS 70.

incre win rate is 0.0.

 Map MMM2 Algo r_drbfn_v2 Exp v2_MMM2_5M_run3 updates 415/3125 episodes, total num timesteps 665600/5000000, FPS 70.

incre win rate is 0.0.
[v2-shape step=420] R_mean=0.0570 | r_mean(mean,min,max)=(0.0114,-0.0193,0.0725) | r_var_mean=0.000150 | shaping_abs=0.0122 | alpha=1.0
[v2-qdbg step=420] Q_tot(factual) sample: mean=0.1333, min=0.1204, max=0.1560 | counterfactual_r(cur step) mean=0.0057, min=0.0000, max=0.0871 | drbfn_loss=0.0007, qtot_loss=0.0041

 Map MMM2 Algo r_drbfn_v2 Exp v2_MMM2_5M_run3 updates 420/3125 episodes, total num timesteps 673600/5000000, FPS 70.

incre win rate is 0.0.

 Map MMM2 Algo r_drbfn_v2 Exp v2_MMM2_5M_run3 updates 425/3125 episodes, total num timesteps 681600/5000000, FPS 70.

incre win rate is 0.0.
eval win rate is 0.0.
[v2-shape step=430] R_mean=0.0507 | r_mean(mean,min,max)=(0.0110,-0.0221,0.0702) | r_var_mean=0.000149 | shaping_abs=0.0118 | alpha=1.0
[v2-qdbg step=430] Q_tot(factual) sample: mean=0.1294, min=0.1214, max=0.1422 | counterfactual_r(cur step) mean=0.0051, min=0.0000, max=0.1166 | drbfn_loss=0.0007, qtot_loss=0.0042

 Map MMM2 Algo r_drbfn_v2 Exp v2_MMM2_5M_run3 updates 430/3125 episodes, total num timesteps 689600/5000000, FPS 70.

incre win rate is 0.0.

 Map MMM2 Algo r_drbfn_v2 Exp v2_MMM2_5M_run3 updates 435/3125 episodes, total num timesteps 697600/5000000, FPS 70.

incre win rate is 0.0.
[v2-shape step=440] R_mean=0.0621 | r_mean(mean,min,max)=(0.0114,-0.0156,0.0797) | r_var_mean=0.000145 | shaping_abs=0.0123 | alpha=1.0
[v2-qdbg step=440] Q_tot(factual) sample: mean=0.1301, min=0.1183, max=0.1408 | counterfactual_r(cur step) mean=0.0062, min=0.0000, max=0.1038 | drbfn_loss=0.0007, qtot_loss=0.0047

 Map MMM2 Algo r_drbfn_v2 Exp v2_MMM2_5M_run3 updates 440/3125 episodes, total num timesteps 705600/5000000, FPS 70.

incre win rate is 0.0.

 Map MMM2 Algo r_drbfn_v2 Exp v2_MMM2_5M_run3 updates 445/3125 episodes, total num timesteps 713600/5000000, FPS 70.

incre win rate is 0.0.
[v2-shape step=450] R_mean=0.0722 | r_mean(mean,min,max)=(0.0121,-0.0197,0.0812) | r_var_mean=0.000145 | shaping_abs=0.0130 | alpha=1.0
[v2-qdbg step=450] Q_tot(factual) sample: mean=0.1140, min=0.0424, max=0.1400 | counterfactual_r(cur step) mean=0.0072, min=0.0000, max=0.1068 | drbfn_loss=0.0010, qtot_loss=0.0069

 Map MMM2 Algo r_drbfn_v2 Exp v2_MMM2_5M_run3 updates 450/3125 episodes, total num timesteps 721600/5000000, FPS 70.

incre win rate is 0.0.
eval win rate is 0.0.

 Map MMM2 Algo r_drbfn_v2 Exp v2_MMM2_5M_run3 updates 455/3125 episodes, total num timesteps 729600/5000000, FPS 70.

incre win rate is 0.0.
[v2-shape step=460] R_mean=0.0625 | r_mean(mean,min,max)=(0.0111,-0.0190,0.0772) | r_var_mean=0.000143 | shaping_abs=0.0121 | alpha=1.0
[v2-qdbg step=460] Q_tot(factual) sample: mean=0.1218, min=0.0586, max=0.1393 | counterfactual_r(cur step) mean=0.0063, min=0.0000, max=0.1252 | drbfn_loss=0.0009, qtot_loss=0.0057

 Map MMM2 Algo r_drbfn_v2 Exp v2_MMM2_5M_run3 updates 460/3125 episodes, total num timesteps 737600/5000000, FPS 70.

incre win rate is 0.0.

 Map MMM2 Algo r_drbfn_v2 Exp v2_MMM2_5M_run3 updates 465/3125 episodes, total num timesteps 745600/5000000, FPS 70.

incre win rate is 0.0.
[v2-shape step=470] R_mean=0.0840 | r_mean(mean,min,max)=(0.0125,-0.0198,0.0727) | r_var_mean=0.000137 | shaping_abs=0.0135 | alpha=1.0
[v2-qdbg step=470] Q_tot(factual) sample: mean=0.1398, min=0.0455, max=0.3268 | counterfactual_r(cur step) mean=0.0084, min=0.0000, max=0.1052 | drbfn_loss=0.0011, qtot_loss=0.0073

 Map MMM2 Algo r_drbfn_v2 Exp v2_MMM2_5M_run3 updates 470/3125 episodes, total num timesteps 753600/5000000, FPS 70.

incre win rate is 0.0.

 Map MMM2 Algo r_drbfn_v2 Exp v2_MMM2_5M_run3 updates 475/3125 episodes, total num timesteps 761600/5000000, FPS 70.

incre win rate is 0.0.
eval win rate is 0.0.
[v2-shape step=480] R_mean=0.0640 | r_mean(mean,min,max)=(0.0113,-0.0203,0.0755) | r_var_mean=0.000141 | shaping_abs=0.0124 | alpha=1.0
[v2-qdbg step=480] Q_tot(factual) sample: mean=0.1304, min=0.1233, max=0.1404 | counterfactual_r(cur step) mean=0.0064, min=0.0000, max=0.0996 | drbfn_loss=0.0008, qtot_loss=0.0053

 Map MMM2 Algo r_drbfn_v2 Exp v2_MMM2_5M_run3 updates 480/3125 episodes, total num timesteps 769600/5000000, FPS 70.

incre win rate is 0.0.

 Map MMM2 Algo r_drbfn_v2 Exp v2_MMM2_5M_run3 updates 485/3125 episodes, total num timesteps 777600/5000000, FPS 70.

incre win rate is 0.0.
[v2-shape step=490] R_mean=0.0737 | r_mean(mean,min,max)=(0.0121,-0.0233,0.0816) | r_var_mean=0.000138 | shaping_abs=0.0130 | alpha=1.0
[v2-qdbg step=490] Q_tot(factual) sample: mean=0.1318, min=0.1218, max=0.1483 | counterfactual_r(cur step) mean=0.0074, min=0.0000, max=0.0978 | drbfn_loss=0.0010, qtot_loss=0.0083

 Map MMM2 Algo r_drbfn_v2 Exp v2_MMM2_5M_run3 updates 490/3125 episodes, total num timesteps 785600/5000000, FPS 70.

incre win rate is 0.0.

 Map MMM2 Algo r_drbfn_v2 Exp v2_MMM2_5M_run3 updates 495/3125 episodes, total num timesteps 793600/5000000, FPS 70.

incre win rate is 0.0.
[v2-shape step=500] R_mean=0.0638 | r_mean(mean,min,max)=(0.0118,-0.0202,0.0781) | r_var_mean=0.000138 | shaping_abs=0.0127 | alpha=1.0
[v2-qdbg step=500] Q_tot(factual) sample: mean=0.1486, min=0.0675, max=0.3495 | counterfactual_r(cur step) mean=0.0064, min=0.0000, max=0.1071 | drbfn_loss=0.0008, qtot_loss=0.0060

 Map MMM2 Algo r_drbfn_v2 Exp v2_MMM2_5M_run3 updates 500/3125 episodes, total num timesteps 801600/5000000, FPS 70.

incre win rate is 0.0.
eval win rate is 0.0.

 Map MMM2 Algo r_drbfn_v2 Exp v2_MMM2_5M_run3 updates 505/3125 episodes, total num timesteps 809600/5000000, FPS 70.

incre win rate is 0.0.
[v2-shape step=510] R_mean=0.0728 | r_mean(mean,min,max)=(0.0117,-0.0194,0.0724) | r_var_mean=0.000134 | shaping_abs=0.0126 | alpha=1.0
[v2-qdbg step=510] Q_tot(factual) sample: mean=0.1286, min=0.1252, max=0.1343 | counterfactual_r(cur step) mean=0.0073, min=0.0000, max=0.1137 | drbfn_loss=0.0011, qtot_loss=0.0071

 Map MMM2 Algo r_drbfn_v2 Exp v2_MMM2_5M_run3 updates 510/3125 episodes, total num timesteps 817600/5000000, FPS 70.

incre win rate is 0.0.

 Map MMM2 Algo r_drbfn_v2 Exp v2_MMM2_5M_run3 updates 515/3125 episodes, total num timesteps 825600/5000000, FPS 70.

incre win rate is 0.0.
[v2-shape step=520] R_mean=0.0577 | r_mean(mean,min,max)=(0.0111,-0.0175,0.0775) | r_var_mean=0.000130 | shaping_abs=0.0119 | alpha=1.0
[v2-qdbg step=520] Q_tot(factual) sample: mean=0.1371, min=0.1257, max=0.1497 | counterfactual_r(cur step) mean=0.0058, min=0.0000, max=0.1138 | drbfn_loss=0.0008, qtot_loss=0.0057

 Map MMM2 Algo r_drbfn_v2 Exp v2_MMM2_5M_run3 updates 520/3125 episodes, total num timesteps 833600/5000000, FPS 70.

incre win rate is 0.0.

 Map MMM2 Algo r_drbfn_v2 Exp v2_MMM2_5M_run3 updates 525/3125 episodes, total num timesteps 841600/5000000, FPS 70.

incre win rate is 0.0.
eval win rate is 0.0.
[v2-shape step=530] R_mean=0.0736 | r_mean(mean,min,max)=(0.0126,-0.0225,0.0747) | r_var_mean=0.000131 | shaping_abs=0.0134 | alpha=1.0
[v2-qdbg step=530] Q_tot(factual) sample: mean=0.2519, min=0.0605, max=0.8431 | counterfactual_r(cur step) mean=0.0074, min=0.0000, max=0.1182 | drbfn_loss=0.0008, qtot_loss=0.0067

 Map MMM2 Algo r_drbfn_v2 Exp v2_MMM2_5M_run3 updates 530/3125 episodes, total num timesteps 849600/5000000, FPS 70.

incre win rate is 0.0.

 Map MMM2 Algo r_drbfn_v2 Exp v2_MMM2_5M_run3 updates 535/3125 episodes, total num timesteps 857600/5000000, FPS 70.

incre win rate is 0.0.
[v2-shape step=540] R_mean=0.0759 | r_mean(mean,min,max)=(0.0118,-0.0173,0.0718) | r_var_mean=0.000127 | shaping_abs=0.0126 | alpha=1.0
[v2-qdbg step=540] Q_tot(factual) sample: mean=0.2677, min=0.1247, max=0.7855 | counterfactual_r(cur step) mean=0.0076, min=0.0000, max=0.1131 | drbfn_loss=0.0010, qtot_loss=0.0068

 Map MMM2 Algo r_drbfn_v2 Exp v2_MMM2_5M_run3 updates 540/3125 episodes, total num timesteps 865600/5000000, FPS 70.

incre win rate is 0.0.

 Map MMM2 Algo r_drbfn_v2 Exp v2_MMM2_5M_run3 updates 545/3125 episodes, total num timesteps 873600/5000000, FPS 70.

incre win rate is 0.0.
[v2-shape step=550] R_mean=0.0941 | r_mean(mean,min,max)=(0.0135,-0.0209,0.0767) | r_var_mean=0.000129 | shaping_abs=0.0142 | alpha=1.0
[v2-qdbg step=550] Q_tot(factual) sample: mean=0.1243, min=0.0579, max=0.2186 | counterfactual_r(cur step) mean=0.0094, min=0.0000, max=0.1135 | drbfn_loss=0.0012, qtot_loss=0.0092

 Map MMM2 Algo r_drbfn_v2 Exp v2_MMM2_5M_run3 updates 550/3125 episodes, total num timesteps 881600/5000000, FPS 70.

incre win rate is 0.0.
eval win rate is 0.0.

 Map MMM2 Algo r_drbfn_v2 Exp v2_MMM2_5M_run3 updates 555/3125 episodes, total num timesteps 889600/5000000, FPS 70.

incre win rate is 0.0.
[v2-shape step=560] R_mean=0.0970 | r_mean(mean,min,max)=(0.0143,-0.0172,0.0748) | r_var_mean=0.000127 | shaping_abs=0.0150 | alpha=1.0
[v2-qdbg step=560] Q_tot(factual) sample: mean=0.2475, min=0.1346, max=1.0494 | counterfactual_r(cur step) mean=0.0097, min=0.0000, max=0.1127 | drbfn_loss=0.0011, qtot_loss=0.0080

 Map MMM2 Algo r_drbfn_v2 Exp v2_MMM2_5M_run3 updates 560/3125 episodes, total num timesteps 897600/5000000, FPS 70.

incre win rate is 0.0.

 Map MMM2 Algo r_drbfn_v2 Exp v2_MMM2_5M_run3 updates 565/3125 episodes, total num timesteps 905600/5000000, FPS 70.

incre win rate is 0.0.
[v2-shape step=570] R_mean=0.0825 | r_mean(mean,min,max)=(0.0133,-0.0178,0.0735) | r_var_mean=0.000127 | shaping_abs=0.0140 | alpha=1.0
[v2-qdbg step=570] Q_tot(factual) sample: mean=0.2103, min=0.1317, max=0.5624 | counterfactual_r(cur step) mean=0.0083, min=0.0000, max=0.1347 | drbfn_loss=0.0011, qtot_loss=0.0074

 Map MMM2 Algo r_drbfn_v2 Exp v2_MMM2_5M_run3 updates 570/3125 episodes, total num timesteps 913600/5000000, FPS 70.

incre win rate is 0.0.

 Map MMM2 Algo r_drbfn_v2 Exp v2_MMM2_5M_run3 updates 575/3125 episodes, total num timesteps 921600/5000000, FPS 71.

incre win rate is 0.0.
eval win rate is 0.0.
[v2-shape step=580] R_mean=0.0624 | r_mean(mean,min,max)=(0.0116,-0.0195,0.0813) | r_var_mean=0.000122 | shaping_abs=0.0123 | alpha=1.0
[v2-qdbg step=580] Q_tot(factual) sample: mean=0.1470, min=0.1371, max=0.1588 | counterfactual_r(cur step) mean=0.0062, min=0.0000, max=0.1164 | drbfn_loss=0.0009, qtot_loss=0.0056

 Map MMM2 Algo r_drbfn_v2 Exp v2_MMM2_5M_run3 updates 580/3125 episodes, total num timesteps 929600/5000000, FPS 70.

incre win rate is 0.0.

 Map MMM2 Algo r_drbfn_v2 Exp v2_MMM2_5M_run3 updates 585/3125 episodes, total num timesteps 937600/5000000, FPS 70.

incre win rate is 0.0.
[v2-shape step=590] R_mean=0.0767 | r_mean(mean,min,max)=(0.0119,-0.0174,0.0803) | r_var_mean=0.000123 | shaping_abs=0.0127 | alpha=1.0
[v2-qdbg step=590] Q_tot(factual) sample: mean=0.2099, min=0.1295, max=0.4685 | counterfactual_r(cur step) mean=0.0077, min=0.0000, max=0.0983 | drbfn_loss=0.0010, qtot_loss=0.0059

 Map MMM2 Algo r_drbfn_v2 Exp v2_MMM2_5M_run3 updates 590/3125 episodes, total num timesteps 945600/5000000, FPS 70.

incre win rate is 0.0.

 Map MMM2 Algo r_drbfn_v2 Exp v2_MMM2_5M_run3 updates 595/3125 episodes, total num timesteps 953600/5000000, FPS 71.

incre win rate is 0.0.
[v2-shape step=600] R_mean=0.0593 | r_mean(mean,min,max)=(0.0113,-0.0178,0.0705) | r_var_mean=0.000121 | shaping_abs=0.0121 | alpha=1.0
[v2-qdbg step=600] Q_tot(factual) sample: mean=0.1858, min=0.0487, max=0.5049 | counterfactual_r(cur step) mean=0.0059, min=0.0000, max=0.1046 | drbfn_loss=0.0007, qtot_loss=0.0058

 Map MMM2 Algo r_drbfn_v2 Exp v2_MMM2_5M_run3 updates 600/3125 episodes, total num timesteps 961600/5000000, FPS 71.

incre win rate is 0.0.
eval win rate is 0.0.

 Map MMM2 Algo r_drbfn_v2 Exp v2_MMM2_5M_run3 updates 605/3125 episodes, total num timesteps 969600/5000000, FPS 70.

incre win rate is 0.0.
[v2-shape step=610] R_mean=0.0513 | r_mean(mean,min,max)=(0.0104,-0.0198,0.0736) | r_var_mean=0.000118 | shaping_abs=0.0112 | alpha=1.0
[v2-qdbg step=610] Q_tot(factual) sample: mean=0.2419, min=0.1296, max=0.7554 | counterfactual_r(cur step) mean=0.0051, min=0.0000, max=0.0941 | drbfn_loss=0.0007, qtot_loss=0.0048

 Map MMM2 Algo r_drbfn_v2 Exp v2_MMM2_5M_run3 updates 610/3125 episodes, total num timesteps 977600/5000000, FPS 70.

incre win rate is 0.0.

 Map MMM2 Algo r_drbfn_v2 Exp v2_MMM2_5M_run3 updates 615/3125 episodes, total num timesteps 985600/5000000, FPS 71.

incre win rate is 0.0.
[v2-shape step=620] R_mean=0.0561 | r_mean(mean,min,max)=(0.0108,-0.0167,0.0687) | r_var_mean=0.000116 | shaping_abs=0.0117 | alpha=1.0
[v2-qdbg step=620] Q_tot(factual) sample: mean=0.4168, min=0.0652, max=0.9701 | counterfactual_r(cur step) mean=0.0056, min=0.0000, max=0.1160 | drbfn_loss=0.0007, qtot_loss=0.0055

 Map MMM2 Algo r_drbfn_v2 Exp v2_MMM2_5M_run3 updates 620/3125 episodes, total num timesteps 993600/5000000, FPS 71.

incre win rate is 0.0.

 Map MMM2 Algo r_drbfn_v2 Exp v2_MMM2_5M_run3 updates 625/3125 episodes, total num timesteps 1001600/5000000, FPS 71.

incre win rate is 0.0.
eval win rate is 0.0.
[v2-shape step=630] R_mean=0.0891 | r_mean(mean,min,max)=(0.0131,-0.0216,0.0766) | r_var_mean=0.000117 | shaping_abs=0.0138 | alpha=1.0
[v2-qdbg step=630] Q_tot(factual) sample: mean=0.1401, min=0.1383, max=0.1426 | counterfactual_r(cur step) mean=0.0089, min=0.0000, max=0.1292 | drbfn_loss=0.0011, qtot_loss=0.0086

 Map MMM2 Algo r_drbfn_v2 Exp v2_MMM2_5M_run3 updates 630/3125 episodes, total num timesteps 1009600/5000000, FPS 71.

incre win rate is 0.0.

 Map MMM2 Algo r_drbfn_v2 Exp v2_MMM2_5M_run3 updates 635/3125 episodes, total num timesteps 1017600/5000000, FPS 71.

incre win rate is 0.0.
[v2-shape step=640] R_mean=0.0744 | r_mean(mean,min,max)=(0.0121,-0.0255,0.0810) | r_var_mean=0.000115 | shaping_abs=0.0128 | alpha=1.0
[v2-qdbg step=640] Q_tot(factual) sample: mean=0.1440, min=0.1375, max=0.1561 | counterfactual_r(cur step) mean=0.0074, min=0.0000, max=0.0980 | drbfn_loss=0.0009, qtot_loss=0.0068

 Map MMM2 Algo r_drbfn_v2 Exp v2_MMM2_5M_run3 updates 640/3125 episodes, total num timesteps 1025600/5000000, FPS 71.

incre win rate is 0.0.

 Map MMM2 Algo r_drbfn_v2 Exp v2_MMM2_5M_run3 updates 645/3125 episodes, total num timesteps 1033600/5000000, FPS 71.

incre win rate is 0.0.
[v2-shape step=650] R_mean=0.0609 | r_mean(mean,min,max)=(0.0113,-0.0155,0.0733) | r_var_mean=0.000112 | shaping_abs=0.0120 | alpha=1.0
[v2-qdbg step=650] Q_tot(factual) sample: mean=0.1392, min=0.1331, max=0.1454 | counterfactual_r(cur step) mean=0.0061, min=0.0000, max=0.1113 | drbfn_loss=0.0007, qtot_loss=0.0055

 Map MMM2 Algo r_drbfn_v2 Exp v2_MMM2_5M_run3 updates 650/3125 episodes, total num timesteps 1041600/5000000, FPS 71.

incre win rate is 0.0.
eval win rate is 0.0.

 Map MMM2 Algo r_drbfn_v2 Exp v2_MMM2_5M_run3 updates 655/3125 episodes, total num timesteps 1049600/5000000, FPS 70.

incre win rate is 0.0.
[v2-shape step=660] R_mean=0.0641 | r_mean(mean,min,max)=(0.0112,-0.0178,0.0672) | r_var_mean=0.000113 | shaping_abs=0.0119 | alpha=1.0
[v2-qdbg step=660] Q_tot(factual) sample: mean=0.1642, min=0.0792, max=0.4337 | counterfactual_r(cur step) mean=0.0064, min=0.0000, max=0.1108 | drbfn_loss=0.0008, qtot_loss=0.0061

 Map MMM2 Algo r_drbfn_v2 Exp v2_MMM2_5M_run3 updates 660/3125 episodes, total num timesteps 1057600/5000000, FPS 70.

incre win rate is 0.0.

 Map MMM2 Algo r_drbfn_v2 Exp v2_MMM2_5M_run3 updates 665/3125 episodes, total num timesteps 1065600/5000000, FPS 71.

incre win rate is 0.0.
[v2-shape step=670] R_mean=0.0800 | r_mean(mean,min,max)=(0.0126,-0.0169,0.0789) | r_var_mean=0.000113 | shaping_abs=0.0133 | alpha=1.0
[v2-qdbg step=670] Q_tot(factual) sample: mean=0.2740, min=0.0566, max=0.8584 | counterfactual_r(cur step) mean=0.0080, min=0.0000, max=0.1268 | drbfn_loss=0.0010, qtot_loss=0.0081

 Map MMM2 Algo r_drbfn_v2 Exp v2_MMM2_5M_run3 updates 670/3125 episodes, total num timesteps 1073600/5000000, FPS 71.

incre win rate is 0.0.

 Map MMM2 Algo r_drbfn_v2 Exp v2_MMM2_5M_run3 updates 675/3125 episodes, total num timesteps 1081600/5000000, FPS 71.

incre win rate is 0.0.
eval win rate is 0.0.
[v2-shape step=680] R_mean=0.0521 | r_mean(mean,min,max)=(0.0106,-0.0250,0.0671) | r_var_mean=0.000110 | shaping_abs=0.0113 | alpha=1.0
[v2-qdbg step=680] Q_tot(factual) sample: mean=0.2835, min=0.1343, max=0.8613 | counterfactual_r(cur step) mean=0.0052, min=0.0000, max=0.0902 | drbfn_loss=0.0006, qtot_loss=0.0059

 Map MMM2 Algo r_drbfn_v2 Exp v2_MMM2_5M_run3 updates 680/3125 episodes, total num timesteps 1089600/5000000, FPS 70.

incre win rate is 0.0.

 Map MMM2 Algo r_drbfn_v2 Exp v2_MMM2_5M_run3 updates 685/3125 episodes, total num timesteps 1097600/5000000, FPS 71.

incre win rate is 0.0.
[v2-shape step=690] R_mean=0.0526 | r_mean(mean,min,max)=(0.0105,-0.0237,0.0657) | r_var_mean=0.000110 | shaping_abs=0.0112 | alpha=1.0
[v2-qdbg step=690] Q_tot(factual) sample: mean=0.1420, min=0.1350, max=0.1474 | counterfactual_r(cur step) mean=0.0053, min=0.0000, max=0.1055 | drbfn_loss=0.0006, qtot_loss=0.0054

 Map MMM2 Algo r_drbfn_v2 Exp v2_MMM2_5M_run3 updates 690/3125 episodes, total num timesteps 1105600/5000000, FPS 71.

incre win rate is 0.0.

 Map MMM2 Algo r_drbfn_v2 Exp v2_MMM2_5M_run3 updates 695/3125 episodes, total num timesteps 1113600/5000000, FPS 71.

incre win rate is 0.0.
[v2-shape step=700] R_mean=0.0631 | r_mean(mean,min,max)=(0.0109,-0.0180,0.0710) | r_var_mean=0.000106 | shaping_abs=0.0116 | alpha=1.0
[v2-qdbg step=700] Q_tot(factual) sample: mean=0.1769, min=0.0857, max=0.5913 | counterfactual_r(cur step) mean=0.0063, min=0.0000, max=0.0972 | drbfn_loss=0.0008, qtot_loss=0.0064

 Map MMM2 Algo r_drbfn_v2 Exp v2_MMM2_5M_run3 updates 700/3125 episodes, total num timesteps 1121600/5000000, FPS 71.

incre win rate is 0.0.
eval win rate is 0.0.

 Map MMM2 Algo r_drbfn_v2 Exp v2_MMM2_5M_run3 updates 705/3125 episodes, total num timesteps 1129600/5000000, FPS 71.

incre win rate is 0.0.
[v2-shape step=710] R_mean=0.0495 | r_mean(mean,min,max)=(0.0101,-0.0184,0.0717) | r_var_mean=0.000105 | shaping_abs=0.0108 | alpha=1.0
[v2-qdbg step=710] Q_tot(factual) sample: mean=0.1839, min=0.1361, max=0.3342 | counterfactual_r(cur step) mean=0.0050, min=0.0000, max=0.1027 | drbfn_loss=0.0006, qtot_loss=0.0053

 Map MMM2 Algo r_drbfn_v2 Exp v2_MMM2_5M_run3 updates 710/3125 episodes, total num timesteps 1137600/5000000, FPS 71.

incre win rate is 0.0.

 Map MMM2 Algo r_drbfn_v2 Exp v2_MMM2_5M_run3 updates 715/3125 episodes, total num timesteps 1145600/5000000, FPS 71.

incre win rate is 0.0.
[v2-shape step=720] R_mean=0.0658 | r_mean(mean,min,max)=(0.0109,-0.0167,0.0773) | r_var_mean=0.000104 | shaping_abs=0.0117 | alpha=1.0
[v2-qdbg step=720] Q_tot(factual) sample: mean=0.1514, min=0.1423, max=0.2146 | counterfactual_r(cur step) mean=0.0066, min=0.0000, max=0.1255 | drbfn_loss=0.0007, qtot_loss=0.0067

 Map MMM2 Algo r_drbfn_v2 Exp v2_MMM2_5M_run3 updates 720/3125 episodes, total num timesteps 1153600/5000000, FPS 71.

incre win rate is 0.0.

 Map MMM2 Algo r_drbfn_v2 Exp v2_MMM2_5M_run3 updates 725/3125 episodes, total num timesteps 1161600/5000000, FPS 71.

incre win rate is 0.0.
eval win rate is 0.0.
[v2-shape step=730] R_mean=0.0485 | r_mean(mean,min,max)=(0.0102,-0.0181,0.0725) | r_var_mean=0.000103 | shaping_abs=0.0109 | alpha=1.0
[v2-qdbg step=730] Q_tot(factual) sample: mean=0.1407, min=0.1373, max=0.1466 | counterfactual_r(cur step) mean=0.0049, min=0.0000, max=0.1115 | drbfn_loss=0.0006, qtot_loss=0.0053

 Map MMM2 Algo r_drbfn_v2 Exp v2_MMM2_5M_run3 updates 730/3125 episodes, total num timesteps 1169600/5000000, FPS 71.

incre win rate is 0.0.

 Map MMM2 Algo r_drbfn_v2 Exp v2_MMM2_5M_run3 updates 735/3125 episodes, total num timesteps 1177600/5000000, FPS 71.

incre win rate is 0.0.
[v2-shape step=740] R_mean=0.0819 | r_mean(mean,min,max)=(0.0123,-0.0179,0.0705) | r_var_mean=0.000103 | shaping_abs=0.0129 | alpha=1.0
[v2-qdbg step=740] Q_tot(factual) sample: mean=0.5859, min=0.1381, max=1.2777 | counterfactual_r(cur step) mean=0.0082, min=0.0000, max=0.1042 | drbfn_loss=0.0010, qtot_loss=0.0076

 Map MMM2 Algo r_drbfn_v2 Exp v2_MMM2_5M_run3 updates 740/3125 episodes, total num timesteps 1185600/5000000, FPS 71.

incre win rate is 0.0.

 Map MMM2 Algo r_drbfn_v2 Exp v2_MMM2_5M_run3 updates 745/3125 episodes, total num timesteps 1193600/5000000, FPS 71.

incre win rate is 0.0.
[v2-shape step=750] R_mean=0.0822 | r_mean(mean,min,max)=(0.0121,-0.0206,0.0706) | r_var_mean=0.000102 | shaping_abs=0.0127 | alpha=1.0
[v2-qdbg step=750] Q_tot(factual) sample: mean=0.5789, min=0.1652, max=0.9942 | counterfactual_r(cur step) mean=0.0082, min=0.0000, max=0.1157 | drbfn_loss=0.0011, qtot_loss=0.0085

 Map MMM2 Algo r_drbfn_v2 Exp v2_MMM2_5M_run3 updates 750/3125 episodes, total num timesteps 1201600/5000000, FPS 71.

incre win rate is 0.0.
eval win rate is 0.0.

 Map MMM2 Algo r_drbfn_v2 Exp v2_MMM2_5M_run3 updates 755/3125 episodes, total num timesteps 1209600/5000000, FPS 71.

incre win rate is 0.0.
[v2-shape step=760] R_mean=0.0678 | r_mean(mean,min,max)=(0.0116,-0.0171,0.0759) | r_var_mean=0.000102 | shaping_abs=0.0122 | alpha=1.0
[v2-qdbg step=760] Q_tot(factual) sample: mean=0.3081, min=0.1389, max=0.7872 | counterfactual_r(cur step) mean=0.0068, min=0.0000, max=0.1050 | drbfn_loss=0.0008, qtot_loss=0.0068

 Map MMM2 Algo r_drbfn_v2 Exp v2_MMM2_5M_run3 updates 760/3125 episodes, total num timesteps 1217600/5000000, FPS 71.

incre win rate is 0.0.

 Map MMM2 Algo r_drbfn_v2 Exp v2_MMM2_5M_run3 updates 765/3125 episodes, total num timesteps 1225600/5000000, FPS 71.

incre win rate is 0.0.
[v2-shape step=770] R_mean=0.0672 | r_mean(mean,min,max)=(0.0117,-0.0195,0.0754) | r_var_mean=0.000100 | shaping_abs=0.0123 | alpha=1.0
[v2-qdbg step=770] Q_tot(factual) sample: mean=0.1808, min=0.1452, max=0.6043 | counterfactual_r(cur step) mean=0.0067, min=0.0000, max=0.1166 | drbfn_loss=0.0007, qtot_loss=0.0064

 Map MMM2 Algo r_drbfn_v2 Exp v2_MMM2_5M_run3 updates 770/3125 episodes, total num timesteps 1233600/5000000, FPS 71.

incre win rate is 0.0.

 Map MMM2 Algo r_drbfn_v2 Exp v2_MMM2_5M_run3 updates 775/3125 episodes, total num timesteps 1241600/5000000, FPS 71.

incre win rate is 0.0.
eval win rate is 0.0.
[v2-shape step=780] R_mean=0.0528 | r_mean(mean,min,max)=(0.0109,-0.0161,0.0771) | r_var_mean=0.000098 | shaping_abs=0.0115 | alpha=1.0
[v2-qdbg step=780] Q_tot(factual) sample: mean=0.4948, min=0.1398, max=1.3406 | counterfactual_r(cur step) mean=0.0053, min=0.0000, max=0.1053 | drbfn_loss=0.0005, qtot_loss=0.0053

 Map MMM2 Algo r_drbfn_v2 Exp v2_MMM2_5M_run3 updates 780/3125 episodes, total num timesteps 1249600/5000000, FPS 71.

incre win rate is 0.0.

 Map MMM2 Algo r_drbfn_v2 Exp v2_MMM2_5M_run3 updates 785/3125 episodes, total num timesteps 1257600/5000000, FPS 71.

incre win rate is 0.0.
[v2-shape step=790] R_mean=0.0555 | r_mean(mean,min,max)=(0.0111,-0.0195,0.0698) | r_var_mean=0.000100 | shaping_abs=0.0117 | alpha=1.0
[v2-qdbg step=790] Q_tot(factual) sample: mean=0.1857, min=0.0705, max=0.7191 | counterfactual_r(cur step) mean=0.0056, min=0.0000, max=0.1018 | drbfn_loss=0.0007, qtot_loss=0.0066

 Map MMM2 Algo r_drbfn_v2 Exp v2_MMM2_5M_run3 updates 790/3125 episodes, total num timesteps 1265600/5000000, FPS 71.

incre win rate is 0.0.

 Map MMM2 Algo r_drbfn_v2 Exp v2_MMM2_5M_run3 updates 795/3125 episodes, total num timesteps 1273600/5000000, FPS 71.

incre win rate is 0.0.
[v2-shape step=800] R_mean=0.0757 | r_mean(mean,min,max)=(0.0121,-0.0201,0.0768) | r_var_mean=0.000099 | shaping_abs=0.0127 | alpha=1.0
[v2-qdbg step=800] Q_tot(factual) sample: mean=0.3303, min=0.1042, max=0.9963 | counterfactual_r(cur step) mean=0.0076, min=0.0000, max=0.1343 | drbfn_loss=0.0008, qtot_loss=0.0077

 Map MMM2 Algo r_drbfn_v2 Exp v2_MMM2_5M_run3 updates 800/3125 episodes, total num timesteps 1281600/5000000, FPS 71.

incre win rate is 0.0.
eval win rate is 0.0.

 Map MMM2 Algo r_drbfn_v2 Exp v2_MMM2_5M_run3 updates 805/3125 episodes, total num timesteps 1289600/5000000, FPS 71.

incre win rate is 0.0.
[v2-shape step=810] R_mean=0.0576 | r_mean(mean,min,max)=(0.0104,-0.0178,0.0849) | r_var_mean=0.000097 | shaping_abs=0.0111 | alpha=1.0
[v2-qdbg step=810] Q_tot(factual) sample: mean=0.2044, min=0.1415, max=0.5587 | counterfactual_r(cur step) mean=0.0058, min=0.0000, max=0.1282 | drbfn_loss=0.0006, qtot_loss=0.0063

 Map MMM2 Algo r_drbfn_v2 Exp v2_MMM2_5M_run3 updates 810/3125 episodes, total num timesteps 1297600/5000000, FPS 71.

incre win rate is 0.0.

 Map MMM2 Algo r_drbfn_v2 Exp v2_MMM2_5M_run3 updates 815/3125 episodes, total num timesteps 1305600/5000000, FPS 71.

incre win rate is 0.0.
[v2-shape step=820] R_mean=0.0767 | r_mean(mean,min,max)=(0.0114,-0.0215,0.0760) | r_var_mean=0.000097 | shaping_abs=0.0122 | alpha=1.0
[v2-qdbg step=820] Q_tot(factual) sample: mean=0.6884, min=0.1422, max=1.6465 | counterfactual_r(cur step) mean=0.0077, min=0.0000, max=0.1166 | drbfn_loss=0.0007, qtot_loss=0.0069

 Map MMM2 Algo r_drbfn_v2 Exp v2_MMM2_5M_run3 updates 820/3125 episodes, total num timesteps 1313600/5000000, FPS 71.

incre win rate is 0.0.

 Map MMM2 Algo r_drbfn_v2 Exp v2_MMM2_5M_run3 updates 825/3125 episodes, total num timesteps 1321600/5000000, FPS 71.

incre win rate is 0.0.
eval win rate is 0.0.
[v2-shape step=830] R_mean=0.0674 | r_mean(mean,min,max)=(0.0101,-0.0220,0.0806) | r_var_mean=0.000095 | shaping_abs=0.0109 | alpha=1.0
[v2-qdbg step=830] Q_tot(factual) sample: mean=0.2349, min=0.1427, max=0.6755 | counterfactual_r(cur step) mean=0.0067, min=0.0000, max=0.1299 | drbfn_loss=0.0008, qtot_loss=0.0085

 Map MMM2 Algo r_drbfn_v2 Exp v2_MMM2_5M_run3 updates 830/3125 episodes, total num timesteps 1329600/5000000, FPS 71.

incre win rate is 0.0.

 Map MMM2 Algo r_drbfn_v2 Exp v2_MMM2_5M_run3 updates 835/3125 episodes, total num timesteps 1337600/5000000, FPS 71.

incre win rate is 0.0.
[v2-shape step=840] R_mean=0.0614 | r_mean(mean,min,max)=(0.0111,-0.0150,0.0772) | r_var_mean=0.000098 | shaping_abs=0.0118 | alpha=1.0
[v2-qdbg step=840] Q_tot(factual) sample: mean=0.4682, min=0.1433, max=1.7518 | counterfactual_r(cur step) mean=0.0061, min=0.0000, max=0.1195 | drbfn_loss=0.0007, qtot_loss=0.0058

 Map MMM2 Algo r_drbfn_v2 Exp v2_MMM2_5M_run3 updates 840/3125 episodes, total num timesteps 1345600/5000000, FPS 71.

incre win rate is 0.0.

 Map MMM2 Algo r_drbfn_v2 Exp v2_MMM2_5M_run3 updates 845/3125 episodes, total num timesteps 1353600/5000000, FPS 71.

incre win rate is 0.0.
[v2-shape step=850] R_mean=0.0720 | r_mean(mean,min,max)=(0.0119,-0.0125,0.0755) | r_var_mean=0.000095 | shaping_abs=0.0125 | alpha=1.0
[v2-qdbg step=850] Q_tot(factual) sample: mean=0.1485, min=0.1439, max=0.1556 | counterfactual_r(cur step) mean=0.0072, min=0.0000, max=0.1067 | drbfn_loss=0.0007, qtot_loss=0.0061

 Map MMM2 Algo r_drbfn_v2 Exp v2_MMM2_5M_run3 updates 850/3125 episodes, total num timesteps 1361600/5000000, FPS 71.

incre win rate is 0.0.
eval win rate is 0.0.

 Map MMM2 Algo r_drbfn_v2 Exp v2_MMM2_5M_run3 updates 855/3125 episodes, total num timesteps 1369600/5000000, FPS 71.

incre win rate is 0.0.
[v2-shape step=860] R_mean=0.0672 | r_mean(mean,min,max)=(0.0114,-0.0210,0.0702) | r_var_mean=0.000097 | shaping_abs=0.0119 | alpha=1.0
[v2-qdbg step=860] Q_tot(factual) sample: mean=0.2027, min=0.1525, max=0.3965 | counterfactual_r(cur step) mean=0.0067, min=0.0000, max=0.1085 | drbfn_loss=0.0007, qtot_loss=0.0065

 Map MMM2 Algo r_drbfn_v2 Exp v2_MMM2_5M_run3 updates 860/3125 episodes, total num timesteps 1377600/5000000, FPS 71.

incre win rate is 0.0.

 Map MMM2 Algo r_drbfn_v2 Exp v2_MMM2_5M_run3 updates 865/3125 episodes, total num timesteps 1385600/5000000, FPS 71.

incre win rate is 0.0.
[v2-shape step=870] R_mean=0.0618 | r_mean(mean,min,max)=(0.0110,-0.0174,0.0778) | r_var_mean=0.000094 | shaping_abs=0.0115 | alpha=1.0
[v2-qdbg step=870] Q_tot(factual) sample: mean=0.1488, min=0.1451, max=0.1567 | counterfactual_r(cur step) mean=0.0062, min=0.0000, max=0.1132 | drbfn_loss=0.0006, qtot_loss=0.0067

 Map MMM2 Algo r_drbfn_v2 Exp v2_MMM2_5M_run3 updates 870/3125 episodes, total num timesteps 1393600/5000000, FPS 71.

incre win rate is 0.0.

 Map MMM2 Algo r_drbfn_v2 Exp v2_MMM2_5M_run3 updates 875/3125 episodes, total num timesteps 1401600/5000000, FPS 71.

incre win rate is 0.0.
eval win rate is 0.0.
[v2-shape step=880] R_mean=0.0543 | r_mean(mean,min,max)=(0.0103,-0.0232,0.0746) | r_var_mean=0.000093 | shaping_abs=0.0109 | alpha=1.0
[v2-qdbg step=880] Q_tot(factual) sample: mean=0.1565, min=0.1475, max=0.1776 | counterfactual_r(cur step) mean=0.0054, min=0.0000, max=0.1018 | drbfn_loss=0.0006, qtot_loss=0.0060

 Map MMM2 Algo r_drbfn_v2 Exp v2_MMM2_5M_run3 updates 880/3125 episodes, total num timesteps 1409600/5000000, FPS 71.

incre win rate is 0.0.

 Map MMM2 Algo r_drbfn_v2 Exp v2_MMM2_5M_run3 updates 885/3125 episodes, total num timesteps 1417600/5000000, FPS 71.

incre win rate is 0.0.
[v2-shape step=890] R_mean=0.0588 | r_mean(mean,min,max)=(0.0115,-0.0212,0.0754) | r_var_mean=0.000094 | shaping_abs=0.0121 | alpha=1.0
[v2-qdbg step=890] Q_tot(factual) sample: mean=0.1784, min=0.1461, max=0.2205 | counterfactual_r(cur step) mean=0.0059, min=0.0000, max=0.1019 | drbfn_loss=0.0006, qtot_loss=0.0085

 Map MMM2 Algo r_drbfn_v2 Exp v2_MMM2_5M_run3 updates 890/3125 episodes, total num timesteps 1425600/5000000, FPS 71.

incre win rate is 0.0.

 Map MMM2 Algo r_drbfn_v2 Exp v2_MMM2_5M_run3 updates 895/3125 episodes, total num timesteps 1433600/5000000, FPS 71.

incre win rate is 0.0.
[v2-shape step=900] R_mean=0.0651 | r_mean(mean,min,max)=(0.0112,-0.0194,0.0704) | r_var_mean=0.000093 | shaping_abs=0.0118 | alpha=1.0
[v2-qdbg step=900] Q_tot(factual) sample: mean=0.5958, min=0.1468, max=1.5669 | counterfactual_r(cur step) mean=0.0065, min=0.0000, max=0.1054 | drbfn_loss=0.0006, qtot_loss=0.0073

 Map MMM2 Algo r_drbfn_v2 Exp v2_MMM2_5M_run3 updates 900/3125 episodes, total num timesteps 1441600/5000000, FPS 71.

incre win rate is 0.0.
eval win rate is 0.0.

 Map MMM2 Algo r_drbfn_v2 Exp v2_MMM2_5M_run3 updates 905/3125 episodes, total num timesteps 1449600/5000000, FPS 71.

incre win rate is 0.0.
[v2-shape step=910] R_mean=0.0472 | r_mean(mean,min,max)=(0.0097,-0.0169,0.0761) | r_var_mean=0.000092 | shaping_abs=0.0104 | alpha=1.0
[v2-qdbg step=910] Q_tot(factual) sample: mean=0.4438, min=0.1474, max=1.5635 | counterfactual_r(cur step) mean=0.0047, min=0.0000, max=0.0993 | drbfn_loss=0.0004, qtot_loss=0.0057

 Map MMM2 Algo r_drbfn_v2 Exp v2_MMM2_5M_run3 updates 910/3125 episodes, total num timesteps 1457600/5000000, FPS 71.

incre win rate is 0.0.

 Map MMM2 Algo r_drbfn_v2 Exp v2_MMM2_5M_run3 updates 915/3125 episodes, total num timesteps 1465600/5000000, FPS 71.

incre win rate is 0.0.
[v2-shape step=920] R_mean=0.0715 | r_mean(mean,min,max)=(0.0109,-0.0180,0.0786) | r_var_mean=0.000091 | shaping_abs=0.0117 | alpha=1.0
[v2-qdbg step=920] Q_tot(factual) sample: mean=0.1598, min=0.1555, max=0.2128 | counterfactual_r(cur step) mean=0.0072, min=0.0000, max=0.1043 | drbfn_loss=0.0006, qtot_loss=0.0075

 Map MMM2 Algo r_drbfn_v2 Exp v2_MMM2_5M_run3 updates 920/3125 episodes, total num timesteps 1473600/5000000, FPS 71.

incre win rate is 0.0.

 Map MMM2 Algo r_drbfn_v2 Exp v2_MMM2_5M_run3 updates 925/3125 episodes, total num timesteps 1481600/5000000, FPS 71.

incre win rate is 0.0.
eval win rate is 0.0.
[v2-shape step=930] R_mean=0.0585 | r_mean(mean,min,max)=(0.0103,-0.0200,0.0753) | r_var_mean=0.000090 | shaping_abs=0.0111 | alpha=1.0
[v2-qdbg step=930] Q_tot(factual) sample: mean=0.1621, min=0.1487, max=0.1863 | counterfactual_r(cur step) mean=0.0058, min=0.0000, max=0.1079 | drbfn_loss=0.0005, qtot_loss=0.0062

 Map MMM2 Algo r_drbfn_v2 Exp v2_MMM2_5M_run3 updates 930/3125 episodes, total num timesteps 1489600/5000000, FPS 71.

incre win rate is 0.0.

 Map MMM2 Algo r_drbfn_v2 Exp v2_MMM2_5M_run3 updates 935/3125 episodes, total num timesteps 1497600/5000000, FPS 71.

incre win rate is 0.0.
[v2-shape step=940] R_mean=0.0602 | r_mean(mean,min,max)=(0.0103,-0.0155,0.0752) | r_var_mean=0.000088 | shaping_abs=0.0110 | alpha=1.0
[v2-qdbg step=940] Q_tot(factual) sample: mean=0.4773, min=0.1567, max=1.5374 | counterfactual_r(cur step) mean=0.0060, min=0.0000, max=0.1015 | drbfn_loss=0.0005, qtot_loss=0.0063

 Map MMM2 Algo r_drbfn_v2 Exp v2_MMM2_5M_run3 updates 940/3125 episodes, total num timesteps 1505600/5000000, FPS 71.

incre win rate is 0.0.

 Map MMM2 Algo r_drbfn_v2 Exp v2_MMM2_5M_run3 updates 945/3125 episodes, total num timesteps 1513600/5000000, FPS 71.

incre win rate is 0.0.
[v2-shape step=950] R_mean=0.0842 | r_mean(mean,min,max)=(0.0126,-0.0196,0.0717) | r_var_mean=0.000090 | shaping_abs=0.0131 | alpha=1.0
[v2-qdbg step=950] Q_tot(factual) sample: mean=0.7260, min=0.1501, max=1.5116 | counterfactual_r(cur step) mean=0.0084, min=0.0000, max=0.1157 | drbfn_loss=0.0008, qtot_loss=0.0099

 Map MMM2 Algo r_drbfn_v2 Exp v2_MMM2_5M_run3 updates 950/3125 episodes, total num timesteps 1521600/5000000, FPS 71.

incre win rate is 0.0.
eval win rate is 0.0.

 Map MMM2 Algo r_drbfn_v2 Exp v2_MMM2_5M_run3 updates 955/3125 episodes, total num timesteps 1529600/5000000, FPS 71.

incre win rate is 0.0.
[v2-shape step=960] R_mean=0.0461 | r_mean(mean,min,max)=(0.0101,-0.0152,0.0793) | r_var_mean=0.000087 | shaping_abs=0.0107 | alpha=1.0
[v2-qdbg step=960] Q_tot(factual) sample: mean=0.1627, min=0.0982, max=0.3113 | counterfactual_r(cur step) mean=0.0046, min=0.0000, max=0.1003 | drbfn_loss=0.0004, qtot_loss=0.0057

 Map MMM2 Algo r_drbfn_v2 Exp v2_MMM2_5M_run3 updates 960/3125 episodes, total num timesteps 1537600/5000000, FPS 71.

incre win rate is 0.0.

 Map MMM2 Algo r_drbfn_v2 Exp v2_MMM2_5M_run3 updates 965/3125 episodes, total num timesteps 1545600/5000000, FPS 71.

incre win rate is 0.0.
[v2-shape step=970] R_mean=0.0532 | r_mean(mean,min,max)=(0.0102,-0.0165,0.0715) | r_var_mean=0.000087 | shaping_abs=0.0108 | alpha=1.0
[v2-qdbg step=970] Q_tot(factual) sample: mean=0.2714, min=0.1539, max=1.2563 | counterfactual_r(cur step) mean=0.0053, min=0.0000, max=0.1047 | drbfn_loss=0.0005, qtot_loss=0.0056

 Map MMM2 Algo r_drbfn_v2 Exp v2_MMM2_5M_run3 updates 970/3125 episodes, total num timesteps 1553600/5000000, FPS 71.

incre win rate is 0.0.

 Map MMM2 Algo r_drbfn_v2 Exp v2_MMM2_5M_run3 updates 975/3125 episodes, total num timesteps 1561600/5000000, FPS 72.

incre win rate is 0.0.
eval win rate is 0.0.
[v2-shape step=980] R_mean=0.1030 | r_mean(mean,min,max)=(0.0138,-0.0175,0.0778) | r_var_mean=0.000088 | shaping_abs=0.0143 | alpha=1.0
[v2-qdbg step=980] Q_tot(factual) sample: mean=0.6882, min=0.1589, max=1.6610 | counterfactual_r(cur step) mean=0.0103, min=0.0000, max=0.1172 | drbfn_loss=0.0009, qtot_loss=0.0116

 Map MMM2 Algo r_drbfn_v2 Exp v2_MMM2_5M_run3 updates 980/3125 episodes, total num timesteps 1569600/5000000, FPS 71.

incre win rate is 0.0.

 Map MMM2 Algo r_drbfn_v2 Exp v2_MMM2_5M_run3 updates 985/3125 episodes, total num timesteps 1577600/5000000, FPS 71.

incre win rate is 0.0.
[v2-shape step=990] R_mean=0.0650 | r_mean(mean,min,max)=(0.0110,-0.0156,0.0708) | r_var_mean=0.000086 | shaping_abs=0.0116 | alpha=1.0
[v2-qdbg step=990] Q_tot(factual) sample: mean=0.1712, min=0.0801, max=0.2221 | counterfactual_r(cur step) mean=0.0065, min=0.0000, max=0.1194 | drbfn_loss=0.0005, qtot_loss=0.0071

 Map MMM2 Algo r_drbfn_v2 Exp v2_MMM2_5M_run3 updates 990/3125 episodes, total num timesteps 1585600/5000000, FPS 71.

incre win rate is 0.0.

 Map MMM2 Algo r_drbfn_v2 Exp v2_MMM2_5M_run3 updates 995/3125 episodes, total num timesteps 1593600/5000000, FPS 71.

incre win rate is 0.0.
[v2-shape step=1000] R_mean=0.0771 | r_mean(mean,min,max)=(0.0121,-0.0157,0.0791) | r_var_mean=0.000088 | shaping_abs=0.0126 | alpha=1.0
[v2-qdbg step=1000] Q_tot(factual) sample: mean=0.3592, min=0.1102, max=1.6264 | counterfactual_r(cur step) mean=0.0077, min=0.0000, max=0.1124 | drbfn_loss=0.0007, qtot_loss=0.0082

 Map MMM2 Algo r_drbfn_v2 Exp v2_MMM2_5M_run3 updates 1000/3125 episodes, total num timesteps 1601600/5000000, FPS 71.

incre win rate is 0.0.
eval win rate is 0.0.

 Map MMM2 Algo r_drbfn_v2 Exp v2_MMM2_5M_run3 updates 1005/3125 episodes, total num timesteps 1609600/5000000, FPS 71.

incre win rate is 0.0.
[v2-shape step=1010] R_mean=0.0635 | r_mean(mean,min,max)=(0.0113,-0.0160,0.0937) | r_var_mean=0.000088 | shaping_abs=0.0119 | alpha=1.0
[v2-qdbg step=1010] Q_tot(factual) sample: mean=0.3255, min=0.1609, max=1.2731 | counterfactual_r(cur step) mean=0.0064, min=0.0000, max=0.1272 | drbfn_loss=0.0006, qtot_loss=0.0072

 Map MMM2 Algo r_drbfn_v2 Exp v2_MMM2_5M_run3 updates 1010/3125 episodes, total num timesteps 1617600/5000000, FPS 71.

incre win rate is 0.0.

 Map MMM2 Algo r_drbfn_v2 Exp v2_MMM2_5M_run3 updates 1015/3125 episodes, total num timesteps 1625600/5000000, FPS 71.

incre win rate is 0.0.
[v2-shape step=1020] R_mean=0.0673 | r_mean(mean,min,max)=(0.0114,-0.0156,0.0823) | r_var_mean=0.000086 | shaping_abs=0.0120 | alpha=1.0
[v2-qdbg step=1020] Q_tot(factual) sample: mean=0.4769, min=0.1597, max=1.5157 | counterfactual_r(cur step) mean=0.0067, min=0.0000, max=0.1260 | drbfn_loss=0.0006, qtot_loss=0.0080

 Map MMM2 Algo r_drbfn_v2 Exp v2_MMM2_5M_run3 updates 1020/3125 episodes, total num timesteps 1633600/5000000, FPS 71.

incre win rate is 0.0.

 Map MMM2 Algo r_drbfn_v2 Exp v2_MMM2_5M_run3 updates 1025/3125 episodes, total num timesteps 1641600/5000000, FPS 71.

incre win rate is 0.0.
eval win rate is 0.0.
[v2-shape step=1030] R_mean=0.0567 | r_mean(mean,min,max)=(0.0102,-0.0221,0.0779) | r_var_mean=0.000085 | shaping_abs=0.0109 | alpha=1.0
[v2-qdbg step=1030] Q_tot(factual) sample: mean=0.4776, min=0.1621, max=1.6922 | counterfactual_r(cur step) mean=0.0057, min=0.0000, max=0.1193 | drbfn_loss=0.0004, qtot_loss=0.0056

 Map MMM2 Algo r_drbfn_v2 Exp v2_MMM2_5M_run3 updates 1030/3125 episodes, total num timesteps 1649600/5000000, FPS 71.

incre win rate is 0.0.

 Map MMM2 Algo r_drbfn_v2 Exp v2_MMM2_5M_run3 updates 1035/3125 episodes, total num timesteps 1657600/5000000, FPS 71.

incre win rate is 0.0.
[v2-shape step=1040] R_mean=0.0567 | r_mean(mean,min,max)=(0.0101,-0.0151,0.0762) | r_var_mean=0.000086 | shaping_abs=0.0107 | alpha=1.0
[v2-qdbg step=1040] Q_tot(factual) sample: mean=0.2461, min=0.1543, max=1.0868 | counterfactual_r(cur step) mean=0.0057, min=0.0000, max=0.0971 | drbfn_loss=0.0004, qtot_loss=0.0057

 Map MMM2 Algo r_drbfn_v2 Exp v2_MMM2_5M_run3 updates 1040/3125 episodes, total num timesteps 1665600/5000000, FPS 71.

incre win rate is 0.0.

 Map MMM2 Algo r_drbfn_v2 Exp v2_MMM2_5M_run3 updates 1045/3125 episodes, total num timesteps 1673600/5000000, FPS 72.

incre win rate is 0.0.
[v2-shape step=1050] R_mean=0.0633 | r_mean(mean,min,max)=(0.0114,-0.0171,0.0803) | r_var_mean=0.000084 | shaping_abs=0.0120 | alpha=1.0
[v2-qdbg step=1050] Q_tot(factual) sample: mean=0.4832, min=0.1636, max=1.5592 | counterfactual_r(cur step) mean=0.0063, min=0.0000, max=0.1195 | drbfn_loss=0.0006, qtot_loss=0.0085

 Map MMM2 Algo r_drbfn_v2 Exp v2_MMM2_5M_run3 updates 1050/3125 episodes, total num timesteps 1681600/5000000, FPS 72.

incre win rate is 0.0.
eval win rate is 0.0.

 Map MMM2 Algo r_drbfn_v2 Exp v2_MMM2_5M_run3 updates 1055/3125 episodes, total num timesteps 1689600/5000000, FPS 71.

incre win rate is 0.0.
[v2-shape step=1060] R_mean=0.1041 | r_mean(mean,min,max)=(0.0142,-0.0157,0.0863) | r_var_mean=0.000086 | shaping_abs=0.0147 | alpha=1.0
[v2-qdbg step=1060] Q_tot(factual) sample: mean=0.5168, min=0.1567, max=1.7840 | counterfactual_r(cur step) mean=0.0104, min=0.0000, max=0.1287 | drbfn_loss=0.0008, qtot_loss=0.0104

 Map MMM2 Algo r_drbfn_v2 Exp v2_MMM2_5M_run3 updates 1060/3125 episodes, total num timesteps 1697600/5000000, FPS 71.

incre win rate is 0.0.

 Map MMM2 Algo r_drbfn_v2 Exp v2_MMM2_5M_run3 updates 1065/3125 episodes, total num timesteps 1705600/5000000, FPS 72.

incre win rate is 0.0.
[v2-shape step=1070] R_mean=0.0731 | r_mean(mean,min,max)=(0.0115,-0.0170,0.0849) | r_var_mean=0.000083 | shaping_abs=0.0121 | alpha=1.0
[v2-qdbg step=1070] Q_tot(factual) sample: mean=0.1971, min=0.1650, max=0.2553 | counterfactual_r(cur step) mean=0.0073, min=0.0000, max=0.1320 | drbfn_loss=0.0006, qtot_loss=0.0073

 Map MMM2 Algo r_drbfn_v2 Exp v2_MMM2_5M_run3 updates 1070/3125 episodes, total num timesteps 1713600/5000000, FPS 72.

incre win rate is 0.0.

 Map MMM2 Algo r_drbfn_v2 Exp v2_MMM2_5M_run3 updates 1075/3125 episodes, total num timesteps 1721600/5000000, FPS 72.

incre win rate is 0.0.
eval win rate is 0.0.
[v2-shape step=1080] R_mean=0.0544 | r_mean(mean,min,max)=(0.0105,-0.0167,0.0895) | r_var_mean=0.000082 | shaping_abs=0.0111 | alpha=1.0
[v2-qdbg step=1080] Q_tot(factual) sample: mean=0.2007, min=0.1238, max=0.4666 | counterfactual_r(cur step) mean=0.0054, min=0.0000, max=0.1057 | drbfn_loss=0.0004, qtot_loss=0.0073

 Map MMM2 Algo r_drbfn_v2 Exp v2_MMM2_5M_run3 updates 1080/3125 episodes, total num timesteps 1729600/5000000, FPS 71.

incre win rate is 0.0.

 Map MMM2 Algo r_drbfn_v2 Exp v2_MMM2_5M_run3 updates 1085/3125 episodes, total num timesteps 1737600/5000000, FPS 72.

incre win rate is 0.0.
[v2-shape step=1090] R_mean=0.0524 | r_mean(mean,min,max)=(0.0104,-0.0153,0.0882) | r_var_mean=0.000081 | shaping_abs=0.0110 | alpha=1.0
[v2-qdbg step=1090] Q_tot(factual) sample: mean=0.3389, min=0.1637, max=0.9451 | counterfactual_r(cur step) mean=0.0052, min=0.0000, max=0.1204 | drbfn_loss=0.0004, qtot_loss=0.0057

 Map MMM2 Algo r_drbfn_v2 Exp v2_MMM2_5M_run3 updates 1090/3125 episodes, total num timesteps 1745600/5000000, FPS 72.

incre win rate is 0.0.

 Map MMM2 Algo r_drbfn_v2 Exp v2_MMM2_5M_run3 updates 1095/3125 episodes, total num timesteps 1753600/5000000, FPS 72.

incre win rate is 0.0.
[v2-shape step=1100] R_mean=0.0648 | r_mean(mean,min,max)=(0.0102,-0.0203,0.0897) | r_var_mean=0.000082 | shaping_abs=0.0108 | alpha=1.0
[v2-qdbg step=1100] Q_tot(factual) sample: mean=0.3568, min=0.1669, max=1.5239 | counterfactual_r(cur step) mean=0.0065, min=0.0000, max=0.1166 | drbfn_loss=0.0005, qtot_loss=0.0075

 Map MMM2 Algo r_drbfn_v2 Exp v2_MMM2_5M_run3 updates 1100/3125 episodes, total num timesteps 1761600/5000000, FPS 72.

incre win rate is 0.0.
eval win rate is 0.0.

 Map MMM2 Algo r_drbfn_v2 Exp v2_MMM2_5M_run3 updates 1105/3125 episodes, total num timesteps 1769600/5000000, FPS 71.

incre win rate is 0.0.
[v2-shape step=1110] R_mean=0.0591 | r_mean(mean,min,max)=(0.0101,-0.0157,0.0777) | r_var_mean=0.000081 | shaping_abs=0.0107 | alpha=1.0
[v2-qdbg step=1110] Q_tot(factual) sample: mean=0.2420, min=0.1676, max=0.6237 | counterfactual_r(cur step) mean=0.0059, min=0.0000, max=0.1228 | drbfn_loss=0.0005, qtot_loss=0.0080

 Map MMM2 Algo r_drbfn_v2 Exp v2_MMM2_5M_run3 updates 1110/3125 episodes, total num timesteps 1777600/5000000, FPS 72.

incre win rate is 0.0.

 Map MMM2 Algo r_drbfn_v2 Exp v2_MMM2_5M_run3 updates 1115/3125 episodes, total num timesteps 1785600/5000000, FPS 72.

incre win rate is 0.0.
[v2-shape step=1120] R_mean=0.0663 | r_mean(mean,min,max)=(0.0112,-0.0131,0.0793) | r_var_mean=0.000079 | shaping_abs=0.0117 | alpha=1.0
[v2-qdbg step=1120] Q_tot(factual) sample: mean=0.1653, min=0.1113, max=0.1753 | counterfactual_r(cur step) mean=0.0066, min=0.0000, max=0.1025 | drbfn_loss=0.0005, qtot_loss=0.0083

 Map MMM2 Algo r_drbfn_v2 Exp v2_MMM2_5M_run3 updates 1120/3125 episodes, total num timesteps 1793600/5000000, FPS 72.

incre win rate is 0.0.

 Map MMM2 Algo r_drbfn_v2 Exp v2_MMM2_5M_run3 updates 1125/3125 episodes, total num timesteps 1801600/5000000, FPS 72.

incre win rate is 0.0.
eval win rate is 0.0.
[v2-shape step=1130] R_mean=0.0556 | r_mean(mean,min,max)=(0.0101,-0.0172,0.1050) | r_var_mean=0.000080 | shaping_abs=0.0106 | alpha=1.0
[v2-qdbg step=1130] Q_tot(factual) sample: mean=0.4330, min=0.1688, max=1.3149 | counterfactual_r(cur step) mean=0.0056, min=0.0000, max=0.1145 | drbfn_loss=0.0004, qtot_loss=0.0059

 Map MMM2 Algo r_drbfn_v2 Exp v2_MMM2_5M_run3 updates 1130/3125 episodes, total num timesteps 1809600/5000000, FPS 72.

incre win rate is 0.0.

 Map MMM2 Algo r_drbfn_v2 Exp v2_MMM2_5M_run3 updates 1135/3125 episodes, total num timesteps 1817600/5000000, FPS 72.

incre win rate is 0.0.
[v2-shape step=1140] R_mean=0.0695 | r_mean(mean,min,max)=(0.0111,-0.0150,0.0818) | r_var_mean=0.000079 | shaping_abs=0.0116 | alpha=1.0
[v2-qdbg step=1140] Q_tot(factual) sample: mean=0.6375, min=0.1678, max=1.8839 | counterfactual_r(cur step) mean=0.0069, min=0.0000, max=0.1208 | drbfn_loss=0.0005, qtot_loss=0.0092

 Map MMM2 Algo r_drbfn_v2 Exp v2_MMM2_5M_run3 updates 1140/3125 episodes, total num timesteps 1825600/5000000, FPS 72.

incre win rate is 0.0.

 Map MMM2 Algo r_drbfn_v2 Exp v2_MMM2_5M_run3 updates 1145/3125 episodes, total num timesteps 1833600/5000000, FPS 72.

incre win rate is 0.0.
[v2-shape step=1150] R_mean=0.0600 | r_mean(mean,min,max)=(0.0110,-0.0138,0.0811) | r_var_mean=0.000078 | shaping_abs=0.0114 | alpha=1.0
[v2-qdbg step=1150] Q_tot(factual) sample: mean=0.5641, min=0.1639, max=1.8750 | counterfactual_r(cur step) mean=0.0060, min=0.0000, max=0.1110 | drbfn_loss=0.0005, qtot_loss=0.0069

 Map MMM2 Algo r_drbfn_v2 Exp v2_MMM2_5M_run3 updates 1150/3125 episodes, total num timesteps 1841600/5000000, FPS 72.

incre win rate is 0.0.
eval win rate is 0.0.

 Map MMM2 Algo r_drbfn_v2 Exp v2_MMM2_5M_run3 updates 1155/3125 episodes, total num timesteps 1849600/5000000, FPS 71.

incre win rate is 0.0.
[v2-shape step=1160] R_mean=0.0723 | r_mean(mean,min,max)=(0.0116,-0.0159,0.0913) | r_var_mean=0.000077 | shaping_abs=0.0122 | alpha=1.0
[v2-qdbg step=1160] Q_tot(factual) sample: mean=0.4753, min=0.1628, max=1.6927 | counterfactual_r(cur step) mean=0.0072, min=0.0000, max=0.1347 | drbfn_loss=0.0005, qtot_loss=0.0092

 Map MMM2 Algo r_drbfn_v2 Exp v2_MMM2_5M_run3 updates 1160/3125 episodes, total num timesteps 1857600/5000000, FPS 71.

incre win rate is 0.0.

 Map MMM2 Algo r_drbfn_v2 Exp v2_MMM2_5M_run3 updates 1165/3125 episodes, total num timesteps 1865600/5000000, FPS 71.

incre win rate is 0.0.
[v2-shape step=1170] R_mean=0.0572 | r_mean(mean,min,max)=(0.0100,-0.0171,0.0760) | r_var_mean=0.000078 | shaping_abs=0.0106 | alpha=1.0
[v2-qdbg step=1170] Q_tot(factual) sample: mean=0.1731, min=0.1551, max=0.1872 | counterfactual_r(cur step) mean=0.0057, min=0.0000, max=0.1287 | drbfn_loss=0.0004, qtot_loss=0.0075

 Map MMM2 Algo r_drbfn_v2 Exp v2_MMM2_5M_run3 updates 1170/3125 episodes, total num timesteps 1873600/5000000, FPS 72.

incre win rate is 0.0.

 Map MMM2 Algo r_drbfn_v2 Exp v2_MMM2_5M_run3 updates 1175/3125 episodes, total num timesteps 1881600/5000000, FPS 72.

incre win rate is 0.0.
eval win rate is 0.0.
[v2-shape step=1180] R_mean=0.0649 | r_mean(mean,min,max)=(0.0107,-0.0195,0.0882) | r_var_mean=0.000077 | shaping_abs=0.0113 | alpha=1.0
[v2-qdbg step=1180] Q_tot(factual) sample: mean=0.1726, min=0.1721, max=0.1752 | counterfactual_r(cur step) mean=0.0065, min=0.0000, max=0.1202 | drbfn_loss=0.0004, qtot_loss=0.0086

 Map MMM2 Algo r_drbfn_v2 Exp v2_MMM2_5M_run3 updates 1180/3125 episodes, total num timesteps 1889600/5000000, FPS 71.

incre win rate is 0.0.

 Map MMM2 Algo r_drbfn_v2 Exp v2_MMM2_5M_run3 updates 1185/3125 episodes, total num timesteps 1897600/5000000, FPS 71.

incre win rate is 0.0.
[v2-shape step=1190] R_mean=0.0510 | r_mean(mean,min,max)=(0.0094,-0.0142,0.0832) | r_var_mean=0.000077 | shaping_abs=0.0100 | alpha=1.0
[v2-qdbg step=1190] Q_tot(factual) sample: mean=0.1732, min=0.1713, max=0.1765 | counterfactual_r(cur step) mean=0.0051, min=0.0000, max=0.1074 | drbfn_loss=0.0003, qtot_loss=0.0056

 Map MMM2 Algo r_drbfn_v2 Exp v2_MMM2_5M_run3 updates 1190/3125 episodes, total num timesteps 1905600/5000000, FPS 72.

incre win rate is 0.0.

 Map MMM2 Algo r_drbfn_v2 Exp v2_MMM2_5M_run3 updates 1195/3125 episodes, total num timesteps 1913600/5000000, FPS 72.

incre win rate is 0.0.
[v2-shape step=1200] R_mean=0.0553 | r_mean(mean,min,max)=(0.0100,-0.0174,0.0879) | r_var_mean=0.000078 | shaping_abs=0.0105 | alpha=1.0
[v2-qdbg step=1200] Q_tot(factual) sample: mean=0.5362, min=0.1733, max=1.7256 | counterfactual_r(cur step) mean=0.0055, min=0.0000, max=0.1006 | drbfn_loss=0.0003, qtot_loss=0.0061

 Map MMM2 Algo r_drbfn_v2 Exp v2_MMM2_5M_run3 updates 1200/3125 episodes, total num timesteps 1921600/5000000, FPS 72.

incre win rate is 0.0.
eval win rate is 0.0.

 Map MMM2 Algo r_drbfn_v2 Exp v2_MMM2_5M_run3 updates 1205/3125 episodes, total num timesteps 1929600/5000000, FPS 71.

incre win rate is 0.0.
[v2-shape step=1210] R_mean=0.0571 | r_mean(mean,min,max)=(0.0107,-0.0139,0.0880) | r_var_mean=0.000076 | shaping_abs=0.0111 | alpha=1.0
[v2-qdbg step=1210] Q_tot(factual) sample: mean=0.2670, min=0.1671, max=0.9957 | counterfactual_r(cur step) mean=0.0057, min=0.0000, max=0.1276 | drbfn_loss=0.0004, qtot_loss=0.0090

 Map MMM2 Algo r_drbfn_v2 Exp v2_MMM2_5M_run3 updates 1210/3125 episodes, total num timesteps 1937600/5000000, FPS 72.

incre win rate is 0.0.

 Map MMM2 Algo r_drbfn_v2 Exp v2_MMM2_5M_run3 updates 1215/3125 episodes, total num timesteps 1945600/5000000, FPS 72.

incre win rate is 0.0.
[v2-shape step=1220] R_mean=0.0644 | r_mean(mean,min,max)=(0.0109,-0.0182,0.0871) | r_var_mean=0.000076 | shaping_abs=0.0114 | alpha=1.0
[v2-qdbg step=1220] Q_tot(factual) sample: mean=0.8824, min=0.1688, max=2.1737 | counterfactual_r(cur step) mean=0.0064, min=0.0000, max=0.1109 | drbfn_loss=0.0005, qtot_loss=0.0085

 Map MMM2 Algo r_drbfn_v2 Exp v2_MMM2_5M_run3 updates 1220/3125 episodes, total num timesteps 1953600/5000000, FPS 72.

incre win rate is 0.0.

 Map MMM2 Algo r_drbfn_v2 Exp v2_MMM2_5M_run3 updates 1225/3125 episodes, total num timesteps 1961600/5000000, FPS 72.

incre win rate is 0.0.
eval win rate is 0.0.
[v2-shape step=1230] R_mean=0.0544 | r_mean(mean,min,max)=(0.0102,-0.0157,0.0875) | r_var_mean=0.000074 | shaping_abs=0.0107 | alpha=1.0
[v2-qdbg step=1230] Q_tot(factual) sample: mean=0.1862, min=0.1739, max=0.2268 | counterfactual_r(cur step) mean=0.0054, min=0.0000, max=0.1281 | drbfn_loss=0.0004, qtot_loss=0.0068

 Map MMM2 Algo r_drbfn_v2 Exp v2_MMM2_5M_run3 updates 1230/3125 episodes, total num timesteps 1969600/5000000, FPS 72.

incre win rate is 0.0.

 Map MMM2 Algo r_drbfn_v2 Exp v2_MMM2_5M_run3 updates 1235/3125 episodes, total num timesteps 1977600/5000000, FPS 72.

incre win rate is 0.0.
[v2-shape step=1240] R_mean=0.0472 | r_mean(mean,min,max)=(0.0092,-0.0129,0.0900) | r_var_mean=0.000075 | shaping_abs=0.0098 | alpha=1.0
[v2-qdbg step=1240] Q_tot(factual) sample: mean=0.2508, min=0.1474, max=0.8709 | counterfactual_r(cur step) mean=0.0047, min=0.0000, max=0.1296 | drbfn_loss=0.0004, qtot_loss=0.0066

 Map MMM2 Algo r_drbfn_v2 Exp v2_MMM2_5M_run3 updates 1240/3125 episodes, total num timesteps 1985600/5000000, FPS 72.

incre win rate is 0.0.

 Map MMM2 Algo r_drbfn_v2 Exp v2_MMM2_5M_run3 updates 1245/3125 episodes, total num timesteps 1993600/5000000, FPS 72.

incre win rate is 0.0.
[v2-shape step=1250] R_mean=0.0590 | r_mean(mean,min,max)=(0.0099,-0.0206,0.1129) | r_var_mean=0.000073 | shaping_abs=0.0105 | alpha=1.0
[v2-qdbg step=1250] Q_tot(factual) sample: mean=0.1917, min=0.1751, max=0.2298 | counterfactual_r(cur step) mean=0.0059, min=0.0000, max=0.1168 | drbfn_loss=0.0004, qtot_loss=0.0069

 Map MMM2 Algo r_drbfn_v2 Exp v2_MMM2_5M_run3 updates 1250/3125 episodes, total num timesteps 2001600/5000000, FPS 72.

incre win rate is 0.0.
eval win rate is 0.0.

 Map MMM2 Algo r_drbfn_v2 Exp v2_MMM2_5M_run3 updates 1255/3125 episodes, total num timesteps 2009600/5000000, FPS 72.

incre win rate is 0.0.
[v2-shape step=1260] R_mean=0.0460 | r_mean(mean,min,max)=(0.0084,-0.0158,0.0848) | r_var_mean=0.000073 | shaping_abs=0.0090 | alpha=1.0
[v2-qdbg step=1260] Q_tot(factual) sample: mean=0.1741, min=0.1700, max=0.1802 | counterfactual_r(cur step) mean=0.0046, min=0.0000, max=0.1117 | drbfn_loss=0.0003, qtot_loss=0.0060

 Map MMM2 Algo r_drbfn_v2 Exp v2_MMM2_5M_run3 updates 1260/3125 episodes, total num timesteps 2017600/5000000, FPS 72.

incre win rate is 0.0.

 Map MMM2 Algo r_drbfn_v2 Exp v2_MMM2_5M_run3 updates 1265/3125 episodes, total num timesteps 2025600/5000000, FPS 72.

incre win rate is 0.0.
[v2-shape step=1270] R_mean=0.0631 | r_mean(mean,min,max)=(0.0107,-0.0158,0.0787) | r_var_mean=0.000075 | shaping_abs=0.0112 | alpha=1.0
[v2-qdbg step=1270] Q_tot(factual) sample: mean=0.6803, min=0.1764, max=2.2979 | counterfactual_r(cur step) mean=0.0063, min=0.0000, max=0.1053 | drbfn_loss=0.0004, qtot_loss=0.0070

 Map MMM2 Algo r_drbfn_v2 Exp v2_MMM2_5M_run3 updates 1270/3125 episodes, total num timesteps 2033600/5000000, FPS 72.

incre win rate is 0.0.

 Map MMM2 Algo r_drbfn_v2 Exp v2_MMM2_5M_run3 updates 1275/3125 episodes, total num timesteps 2041600/5000000, FPS 72.

incre win rate is 0.0.
eval win rate is 0.0.
[v2-shape step=1280] R_mean=0.0784 | r_mean(mean,min,max)=(0.0127,-0.0127,0.0858) | r_var_mean=0.000072 | shaping_abs=0.0131 | alpha=1.0
[v2-qdbg step=1280] Q_tot(factual) sample: mean=0.1790, min=0.1771, max=0.1814 | counterfactual_r(cur step) mean=0.0078, min=0.0000, max=0.1064 | drbfn_loss=0.0005, qtot_loss=0.0091

 Map MMM2 Algo r_drbfn_v2 Exp v2_MMM2_5M_run3 updates 1280/3125 episodes, total num timesteps 2049600/5000000, FPS 72.

incre win rate is 0.0.

 Map MMM2 Algo r_drbfn_v2 Exp v2_MMM2_5M_run3 updates 1285/3125 episodes, total num timesteps 2057600/5000000, FPS 72.

incre win rate is 0.0.
[v2-shape step=1290] R_mean=0.0564 | r_mean(mean,min,max)=(0.0101,-0.0137,0.0880) | r_var_mean=0.000073 | shaping_abs=0.0105 | alpha=1.0
[v2-qdbg step=1290] Q_tot(factual) sample: mean=0.2137, min=0.1786, max=0.3147 | counterfactual_r(cur step) mean=0.0056, min=0.0000, max=0.1116 | drbfn_loss=0.0004, qtot_loss=0.0085

 Map MMM2 Algo r_drbfn_v2 Exp v2_MMM2_5M_run3 updates 1290/3125 episodes, total num timesteps 2065600/5000000, FPS 72.

incre win rate is 0.0.

 Map MMM2 Algo r_drbfn_v2 Exp v2_MMM2_5M_run3 updates 1295/3125 episodes, total num timesteps 2073600/5000000, FPS 72.

incre win rate is 0.0.
[v2-shape step=1300] R_mean=0.0564 | r_mean(mean,min,max)=(0.0095,-0.0160,0.0806) | r_var_mean=0.000071 | shaping_abs=0.0101 | alpha=1.0
[v2-qdbg step=1300] Q_tot(factual) sample: mean=0.1767, min=0.1708, max=0.1826 | counterfactual_r(cur step) mean=0.0056, min=0.0000, max=0.1227 | drbfn_loss=0.0004, qtot_loss=0.0074

 Map MMM2 Algo r_drbfn_v2 Exp v2_MMM2_5M_run3 updates 1300/3125 episodes, total num timesteps 2081600/5000000, FPS 72.

incre win rate is 0.0.
eval win rate is 0.0.

 Map MMM2 Algo r_drbfn_v2 Exp v2_MMM2_5M_run3 updates 1305/3125 episodes, total num timesteps 2089600/5000000, FPS 72.

incre win rate is 0.0.
[v2-shape step=1310] R_mean=0.0786 | r_mean(mean,min,max)=(0.0120,-0.0157,0.0930) | r_var_mean=0.000073 | shaping_abs=0.0125 | alpha=1.0
[v2-qdbg step=1310] Q_tot(factual) sample: mean=0.1914, min=0.1802, max=0.2331 | counterfactual_r(cur step) mean=0.0079, min=0.0000, max=0.1170 | drbfn_loss=0.0005, qtot_loss=0.0096

 Map MMM2 Algo r_drbfn_v2 Exp v2_MMM2_5M_run3 updates 1310/3125 episodes, total num timesteps 2097600/5000000, FPS 72.

incre win rate is 0.0.

 Map MMM2 Algo r_drbfn_v2 Exp v2_MMM2_5M_run3 updates 1315/3125 episodes, total num timesteps 2105600/5000000, FPS 72.

incre win rate is 0.0.
[v2-shape step=1320] R_mean=0.0663 | r_mean(mean,min,max)=(0.0106,-0.0164,0.0924) | r_var_mean=0.000072 | shaping_abs=0.0111 | alpha=1.0
[v2-qdbg step=1320] Q_tot(factual) sample: mean=0.5945, min=0.1808, max=1.5411 | counterfactual_r(cur step) mean=0.0066, min=0.0000, max=0.1235 | drbfn_loss=0.0004, qtot_loss=0.0086

 Map MMM2 Algo r_drbfn_v2 Exp v2_MMM2_5M_run3 updates 1320/3125 episodes, total num timesteps 2113600/5000000, FPS 72.

incre win rate is 0.0.

 Map MMM2 Algo r_drbfn_v2 Exp v2_MMM2_5M_run3 updates 1325/3125 episodes, total num timesteps 2121600/5000000, FPS 72.

incre win rate is 0.0.
eval win rate is 0.0.
[v2-shape step=1330] R_mean=0.0628 | r_mean(mean,min,max)=(0.0108,-0.0128,0.1023) | r_var_mean=0.000071 | shaping_abs=0.0113 | alpha=1.0
[v2-qdbg step=1330] Q_tot(factual) sample: mean=0.5652, min=0.1815, max=2.4401 | counterfactual_r(cur step) mean=0.0063, min=0.0000, max=0.1230 | drbfn_loss=0.0004, qtot_loss=0.0088

 Map MMM2 Algo r_drbfn_v2 Exp v2_MMM2_5M_run3 updates 1330/3125 episodes, total num timesteps 2129600/5000000, FPS 72.

incre win rate is 0.0.

 Map MMM2 Algo r_drbfn_v2 Exp v2_MMM2_5M_run3 updates 1335/3125 episodes, total num timesteps 2137600/5000000, FPS 72.

incre win rate is 0.0.
[v2-shape step=1340] R_mean=0.0567 | r_mean(mean,min,max)=(0.0107,-0.0135,0.1113) | r_var_mean=0.000071 | shaping_abs=0.0111 | alpha=1.0
[v2-qdbg step=1340] Q_tot(factual) sample: mean=1.1131, min=0.1808, max=2.2823 | counterfactual_r(cur step) mean=0.0057, min=0.0000, max=0.1139 | drbfn_loss=0.0003, qtot_loss=0.0060

 Map MMM2 Algo r_drbfn_v2 Exp v2_MMM2_5M_run3 updates 1340/3125 episodes, total num timesteps 2145600/5000000, FPS 72.

incre win rate is 0.0.

 Map MMM2 Algo r_drbfn_v2 Exp v2_MMM2_5M_run3 updates 1345/3125 episodes, total num timesteps 2153600/5000000, FPS 72.

incre win rate is 0.0.
[v2-shape step=1350] R_mean=0.0697 | r_mean(mean,min,max)=(0.0105,-0.0143,0.0935) | r_var_mean=0.000071 | shaping_abs=0.0110 | alpha=1.0
[v2-qdbg step=1350] Q_tot(factual) sample: mean=0.2419, min=0.1740, max=0.8328 | counterfactual_r(cur step) mean=0.0070, min=0.0000, max=0.1265 | drbfn_loss=0.0004, qtot_loss=0.0082

 Map MMM2 Algo r_drbfn_v2 Exp v2_MMM2_5M_run3 updates 1350/3125 episodes, total num timesteps 2161600/5000000, FPS 72.

incre win rate is 0.0.
eval win rate is 0.0.

 Map MMM2 Algo r_drbfn_v2 Exp v2_MMM2_5M_run3 updates 1355/3125 episodes, total num timesteps 2169600/5000000, FPS 72.

incre win rate is 0.0.
[v2-shape step=1360] R_mean=0.0548 | r_mean(mean,min,max)=(0.0098,-0.0158,0.1101) | r_var_mean=0.000069 | shaping_abs=0.0103 | alpha=1.0
[v2-qdbg step=1360] Q_tot(factual) sample: mean=0.9099, min=0.1814, max=1.9610 | counterfactual_r(cur step) mean=0.0055, min=0.0000, max=0.1134 | drbfn_loss=0.0002, qtot_loss=0.0059

 Map MMM2 Algo r_drbfn_v2 Exp v2_MMM2_5M_run3 updates 1360/3125 episodes, total num timesteps 2177600/5000000, FPS 72.

incre win rate is 0.0.

 Map MMM2 Algo r_drbfn_v2 Exp v2_MMM2_5M_run3 updates 1365/3125 episodes, total num timesteps 2185600/5000000, FPS 72.

incre win rate is 0.0.
[v2-shape step=1370] R_mean=0.0801 | r_mean(mean,min,max)=(0.0124,-0.0156,0.1085) | r_var_mean=0.000071 | shaping_abs=0.0129 | alpha=1.0
[v2-qdbg step=1370] Q_tot(factual) sample: mean=0.1852, min=0.1839, max=0.1867 | counterfactual_r(cur step) mean=0.0080, min=0.0000, max=0.1219 | drbfn_loss=0.0005, qtot_loss=0.0106

 Map MMM2 Algo r_drbfn_v2 Exp v2_MMM2_5M_run3 updates 1370/3125 episodes, total num timesteps 2193600/5000000, FPS 72.

incre win rate is 0.0.

 Map MMM2 Algo r_drbfn_v2 Exp v2_MMM2_5M_run3 updates 1375/3125 episodes, total num timesteps 2201600/5000000, FPS 72.

incre win rate is 0.0.
eval win rate is 0.0.
[v2-shape step=1380] R_mean=0.0620 | r_mean(mean,min,max)=(0.0100,-0.0161,0.0791) | r_var_mean=0.000070 | shaping_abs=0.0106 | alpha=1.0
[v2-qdbg step=1380] Q_tot(factual) sample: mean=0.3214, min=0.1835, max=0.9323 | counterfactual_r(cur step) mean=0.0062, min=0.0000, max=0.1028 | drbfn_loss=0.0003, qtot_loss=0.0083

 Map MMM2 Algo r_drbfn_v2 Exp v2_MMM2_5M_run3 updates 1380/3125 episodes, total num timesteps 2209600/5000000, FPS 72.

incre win rate is 0.0.

 Map MMM2 Algo r_drbfn_v2 Exp v2_MMM2_5M_run3 updates 1385/3125 episodes, total num timesteps 2217600/5000000, FPS 72.

incre win rate is 0.0.
[v2-shape step=1390] R_mean=0.0618 | r_mean(mean,min,max)=(0.0109,-0.0132,0.0985) | r_var_mean=0.000069 | shaping_abs=0.0113 | alpha=1.0
[v2-qdbg step=1390] Q_tot(factual) sample: mean=0.5926, min=0.1843, max=2.1426 | counterfactual_r(cur step) mean=0.0062, min=0.0000, max=0.1305 | drbfn_loss=0.0004, qtot_loss=0.0082

 Map MMM2 Algo r_drbfn_v2 Exp v2_MMM2_5M_run3 updates 1390/3125 episodes, total num timesteps 2225600/5000000, FPS 72.

incre win rate is 0.0.

 Map MMM2 Algo r_drbfn_v2 Exp v2_MMM2_5M_run3 updates 1395/3125 episodes, total num timesteps 2233600/5000000, FPS 72.

incre win rate is 0.0.
[v2-shape step=1400] R_mean=0.0531 | r_mean(mean,min,max)=(0.0097,-0.0140,0.0890) | r_var_mean=0.000068 | shaping_abs=0.0103 | alpha=1.0
[v2-qdbg step=1400] Q_tot(factual) sample: mean=0.1949, min=0.1778, max=0.2398 | counterfactual_r(cur step) mean=0.0053, min=0.0000, max=0.1126 | drbfn_loss=0.0003, qtot_loss=0.0066

 Map MMM2 Algo r_drbfn_v2 Exp v2_MMM2_5M_run3 updates 1400/3125 episodes, total num timesteps 2241600/5000000, FPS 72.

incre win rate is 0.0.
eval win rate is 0.0.

 Map MMM2 Algo r_drbfn_v2 Exp v2_MMM2_5M_run3 updates 1405/3125 episodes, total num timesteps 2249600/5000000, FPS 72.

incre win rate is 0.0.
[v2-shape step=1410] R_mean=0.0626 | r_mean(mean,min,max)=(0.0096,-0.0134,0.0986) | r_var_mean=0.000069 | shaping_abs=0.0102 | alpha=1.0
[v2-qdbg step=1410] Q_tot(factual) sample: mean=0.2007, min=0.1861, max=0.2442 | counterfactual_r(cur step) mean=0.0063, min=0.0000, max=0.1457 | drbfn_loss=0.0003, qtot_loss=0.0086

 Map MMM2 Algo r_drbfn_v2 Exp v2_MMM2_5M_run3 updates 1410/3125 episodes, total num timesteps 2257600/5000000, FPS 72.

incre win rate is 0.0.

 Map MMM2 Algo r_drbfn_v2 Exp v2_MMM2_5M_run3 updates 1415/3125 episodes, total num timesteps 2265600/5000000, FPS 72.

incre win rate is 0.0.
[v2-shape step=1420] R_mean=0.0923 | r_mean(mean,min,max)=(0.0128,-0.0129,0.1199) | r_var_mean=0.000071 | shaping_abs=0.0133 | alpha=1.0
[v2-qdbg step=1420] Q_tot(factual) sample: mean=0.7535, min=0.1866, max=2.2943 | counterfactual_r(cur step) mean=0.0092, min=0.0000, max=0.1339 | drbfn_loss=0.0006, qtot_loss=0.0140

 Map MMM2 Algo r_drbfn_v2 Exp v2_MMM2_5M_run3 updates 1420/3125 episodes, total num timesteps 2273600/5000000, FPS 72.

incre win rate is 0.0.

 Map MMM2 Algo r_drbfn_v2 Exp v2_MMM2_5M_run3 updates 1425/3125 episodes, total num timesteps 2281600/5000000, FPS 72.

incre win rate is 0.0.
eval win rate is 0.0.
[v2-shape step=1430] R_mean=0.0669 | r_mean(mean,min,max)=(0.0115,-0.0139,0.1070) | r_var_mean=0.000069 | shaping_abs=0.0119 | alpha=1.0
[v2-qdbg step=1430] Q_tot(factual) sample: mean=0.1950, min=0.1790, max=0.2596 | counterfactual_r(cur step) mean=0.0067, min=0.0000, max=0.1153 | drbfn_loss=0.0004, qtot_loss=0.0094

 Map MMM2 Algo r_drbfn_v2 Exp v2_MMM2_5M_run3 updates 1430/3125 episodes, total num timesteps 2289600/5000000, FPS 72.

incre win rate is 0.0.

 Map MMM2 Algo r_drbfn_v2 Exp v2_MMM2_5M_run3 updates 1435/3125 episodes, total num timesteps 2297600/5000000, FPS 72.

incre win rate is 0.0.
[v2-shape step=1440] R_mean=0.0685 | r_mean(mean,min,max)=(0.0100,-0.0187,0.0798) | r_var_mean=0.000068 | shaping_abs=0.0106 | alpha=1.0
[v2-qdbg step=1440] Q_tot(factual) sample: mean=0.2403, min=0.1801, max=0.6107 | counterfactual_r(cur step) mean=0.0068, min=0.0000, max=0.1109 | drbfn_loss=0.0004, qtot_loss=0.0082

 Map MMM2 Algo r_drbfn_v2 Exp v2_MMM2_5M_run3 updates 1440/3125 episodes, total num timesteps 2305600/5000000, FPS 72.

incre win rate is 0.0.

 Map MMM2 Algo r_drbfn_v2 Exp v2_MMM2_5M_run3 updates 1445/3125 episodes, total num timesteps 2313600/5000000, FPS 72.

incre win rate is 0.0.
[v2-shape step=1450] R_mean=0.0678 | r_mean(mean,min,max)=(0.0104,-0.0184,0.0884) | r_var_mean=0.000068 | shaping_abs=0.0109 | alpha=1.0
[v2-qdbg step=1450] Q_tot(factual) sample: mean=0.2126, min=0.1864, max=0.2499 | counterfactual_r(cur step) mean=0.0068, min=0.0000, max=0.1269 | drbfn_loss=0.0004, qtot_loss=0.0091

 Map MMM2 Algo r_drbfn_v2 Exp v2_MMM2_5M_run3 updates 1450/3125 episodes, total num timesteps 2321600/5000000, FPS 72.

incre win rate is 0.0.
eval win rate is 0.0.

 Map MMM2 Algo r_drbfn_v2 Exp v2_MMM2_5M_run3 updates 1455/3125 episodes, total num timesteps 2329600/5000000, FPS 72.

incre win rate is 0.0.
[v2-shape step=1460] R_mean=0.0651 | r_mean(mean,min,max)=(0.0109,-0.0168,0.1050) | r_var_mean=0.000068 | shaping_abs=0.0114 | alpha=1.0
[v2-qdbg step=1460] Q_tot(factual) sample: mean=0.6111, min=0.1892, max=2.1904 | counterfactual_r(cur step) mean=0.0065, min=0.0000, max=0.1247 | drbfn_loss=0.0003, qtot_loss=0.0086

 Map MMM2 Algo r_drbfn_v2 Exp v2_MMM2_5M_run3 updates 1460/3125 episodes, total num timesteps 2337600/5000000, FPS 72.

incre win rate is 0.0.

 Map MMM2 Algo r_drbfn_v2 Exp v2_MMM2_5M_run3 updates 1465/3125 episodes, total num timesteps 2345600/5000000, FPS 72.

incre win rate is 0.0.
[v2-shape step=1470] R_mean=0.0741 | r_mean(mean,min,max)=(0.0103,-0.0156,0.0842) | r_var_mean=0.000069 | shaping_abs=0.0110 | alpha=1.0
[v2-qdbg step=1470] Q_tot(factual) sample: mean=0.1905, min=0.1882, max=0.1925 | counterfactual_r(cur step) mean=0.0074, min=0.0000, max=0.1209 | drbfn_loss=0.0005, qtot_loss=0.0108

 Map MMM2 Algo r_drbfn_v2 Exp v2_MMM2_5M_run3 updates 1470/3125 episodes, total num timesteps 2353600/5000000, FPS 72.

incre win rate is 0.0.

 Map MMM2 Algo r_drbfn_v2 Exp v2_MMM2_5M_run3 updates 1475/3125 episodes, total num timesteps 2361600/5000000, FPS 72.

incre win rate is 0.0.
eval win rate is 0.0.
[v2-shape step=1480] R_mean=0.0425 | r_mean(mean,min,max)=(0.0089,-0.0134,0.1115) | r_var_mean=0.000066 | shaping_abs=0.0095 | alpha=1.0
[v2-qdbg step=1480] Q_tot(factual) sample: mean=0.1912, min=0.1887, max=0.1930 | counterfactual_r(cur step) mean=0.0042, min=0.0000, max=0.1229 | drbfn_loss=0.0002, qtot_loss=0.0061

 Map MMM2 Algo r_drbfn_v2 Exp v2_MMM2_5M_run3 updates 1480/3125 episodes, total num timesteps 2369600/5000000, FPS 72.

incre win rate is 0.0.

 Map MMM2 Algo r_drbfn_v2 Exp v2_MMM2_5M_run3 updates 1485/3125 episodes, total num timesteps 2377600/5000000, FPS 72.

incre win rate is 0.0.
[v2-shape step=1490] R_mean=0.0540 | r_mean(mean,min,max)=(0.0098,-0.0132,0.0976) | r_var_mean=0.000068 | shaping_abs=0.0103 | alpha=1.0
[v2-qdbg step=1490] Q_tot(factual) sample: mean=0.6738, min=0.1827, max=2.3627 | counterfactual_r(cur step) mean=0.0054, min=0.0000, max=0.0940 | drbfn_loss=0.0002, qtot_loss=0.0063

 Map MMM2 Algo r_drbfn_v2 Exp v2_MMM2_5M_run3 updates 1490/3125 episodes, total num timesteps 2385600/5000000, FPS 72.

incre win rate is 0.0.

 Map MMM2 Algo r_drbfn_v2 Exp v2_MMM2_5M_run3 updates 1495/3125 episodes, total num timesteps 2393600/5000000, FPS 72.

incre win rate is 0.0.
[v2-shape step=1500] R_mean=0.0569 | r_mean(mean,min,max)=(0.0086,-0.0132,0.0953) | r_var_mean=0.000066 | shaping_abs=0.0093 | alpha=1.0
[v2-qdbg step=1500] Q_tot(factual) sample: mean=0.7047, min=0.1915, max=2.2526 | counterfactual_r(cur step) mean=0.0057, min=0.0000, max=0.1177 | drbfn_loss=0.0003, qtot_loss=0.0075

 Map MMM2 Algo r_drbfn_v2 Exp v2_MMM2_5M_run3 updates 1500/3125 episodes, total num timesteps 2401600/5000000, FPS 72.

incre win rate is 0.0.
eval win rate is 0.0.

 Map MMM2 Algo r_drbfn_v2 Exp v2_MMM2_5M_run3 updates 1505/3125 episodes, total num timesteps 2409600/5000000, FPS 72.

incre win rate is 0.0.
[v2-shape step=1510] R_mean=0.0701 | r_mean(mean,min,max)=(0.0106,-0.0140,0.0991) | r_var_mean=0.000066 | shaping_abs=0.0111 | alpha=1.0
[v2-qdbg step=1510] Q_tot(factual) sample: mean=0.4097, min=0.1840, max=1.3645 | counterfactual_r(cur step) mean=0.0070, min=0.0000, max=0.1124 | drbfn_loss=0.0003, qtot_loss=0.0100

 Map MMM2 Algo r_drbfn_v2 Exp v2_MMM2_5M_run3 updates 1510/3125 episodes, total num timesteps 2417600/5000000, FPS 72.

incre win rate is 0.0.

 Map MMM2 Algo r_drbfn_v2 Exp v2_MMM2_5M_run3 updates 1515/3125 episodes, total num timesteps 2425600/5000000, FPS 72.

incre win rate is 0.0.
[v2-shape step=1520] R_mean=0.0682 | r_mean(mean,min,max)=(0.0110,-0.0133,0.1112) | r_var_mean=0.000064 | shaping_abs=0.0114 | alpha=1.0
[v2-qdbg step=1520] Q_tot(factual) sample: mean=0.8157, min=0.1846, max=2.6741 | counterfactual_r(cur step) mean=0.0068, min=0.0000, max=0.1144 | drbfn_loss=0.0003, qtot_loss=0.0075

 Map MMM2 Algo r_drbfn_v2 Exp v2_MMM2_5M_run3 updates 1520/3125 episodes, total num timesteps 2433600/5000000, FPS 72.

incre win rate is 0.0.

 Map MMM2 Algo r_drbfn_v2 Exp v2_MMM2_5M_run3 updates 1525/3125 episodes, total num timesteps 2441600/5000000, FPS 72.

incre win rate is 0.0.
eval win rate is 0.0.
[v2-shape step=1530] R_mean=0.0616 | r_mean(mean,min,max)=(0.0096,-0.0171,0.0860) | r_var_mean=0.000065 | shaping_abs=0.0101 | alpha=1.0
[v2-qdbg step=1530] Q_tot(factual) sample: mean=0.1933, min=0.1880, max=0.1968 | counterfactual_r(cur step) mean=0.0062, min=0.0000, max=0.1168 | drbfn_loss=0.0003, qtot_loss=0.0080

 Map MMM2 Algo r_drbfn_v2 Exp v2_MMM2_5M_run3 updates 1530/3125 episodes, total num timesteps 2449600/5000000, FPS 72.

incre win rate is 0.0.

 Map MMM2 Algo r_drbfn_v2 Exp v2_MMM2_5M_run3 updates 1535/3125 episodes, total num timesteps 2457600/5000000, FPS 72.

incre win rate is 0.0.
[v2-shape step=1540] R_mean=0.0529 | r_mean(mean,min,max)=(0.0095,-0.0133,0.0926) | r_var_mean=0.000064 | shaping_abs=0.0099 | alpha=1.0
[v2-qdbg step=1540] Q_tot(factual) sample: mean=0.6004, min=0.1852, max=2.1176 | counterfactual_r(cur step) mean=0.0053, min=0.0000, max=0.1184 | drbfn_loss=0.0002, qtot_loss=0.0063

 Map MMM2 Algo r_drbfn_v2 Exp v2_MMM2_5M_run3 updates 1540/3125 episodes, total num timesteps 2465600/5000000, FPS 72.

incre win rate is 0.0.

 Map MMM2 Algo r_drbfn_v2 Exp v2_MMM2_5M_run3 updates 1545/3125 episodes, total num timesteps 2473600/5000000, FPS 72.

incre win rate is 0.0.
[v2-shape step=1550] R_mean=0.0591 | r_mean(mean,min,max)=(0.0095,-0.0145,0.1160) | r_var_mean=0.000066 | shaping_abs=0.0101 | alpha=1.0
[v2-qdbg step=1550] Q_tot(factual) sample: mean=0.6948, min=0.1933, max=2.5535 | counterfactual_r(cur step) mean=0.0059, min=0.0000, max=0.1252 | drbfn_loss=0.0003, qtot_loss=0.0068

 Map MMM2 Algo r_drbfn_v2 Exp v2_MMM2_5M_run3 updates 1550/3125 episodes, total num timesteps 2481600/5000000, FPS 72.

incre win rate is 0.0.
eval win rate is 0.0.

 Map MMM2 Algo r_drbfn_v2 Exp v2_MMM2_5M_run3 updates 1555/3125 episodes, total num timesteps 2489600/5000000, FPS 72.

incre win rate is 0.0.
[v2-shape step=1560] R_mean=0.0737 | r_mean(mean,min,max)=(0.0102,-0.0145,0.0957) | r_var_mean=0.000066 | shaping_abs=0.0108 | alpha=1.0
[v2-qdbg step=1560] Q_tot(factual) sample: mean=0.8370, min=0.1901, max=2.4814 | counterfactual_r(cur step) mean=0.0074, min=0.0000, max=0.1158 | drbfn_loss=0.0003, qtot_loss=0.0093

 Map MMM2 Algo r_drbfn_v2 Exp v2_MMM2_5M_run3 updates 1560/3125 episodes, total num timesteps 2497600/5000000, FPS 72.

incre win rate is 0.0.

 Map MMM2 Algo r_drbfn_v2 Exp v2_MMM2_5M_run3 updates 1565/3125 episodes, total num timesteps 2505600/5000000, FPS 72.

incre win rate is 0.0.
[v2-shape step=1570] R_mean=0.0684 | r_mean(mean,min,max)=(0.0107,-0.0137,0.0931) | r_var_mean=0.000065 | shaping_abs=0.0111 | alpha=1.0
[v2-qdbg step=1570] Q_tot(factual) sample: mean=0.9683, min=0.1967, max=2.6946 | counterfactual_r(cur step) mean=0.0068, min=0.0000, max=0.1290 | drbfn_loss=0.0003, qtot_loss=0.0093

 Map MMM2 Algo r_drbfn_v2 Exp v2_MMM2_5M_run3 updates 1570/3125 episodes, total num timesteps 2513600/5000000, FPS 72.

incre win rate is 0.0.

 Map MMM2 Algo r_drbfn_v2 Exp v2_MMM2_5M_run3 updates 1575/3125 episodes, total num timesteps 2521600/5000000, FPS 72.

incre win rate is 0.0.
eval win rate is 0.0.
[v2-shape step=1580] R_mean=0.0688 | r_mean(mean,min,max)=(0.0109,-0.0134,0.0974) | r_var_mean=0.000066 | shaping_abs=0.0113 | alpha=1.0
[v2-qdbg step=1580] Q_tot(factual) sample: mean=0.8199, min=0.1973, max=2.8104 | counterfactual_r(cur step) mean=0.0069, min=0.0000, max=0.1402 | drbfn_loss=0.0003, qtot_loss=0.0104

 Map MMM2 Algo r_drbfn_v2 Exp v2_MMM2_5M_run3 updates 1580/3125 episodes, total num timesteps 2529600/5000000, FPS 72.

incre win rate is 0.0.

 Map MMM2 Algo r_drbfn_v2 Exp v2_MMM2_5M_run3 updates 1585/3125 episodes, total num timesteps 2537600/5000000, FPS 72.

incre win rate is 0.0.
[v2-shape step=1590] R_mean=0.0721 | r_mean(mean,min,max)=(0.0101,-0.0153,0.0810) | r_var_mean=0.000066 | shaping_abs=0.0106 | alpha=1.0
[v2-qdbg step=1590] Q_tot(factual) sample: mean=0.1970, min=0.1888, max=0.2026 | counterfactual_r(cur step) mean=0.0072, min=0.0000, max=0.0981 | drbfn_loss=0.0003, qtot_loss=0.0088

 Map MMM2 Algo r_drbfn_v2 Exp v2_MMM2_5M_run3 updates 1590/3125 episodes, total num timesteps 2545600/5000000, FPS 72.

incre win rate is 0.0.

 Map MMM2 Algo r_drbfn_v2 Exp v2_MMM2_5M_run3 updates 1595/3125 episodes, total num timesteps 2553600/5000000, FPS 72.

incre win rate is 0.0.
[v2-shape step=1600] R_mean=0.0826 | r_mean(mean,min,max)=(0.0122,-0.0139,0.1153) | r_var_mean=0.000066 | shaping_abs=0.0126 | alpha=1.0
[v2-qdbg step=1600] Q_tot(factual) sample: mean=0.5500, min=0.1968, max=1.7596 | counterfactual_r(cur step) mean=0.0083, min=0.0000, max=0.1349 | drbfn_loss=0.0003, qtot_loss=0.0100

 Map MMM2 Algo r_drbfn_v2 Exp v2_MMM2_5M_run3 updates 1600/3125 episodes, total num timesteps 2561600/5000000, FPS 72.

incre win rate is 0.0.
eval win rate is 0.0.

 Map MMM2 Algo r_drbfn_v2 Exp v2_MMM2_5M_run3 updates 1605/3125 episodes, total num timesteps 2569600/5000000, FPS 72.

incre win rate is 0.0.
[v2-shape step=1610] R_mean=0.0719 | r_mean(mean,min,max)=(0.0103,-0.0163,0.0969) | r_var_mean=0.000066 | shaping_abs=0.0109 | alpha=1.0
[v2-qdbg step=1610] Q_tot(factual) sample: mean=1.3785, min=0.1981, max=2.9054 | counterfactual_r(cur step) mean=0.0072, min=0.0000, max=0.1103 | drbfn_loss=0.0002, qtot_loss=0.0094

 Map MMM2 Algo r_drbfn_v2 Exp v2_MMM2_5M_run3 updates 1610/3125 episodes, total num timesteps 2577600/5000000, FPS 72.

incre win rate is 0.0.

 Map MMM2 Algo r_drbfn_v2 Exp v2_MMM2_5M_run3 updates 1615/3125 episodes, total num timesteps 2585600/5000000, FPS 72.

incre win rate is 0.0.
[v2-shape step=1620] R_mean=0.0733 | r_mean(mean,min,max)=(0.0106,-0.0151,0.0861) | r_var_mean=0.000064 | shaping_abs=0.0111 | alpha=1.0
[v2-qdbg step=1620] Q_tot(factual) sample: mean=0.8317, min=0.1995, max=2.7414 | counterfactual_r(cur step) mean=0.0073, min=0.0000, max=0.1142 | drbfn_loss=0.0003, qtot_loss=0.0098

 Map MMM2 Algo r_drbfn_v2 Exp v2_MMM2_5M_run3 updates 1620/3125 episodes, total num timesteps 2593600/5000000, FPS 72.

incre win rate is 0.0.

 Map MMM2 Algo r_drbfn_v2 Exp v2_MMM2_5M_run3 updates 1625/3125 episodes, total num timesteps 2601600/5000000, FPS 72.

incre win rate is 0.0.
eval win rate is 0.0.
[v2-shape step=1630] R_mean=0.0547 | r_mean(mean,min,max)=(0.0093,-0.0130,0.1024) | r_var_mean=0.000064 | shaping_abs=0.0098 | alpha=1.0
[v2-qdbg step=1630] Q_tot(factual) sample: mean=0.6082, min=0.2001, max=2.5362 | counterfactual_r(cur step) mean=0.0055, min=0.0000, max=0.1385 | drbfn_loss=0.0002, qtot_loss=0.0080

 Map MMM2 Algo r_drbfn_v2 Exp v2_MMM2_5M_run3 updates 1630/3125 episodes, total num timesteps 2609600/5000000, FPS 72.

incre win rate is 0.0.

 Map MMM2 Algo r_drbfn_v2 Exp v2_MMM2_5M_run3 updates 1635/3125 episodes, total num timesteps 2617600/5000000, FPS 72.

incre win rate is 0.0.
[v2-shape step=1640] R_mean=0.0623 | r_mean(mean,min,max)=(0.0095,-0.0185,0.0888) | r_var_mean=0.000063 | shaping_abs=0.0100 | alpha=1.0
[v2-qdbg step=1640] Q_tot(factual) sample: mean=0.8517, min=0.2006, max=2.7805 | counterfactual_r(cur step) mean=0.0062, min=0.0000, max=0.0997 | drbfn_loss=0.0002, qtot_loss=0.0075

 Map MMM2 Algo r_drbfn_v2 Exp v2_MMM2_5M_run3 updates 1640/3125 episodes, total num timesteps 2625600/5000000, FPS 72.

incre win rate is 0.0.

 Map MMM2 Algo r_drbfn_v2 Exp v2_MMM2_5M_run3 updates 1645/3125 episodes, total num timesteps 2633600/5000000, FPS 72.

incre win rate is 0.0.
[v2-shape step=1650] R_mean=0.0607 | r_mean(mean,min,max)=(0.0098,-0.0148,0.0896) | r_var_mean=0.000064 | shaping_abs=0.0103 | alpha=1.0
[v2-qdbg step=1650] Q_tot(factual) sample: mean=0.5577, min=0.1968, max=2.3897 | counterfactual_r(cur step) mean=0.0061, min=0.0000, max=0.1083 | drbfn_loss=0.0003, qtot_loss=0.0092

 Map MMM2 Algo r_drbfn_v2 Exp v2_MMM2_5M_run3 updates 1650/3125 episodes, total num timesteps 2641600/5000000, FPS 72.

incre win rate is 0.0.
eval win rate is 0.0.

 Map MMM2 Algo r_drbfn_v2 Exp v2_MMM2_5M_run3 updates 1655/3125 episodes, total num timesteps 2649600/5000000, FPS 72.

incre win rate is 0.0.
[v2-shape step=1660] R_mean=0.0541 | r_mean(mean,min,max)=(0.0086,-0.0141,0.0898) | r_var_mean=0.000064 | shaping_abs=0.0093 | alpha=1.0
[v2-qdbg step=1660] Q_tot(factual) sample: mean=0.2023, min=0.2001, max=0.2053 | counterfactual_r(cur step) mean=0.0054, min=0.0000, max=0.1164 | drbfn_loss=0.0002, qtot_loss=0.0064

 Map MMM2 Algo r_drbfn_v2 Exp v2_MMM2_5M_run3 updates 1660/3125 episodes, total num timesteps 2657600/5000000, FPS 72.

incre win rate is 0.0.

 Map MMM2 Algo r_drbfn_v2 Exp v2_MMM2_5M_run3 updates 1665/3125 episodes, total num timesteps 2665600/5000000, FPS 72.

incre win rate is 0.0.
[v2-shape step=1670] R_mean=0.0619 | r_mean(mean,min,max)=(0.0093,-0.0161,0.0884) | r_var_mean=0.000064 | shaping_abs=0.0099 | alpha=1.0
[v2-qdbg step=1670] Q_tot(factual) sample: mean=0.9735, min=0.2023, max=2.4836 | counterfactual_r(cur step) mean=0.0062, min=0.0000, max=0.1287 | drbfn_loss=0.0002, qtot_loss=0.0077

 Map MMM2 Algo r_drbfn_v2 Exp v2_MMM2_5M_run3 updates 1670/3125 episodes, total num timesteps 2673600/5000000, FPS 72.

incre win rate is 0.0.

 Map MMM2 Algo r_drbfn_v2 Exp v2_MMM2_5M_run3 updates 1675/3125 episodes, total num timesteps 2681600/5000000, FPS 72.

incre win rate is 0.0.
eval win rate is 0.0.
[v2-shape step=1680] R_mean=0.0586 | r_mean(mean,min,max)=(0.0100,-0.0144,0.1059) | r_var_mean=0.000064 | shaping_abs=0.0104 | alpha=1.0
[v2-qdbg step=1680] Q_tot(factual) sample: mean=0.2038, min=0.2013, max=0.2055 | counterfactual_r(cur step) mean=0.0059, min=0.0000, max=0.1251 | drbfn_loss=0.0002, qtot_loss=0.0080

 Map MMM2 Algo r_drbfn_v2 Exp v2_MMM2_5M_run3 updates 1680/3125 episodes, total num timesteps 2689600/5000000, FPS 72.

incre win rate is 0.0.

 Map MMM2 Algo r_drbfn_v2 Exp v2_MMM2_5M_run3 updates 1685/3125 episodes, total num timesteps 2697600/5000000, FPS 72.

incre win rate is 0.0.
[v2-shape step=1690] R_mean=0.0520 | r_mean(mean,min,max)=(0.0086,-0.0151,0.0840) | r_var_mean=0.000062 | shaping_abs=0.0091 | alpha=1.0
[v2-qdbg step=1690] Q_tot(factual) sample: mean=0.5235, min=0.2021, max=1.8544 | counterfactual_r(cur step) mean=0.0052, min=0.0000, max=0.1151 | drbfn_loss=0.0002, qtot_loss=0.0071

 Map MMM2 Algo r_drbfn_v2 Exp v2_MMM2_5M_run3 updates 1690/3125 episodes, total num timesteps 2705600/5000000, FPS 72.

incre win rate is 0.0.

 Map MMM2 Algo r_drbfn_v2 Exp v2_MMM2_5M_run3 updates 1695/3125 episodes, total num timesteps 2713600/5000000, FPS 72.

incre win rate is 0.0.
[v2-shape step=1700] R_mean=0.0663 | r_mean(mean,min,max)=(0.0103,-0.0140,0.0992) | r_var_mean=0.000063 | shaping_abs=0.0108 | alpha=1.0
[v2-qdbg step=1700] Q_tot(factual) sample: mean=0.4847, min=0.2006, max=1.3394 | counterfactual_r(cur step) mean=0.0066, min=0.0000, max=0.1087 | drbfn_loss=0.0002, qtot_loss=0.0097

 Map MMM2 Algo r_drbfn_v2 Exp v2_MMM2_5M_run3 updates 1700/3125 episodes, total num timesteps 2721600/5000000, FPS 72.

incre win rate is 0.0.
eval win rate is 0.0.

 Map MMM2 Algo r_drbfn_v2 Exp v2_MMM2_5M_run3 updates 1705/3125 episodes, total num timesteps 2729600/5000000, FPS 72.

incre win rate is 0.0.
[v2-shape step=1710] R_mean=0.0580 | r_mean(mean,min,max)=(0.0093,-0.0154,0.0866) | r_var_mean=0.000063 | shaping_abs=0.0098 | alpha=1.0
[v2-qdbg step=1710] Q_tot(factual) sample: mean=0.2832, min=0.1964, max=1.0373 | counterfactual_r(cur step) mean=0.0058, min=0.0000, max=0.1321 | drbfn_loss=0.0002, qtot_loss=0.0078

 Map MMM2 Algo r_drbfn_v2 Exp v2_MMM2_5M_run3 updates 1710/3125 episodes, total num timesteps 2737600/5000000, FPS 72.

incre win rate is 0.0.

 Map MMM2 Algo r_drbfn_v2 Exp v2_MMM2_5M_run3 updates 1715/3125 episodes, total num timesteps 2745600/5000000, FPS 72.

incre win rate is 0.0.
[v2-shape step=1720] R_mean=0.0547 | r_mean(mean,min,max)=(0.0083,-0.0129,0.0889) | r_var_mean=0.000063 | shaping_abs=0.0090 | alpha=1.0
[v2-qdbg step=1720] Q_tot(factual) sample: mean=0.8460, min=0.2054, max=2.3247 | counterfactual_r(cur step) mean=0.0055, min=0.0000, max=0.1162 | drbfn_loss=0.0002, qtot_loss=0.0064

 Map MMM2 Algo r_drbfn_v2 Exp v2_MMM2_5M_run3 updates 1720/3125 episodes, total num timesteps 2753600/5000000, FPS 72.

incre win rate is 0.0.

 Map MMM2 Algo r_drbfn_v2 Exp v2_MMM2_5M_run3 updates 1725/3125 episodes, total num timesteps 2761600/5000000, FPS 72.

incre win rate is 0.0.
eval win rate is 0.0.
[v2-shape step=1730] R_mean=0.0649 | r_mean(mean,min,max)=(0.0103,-0.0132,0.1121) | r_var_mean=0.000065 | shaping_abs=0.0108 | alpha=1.0
[v2-qdbg step=1730] Q_tot(factual) sample: mean=0.2554, min=0.2057, max=0.5541 | counterfactual_r(cur step) mean=0.0065, min=0.0000, max=0.1165 | drbfn_loss=0.0002, qtot_loss=0.0082

 Map MMM2 Algo r_drbfn_v2 Exp v2_MMM2_5M_run3 updates 1730/3125 episodes, total num timesteps 2769600/5000000, FPS 72.

incre win rate is 0.0.

 Map MMM2 Algo r_drbfn_v2 Exp v2_MMM2_5M_run3 updates 1735/3125 episodes, total num timesteps 2777600/5000000, FPS 72.

incre win rate is 0.0.
[v2-shape step=1740] R_mean=0.0590 | r_mean(mean,min,max)=(0.0098,-0.0138,0.1098) | r_var_mean=0.000063 | shaping_abs=0.0102 | alpha=1.0
[v2-qdbg step=1740] Q_tot(factual) sample: mean=0.4915, min=0.2034, max=2.0537 | counterfactual_r(cur step) mean=0.0059, min=0.0000, max=0.1357 | drbfn_loss=0.0002, qtot_loss=0.0075

 Map MMM2 Algo r_drbfn_v2 Exp v2_MMM2_5M_run3 updates 1740/3125 episodes, total num timesteps 2785600/5000000, FPS 72.

incre win rate is 0.0.

 Map MMM2 Algo r_drbfn_v2 Exp v2_MMM2_5M_run3 updates 1745/3125 episodes, total num timesteps 2793600/5000000, FPS 72.

incre win rate is 0.0.
[v2-shape step=1750] R_mean=0.0693 | r_mean(mean,min,max)=(0.0107,-0.0115,0.1112) | r_var_mean=0.000064 | shaping_abs=0.0112 | alpha=1.0
[v2-qdbg step=1750] Q_tot(factual) sample: mean=0.7975, min=0.2074, max=2.8788 | counterfactual_r(cur step) mean=0.0069, min=0.0000, max=0.1432 | drbfn_loss=0.0002, qtot_loss=0.0085

 Map MMM2 Algo r_drbfn_v2 Exp v2_MMM2_5M_run3 updates 1750/3125 episodes, total num timesteps 2801600/5000000, FPS 72.

incre win rate is 0.0.
eval win rate is 0.0.

 Map MMM2 Algo r_drbfn_v2 Exp v2_MMM2_5M_run3 updates 1755/3125 episodes, total num timesteps 2809600/5000000, FPS 72.

incre win rate is 0.0.
[v2-shape step=1760] R_mean=0.1027 | r_mean(mean,min,max)=(0.0129,-0.0168,0.1085) | r_var_mean=0.000065 | shaping_abs=0.0134 | alpha=1.0
[v2-qdbg step=1760] Q_tot(factual) sample: mean=0.2086, min=0.2080, max=0.2116 | counterfactual_r(cur step) mean=0.0103, min=0.0000, max=0.1315 | drbfn_loss=0.0003, qtot_loss=0.0127

 Map MMM2 Algo r_drbfn_v2 Exp v2_MMM2_5M_run3 updates 1760/3125 episodes, total num timesteps 2817600/5000000, FPS 72.

incre win rate is 0.0.

 Map MMM2 Algo r_drbfn_v2 Exp v2_MMM2_5M_run3 updates 1765/3125 episodes, total num timesteps 2825600/5000000, FPS 72.

incre win rate is 0.0.
[v2-shape step=1770] R_mean=0.0874 | r_mean(mean,min,max)=(0.0118,-0.0129,0.0974) | r_var_mean=0.000064 | shaping_abs=0.0124 | alpha=1.0
[v2-qdbg step=1770] Q_tot(factual) sample: mean=0.3564, min=0.2084, max=1.0507 | counterfactual_r(cur step) mean=0.0087, min=0.0000, max=0.1174 | drbfn_loss=0.0002, qtot_loss=0.0108

 Map MMM2 Algo r_drbfn_v2 Exp v2_MMM2_5M_run3 updates 1770/3125 episodes, total num timesteps 2833600/5000000, FPS 72.

incre win rate is 0.0.

 Map MMM2 Algo r_drbfn_v2 Exp v2_MMM2_5M_run3 updates 1775/3125 episodes, total num timesteps 2841600/5000000, FPS 72.

incre win rate is 0.0.
eval win rate is 0.0.
[v2-shape step=1780] R_mean=0.0770 | r_mean(mean,min,max)=(0.0111,-0.0136,0.1047) | r_var_mean=0.000060 | shaping_abs=0.0116 | alpha=1.0
[v2-qdbg step=1780] Q_tot(factual) sample: mean=0.2083, min=0.1998, max=0.2128 | counterfactual_r(cur step) mean=0.0077, min=0.0000, max=0.1191 | drbfn_loss=0.0002, qtot_loss=0.0099

 Map MMM2 Algo r_drbfn_v2 Exp v2_MMM2_5M_run3 updates 1780/3125 episodes, total num timesteps 2849600/5000000, FPS 72.

incre win rate is 0.0.

 Map MMM2 Algo r_drbfn_v2 Exp v2_MMM2_5M_run3 updates 1785/3125 episodes, total num timesteps 2857600/5000000, FPS 71.

incre win rate is 0.0.
