u are choosing to use r_drbfn_v3 (n-step + counterfactual), keeping use_centralized_V = True
choose to use gpu...
D:\conda\Lib\site-packages\requests\__init__.py:113: RequestsDependencyWarning: urllib3 (2.2.3) or chardet (7.4.3)/charset_normalizer (3.3.2) doesn't match a supported version!
  warnings.warn(
obs_space:  [[124, [4, 17], [6, 5], [1, 4], [1, 22]], [124, [4, 17], [6, 5], [1, 4], [1, 22]], [124, [4, 17], [6, 5], [1, 4], [1, 22]], [124, [4, 17], [6, 5], [1, 4], [1, 22]], [124, [4, 17], [6, 5], [1, 4], [1, 22]]]
share_obs_space:  [[156, [4, 20], [6, 8], [1, 4], [1, 24]], [156, [4, 20], [6, 8], [1, 4], [1, 24]], [156, [4, 20], [6, 8], [1, 4], [1, 24]], [156, [4, 20], [6, 8], [1, 4], [1, 24]], [156, [4, 20], [6, 8], [1, 4], [1, 24]]]
act_space:  [Discrete(12), Discrete(12), Discrete(12), Discrete(12), Discrete(12)]

 Map 5m_vs_6m Algo r_drbfn_v3 Exp v3_5m_vs_6m_5M_seed1_full updates 0/6250 episodes, total num timesteps 800/5000000, FPS 66.

incre win rate is 0.0.
eval win rate is 0.0.

 Map 5m_vs_6m Algo r_drbfn_v3 Exp v3_5m_vs_6m_5M_seed1_full updates 5/6250 episodes, total num timesteps 4800/5000000, FPS 67.

incre win rate is 0.0.

 Map 5m_vs_6m Algo r_drbfn_v3 Exp v3_5m_vs_6m_5M_seed1_full updates 10/6250 episodes, total num timesteps 8800/5000000, FPS 80.

incre win rate is 0.0.

 Map 5m_vs_6m Algo r_drbfn_v3 Exp v3_5m_vs_6m_5M_seed1_full updates 15/6250 episodes, total num timesteps 12800/5000000, FPS 85.

incre win rate is 0.0.

 Map 5m_vs_6m Algo r_drbfn_v3 Exp v3_5m_vs_6m_5M_seed1_full updates 20/6250 episodes, total num timesteps 16800/5000000, FPS 88.

incre win rate is 0.0.

 Map 5m_vs_6m Algo r_drbfn_v3 Exp v3_5m_vs_6m_5M_seed1_full updates 25/6250 episodes, total num timesteps 20800/5000000, FPS 88.

incre win rate is 0.0.
eval win rate is 0.0.

 Map 5m_vs_6m Algo r_drbfn_v3 Exp v3_5m_vs_6m_5M_seed1_full updates 30/6250 episodes, total num timesteps 24800/5000000, FPS 86.

incre win rate is 0.0.

 Map 5m_vs_6m Algo r_drbfn_v3 Exp v3_5m_vs_6m_5M_seed1_full updates 35/6250 episodes, total num timesteps 28800/5000000, FPS 88.

incre win rate is 0.0.

 Map 5m_vs_6m Algo r_drbfn_v3 Exp v3_5m_vs_6m_5M_seed1_full updates 40/6250 episodes, total num timesteps 32800/5000000, FPS 89.

incre win rate is 0.0.

 Map 5m_vs_6m Algo r_drbfn_v3 Exp v3_5m_vs_6m_5M_seed1_full updates 45/6250 episodes, total num timesteps 36800/5000000, FPS 90.

incre win rate is 0.0.

 Map 5m_vs_6m Algo r_drbfn_v3 Exp v3_5m_vs_6m_5M_seed1_full updates 50/6250 episodes, total num timesteps 40800/5000000, FPS 91.

incre win rate is 0.0.
eval win rate is 0.0.

 Map 5m_vs_6m Algo r_drbfn_v3 Exp v3_5m_vs_6m_5M_seed1_full updates 55/6250 episodes, total num timesteps 44800/5000000, FPS 90.

incre win rate is 0.0.

 Map 5m_vs_6m Algo r_drbfn_v3 Exp v3_5m_vs_6m_5M_seed1_full updates 60/6250 episodes, total num timesteps 48800/5000000, FPS 91.

incre win rate is 0.0.

 Map 5m_vs_6m Algo r_drbfn_v3 Exp v3_5m_vs_6m_5M_seed1_full updates 65/6250 episodes, total num timesteps 52800/5000000, FPS 91.

incre win rate is 0.0.
[v3 step=70] R_mean=0.3656 | G_n_mean=1.8789 (n=5) | q_tot_pred_mean=0.8051 | drbfn_loss=0.3237, qi_loss=0.0088, qtot_loss=1.7168

 Map 5m_vs_6m Algo r_drbfn_v3 Exp v3_5m_vs_6m_5M_seed1_full updates 70/6250 episodes, total num timesteps 56800/5000000, FPS 91.

incre win rate is 0.005154639175257732.

 Map 5m_vs_6m Algo r_drbfn_v3 Exp v3_5m_vs_6m_5M_seed1_full updates 75/6250 episodes, total num timesteps 60800/5000000, FPS 91.

incre win rate is 0.005128205128205128.
eval win rate is 0.0.
[v3 step=80] R_mean=0.3545 | G_n_mean=1.8396 (n=5) | q_tot_pred_mean=1.7420 | drbfn_loss=0.3079, qi_loss=0.0064, qtot_loss=0.3882

 Map 5m_vs_6m Algo r_drbfn_v3 Exp v3_5m_vs_6m_5M_seed1_full updates 80/6250 episodes, total num timesteps 64800/5000000, FPS 90.

incre win rate is 0.010362694300518135.

 Map 5m_vs_6m Algo r_drbfn_v3 Exp v3_5m_vs_6m_5M_seed1_full updates 85/6250 episodes, total num timesteps 68800/5000000, FPS 89.

incre win rate is 0.0.
[v3 step=90] R_mean=0.3674 | G_n_mean=1.9321 (n=5) | q_tot_pred_mean=2.1476 | drbfn_loss=0.2883, qi_loss=0.0058, qtot_loss=0.4897

 Map 5m_vs_6m Algo r_drbfn_v3 Exp v3_5m_vs_6m_5M_seed1_full updates 90/6250 episodes, total num timesteps 72800/5000000, FPS 89.

incre win rate is 0.0.

 Map 5m_vs_6m Algo r_drbfn_v3 Exp v3_5m_vs_6m_5M_seed1_full updates 95/6250 episodes, total num timesteps 76800/5000000, FPS 89.

incre win rate is 0.0.
[v3 step=100] R_mean=0.3918 | G_n_mean=2.0877 (n=5) | q_tot_pred_mean=1.9389 | drbfn_loss=0.2696, qi_loss=0.0101, qtot_loss=0.7676

 Map 5m_vs_6m Algo r_drbfn_v3 Exp v3_5m_vs_6m_5M_seed1_full updates 100/6250 episodes, total num timesteps 80800/5000000, FPS 88.

incre win rate is 0.005319148936170213.
eval win rate is 0.03125.

 Map 5m_vs_6m Algo r_drbfn_v3 Exp v3_5m_vs_6m_5M_seed1_full updates 105/6250 episodes, total num timesteps 84800/5000000, FPS 87.

incre win rate is 0.0.
[v3 step=110] R_mean=0.3820 | G_n_mean=2.0721 (n=5) | q_tot_pred_mean=1.9629 | drbfn_loss=0.2575, qi_loss=0.0049, qtot_loss=0.3455

 Map 5m_vs_6m Algo r_drbfn_v3 Exp v3_5m_vs_6m_5M_seed1_full updates 110/6250 episodes, total num timesteps 88800/5000000, FPS 87.

incre win rate is 0.010752688172043012.

 Map 5m_vs_6m Algo r_drbfn_v3 Exp v3_5m_vs_6m_5M_seed1_full updates 115/6250 episodes, total num timesteps 92800/5000000, FPS 87.

incre win rate is 0.005405405405405406.
[v3 step=120] R_mean=0.4011 | G_n_mean=2.1951 (n=5) | q_tot_pred_mean=2.0805 | drbfn_loss=0.2336, qi_loss=0.0084, qtot_loss=0.6818

 Map 5m_vs_6m Algo r_drbfn_v3 Exp v3_5m_vs_6m_5M_seed1_full updates 120/6250 episodes, total num timesteps 96800/5000000, FPS 87.

incre win rate is 0.005434782608695652.

 Map 5m_vs_6m Algo r_drbfn_v3 Exp v3_5m_vs_6m_5M_seed1_full updates 125/6250 episodes, total num timesteps 100800/5000000, FPS 87.

incre win rate is 0.0056179775280898875.
eval win rate is 0.03125.
[v3 step=130] R_mean=0.3918 | G_n_mean=2.1739 (n=5) | q_tot_pred_mean=2.1645 | drbfn_loss=0.2149, qi_loss=0.0040, qtot_loss=0.2633

 Map 5m_vs_6m Algo r_drbfn_v3 Exp v3_5m_vs_6m_5M_seed1_full updates 130/6250 episodes, total num timesteps 104800/5000000, FPS 87.

incre win rate is 0.0111731843575419.

 Map 5m_vs_6m Algo r_drbfn_v3 Exp v3_5m_vs_6m_5M_seed1_full updates 135/6250 episodes, total num timesteps 108800/5000000, FPS 87.

incre win rate is 0.022727272727272728.
[v3 step=140] R_mean=0.3866 | G_n_mean=2.1784 (n=5) | q_tot_pred_mean=2.1559 | drbfn_loss=0.1983, qi_loss=0.0040, qtot_loss=0.3229

 Map 5m_vs_6m Algo r_drbfn_v3 Exp v3_5m_vs_6m_5M_seed1_full updates 140/6250 episodes, total num timesteps 112800/5000000, FPS 87.

incre win rate is 0.022222222222222223.

 Map 5m_vs_6m Algo r_drbfn_v3 Exp v3_5m_vs_6m_5M_seed1_full updates 145/6250 episodes, total num timesteps 116800/5000000, FPS 87.

incre win rate is 0.01675977653631285.
[v3 step=150] R_mean=0.3802 | G_n_mean=2.1942 (n=5) | q_tot_pred_mean=2.2531 | drbfn_loss=0.1744, qi_loss=0.0035, qtot_loss=0.2754

 Map 5m_vs_6m Algo r_drbfn_v3 Exp v3_5m_vs_6m_5M_seed1_full updates 150/6250 episodes, total num timesteps 120800/5000000, FPS 87.

incre win rate is 0.011111111111111112.
eval win rate is 0.0.

 Map 5m_vs_6m Algo r_drbfn_v3 Exp v3_5m_vs_6m_5M_seed1_full updates 155/6250 episodes, total num timesteps 124800/5000000, FPS 87.

incre win rate is 0.03867403314917127.
[v3 step=160] R_mean=0.4002 | G_n_mean=2.2889 (n=5) | q_tot_pred_mean=2.3020 | drbfn_loss=0.1515, qi_loss=0.0102, qtot_loss=0.7018

 Map 5m_vs_6m Algo r_drbfn_v3 Exp v3_5m_vs_6m_5M_seed1_full updates 160/6250 episodes, total num timesteps 128800/5000000, FPS 87.

incre win rate is 0.045714285714285714.

 Map 5m_vs_6m Algo r_drbfn_v3 Exp v3_5m_vs_6m_5M_seed1_full updates 165/6250 episodes, total num timesteps 132800/5000000, FPS 88.

incre win rate is 0.022222222222222223.
[v3 step=170] R_mean=0.3933 | G_n_mean=2.3237 (n=5) | q_tot_pred_mean=2.3650 | drbfn_loss=0.1269, qi_loss=0.0033, qtot_loss=0.3100

 Map 5m_vs_6m Algo r_drbfn_v3 Exp v3_5m_vs_6m_5M_seed1_full updates 170/6250 episodes, total num timesteps 136800/5000000, FPS 88.

incre win rate is 0.027624309392265192.

 Map 5m_vs_6m Algo r_drbfn_v3 Exp v3_5m_vs_6m_5M_seed1_full updates 175/6250 episodes, total num timesteps 140800/5000000, FPS 88.

incre win rate is 0.04597701149425287.
eval win rate is 0.0625.
[v3 step=180] R_mean=0.3773 | G_n_mean=2.2737 (n=5) | q_tot_pred_mean=2.3247 | drbfn_loss=0.0953, qi_loss=0.0029, qtot_loss=0.3001

 Map 5m_vs_6m Algo r_drbfn_v3 Exp v3_5m_vs_6m_5M_seed1_full updates 180/6250 episodes, total num timesteps 144800/5000000, FPS 87.

incre win rate is 0.0056179775280898875.

 Map 5m_vs_6m Algo r_drbfn_v3 Exp v3_5m_vs_6m_5M_seed1_full updates 185/6250 episodes, total num timesteps 148800/5000000, FPS 87.

incre win rate is 0.016853932584269662.
[v3 step=190] R_mean=0.3949 | G_n_mean=2.4266 (n=5) | q_tot_pred_mean=2.4157 | drbfn_loss=0.0697, qi_loss=0.0062, qtot_loss=0.6600

 Map 5m_vs_6m Algo r_drbfn_v3 Exp v3_5m_vs_6m_5M_seed1_full updates 190/6250 episodes, total num timesteps 152800/5000000, FPS 87.

incre win rate is 0.0111731843575419.

 Map 5m_vs_6m Algo r_drbfn_v3 Exp v3_5m_vs_6m_5M_seed1_full updates 195/6250 episodes, total num timesteps 156800/5000000, FPS 88.

incre win rate is 0.016666666666666666.
[v3 step=200] R_mean=0.4020 | G_n_mean=2.4740 (n=5) | q_tot_pred_mean=2.4174 | drbfn_loss=0.0606, qi_loss=0.0085, qtot_loss=0.9599

 Map 5m_vs_6m Algo r_drbfn_v3 Exp v3_5m_vs_6m_5M_seed1_full updates 200/6250 episodes, total num timesteps 160800/5000000, FPS 88.

incre win rate is 0.045454545454545456.
eval win rate is 0.0.

 Map 5m_vs_6m Algo r_drbfn_v3 Exp v3_5m_vs_6m_5M_seed1_full updates 205/6250 episodes, total num timesteps 164800/5000000, FPS 87.

incre win rate is 0.03932584269662921.
[v3 step=210] R_mean=0.3858 | G_n_mean=2.4139 (n=5) | q_tot_pred_mean=2.4292 | drbfn_loss=0.0399, qi_loss=0.0063, qtot_loss=0.6587

 Map 5m_vs_6m Algo r_drbfn_v3 Exp v3_5m_vs_6m_5M_seed1_full updates 210/6250 episodes, total num timesteps 168800/5000000, FPS 87.

incre win rate is 0.0223463687150838.

 Map 5m_vs_6m Algo r_drbfn_v3 Exp v3_5m_vs_6m_5M_seed1_full updates 215/6250 episodes, total num timesteps 172800/5000000, FPS 87.

incre win rate is 0.011560693641618497.
[v3 step=220] R_mean=0.4061 | G_n_mean=2.5895 (n=5) | q_tot_pred_mean=2.5789 | drbfn_loss=0.0218, qi_loss=0.0099, qtot_loss=0.8766

 Map 5m_vs_6m Algo r_drbfn_v3 Exp v3_5m_vs_6m_5M_seed1_full updates 220/6250 episodes, total num timesteps 176800/5000000, FPS 87.

incre win rate is 0.044444444444444446.

 Map 5m_vs_6m Algo r_drbfn_v3 Exp v3_5m_vs_6m_5M_seed1_full updates 225/6250 episodes, total num timesteps 180800/5000000, FPS 87.

incre win rate is 0.03409090909090909.
eval win rate is 0.0625.
[v3 step=230] R_mean=0.3971 | G_n_mean=2.5796 (n=5) | q_tot_pred_mean=2.6047 | drbfn_loss=0.0188, qi_loss=0.0080, qtot_loss=0.6489

 Map 5m_vs_6m Algo r_drbfn_v3 Exp v3_5m_vs_6m_5M_seed1_full updates 230/6250 episodes, total num timesteps 184800/5000000, FPS 87.

incre win rate is 0.05555555555555555.

 Map 5m_vs_6m Algo r_drbfn_v3 Exp v3_5m_vs_6m_5M_seed1_full updates 235/6250 episodes, total num timesteps 188800/5000000, FPS 87.

incre win rate is 0.016853932584269662.
[v3 step=240] R_mean=0.3875 | G_n_mean=2.5442 (n=5) | q_tot_pred_mean=2.5764 | drbfn_loss=0.0199, qi_loss=0.0088, qtot_loss=0.6156

 Map 5m_vs_6m Algo r_drbfn_v3 Exp v3_5m_vs_6m_5M_seed1_full updates 240/6250 episodes, total num timesteps 192800/5000000, FPS 87.

incre win rate is 0.03314917127071823.

 Map 5m_vs_6m Algo r_drbfn_v3 Exp v3_5m_vs_6m_5M_seed1_full updates 245/6250 episodes, total num timesteps 196800/5000000, FPS 87.

incre win rate is 0.016574585635359115.
[v3 step=250] R_mean=0.4371 | G_n_mean=2.8732 (n=5) | q_tot_pred_mean=2.7675 | drbfn_loss=0.0230, qi_loss=0.0199, qtot_loss=1.4033

 Map 5m_vs_6m Algo r_drbfn_v3 Exp v3_5m_vs_6m_5M_seed1_full updates 250/6250 episodes, total num timesteps 200800/5000000, FPS 87.

incre win rate is 0.05747126436781609.
eval win rate is 0.0625.

 Map 5m_vs_6m Algo r_drbfn_v3 Exp v3_5m_vs_6m_5M_seed1_full updates 255/6250 episodes, total num timesteps 204800/5000000, FPS 86.

incre win rate is 0.0446927374301676.
[v3 step=260] R_mean=0.3904 | G_n_mean=2.6779 (n=5) | q_tot_pred_mean=2.7573 | drbfn_loss=0.0255, qi_loss=0.0059, qtot_loss=0.3862

 Map 5m_vs_6m Algo r_drbfn_v3 Exp v3_5m_vs_6m_5M_seed1_full updates 260/6250 episodes, total num timesteps 208800/5000000, FPS 86.

incre win rate is 0.016666666666666666.

 Map 5m_vs_6m Algo r_drbfn_v3 Exp v3_5m_vs_6m_5M_seed1_full updates 265/6250 episodes, total num timesteps 212800/5000000, FPS 86.

incre win rate is 0.01675977653631285.
[v3 step=270] R_mean=0.4115 | G_n_mean=2.8221 (n=5) | q_tot_pred_mean=2.8191 | drbfn_loss=0.0221, qi_loss=0.0120, qtot_loss=0.9210

 Map 5m_vs_6m Algo r_drbfn_v3 Exp v3_5m_vs_6m_5M_seed1_full updates 270/6250 episodes, total num timesteps 216800/5000000, FPS 86.

incre win rate is 0.02197802197802198.

 Map 5m_vs_6m Algo r_drbfn_v3 Exp v3_5m_vs_6m_5M_seed1_full updates 275/6250 episodes, total num timesteps 220800/5000000, FPS 86.

incre win rate is 0.027777777777777776.
eval win rate is 0.03125.
[v3 step=280] R_mean=0.3909 | G_n_mean=2.7461 (n=5) | q_tot_pred_mean=2.8602 | drbfn_loss=0.0206, qi_loss=0.0038, qtot_loss=0.3384

 Map 5m_vs_6m Algo r_drbfn_v3 Exp v3_5m_vs_6m_5M_seed1_full updates 280/6250 episodes, total num timesteps 224800/5000000, FPS 86.

incre win rate is 0.01098901098901099.

 Map 5m_vs_6m Algo r_drbfn_v3 Exp v3_5m_vs_6m_5M_seed1_full updates 285/6250 episodes, total num timesteps 228800/5000000, FPS 86.

incre win rate is 0.01694915254237288.
[v3 step=290] R_mean=0.4320 | G_n_mean=2.9953 (n=5) | q_tot_pred_mean=2.8225 | drbfn_loss=0.0147, qi_loss=0.0141, qtot_loss=1.2652

 Map 5m_vs_6m Algo r_drbfn_v3 Exp v3_5m_vs_6m_5M_seed1_full updates 290/6250 episodes, total num timesteps 232800/5000000, FPS 86.

incre win rate is 0.02185792349726776.

 Map 5m_vs_6m Algo r_drbfn_v3 Exp v3_5m_vs_6m_5M_seed1_full updates 295/6250 episodes, total num timesteps 236800/5000000, FPS 86.

incre win rate is 0.0213903743315508.
[v3 step=300] R_mean=0.4027 | G_n_mean=2.8872 (n=5) | q_tot_pred_mean=2.8315 | drbfn_loss=0.0147, qi_loss=0.0077, qtot_loss=0.5772

 Map 5m_vs_6m Algo r_drbfn_v3 Exp v3_5m_vs_6m_5M_seed1_full updates 300/6250 episodes, total num timesteps 240800/5000000, FPS 86.

incre win rate is 0.04519774011299435.
eval win rate is 0.09375.

 Map 5m_vs_6m Algo r_drbfn_v3 Exp v3_5m_vs_6m_5M_seed1_full updates 305/6250 episodes, total num timesteps 244800/5000000, FPS 86.

incre win rate is 0.05113636363636364.
[v3 step=310] R_mean=0.3964 | G_n_mean=2.8525 (n=5) | q_tot_pred_mean=2.9304 | drbfn_loss=0.0116, qi_loss=0.0074, qtot_loss=0.6162

 Map 5m_vs_6m Algo r_drbfn_v3 Exp v3_5m_vs_6m_5M_seed1_full updates 310/6250 episodes, total num timesteps 248800/5000000, FPS 86.

incre win rate is 0.03314917127071823.

 Map 5m_vs_6m Algo r_drbfn_v3 Exp v3_5m_vs_6m_5M_seed1_full updates 315/6250 episodes, total num timesteps 252800/5000000, FPS 86.

incre win rate is 0.01639344262295082.
[v3 step=320] R_mean=0.4017 | G_n_mean=2.9170 (n=5) | q_tot_pred_mean=2.9615 | drbfn_loss=0.0146, qi_loss=0.0068, qtot_loss=0.6620

 Map 5m_vs_6m Algo r_drbfn_v3 Exp v3_5m_vs_6m_5M_seed1_full updates 320/6250 episodes, total num timesteps 256800/5000000, FPS 86.

incre win rate is 0.05084745762711865.

 Map 5m_vs_6m Algo r_drbfn_v3 Exp v3_5m_vs_6m_5M_seed1_full updates 325/6250 episodes, total num timesteps 260800/5000000, FPS 85.

incre win rate is 0.028409090909090908.
eval win rate is 0.0.
[v3 step=330] R_mean=0.4292 | G_n_mean=3.1338 (n=5) | q_tot_pred_mean=2.9993 | drbfn_loss=0.0141, qi_loss=0.0119, qtot_loss=1.1404

 Map 5m_vs_6m Algo r_drbfn_v3 Exp v3_5m_vs_6m_5M_seed1_full updates 330/6250 episodes, total num timesteps 264800/5000000, FPS 84.

incre win rate is 0.056179775280898875.

 Map 5m_vs_6m Algo r_drbfn_v3 Exp v3_5m_vs_6m_5M_seed1_full updates 335/6250 episodes, total num timesteps 268800/5000000, FPS 85.

incre win rate is 0.03488372093023256.
[v3 step=340] R_mean=0.4200 | G_n_mean=3.1337 (n=5) | q_tot_pred_mean=3.1785 | drbfn_loss=0.0122, qi_loss=0.0092, qtot_loss=0.8217

 Map 5m_vs_6m Algo r_drbfn_v3 Exp v3_5m_vs_6m_5M_seed1_full updates 340/6250 episodes, total num timesteps 272800/5000000, FPS 85.

incre win rate is 0.05232558139534884.

 Map 5m_vs_6m Algo r_drbfn_v3 Exp v3_5m_vs_6m_5M_seed1_full updates 345/6250 episodes, total num timesteps 276800/5000000, FPS 85.

incre win rate is 0.05172413793103448.
[v3 step=350] R_mean=0.4171 | G_n_mean=3.1655 (n=5) | q_tot_pred_mean=3.2126 | drbfn_loss=0.0128, qi_loss=0.0099, qtot_loss=1.0431

 Map 5m_vs_6m Algo r_drbfn_v3 Exp v3_5m_vs_6m_5M_seed1_full updates 350/6250 episodes, total num timesteps 280800/5000000, FPS 85.

incre win rate is 0.08284023668639054.
eval win rate is 0.03125.

 Map 5m_vs_6m Algo r_drbfn_v3 Exp v3_5m_vs_6m_5M_seed1_full updates 355/6250 episodes, total num timesteps 284800/5000000, FPS 84.

incre win rate is 0.05113636363636364.
[v3 step=360] R_mean=0.4105 | G_n_mean=3.1250 (n=5) | q_tot_pred_mean=3.0974 | drbfn_loss=0.0137, qi_loss=0.0087, qtot_loss=0.6821

 Map 5m_vs_6m Algo r_drbfn_v3 Exp v3_5m_vs_6m_5M_seed1_full updates 360/6250 episodes, total num timesteps 288800/5000000, FPS 84.

incre win rate is 0.0625.

 Map 5m_vs_6m Algo r_drbfn_v3 Exp v3_5m_vs_6m_5M_seed1_full updates 365/6250 episodes, total num timesteps 292800/5000000, FPS 84.

incre win rate is 0.08982035928143713.
[v3 step=370] R_mean=0.4324 | G_n_mean=3.2853 (n=5) | q_tot_pred_mean=3.3045 | drbfn_loss=0.0110, qi_loss=0.0147, qtot_loss=1.2663

 Map 5m_vs_6m Algo r_drbfn_v3 Exp v3_5m_vs_6m_5M_seed1_full updates 370/6250 episodes, total num timesteps 296800/5000000, FPS 84.

incre win rate is 0.1488095238095238.

 Map 5m_vs_6m Algo r_drbfn_v3 Exp v3_5m_vs_6m_5M_seed1_full updates 375/6250 episodes, total num timesteps 300800/5000000, FPS 84.

incre win rate is 0.08875739644970414.
eval win rate is 0.15625.
[v3 step=380] R_mean=0.4342 | G_n_mean=3.3418 (n=5) | q_tot_pred_mean=3.2054 | drbfn_loss=0.0111, qi_loss=0.0149, qtot_loss=1.1870

 Map 5m_vs_6m Algo r_drbfn_v3 Exp v3_5m_vs_6m_5M_seed1_full updates 380/6250 episodes, total num timesteps 304800/5000000, FPS 84.

incre win rate is 0.07692307692307693.

 Map 5m_vs_6m Algo r_drbfn_v3 Exp v3_5m_vs_6m_5M_seed1_full updates 385/6250 episodes, total num timesteps 308800/5000000, FPS 84.

incre win rate is 0.08823529411764706.
[v3 step=390] R_mean=0.3965 | G_n_mean=3.1846 (n=5) | q_tot_pred_mean=3.3147 | drbfn_loss=0.0101, qi_loss=0.0074, qtot_loss=0.7297

 Map 5m_vs_6m Algo r_drbfn_v3 Exp v3_5m_vs_6m_5M_seed1_full updates 390/6250 episodes, total num timesteps 312800/5000000, FPS 84.

incre win rate is 0.09523809523809523.

 Map 5m_vs_6m Algo r_drbfn_v3 Exp v3_5m_vs_6m_5M_seed1_full updates 395/6250 episodes, total num timesteps 316800/5000000, FPS 84.

incre win rate is 0.1728395061728395.
[v3 step=400] R_mean=0.4216 | G_n_mean=3.3177 (n=5) | q_tot_pred_mean=3.3827 | drbfn_loss=0.0101, qi_loss=0.0142, qtot_loss=0.9925

 Map 5m_vs_6m Algo r_drbfn_v3 Exp v3_5m_vs_6m_5M_seed1_full updates 400/6250 episodes, total num timesteps 320800/5000000, FPS 84.

incre win rate is 0.09302325581395349.
eval win rate is 0.28125.

 Map 5m_vs_6m Algo r_drbfn_v3 Exp v3_5m_vs_6m_5M_seed1_full updates 405/6250 episodes, total num timesteps 324800/5000000, FPS 84.

incre win rate is 0.14906832298136646.
[v3 step=410] R_mean=0.4552 | G_n_mean=3.6040 (n=5) | q_tot_pred_mean=3.5917 | drbfn_loss=0.0084, qi_loss=0.0198, qtot_loss=1.5847

 Map 5m_vs_6m Algo r_drbfn_v3 Exp v3_5m_vs_6m_5M_seed1_full updates 410/6250 episodes, total num timesteps 328800/5000000, FPS 84.

incre win rate is 0.15757575757575756.

 Map 5m_vs_6m Algo r_drbfn_v3 Exp v3_5m_vs_6m_5M_seed1_full updates 415/6250 episodes, total num timesteps 332800/5000000, FPS 84.

incre win rate is 0.1402439024390244.
[v3 step=420] R_mean=0.4085 | G_n_mean=3.3138 (n=5) | q_tot_pred_mean=3.3180 | drbfn_loss=0.0101, qi_loss=0.0177, qtot_loss=1.2231

 Map 5m_vs_6m Algo r_drbfn_v3 Exp v3_5m_vs_6m_5M_seed1_full updates 420/6250 episodes, total num timesteps 336800/5000000, FPS 84.

incre win rate is 0.08333333333333333.

 Map 5m_vs_6m Algo r_drbfn_v3 Exp v3_5m_vs_6m_5M_seed1_full updates 425/6250 episodes, total num timesteps 340800/5000000, FPS 84.

incre win rate is 0.12962962962962962.
eval win rate is 0.15625.
[v3 step=430] R_mean=0.4642 | G_n_mean=3.6780 (n=5) | q_tot_pred_mean=3.6021 | drbfn_loss=0.0098, qi_loss=0.0268, qtot_loss=1.7220

 Map 5m_vs_6m Algo r_drbfn_v3 Exp v3_5m_vs_6m_5M_seed1_full updates 430/6250 episodes, total num timesteps 344800/5000000, FPS 84.

incre win rate is 0.15286624203821655.

 Map 5m_vs_6m Algo r_drbfn_v3 Exp v3_5m_vs_6m_5M_seed1_full updates 435/6250 episodes, total num timesteps 348800/5000000, FPS 84.

incre win rate is 0.09876543209876543.
[v3 step=440] R_mean=0.4720 | G_n_mean=3.7691 (n=5) | q_tot_pred_mean=3.6568 | drbfn_loss=0.0085, qi_loss=0.0245, qtot_loss=1.5212

 Map 5m_vs_6m Algo r_drbfn_v3 Exp v3_5m_vs_6m_5M_seed1_full updates 440/6250 episodes, total num timesteps 352800/5000000, FPS 84.

incre win rate is 0.14906832298136646.

 Map 5m_vs_6m Algo r_drbfn_v3 Exp v3_5m_vs_6m_5M_seed1_full updates 445/6250 episodes, total num timesteps 356800/5000000, FPS 84.

incre win rate is 0.12883435582822086.
[v3 step=450] R_mean=0.4245 | G_n_mean=3.5638 (n=5) | q_tot_pred_mean=3.4703 | drbfn_loss=0.0100, qi_loss=0.0133, qtot_loss=1.1973

 Map 5m_vs_6m Algo r_drbfn_v3 Exp v3_5m_vs_6m_5M_seed1_full updates 450/6250 episodes, total num timesteps 360800/5000000, FPS 84.

incre win rate is 0.060240963855421686.
eval win rate is 0.28125.

 Map 5m_vs_6m Algo r_drbfn_v3 Exp v3_5m_vs_6m_5M_seed1_full updates 455/6250 episodes, total num timesteps 364800/5000000, FPS 84.

incre win rate is 0.1.
[v3 step=460] R_mean=0.4138 | G_n_mean=3.5570 (n=5) | q_tot_pred_mean=3.6378 | drbfn_loss=0.0109, qi_loss=0.0104, qtot_loss=1.0484

 Map 5m_vs_6m Algo r_drbfn_v3 Exp v3_5m_vs_6m_5M_seed1_full updates 460/6250 episodes, total num timesteps 368800/5000000, FPS 84.

incre win rate is 0.09036144578313253.

 Map 5m_vs_6m Algo r_drbfn_v3 Exp v3_5m_vs_6m_5M_seed1_full updates 465/6250 episodes, total num timesteps 372800/5000000, FPS 84.

incre win rate is 0.12883435582822086.
[v3 step=470] R_mean=0.4299 | G_n_mean=3.6500 (n=5) | q_tot_pred_mean=3.7192 | drbfn_loss=0.0123, qi_loss=0.0122, qtot_loss=1.2023

 Map 5m_vs_6m Algo r_drbfn_v3 Exp v3_5m_vs_6m_5M_seed1_full updates 470/6250 episodes, total num timesteps 376800/5000000, FPS 84.

incre win rate is 0.12195121951219512.

 Map 5m_vs_6m Algo r_drbfn_v3 Exp v3_5m_vs_6m_5M_seed1_full updates 475/6250 episodes, total num timesteps 380800/5000000, FPS 84.

incre win rate is 0.05454545454545454.
eval win rate is 0.1875.
[v3 step=480] R_mean=0.4524 | G_n_mean=3.8572 (n=5) | q_tot_pred_mean=3.8090 | drbfn_loss=0.0106, qi_loss=0.0178, qtot_loss=1.6154

 Map 5m_vs_6m Algo r_drbfn_v3 Exp v3_5m_vs_6m_5M_seed1_full updates 480/6250 episodes, total num timesteps 384800/5000000, FPS 83.

incre win rate is 0.13043478260869565.

 Map 5m_vs_6m Algo r_drbfn_v3 Exp v3_5m_vs_6m_5M_seed1_full updates 485/6250 episodes, total num timesteps 388800/5000000, FPS 83.

incre win rate is 0.029585798816568046.
[v3 step=490] R_mean=0.3949 | G_n_mean=3.5674 (n=5) | q_tot_pred_mean=3.6326 | drbfn_loss=0.0136, qi_loss=0.0078, qtot_loss=0.9581

 Map 5m_vs_6m Algo r_drbfn_v3 Exp v3_5m_vs_6m_5M_seed1_full updates 490/6250 episodes, total num timesteps 392800/5000000, FPS 83.

incre win rate is 0.0650887573964497.

 Map 5m_vs_6m Algo r_drbfn_v3 Exp v3_5m_vs_6m_5M_seed1_full updates 495/6250 episodes, total num timesteps 396800/5000000, FPS 83.

incre win rate is 0.027932960893854747.
[v3 step=500] R_mean=0.4228 | G_n_mean=3.7741 (n=5) | q_tot_pred_mean=3.6766 | drbfn_loss=0.0106, qi_loss=0.0116, qtot_loss=1.2626

 Map 5m_vs_6m Algo r_drbfn_v3 Exp v3_5m_vs_6m_5M_seed1_full updates 500/6250 episodes, total num timesteps 400800/5000000, FPS 83.

incre win rate is 0.0223463687150838.
eval win rate is 0.1875.

 Map 5m_vs_6m Algo r_drbfn_v3 Exp v3_5m_vs_6m_5M_seed1_full updates 505/6250 episodes, total num timesteps 404800/5000000, FPS 82.

incre win rate is 0.04678362573099415.
[v3 step=510] R_mean=0.3989 | G_n_mean=3.6458 (n=5) | q_tot_pred_mean=3.7857 | drbfn_loss=0.0116, qi_loss=0.0082, qtot_loss=0.9992

 Map 5m_vs_6m Algo r_drbfn_v3 Exp v3_5m_vs_6m_5M_seed1_full updates 510/6250 episodes, total num timesteps 408800/5000000, FPS 82.

incre win rate is 0.08.

 Map 5m_vs_6m Algo r_drbfn_v3 Exp v3_5m_vs_6m_5M_seed1_full updates 515/6250 episodes, total num timesteps 412800/5000000, FPS 82.

incre win rate is 0.14285714285714285.
[v3 step=520] R_mean=0.4321 | G_n_mean=3.7752 (n=5) | q_tot_pred_mean=3.7965 | drbfn_loss=0.0119, qi_loss=0.0139, qtot_loss=1.1485

 Map 5m_vs_6m Algo r_drbfn_v3 Exp v3_5m_vs_6m_5M_seed1_full updates 520/6250 episodes, total num timesteps 416800/5000000, FPS 82.

incre win rate is 0.12280701754385964.

 Map 5m_vs_6m Algo r_drbfn_v3 Exp v3_5m_vs_6m_5M_seed1_full updates 525/6250 episodes, total num timesteps 420800/5000000, FPS 82.

incre win rate is 0.13253012048192772.
eval win rate is 0.125.
[v3 step=530] R_mean=0.4120 | G_n_mean=3.8186 (n=5) | q_tot_pred_mean=3.9302 | drbfn_loss=0.0114, qi_loss=0.0062, qtot_loss=1.0279

 Map 5m_vs_6m Algo r_drbfn_v3 Exp v3_5m_vs_6m_5M_seed1_full updates 530/6250 episodes, total num timesteps 424800/5000000, FPS 82.

incre win rate is 0.1317365269461078.

 Map 5m_vs_6m Algo r_drbfn_v3 Exp v3_5m_vs_6m_5M_seed1_full updates 535/6250 episodes, total num timesteps 428800/5000000, FPS 82.

incre win rate is 0.16463414634146342.
[v3 step=540] R_mean=0.4530 | G_n_mean=4.0403 (n=5) | q_tot_pred_mean=4.0066 | drbfn_loss=0.0123, qi_loss=0.0187, qtot_loss=1.7516

 Map 5m_vs_6m Algo r_drbfn_v3 Exp v3_5m_vs_6m_5M_seed1_full updates 540/6250 episodes, total num timesteps 432800/5000000, FPS 82.

incre win rate is 0.15.

 Map 5m_vs_6m Algo r_drbfn_v3 Exp v3_5m_vs_6m_5M_seed1_full updates 545/6250 episodes, total num timesteps 436800/5000000, FPS 82.

incre win rate is 0.11377245508982035.
[v3 step=550] R_mean=0.4435 | G_n_mean=3.9864 (n=5) | q_tot_pred_mean=3.9494 | drbfn_loss=0.0124, qi_loss=0.0194, qtot_loss=1.6329

 Map 5m_vs_6m Algo r_drbfn_v3 Exp v3_5m_vs_6m_5M_seed1_full updates 550/6250 episodes, total num timesteps 440800/5000000, FPS 82.

incre win rate is 0.12941176470588237.
eval win rate is 0.125.

 Map 5m_vs_6m Algo r_drbfn_v3 Exp v3_5m_vs_6m_5M_seed1_full updates 555/6250 episodes, total num timesteps 444800/5000000, FPS 82.

incre win rate is 0.15757575757575756.
[v3 step=560] R_mean=0.4460 | G_n_mean=4.0294 (n=5) | q_tot_pred_mean=4.0141 | drbfn_loss=0.0122, qi_loss=0.0129, qtot_loss=1.0998

 Map 5m_vs_6m Algo r_drbfn_v3 Exp v3_5m_vs_6m_5M_seed1_full updates 560/6250 episodes, total num timesteps 448800/5000000, FPS 82.

incre win rate is 0.08928571428571429.

 Map 5m_vs_6m Algo r_drbfn_v3 Exp v3_5m_vs_6m_5M_seed1_full updates 565/6250 episodes, total num timesteps 452800/5000000, FPS 82.

incre win rate is 0.1402439024390244.
[v3 step=570] R_mean=0.4168 | G_n_mean=3.9404 (n=5) | q_tot_pred_mean=4.1645 | drbfn_loss=0.0135, qi_loss=0.0084, qtot_loss=1.2743

 Map 5m_vs_6m Algo r_drbfn_v3 Exp v3_5m_vs_6m_5M_seed1_full updates 570/6250 episodes, total num timesteps 456800/5000000, FPS 82.

incre win rate is 0.13333333333333333.

 Map 5m_vs_6m Algo r_drbfn_v3 Exp v3_5m_vs_6m_5M_seed1_full updates 575/6250 episodes, total num timesteps 460800/5000000, FPS 82.

incre win rate is 0.0783132530120482.
eval win rate is 0.3125.
[v3 step=580] R_mean=0.4452 | G_n_mean=4.1427 (n=5) | q_tot_pred_mean=4.1494 | drbfn_loss=0.0135, qi_loss=0.0185, qtot_loss=1.5121

 Map 5m_vs_6m Algo r_drbfn_v3 Exp v3_5m_vs_6m_5M_seed1_full updates 580/6250 episodes, total num timesteps 464800/5000000, FPS 82.

incre win rate is 0.14814814814814814.

 Map 5m_vs_6m Algo r_drbfn_v3 Exp v3_5m_vs_6m_5M_seed1_full updates 585/6250 episodes, total num timesteps 468800/5000000, FPS 82.

incre win rate is 0.17901234567901234.
[v3 step=590] R_mean=0.5152 | G_n_mean=4.6414 (n=5) | q_tot_pred_mean=4.4047 | drbfn_loss=0.0137, qi_loss=0.0306, qtot_loss=2.6327

 Map 5m_vs_6m Algo r_drbfn_v3 Exp v3_5m_vs_6m_5M_seed1_full updates 590/6250 episodes, total num timesteps 472800/5000000, FPS 82.

incre win rate is 0.18125.

 Map 5m_vs_6m Algo r_drbfn_v3 Exp v3_5m_vs_6m_5M_seed1_full updates 595/6250 episodes, total num timesteps 476800/5000000, FPS 83.

incre win rate is 0.18125.
[v3 step=600] R_mean=0.4569 | G_n_mean=4.2434 (n=5) | q_tot_pred_mean=4.3048 | drbfn_loss=0.0149, qi_loss=0.0230, qtot_loss=1.9439

 Map 5m_vs_6m Algo r_drbfn_v3 Exp v3_5m_vs_6m_5M_seed1_full updates 600/6250 episodes, total num timesteps 480800/5000000, FPS 83.

incre win rate is 0.16770186335403728.
eval win rate is 0.1875.

 Map 5m_vs_6m Algo r_drbfn_v3 Exp v3_5m_vs_6m_5M_seed1_full updates 605/6250 episodes, total num timesteps 484800/5000000, FPS 83.

incre win rate is 0.20121951219512196.
[v3 step=610] R_mean=0.4441 | G_n_mean=4.2533 (n=5) | q_tot_pred_mean=4.3614 | drbfn_loss=0.0144, qi_loss=0.0150, qtot_loss=1.2794

 Map 5m_vs_6m Algo r_drbfn_v3 Exp v3_5m_vs_6m_5M_seed1_full updates 610/6250 episodes, total num timesteps 488800/5000000, FPS 83.

incre win rate is 0.18902439024390244.

 Map 5m_vs_6m Algo r_drbfn_v3 Exp v3_5m_vs_6m_5M_seed1_full updates 615/6250 episodes, total num timesteps 492800/5000000, FPS 83.

incre win rate is 0.11585365853658537.
[v3 step=620] R_mean=0.4280 | G_n_mean=4.1446 (n=5) | q_tot_pred_mean=4.2213 | drbfn_loss=0.0137, qi_loss=0.0111, qtot_loss=1.0673

 Map 5m_vs_6m Algo r_drbfn_v3 Exp v3_5m_vs_6m_5M_seed1_full updates 620/6250 episodes, total num timesteps 496800/5000000, FPS 83.

incre win rate is 0.16363636363636364.

 Map 5m_vs_6m Algo r_drbfn_v3 Exp v3_5m_vs_6m_5M_seed1_full updates 625/6250 episodes, total num timesteps 500800/5000000, FPS 83.

incre win rate is 0.17391304347826086.
eval win rate is 0.28125.
[v3 step=630] R_mean=0.4413 | G_n_mean=4.2841 (n=5) | q_tot_pred_mean=4.2618 | drbfn_loss=0.0163, qi_loss=0.0131, qtot_loss=1.2571

 Map 5m_vs_6m Algo r_drbfn_v3 Exp v3_5m_vs_6m_5M_seed1_full updates 630/6250 episodes, total num timesteps 504800/5000000, FPS 83.

incre win rate is 0.19631901840490798.

 Map 5m_vs_6m Algo r_drbfn_v3 Exp v3_5m_vs_6m_5M_seed1_full updates 635/6250 episodes, total num timesteps 508800/5000000, FPS 83.

incre win rate is 0.18902439024390244.
[v3 step=640] R_mean=0.4599 | G_n_mean=4.4886 (n=5) | q_tot_pred_mean=4.5590 | drbfn_loss=0.0152, qi_loss=0.0165, qtot_loss=1.2654

 Map 5m_vs_6m Algo r_drbfn_v3 Exp v3_5m_vs_6m_5M_seed1_full updates 640/6250 episodes, total num timesteps 512800/5000000, FPS 83.

incre win rate is 0.19254658385093168.

 Map 5m_vs_6m Algo r_drbfn_v3 Exp v3_5m_vs_6m_5M_seed1_full updates 645/6250 episodes, total num timesteps 516800/5000000, FPS 83.

incre win rate is 0.2389937106918239.
[v3 step=650] R_mean=0.4364 | G_n_mean=4.3093 (n=5) | q_tot_pred_mean=4.3591 | drbfn_loss=0.0159, qi_loss=0.0104, qtot_loss=1.1816

 Map 5m_vs_6m Algo r_drbfn_v3 Exp v3_5m_vs_6m_5M_seed1_full updates 650/6250 episodes, total num timesteps 520800/5000000, FPS 82.

incre win rate is 0.18633540372670807.
eval win rate is 0.21875.

 Map 5m_vs_6m Algo r_drbfn_v3 Exp v3_5m_vs_6m_5M_seed1_full updates 655/6250 episodes, total num timesteps 524800/5000000, FPS 82.

incre win rate is 0.17901234567901234.
[v3 step=660] R_mean=0.4833 | G_n_mean=4.6744 (n=5) | q_tot_pred_mean=4.5303 | drbfn_loss=0.0175, qi_loss=0.0257, qtot_loss=2.0664

 Map 5m_vs_6m Algo r_drbfn_v3 Exp v3_5m_vs_6m_5M_seed1_full updates 660/6250 episodes, total num timesteps 528800/5000000, FPS 82.

incre win rate is 0.12048192771084337.

 Map 5m_vs_6m Algo r_drbfn_v3 Exp v3_5m_vs_6m_5M_seed1_full updates 665/6250 episodes, total num timesteps 532800/5000000, FPS 82.

incre win rate is 0.09696969696969697.
[v3 step=670] R_mean=0.4334 | G_n_mean=4.3476 (n=5) | q_tot_pred_mean=4.3994 | drbfn_loss=0.0175, qi_loss=0.0163, qtot_loss=1.9825

 Map 5m_vs_6m Algo r_drbfn_v3 Exp v3_5m_vs_6m_5M_seed1_full updates 670/6250 episodes, total num timesteps 536800/5000000, FPS 83.

incre win rate is 0.1317365269461078.

 Map 5m_vs_6m Algo r_drbfn_v3 Exp v3_5m_vs_6m_5M_seed1_full updates 675/6250 episodes, total num timesteps 540800/5000000, FPS 83.

incre win rate is 0.17791411042944785.
eval win rate is 0.25.
[v3 step=680] R_mean=0.5102 | G_n_mean=4.9135 (n=5) | q_tot_pred_mean=4.6197 | drbfn_loss=0.0186, qi_loss=0.0286, qtot_loss=2.5953

 Map 5m_vs_6m Algo r_drbfn_v3 Exp v3_5m_vs_6m_5M_seed1_full updates 680/6250 episodes, total num timesteps 544800/5000000, FPS 83.

incre win rate is 0.16265060240963855.

 Map 5m_vs_6m Algo r_drbfn_v3 Exp v3_5m_vs_6m_5M_seed1_full updates 685/6250 episodes, total num timesteps 548800/5000000, FPS 83.

incre win rate is 0.10240963855421686.
[v3 step=690] R_mean=0.4405 | G_n_mean=4.5217 (n=5) | q_tot_pred_mean=4.5517 | drbfn_loss=0.0191, qi_loss=0.0143, qtot_loss=1.7514

 Map 5m_vs_6m Algo r_drbfn_v3 Exp v3_5m_vs_6m_5M_seed1_full updates 690/6250 episodes, total num timesteps 552800/5000000, FPS 83.

incre win rate is 0.16049382716049382.

 Map 5m_vs_6m Algo r_drbfn_v3 Exp v3_5m_vs_6m_5M_seed1_full updates 695/6250 episodes, total num timesteps 556800/5000000, FPS 83.

incre win rate is 0.19879518072289157.
[v3 step=700] R_mean=0.4199 | G_n_mean=4.3528 (n=5) | q_tot_pred_mean=4.4747 | drbfn_loss=0.0175, qi_loss=0.0120, qtot_loss=1.1989

 Map 5m_vs_6m Algo r_drbfn_v3 Exp v3_5m_vs_6m_5M_seed1_full updates 700/6250 episodes, total num timesteps 560800/5000000, FPS 83.

incre win rate is 0.1893491124260355.
eval win rate is 0.21875.

 Map 5m_vs_6m Algo r_drbfn_v3 Exp v3_5m_vs_6m_5M_seed1_full updates 705/6250 episodes, total num timesteps 564800/5000000, FPS 83.

incre win rate is 0.1437125748502994.
[v3 step=710] R_mean=0.4611 | G_n_mean=4.6930 (n=5) | q_tot_pred_mean=4.7144 | drbfn_loss=0.0177, qi_loss=0.0166, qtot_loss=1.5568

 Map 5m_vs_6m Algo r_drbfn_v3 Exp v3_5m_vs_6m_5M_seed1_full updates 710/6250 episodes, total num timesteps 568800/5000000, FPS 83.

incre win rate is 0.1411764705882353.

 Map 5m_vs_6m Algo r_drbfn_v3 Exp v3_5m_vs_6m_5M_seed1_full updates 715/6250 episodes, total num timesteps 572800/5000000, FPS 83.

incre win rate is 0.19642857142857142.
[v3 step=720] R_mean=0.5027 | G_n_mean=5.0778 (n=5) | q_tot_pred_mean=4.8850 | drbfn_loss=0.0191, qi_loss=0.0201, qtot_loss=2.2441

 Map 5m_vs_6m Algo r_drbfn_v3 Exp v3_5m_vs_6m_5M_seed1_full updates 720/6250 episodes, total num timesteps 576800/5000000, FPS 83.

incre win rate is 0.2.

 Map 5m_vs_6m Algo r_drbfn_v3 Exp v3_5m_vs_6m_5M_seed1_full updates 725/6250 episodes, total num timesteps 580800/5000000, FPS 83.

incre win rate is 0.2215568862275449.
eval win rate is 0.3125.
[v3 step=730] R_mean=0.4304 | G_n_mean=4.5806 (n=5) | q_tot_pred_mean=4.7370 | drbfn_loss=0.0189, qi_loss=0.0112, qtot_loss=1.3048

 Map 5m_vs_6m Algo r_drbfn_v3 Exp v3_5m_vs_6m_5M_seed1_full updates 730/6250 episodes, total num timesteps 584800/5000000, FPS 83.

incre win rate is 0.17682926829268292.

 Map 5m_vs_6m Algo r_drbfn_v3 Exp v3_5m_vs_6m_5M_seed1_full updates 735/6250 episodes, total num timesteps 588800/5000000, FPS 83.

incre win rate is 0.13450292397660818.
[v3 step=740] R_mean=0.4897 | G_n_mean=5.0058 (n=5) | q_tot_pred_mean=4.7942 | drbfn_loss=0.0198, qi_loss=0.0193, qtot_loss=2.3153

 Map 5m_vs_6m Algo r_drbfn_v3 Exp v3_5m_vs_6m_5M_seed1_full updates 740/6250 episodes, total num timesteps 592800/5000000, FPS 83.

incre win rate is 0.16374269005847952.

 Map 5m_vs_6m Algo r_drbfn_v3 Exp v3_5m_vs_6m_5M_seed1_full updates 745/6250 episodes, total num timesteps 596800/5000000, FPS 83.

incre win rate is 0.13529411764705881.
[v3 step=750] R_mean=0.4661 | G_n_mean=4.8261 (n=5) | q_tot_pred_mean=4.6861 | drbfn_loss=0.0192, qi_loss=0.0174, qtot_loss=1.9116

 Map 5m_vs_6m Algo r_drbfn_v3 Exp v3_5m_vs_6m_5M_seed1_full updates 750/6250 episodes, total num timesteps 600800/5000000, FPS 83.

incre win rate is 0.15789473684210525.
eval win rate is 0.15625.

 Map 5m_vs_6m Algo r_drbfn_v3 Exp v3_5m_vs_6m_5M_seed1_full updates 755/6250 episodes, total num timesteps 604800/5000000, FPS 83.

incre win rate is 0.1130952380952381.
[v3 step=760] R_mean=0.4529 | G_n_mean=4.7713 (n=5) | q_tot_pred_mean=4.6699 | drbfn_loss=0.0190, qi_loss=0.0147, qtot_loss=1.9477

 Map 5m_vs_6m Algo r_drbfn_v3 Exp v3_5m_vs_6m_5M_seed1_full updates 760/6250 episodes, total num timesteps 608800/5000000, FPS 83.

incre win rate is 0.11764705882352941.

 Map 5m_vs_6m Algo r_drbfn_v3 Exp v3_5m_vs_6m_5M_seed1_full updates 765/6250 episodes, total num timesteps 612800/5000000, FPS 83.

incre win rate is 0.09523809523809523.
[v3 step=770] R_mean=0.4187 | G_n_mean=4.6060 (n=5) | q_tot_pred_mean=4.6600 | drbfn_loss=0.0222, qi_loss=0.0108, qtot_loss=1.6024

 Map 5m_vs_6m Algo r_drbfn_v3 Exp v3_5m_vs_6m_5M_seed1_full updates 770/6250 episodes, total num timesteps 616800/5000000, FPS 83.

incre win rate is 0.05357142857142857.

 Map 5m_vs_6m Algo r_drbfn_v3 Exp v3_5m_vs_6m_5M_seed1_full updates 775/6250 episodes, total num timesteps 620800/5000000, FPS 83.

incre win rate is 0.05263157894736842.
eval win rate is 0.21875.
[v3 step=780] R_mean=0.4711 | G_n_mean=4.8644 (n=5) | q_tot_pred_mean=4.7474 | drbfn_loss=0.0224, qi_loss=0.0230, qtot_loss=2.4120

 Map 5m_vs_6m Algo r_drbfn_v3 Exp v3_5m_vs_6m_5M_seed1_full updates 780/6250 episodes, total num timesteps 624800/5000000, FPS 83.

incre win rate is 0.09411764705882353.

 Map 5m_vs_6m Algo r_drbfn_v3 Exp v3_5m_vs_6m_5M_seed1_full updates 785/6250 episodes, total num timesteps 628800/5000000, FPS 83.

incre win rate is 0.10714285714285714.
[v3 step=790] R_mean=0.4168 | G_n_mean=4.6238 (n=5) | q_tot_pred_mean=4.8414 | drbfn_loss=0.0205, qi_loss=0.0174, qtot_loss=1.8492

 Map 5m_vs_6m Algo r_drbfn_v3 Exp v3_5m_vs_6m_5M_seed1_full updates 790/6250 episodes, total num timesteps 632800/5000000, FPS 83.

incre win rate is 0.1377245508982036.

 Map 5m_vs_6m Algo r_drbfn_v3 Exp v3_5m_vs_6m_5M_seed1_full updates 795/6250 episodes, total num timesteps 636800/5000000, FPS 83.

incre win rate is 0.05952380952380952.
[v3 step=800] R_mean=0.4178 | G_n_mean=4.5158 (n=5) | q_tot_pred_mean=4.3971 | drbfn_loss=0.0217, qi_loss=0.0187, qtot_loss=1.9283

 Map 5m_vs_6m Algo r_drbfn_v3 Exp v3_5m_vs_6m_5M_seed1_full updates 800/6250 episodes, total num timesteps 640800/5000000, FPS 83.

incre win rate is 0.0963855421686747.
eval win rate is 0.15625.

 Map 5m_vs_6m Algo r_drbfn_v3 Exp v3_5m_vs_6m_5M_seed1_full updates 805/6250 episodes, total num timesteps 644800/5000000, FPS 83.

incre win rate is 0.1377245508982036.
[v3 step=810] R_mean=0.4056 | G_n_mean=4.4336 (n=5) | q_tot_pred_mean=4.3813 | drbfn_loss=0.0221, qi_loss=0.0113, qtot_loss=1.4990

 Map 5m_vs_6m Algo r_drbfn_v3 Exp v3_5m_vs_6m_5M_seed1_full updates 810/6250 episodes, total num timesteps 648800/5000000, FPS 83.

incre win rate is 0.08139534883720931.

 Map 5m_vs_6m Algo r_drbfn_v3 Exp v3_5m_vs_6m_5M_seed1_full updates 815/6250 episodes, total num timesteps 652800/5000000, FPS 83.

incre win rate is 0.040229885057471264.
[v3 step=820] R_mean=0.4251 | G_n_mean=4.6649 (n=5) | q_tot_pred_mean=4.7049 | drbfn_loss=0.0207, qi_loss=0.0178, qtot_loss=1.8096

 Map 5m_vs_6m Algo r_drbfn_v3 Exp v3_5m_vs_6m_5M_seed1_full updates 820/6250 episodes, total num timesteps 656800/5000000, FPS 83.

incre win rate is 0.08235294117647059.

 Map 5m_vs_6m Algo r_drbfn_v3 Exp v3_5m_vs_6m_5M_seed1_full updates 825/6250 episodes, total num timesteps 660800/5000000, FPS 83.

incre win rate is 0.09411764705882353.
eval win rate is 0.15625.
[v3 step=830] R_mean=0.4650 | G_n_mean=5.0005 (n=5) | q_tot_pred_mean=4.8348 | drbfn_loss=0.0219, qi_loss=0.0182, qtot_loss=1.8392

 Map 5m_vs_6m Algo r_drbfn_v3 Exp v3_5m_vs_6m_5M_seed1_full updates 830/6250 episodes, total num timesteps 664800/5000000, FPS 83.

incre win rate is 0.0963855421686747.

 Map 5m_vs_6m Algo r_drbfn_v3 Exp v3_5m_vs_6m_5M_seed1_full updates 835/6250 episodes, total num timesteps 668800/5000000, FPS 83.

incre win rate is 0.12352941176470589.
[v3 step=840] R_mean=0.4018 | G_n_mean=4.5246 (n=5) | q_tot_pred_mean=4.7131 | drbfn_loss=0.0241, qi_loss=0.0106, qtot_loss=1.3752

 Map 5m_vs_6m Algo r_drbfn_v3 Exp v3_5m_vs_6m_5M_seed1_full updates 840/6250 episodes, total num timesteps 672800/5000000, FPS 83.

incre win rate is 0.1377245508982036.

 Map 5m_vs_6m Algo r_drbfn_v3 Exp v3_5m_vs_6m_5M_seed1_full updates 845/6250 episodes, total num timesteps 676800/5000000, FPS 83.

incre win rate is 0.18125.
[v3 step=850] R_mean=0.4879 | G_n_mean=5.1993 (n=5) | q_tot_pred_mean=5.1618 | drbfn_loss=0.0219, qi_loss=0.0202, qtot_loss=2.4554

 Map 5m_vs_6m Algo r_drbfn_v3 Exp v3_5m_vs_6m_5M_seed1_full updates 850/6250 episodes, total num timesteps 680800/5000000, FPS 83.

incre win rate is 0.19393939393939394.
eval win rate is 0.375.

 Map 5m_vs_6m Algo r_drbfn_v3 Exp v3_5m_vs_6m_5M_seed1_full updates 855/6250 episodes, total num timesteps 684800/5000000, FPS 83.

incre win rate is 0.10179640718562874.
[v3 step=860] R_mean=0.4383 | G_n_mean=4.7942 (n=5) | q_tot_pred_mean=4.8135 | drbfn_loss=0.0198, qi_loss=0.0172, qtot_loss=1.7971

 Map 5m_vs_6m Algo r_drbfn_v3 Exp v3_5m_vs_6m_5M_seed1_full updates 860/6250 episodes, total num timesteps 688800/5000000, FPS 83.

incre win rate is 0.08823529411764706.

 Map 5m_vs_6m Algo r_drbfn_v3 Exp v3_5m_vs_6m_5M_seed1_full updates 865/6250 episodes, total num timesteps 692800/5000000, FPS 83.

incre win rate is 0.10588235294117647.
[v3 step=870] R_mean=0.4667 | G_n_mean=5.0996 (n=5) | q_tot_pred_mean=5.0254 | drbfn_loss=0.0232, qi_loss=0.0207, qtot_loss=2.5590

 Map 5m_vs_6m Algo r_drbfn_v3 Exp v3_5m_vs_6m_5M_seed1_full updates 870/6250 episodes, total num timesteps 696800/5000000, FPS 83.

incre win rate is 0.21518987341772153.

 Map 5m_vs_6m Algo r_drbfn_v3 Exp v3_5m_vs_6m_5M_seed1_full updates 875/6250 episodes, total num timesteps 700800/5000000, FPS 83.

incre win rate is 0.16352201257861634.
eval win rate is 0.15625.
[v3 step=880] R_mean=0.4746 | G_n_mean=5.1493 (n=5) | q_tot_pred_mean=5.0902 | drbfn_loss=0.0247, qi_loss=0.0227, qtot_loss=2.4932

 Map 5m_vs_6m Algo r_drbfn_v3 Exp v3_5m_vs_6m_5M_seed1_full updates 880/6250 episodes, total num timesteps 704800/5000000, FPS 83.

incre win rate is 0.21604938271604937.

 Map 5m_vs_6m Algo r_drbfn_v3 Exp v3_5m_vs_6m_5M_seed1_full updates 885/6250 episodes, total num timesteps 708800/5000000, FPS 83.

incre win rate is 0.12804878048780488.
[v3 step=890] R_mean=0.4765 | G_n_mean=5.2007 (n=5) | q_tot_pred_mean=5.0902 | drbfn_loss=0.0212, qi_loss=0.0226, qtot_loss=2.4740

 Map 5m_vs_6m Algo r_drbfn_v3 Exp v3_5m_vs_6m_5M_seed1_full updates 890/6250 episodes, total num timesteps 712800/5000000, FPS 83.

incre win rate is 0.14545454545454545.

 Map 5m_vs_6m Algo r_drbfn_v3 Exp v3_5m_vs_6m_5M_seed1_full updates 895/6250 episodes, total num timesteps 716800/5000000, FPS 83.

incre win rate is 0.17073170731707318.
[v3 step=900] R_mean=0.4340 | G_n_mean=4.8928 (n=5) | q_tot_pred_mean=4.9790 | drbfn_loss=0.0226, qi_loss=0.0153, qtot_loss=1.9496

 Map 5m_vs_6m Algo r_drbfn_v3 Exp v3_5m_vs_6m_5M_seed1_full updates 900/6250 episodes, total num timesteps 720800/5000000, FPS 83.

incre win rate is 0.13414634146341464.
eval win rate is 0.1875.

 Map 5m_vs_6m Algo r_drbfn_v3 Exp v3_5m_vs_6m_5M_seed1_full updates 905/6250 episodes, total num timesteps 724800/5000000, FPS 83.

incre win rate is 0.15853658536585366.
[v3 step=910] R_mean=0.4274 | G_n_mean=4.8538 (n=5) | q_tot_pred_mean=5.0477 | drbfn_loss=0.0246, qi_loss=0.0210, qtot_loss=2.4545

 Map 5m_vs_6m Algo r_drbfn_v3 Exp v3_5m_vs_6m_5M_seed1_full updates 910/6250 episodes, total num timesteps 728800/5000000, FPS 83.

incre win rate is 0.18072289156626506.

 Map 5m_vs_6m Algo r_drbfn_v3 Exp v3_5m_vs_6m_5M_seed1_full updates 915/6250 episodes, total num timesteps 732800/5000000, FPS 83.

incre win rate is 0.2037037037037037.
[v3 step=920] R_mean=0.4879 | G_n_mean=5.3314 (n=5) | q_tot_pred_mean=5.3589 | drbfn_loss=0.0234, qi_loss=0.0280, qtot_loss=2.8458

 Map 5m_vs_6m Algo r_drbfn_v3 Exp v3_5m_vs_6m_5M_seed1_full updates 920/6250 episodes, total num timesteps 736800/5000000, FPS 83.

incre win rate is 0.2360248447204969.

 Map 5m_vs_6m Algo r_drbfn_v3 Exp v3_5m_vs_6m_5M_seed1_full updates 925/6250 episodes, total num timesteps 740800/5000000, FPS 83.

incre win rate is 0.1393939393939394.
eval win rate is 0.3125.
[v3 step=930] R_mean=0.4852 | G_n_mean=5.3448 (n=5) | q_tot_pred_mean=5.1134 | drbfn_loss=0.0236, qi_loss=0.0243, qtot_loss=2.5238

 Map 5m_vs_6m Algo r_drbfn_v3 Exp v3_5m_vs_6m_5M_seed1_full updates 930/6250 episodes, total num timesteps 744800/5000000, FPS 83.

incre win rate is 0.125.

 Map 5m_vs_6m Algo r_drbfn_v3 Exp v3_5m_vs_6m_5M_seed1_full updates 935/6250 episodes, total num timesteps 748800/5000000, FPS 83.

incre win rate is 0.17073170731707318.
[v3 step=940] R_mean=0.4675 | G_n_mean=5.2496 (n=5) | q_tot_pred_mean=5.1921 | drbfn_loss=0.0233, qi_loss=0.0293, qtot_loss=2.7380

 Map 5m_vs_6m Algo r_drbfn_v3 Exp v3_5m_vs_6m_5M_seed1_full updates 940/6250 episodes, total num timesteps 752800/5000000, FPS 83.

incre win rate is 0.1746987951807229.

 Map 5m_vs_6m Algo r_drbfn_v3 Exp v3_5m_vs_6m_5M_seed1_full updates 945/6250 episodes, total num timesteps 756800/5000000, FPS 83.

incre win rate is 0.19753086419753085.
[v3 step=950] R_mean=0.4711 | G_n_mean=5.2590 (n=5) | q_tot_pred_mean=5.3359 | drbfn_loss=0.0242, qi_loss=0.0186, qtot_loss=2.3437

 Map 5m_vs_6m Algo r_drbfn_v3 Exp v3_5m_vs_6m_5M_seed1_full updates 950/6250 episodes, total num timesteps 760800/5000000, FPS 83.

incre win rate is 0.15337423312883436.
eval win rate is 0.15625.

 Map 5m_vs_6m Algo r_drbfn_v3 Exp v3_5m_vs_6m_5M_seed1_full updates 955/6250 episodes, total num timesteps 764800/5000000, FPS 83.

incre win rate is 0.2236024844720497.
[v3 step=960] R_mean=0.4626 | G_n_mean=5.1743 (n=5) | q_tot_pred_mean=5.3754 | drbfn_loss=0.0259, qi_loss=0.0253, qtot_loss=2.3453

 Map 5m_vs_6m Algo r_drbfn_v3 Exp v3_5m_vs_6m_5M_seed1_full updates 960/6250 episodes, total num timesteps 768800/5000000, FPS 83.

incre win rate is 0.2085889570552147.

 Map 5m_vs_6m Algo r_drbfn_v3 Exp v3_5m_vs_6m_5M_seed1_full updates 965/6250 episodes, total num timesteps 772800/5000000, FPS 83.

incre win rate is 0.2037037037037037.
[v3 step=970] R_mean=0.4295 | G_n_mean=4.8661 (n=5) | q_tot_pred_mean=4.9227 | drbfn_loss=0.0239, qi_loss=0.0221, qtot_loss=1.8372

 Map 5m_vs_6m Algo r_drbfn_v3 Exp v3_5m_vs_6m_5M_seed1_full updates 970/6250 episodes, total num timesteps 776800/5000000, FPS 83.

incre win rate is 0.125.

 Map 5m_vs_6m Algo r_drbfn_v3 Exp v3_5m_vs_6m_5M_seed1_full updates 975/6250 episodes, total num timesteps 780800/5000000, FPS 82.

incre win rate is 0.16666666666666666.
eval win rate is 0.21875.
[v3 step=980] R_mean=0.4779 | G_n_mean=5.3389 (n=5) | q_tot_pred_mean=5.3762 | drbfn_loss=0.0258, qi_loss=0.0285, qtot_loss=2.4711

 Map 5m_vs_6m Algo r_drbfn_v3 Exp v3_5m_vs_6m_5M_seed1_full updates 980/6250 episodes, total num timesteps 784800/5000000, FPS 82.

incre win rate is 0.19753086419753085.

 Map 5m_vs_6m Algo r_drbfn_v3 Exp v3_5m_vs_6m_5M_seed1_full updates 985/6250 episodes, total num timesteps 788800/5000000, FPS 82.

incre win rate is 0.15757575757575756.
[v3 step=990] R_mean=0.4703 | G_n_mean=5.3627 (n=5) | q_tot_pred_mean=5.1226 | drbfn_loss=0.0246, qi_loss=0.0173, qtot_loss=2.2858

 Map 5m_vs_6m Algo r_drbfn_v3 Exp v3_5m_vs_6m_5M_seed1_full updates 990/6250 episodes, total num timesteps 792800/5000000, FPS 82.

incre win rate is 0.10843373493975904.

 Map 5m_vs_6m Algo r_drbfn_v3 Exp v3_5m_vs_6m_5M_seed1_full updates 995/6250 episodes, total num timesteps 796800/5000000, FPS 82.

incre win rate is 0.1951219512195122.
[v3 step=1000] R_mean=0.4540 | G_n_mean=5.2081 (n=5) | q_tot_pred_mean=5.1968 | drbfn_loss=0.0259, qi_loss=0.0213, qtot_loss=1.8669

 Map 5m_vs_6m Algo r_drbfn_v3 Exp v3_5m_vs_6m_5M_seed1_full updates 1000/6250 episodes, total num timesteps 800800/5000000, FPS 82.

incre win rate is 0.13496932515337423.
eval win rate is 0.09375.

 Map 5m_vs_6m Algo r_drbfn_v3 Exp v3_5m_vs_6m_5M_seed1_full updates 1005/6250 episodes, total num timesteps 804800/5000000, FPS 82.

incre win rate is 0.13414634146341464.
[v3 step=1010] R_mean=0.4765 | G_n_mean=5.4918 (n=5) | q_tot_pred_mean=5.6419 | drbfn_loss=0.0250, qi_loss=0.0195, qtot_loss=2.5656

 Map 5m_vs_6m Algo r_drbfn_v3 Exp v3_5m_vs_6m_5M_seed1_full updates 1010/6250 episodes, total num timesteps 808800/5000000, FPS 82.

incre win rate is 0.18518518518518517.

 Map 5m_vs_6m Algo r_drbfn_v3 Exp v3_5m_vs_6m_5M_seed1_full updates 1015/6250 episodes, total num timesteps 812800/5000000, FPS 82.

incre win rate is 0.15568862275449102.
[v3 step=1020] R_mean=0.4558 | G_n_mean=5.2941 (n=5) | q_tot_pred_mean=5.1884 | drbfn_loss=0.0251, qi_loss=0.0164, qtot_loss=2.2126

 Map 5m_vs_6m Algo r_drbfn_v3 Exp v3_5m_vs_6m_5M_seed1_full updates 1020/6250 episodes, total num timesteps 816800/5000000, FPS 82.

incre win rate is 0.11904761904761904.

 Map 5m_vs_6m Algo r_drbfn_v3 Exp v3_5m_vs_6m_5M_seed1_full updates 1025/6250 episodes, total num timesteps 820800/5000000, FPS 82.

incre win rate is 0.15757575757575756.
eval win rate is 0.1875.
[v3 step=1030] R_mean=0.4321 | G_n_mean=5.2073 (n=5) | q_tot_pred_mean=5.3333 | drbfn_loss=0.0276, qi_loss=0.0199, qtot_loss=2.2742

 Map 5m_vs_6m Algo r_drbfn_v3 Exp v3_5m_vs_6m_5M_seed1_full updates 1030/6250 episodes, total num timesteps 824800/5000000, FPS 82.

incre win rate is 0.1375.

 Map 5m_vs_6m Algo r_drbfn_v3 Exp v3_5m_vs_6m_5M_seed1_full updates 1035/6250 episodes, total num timesteps 828800/5000000, FPS 82.

incre win rate is 0.08875739644970414.
[v3 step=1040] R_mean=0.4545 | G_n_mean=5.3527 (n=5) | q_tot_pred_mean=5.3756 | drbfn_loss=0.0289, qi_loss=0.0186, qtot_loss=1.9404

 Map 5m_vs_6m Algo r_drbfn_v3 Exp v3_5m_vs_6m_5M_seed1_full updates 1040/6250 episodes, total num timesteps 832800/5000000, FPS 82.

incre win rate is 0.17365269461077845.

 Map 5m_vs_6m Algo r_drbfn_v3 Exp v3_5m_vs_6m_5M_seed1_full updates 1045/6250 episodes, total num timesteps 836800/5000000, FPS 82.

incre win rate is 0.10240963855421686.
[v3 step=1050] R_mean=0.4557 | G_n_mean=5.3481 (n=5) | q_tot_pred_mean=5.3533 | drbfn_loss=0.0270, qi_loss=0.0180, qtot_loss=2.1577

 Map 5m_vs_6m Algo r_drbfn_v3 Exp v3_5m_vs_6m_5M_seed1_full updates 1050/6250 episodes, total num timesteps 840800/5000000, FPS 82.

incre win rate is 0.20481927710843373.
eval win rate is 0.25.

 Map 5m_vs_6m Algo r_drbfn_v3 Exp v3_5m_vs_6m_5M_seed1_full updates 1055/6250 episodes, total num timesteps 844800/5000000, FPS 82.

incre win rate is 0.14634146341463414.
[v3 step=1060] R_mean=0.4595 | G_n_mean=5.3500 (n=5) | q_tot_pred_mean=5.3164 | drbfn_loss=0.0258, qi_loss=0.0219, qtot_loss=2.3984

 Map 5m_vs_6m Algo r_drbfn_v3 Exp v3_5m_vs_6m_5M_seed1_full updates 1060/6250 episodes, total num timesteps 848800/5000000, FPS 82.

incre win rate is 0.15950920245398773.

 Map 5m_vs_6m Algo r_drbfn_v3 Exp v3_5m_vs_6m_5M_seed1_full updates 1065/6250 episodes, total num timesteps 852800/5000000, FPS 82.

incre win rate is 0.17391304347826086.
[v3 step=1070] R_mean=0.4179 | G_n_mean=4.9896 (n=5) | q_tot_pred_mean=5.1935 | drbfn_loss=0.0277, qi_loss=0.0239, qtot_loss=2.7851

 Map 5m_vs_6m Algo r_drbfn_v3 Exp v3_5m_vs_6m_5M_seed1_full updates 1070/6250 episodes, total num timesteps 856800/5000000, FPS 82.

incre win rate is 0.1910828025477707.

 Map 5m_vs_6m Algo r_drbfn_v3 Exp v3_5m_vs_6m_5M_seed1_full updates 1075/6250 episodes, total num timesteps 860800/5000000, FPS 82.

incre win rate is 0.16463414634146342.
eval win rate is 0.15625.
[v3 step=1080] R_mean=0.4161 | G_n_mean=5.0256 (n=5) | q_tot_pred_mean=5.1842 | drbfn_loss=0.0272, qi_loss=0.0195, qtot_loss=2.0554

 Map 5m_vs_6m Algo r_drbfn_v3 Exp v3_5m_vs_6m_5M_seed1_full updates 1080/6250 episodes, total num timesteps 864800/5000000, FPS 82.

incre win rate is 0.1111111111111111.

 Map 5m_vs_6m Algo r_drbfn_v3 Exp v3_5m_vs_6m_5M_seed1_full updates 1085/6250 episodes, total num timesteps 868800/5000000, FPS 82.

incre win rate is 0.18404907975460122.
[v3 step=1090] R_mean=0.4739 | G_n_mean=5.4802 (n=5) | q_tot_pred_mean=5.4186 | drbfn_loss=0.0269, qi_loss=0.0325, qtot_loss=2.5045

 Map 5m_vs_6m Algo r_drbfn_v3 Exp v3_5m_vs_6m_5M_seed1_full updates 1090/6250 episodes, total num timesteps 872800/5000000, FPS 82.

incre win rate is 0.15384615384615385.

 Map 5m_vs_6m Algo r_drbfn_v3 Exp v3_5m_vs_6m_5M_seed1_full updates 1095/6250 episodes, total num timesteps 876800/5000000, FPS 82.

incre win rate is 0.1746987951807229.
[v3 step=1100] R_mean=0.4489 | G_n_mean=5.3371 (n=5) | q_tot_pred_mean=5.6005 | drbfn_loss=0.0289, qi_loss=0.0255, qtot_loss=2.8106

 Map 5m_vs_6m Algo r_drbfn_v3 Exp v3_5m_vs_6m_5M_seed1_full updates 1100/6250 episodes, total num timesteps 880800/5000000, FPS 82.

incre win rate is 0.20118343195266272.
eval win rate is 0.3125.

 Map 5m_vs_6m Algo r_drbfn_v3 Exp v3_5m_vs_6m_5M_seed1_full updates 1105/6250 episodes, total num timesteps 884800/5000000, FPS 82.

incre win rate is 0.1488095238095238.
[v3 step=1110] R_mean=0.4702 | G_n_mean=5.4944 (n=5) | q_tot_pred_mean=5.3919 | drbfn_loss=0.0260, qi_loss=0.0259, qtot_loss=2.7915

 Map 5m_vs_6m Algo r_drbfn_v3 Exp v3_5m_vs_6m_5M_seed1_full updates 1110/6250 episodes, total num timesteps 888800/5000000, FPS 82.

incre win rate is 0.12352941176470589.

 Map 5m_vs_6m Algo r_drbfn_v3 Exp v3_5m_vs_6m_5M_seed1_full updates 1115/6250 episodes, total num timesteps 892800/5000000, FPS 82.

incre win rate is 0.13953488372093023.
[v3 step=1120] R_mean=0.4556 | G_n_mean=5.4088 (n=5) | q_tot_pred_mean=5.3870 | drbfn_loss=0.0281, qi_loss=0.0276, qtot_loss=2.8516

 Map 5m_vs_6m Algo r_drbfn_v3 Exp v3_5m_vs_6m_5M_seed1_full updates 1120/6250 episodes, total num timesteps 896800/5000000, FPS 82.

incre win rate is 0.12941176470588237.

 Map 5m_vs_6m Algo r_drbfn_v3 Exp v3_5m_vs_6m_5M_seed1_full updates 1125/6250 episodes, total num timesteps 900800/5000000, FPS 82.

incre win rate is 0.12209302325581395.
eval win rate is 0.03125.
[v3 step=1130] R_mean=0.4251 | G_n_mean=5.1747 (n=5) | q_tot_pred_mean=5.3686 | drbfn_loss=0.0246, qi_loss=0.0214, qtot_loss=1.8226

 Map 5m_vs_6m Algo r_drbfn_v3 Exp v3_5m_vs_6m_5M_seed1_full updates 1130/6250 episodes, total num timesteps 904800/5000000, FPS 82.

incre win rate is 0.0872093023255814.

 Map 5m_vs_6m Algo r_drbfn_v3 Exp v3_5m_vs_6m_5M_seed1_full updates 1135/6250 episodes, total num timesteps 908800/5000000, FPS 82.

incre win rate is 0.0935672514619883.
[v3 step=1140] R_mean=0.4733 | G_n_mean=5.5359 (n=5) | q_tot_pred_mean=5.4108 | drbfn_loss=0.0288, qi_loss=0.0280, qtot_loss=2.7688

 Map 5m_vs_6m Algo r_drbfn_v3 Exp v3_5m_vs_6m_5M_seed1_full updates 1140/6250 episodes, total num timesteps 912800/5000000, FPS 82.

incre win rate is 0.1411764705882353.

 Map 5m_vs_6m Algo r_drbfn_v3 Exp v3_5m_vs_6m_5M_seed1_full updates 1145/6250 episodes, total num timesteps 916800/5000000, FPS 82.

incre win rate is 0.15757575757575756.
[v3 step=1150] R_mean=0.4199 | G_n_mean=5.1882 (n=5) | q_tot_pred_mean=5.2646 | drbfn_loss=0.0286, qi_loss=0.0231, qtot_loss=2.0546

 Map 5m_vs_6m Algo r_drbfn_v3 Exp v3_5m_vs_6m_5M_seed1_full updates 1150/6250 episodes, total num timesteps 920800/5000000, FPS 82.

incre win rate is 0.11176470588235295.
eval win rate is 0.09375.

 Map 5m_vs_6m Algo r_drbfn_v3 Exp v3_5m_vs_6m_5M_seed1_full updates 1155/6250 episodes, total num timesteps 924800/5000000, FPS 82.

incre win rate is 0.07738095238095238.
[v3 step=1160] R_mean=0.4315 | G_n_mean=5.2573 (n=5) | q_tot_pred_mean=5.3151 | drbfn_loss=0.0279, qi_loss=0.0229, qtot_loss=2.1959

 Map 5m_vs_6m Algo r_drbfn_v3 Exp v3_5m_vs_6m_5M_seed1_full updates 1160/6250 episodes, total num timesteps 928800/5000000, FPS 82.

incre win rate is 0.10909090909090909.

 Map 5m_vs_6m Algo r_drbfn_v3 Exp v3_5m_vs_6m_5M_seed1_full updates 1165/6250 episodes, total num timesteps 932800/5000000, FPS 82.

incre win rate is 0.07692307692307693.
[v3 step=1170] R_mean=0.4210 | G_n_mean=5.2934 (n=5) | q_tot_pred_mean=5.1794 | drbfn_loss=0.0263, qi_loss=0.0281, qtot_loss=2.0534

 Map 5m_vs_6m Algo r_drbfn_v3 Exp v3_5m_vs_6m_5M_seed1_full updates 1170/6250 episodes, total num timesteps 936800/5000000, FPS 82.

incre win rate is 0.08695652173913043.

 Map 5m_vs_6m Algo r_drbfn_v3 Exp v3_5m_vs_6m_5M_seed1_full updates 1175/6250 episodes, total num timesteps 940800/5000000, FPS 82.

incre win rate is 0.11176470588235295.
eval win rate is 0.0625.
[v3 step=1180] R_mean=0.3883 | G_n_mean=5.0404 (n=5) | q_tot_pred_mean=5.0430 | drbfn_loss=0.0281, qi_loss=0.0238, qtot_loss=1.7276

 Map 5m_vs_6m Algo r_drbfn_v3 Exp v3_5m_vs_6m_5M_seed1_full updates 1180/6250 episodes, total num timesteps 944800/5000000, FPS 82.

incre win rate is 0.04790419161676647.

 Map 5m_vs_6m Algo r_drbfn_v3 Exp v3_5m_vs_6m_5M_seed1_full updates 1185/6250 episodes, total num timesteps 948800/5000000, FPS 82.

incre win rate is 0.08928571428571429.
[v3 step=1190] R_mean=0.4404 | G_n_mean=5.2146 (n=5) | q_tot_pred_mean=5.1321 | drbfn_loss=0.0307, qi_loss=0.0285, qtot_loss=2.2981

 Map 5m_vs_6m Algo r_drbfn_v3 Exp v3_5m_vs_6m_5M_seed1_full updates 1190/6250 episodes, total num timesteps 952800/5000000, FPS 82.

incre win rate is 0.07514450867052024.

 Map 5m_vs_6m Algo r_drbfn_v3 Exp v3_5m_vs_6m_5M_seed1_full updates 1195/6250 episodes, total num timesteps 956800/5000000, FPS 82.

incre win rate is 0.13529411764705881.
[v3 step=1200] R_mean=0.4666 | G_n_mean=5.6004 (n=5) | q_tot_pred_mean=5.3897 | drbfn_loss=0.0273, qi_loss=0.0304, qtot_loss=2.6380

 Map 5m_vs_6m Algo r_drbfn_v3 Exp v3_5m_vs_6m_5M_seed1_full updates 1200/6250 episodes, total num timesteps 960800/5000000, FPS 82.

incre win rate is 0.08433734939759036.
eval win rate is 0.1875.

 Map 5m_vs_6m Algo r_drbfn_v3 Exp v3_5m_vs_6m_5M_seed1_full updates 1205/6250 episodes, total num timesteps 964800/5000000, FPS 82.

incre win rate is 0.07514450867052024.
[v3 step=1210] R_mean=0.4402 | G_n_mean=5.3541 (n=5) | q_tot_pred_mean=5.4082 | drbfn_loss=0.0277, qi_loss=0.0285, qtot_loss=1.9835

 Map 5m_vs_6m Algo r_drbfn_v3 Exp v3_5m_vs_6m_5M_seed1_full updates 1210/6250 episodes, total num timesteps 968800/5000000, FPS 82.

incre win rate is 0.12121212121212122.

 Map 5m_vs_6m Algo r_drbfn_v3 Exp v3_5m_vs_6m_5M_seed1_full updates 1215/6250 episodes, total num timesteps 972800/5000000, FPS 82.

incre win rate is 0.15060240963855423.
[v3 step=1220] R_mean=0.4570 | G_n_mean=5.4208 (n=5) | q_tot_pred_mean=5.4111 | drbfn_loss=0.0300, qi_loss=0.0323, qtot_loss=3.0038

 Map 5m_vs_6m Algo r_drbfn_v3 Exp v3_5m_vs_6m_5M_seed1_full updates 1220/6250 episodes, total num timesteps 976800/5000000, FPS 82.

incre win rate is 0.17964071856287425.

 Map 5m_vs_6m Algo r_drbfn_v3 Exp v3_5m_vs_6m_5M_seed1_full updates 1225/6250 episodes, total num timesteps 980800/5000000, FPS 82.

incre win rate is 0.13450292397660818.
eval win rate is 0.09375.
[v3 step=1230] R_mean=0.4273 | G_n_mean=5.3176 (n=5) | q_tot_pred_mean=5.1979 | drbfn_loss=0.0268, qi_loss=0.0275, qtot_loss=2.0325

 Map 5m_vs_6m Algo r_drbfn_v3 Exp v3_5m_vs_6m_5M_seed1_full updates 1230/6250 episodes, total num timesteps 984800/5000000, FPS 82.

incre win rate is 0.08620689655172414.

 Map 5m_vs_6m Algo r_drbfn_v3 Exp v3_5m_vs_6m_5M_seed1_full updates 1235/6250 episodes, total num timesteps 988800/5000000, FPS 82.

incre win rate is 0.16071428571428573.
[v3 step=1240] R_mean=0.4504 | G_n_mean=5.3389 (n=5) | q_tot_pred_mean=5.3736 | drbfn_loss=0.0321, qi_loss=0.0333, qtot_loss=2.8890

 Map 5m_vs_6m Algo r_drbfn_v3 Exp v3_5m_vs_6m_5M_seed1_full updates 1240/6250 episodes, total num timesteps 992800/5000000, FPS 82.

incre win rate is 0.13372093023255813.

 Map 5m_vs_6m Algo r_drbfn_v3 Exp v3_5m_vs_6m_5M_seed1_full updates 1245/6250 episodes, total num timesteps 996800/5000000, FPS 82.

incre win rate is 0.1566265060240964.
[v3 step=1250] R_mean=0.4826 | G_n_mean=5.7381 (n=5) | q_tot_pred_mean=5.8682 | drbfn_loss=0.0277, qi_loss=0.0333, qtot_loss=3.0646

 Map 5m_vs_6m Algo r_drbfn_v3 Exp v3_5m_vs_6m_5M_seed1_full updates 1250/6250 episodes, total num timesteps 1000800/5000000, FPS 82.

incre win rate is 0.12352941176470589.
eval win rate is 0.3125.

 Map 5m_vs_6m Algo r_drbfn_v3 Exp v3_5m_vs_6m_5M_seed1_full updates 1255/6250 episodes, total num timesteps 1004800/5000000, FPS 82.

incre win rate is 0.125.
[v3 step=1260] R_mean=0.4646 | G_n_mean=5.5658 (n=5) | q_tot_pred_mean=5.4539 | drbfn_loss=0.0293, qi_loss=0.0348, qtot_loss=2.7550

 Map 5m_vs_6m Algo r_drbfn_v3 Exp v3_5m_vs_6m_5M_seed1_full updates 1260/6250 episodes, total num timesteps 1008800/5000000, FPS 82.

incre win rate is 0.1488095238095238.

 Map 5m_vs_6m Algo r_drbfn_v3 Exp v3_5m_vs_6m_5M_seed1_full updates 1265/6250 episodes, total num timesteps 1012800/5000000, FPS 82.

incre win rate is 0.18562874251497005.
[v3 step=1270] R_mean=0.4231 | G_n_mean=5.0351 (n=5) | q_tot_pred_mean=5.1095 | drbfn_loss=0.0292, qi_loss=0.0345, qtot_loss=2.6366

 Map 5m_vs_6m Algo r_drbfn_v3 Exp v3_5m_vs_6m_5M_seed1_full updates 1270/6250 episodes, total num timesteps 1016800/5000000, FPS 82.

incre win rate is 0.1927710843373494.

 Map 5m_vs_6m Algo r_drbfn_v3 Exp v3_5m_vs_6m_5M_seed1_full updates 1275/6250 episodes, total num timesteps 1020800/5000000, FPS 82.

incre win rate is 0.14457831325301204.
eval win rate is 0.3125.
[v3 step=1280] R_mean=0.4620 | G_n_mean=5.5278 (n=5) | q_tot_pred_mean=5.5655 | drbfn_loss=0.0294, qi_loss=0.0348, qtot_loss=2.7229

 Map 5m_vs_6m Algo r_drbfn_v3 Exp v3_5m_vs_6m_5M_seed1_full updates 1280/6250 episodes, total num timesteps 1024800/5000000, FPS 82.

incre win rate is 0.15568862275449102.

 Map 5m_vs_6m Algo r_drbfn_v3 Exp v3_5m_vs_6m_5M_seed1_full updates 1285/6250 episodes, total num timesteps 1028800/5000000, FPS 82.

incre win rate is 0.17901234567901234.
[v3 step=1290] R_mean=0.4478 | G_n_mean=5.4777 (n=5) | q_tot_pred_mean=5.6975 | drbfn_loss=0.0308, qi_loss=0.0342, qtot_loss=3.3726

 Map 5m_vs_6m Algo r_drbfn_v3 Exp v3_5m_vs_6m_5M_seed1_full updates 1290/6250 episodes, total num timesteps 1032800/5000000, FPS 82.

incre win rate is 0.16766467065868262.

 Map 5m_vs_6m Algo r_drbfn_v3 Exp v3_5m_vs_6m_5M_seed1_full updates 1295/6250 episodes, total num timesteps 1036800/5000000, FPS 82.

incre win rate is 0.21604938271604937.
[v3 step=1300] R_mean=0.4380 | G_n_mean=5.3432 (n=5) | q_tot_pred_mean=5.4662 | drbfn_loss=0.0302, qi_loss=0.0325, qtot_loss=2.3962

 Map 5m_vs_6m Algo r_drbfn_v3 Exp v3_5m_vs_6m_5M_seed1_full updates 1300/6250 episodes, total num timesteps 1040800/5000000, FPS 81.

incre win rate is 0.17721518987341772.
eval win rate is 0.21875.

 Map 5m_vs_6m Algo r_drbfn_v3 Exp v3_5m_vs_6m_5M_seed1_full updates 1305/6250 episodes, total num timesteps 1044800/5000000, FPS 81.

incre win rate is 0.19375.
[v3 step=1310] R_mean=0.4692 | G_n_mean=5.6708 (n=5) | q_tot_pred_mean=5.7748 | drbfn_loss=0.0306, qi_loss=0.0279, qtot_loss=2.5520

 Map 5m_vs_6m Algo r_drbfn_v3 Exp v3_5m_vs_6m_5M_seed1_full updates 1310/6250 episodes, total num timesteps 1048800/5000000, FPS 81.

incre win rate is 0.22012578616352202.

 Map 5m_vs_6m Algo r_drbfn_v3 Exp v3_5m_vs_6m_5M_seed1_full updates 1315/6250 episodes, total num timesteps 1052800/5000000, FPS 81.

incre win rate is 0.18238993710691823.
[v3 step=1320] R_mean=0.4570 | G_n_mean=5.6404 (n=5) | q_tot_pred_mean=5.6446 | drbfn_loss=0.0303, qi_loss=0.0283, qtot_loss=2.7069

 Map 5m_vs_6m Algo r_drbfn_v3 Exp v3_5m_vs_6m_5M_seed1_full updates 1320/6250 episodes, total num timesteps 1056800/5000000, FPS 81.

incre win rate is 0.1794871794871795.

 Map 5m_vs_6m Algo r_drbfn_v3 Exp v3_5m_vs_6m_5M_seed1_full updates 1325/6250 episodes, total num timesteps 1060800/5000000, FPS 81.

incre win rate is 0.16352201257861634.
eval win rate is 0.25.
[v3 step=1330] R_mean=0.4522 | G_n_mean=5.5584 (n=5) | q_tot_pred_mean=5.4433 | drbfn_loss=0.0282, qi_loss=0.0323, qtot_loss=2.7468

 Map 5m_vs_6m Algo r_drbfn_v3 Exp v3_5m_vs_6m_5M_seed1_full updates 1330/6250 episodes, total num timesteps 1064800/5000000, FPS 81.

incre win rate is 0.13043478260869565.

 Map 5m_vs_6m Algo r_drbfn_v3 Exp v3_5m_vs_6m_5M_seed1_full updates 1335/6250 episodes, total num timesteps 1068800/5000000, FPS 81.

incre win rate is 0.189873417721519.
[v3 step=1340] R_mean=0.4659 | G_n_mean=5.8252 (n=5) | q_tot_pred_mean=5.8461 | drbfn_loss=0.0291, qi_loss=0.0373, qtot_loss=3.2657

 Map 5m_vs_6m Algo r_drbfn_v3 Exp v3_5m_vs_6m_5M_seed1_full updates 1340/6250 episodes, total num timesteps 1072800/5000000, FPS 81.

incre win rate is 0.13548387096774195.

 Map 5m_vs_6m Algo r_drbfn_v3 Exp v3_5m_vs_6m_5M_seed1_full updates 1345/6250 episodes, total num timesteps 1076800/5000000, FPS 81.

incre win rate is 0.20512820512820512.
[v3 step=1350] R_mean=0.4120 | G_n_mean=5.1787 (n=5) | q_tot_pred_mean=5.4880 | drbfn_loss=0.0292, qi_loss=0.0347, qtot_loss=2.0651

 Map 5m_vs_6m Algo r_drbfn_v3 Exp v3_5m_vs_6m_5M_seed1_full updates 1350/6250 episodes, total num timesteps 1080800/5000000, FPS 81.

incre win rate is 0.17901234567901234.
eval win rate is 0.3125.

 Map 5m_vs_6m Algo r_drbfn_v3 Exp v3_5m_vs_6m_5M_seed1_full updates 1355/6250 episodes, total num timesteps 1084800/5000000, FPS 81.

incre win rate is 0.09696969696969697.
[v3 step=1360] R_mean=0.4412 | G_n_mean=5.5229 (n=5) | q_tot_pred_mean=5.5379 | drbfn_loss=0.0302, qi_loss=0.0349, qtot_loss=2.1987

 Map 5m_vs_6m Algo r_drbfn_v3 Exp v3_5m_vs_6m_5M_seed1_full updates 1360/6250 episodes, total num timesteps 1088800/5000000, FPS 81.

incre win rate is 0.1464968152866242.

 Map 5m_vs_6m Algo r_drbfn_v3 Exp v3_5m_vs_6m_5M_seed1_full updates 1365/6250 episodes, total num timesteps 1092800/5000000, FPS 81.

incre win rate is 0.10975609756097561.
[v3 step=1370] R_mean=0.4210 | G_n_mean=5.3652 (n=5) | q_tot_pred_mean=5.3009 | drbfn_loss=0.0287, qi_loss=0.0311, qtot_loss=2.1810

 Map 5m_vs_6m Algo r_drbfn_v3 Exp v3_5m_vs_6m_5M_seed1_full updates 1370/6250 episodes, total num timesteps 1096800/5000000, FPS 81.

incre win rate is 0.12195121951219512.

 Map 5m_vs_6m Algo r_drbfn_v3 Exp v3_5m_vs_6m_5M_seed1_full updates 1375/6250 episodes, total num timesteps 1100800/5000000, FPS 81.

incre win rate is 0.14285714285714285.
eval win rate is 0.25.
[v3 step=1380] R_mean=0.4272 | G_n_mean=5.2329 (n=5) | q_tot_pred_mean=5.4978 | drbfn_loss=0.0274, qi_loss=0.0321, qtot_loss=2.6847

 Map 5m_vs_6m Algo r_drbfn_v3 Exp v3_5m_vs_6m_5M_seed1_full updates 1380/6250 episodes, total num timesteps 1104800/5000000, FPS 81.

incre win rate is 0.16463414634146342.

 Map 5m_vs_6m Algo r_drbfn_v3 Exp v3_5m_vs_6m_5M_seed1_full updates 1385/6250 episodes, total num timesteps 1108800/5000000, FPS 81.

incre win rate is 0.1375.
[v3 step=1390] R_mean=0.4423 | G_n_mean=5.4479 (n=5) | q_tot_pred_mean=5.5692 | drbfn_loss=0.0311, qi_loss=0.0368, qtot_loss=2.3845

 Map 5m_vs_6m Algo r_drbfn_v3 Exp v3_5m_vs_6m_5M_seed1_full updates 1390/6250 episodes, total num timesteps 1112800/5000000, FPS 81.

incre win rate is 0.1402439024390244.

 Map 5m_vs_6m Algo r_drbfn_v3 Exp v3_5m_vs_6m_5M_seed1_full updates 1395/6250 episodes, total num timesteps 1116800/5000000, FPS 81.

incre win rate is 0.25.
[v3 step=1400] R_mean=0.4838 | G_n_mean=5.7974 (n=5) | q_tot_pred_mean=6.0616 | drbfn_loss=0.0293, qi_loss=0.0349, qtot_loss=3.3912

 Map 5m_vs_6m Algo r_drbfn_v3 Exp v3_5m_vs_6m_5M_seed1_full updates 1400/6250 episodes, total num timesteps 1120800/5000000, FPS 81.

incre win rate is 0.2621951219512195.
eval win rate is 0.28125.

 Map 5m_vs_6m Algo r_drbfn_v3 Exp v3_5m_vs_6m_5M_seed1_full updates 1405/6250 episodes, total num timesteps 1124800/5000000, FPS 81.

incre win rate is 0.27607361963190186.
[v3 step=1410] R_mean=0.4842 | G_n_mean=5.8875 (n=5) | q_tot_pred_mean=5.5762 | drbfn_loss=0.0333, qi_loss=0.0371, qtot_loss=2.8172

 Map 5m_vs_6m Algo r_drbfn_v3 Exp v3_5m_vs_6m_5M_seed1_full updates 1410/6250 episodes, total num timesteps 1128800/5000000, FPS 81.

incre win rate is 0.2111801242236025.

 Map 5m_vs_6m Algo r_drbfn_v3 Exp v3_5m_vs_6m_5M_seed1_full updates 1415/6250 episodes, total num timesteps 1132800/5000000, FPS 81.

incre win rate is 0.2670807453416149.
[v3 step=1420] R_mean=0.5040 | G_n_mean=6.0097 (n=5) | q_tot_pred_mean=6.0804 | drbfn_loss=0.0305, qi_loss=0.0404, qtot_loss=2.9065

 Map 5m_vs_6m Algo r_drbfn_v3 Exp v3_5m_vs_6m_5M_seed1_full updates 1420/6250 episodes, total num timesteps 1136800/5000000, FPS 81.

incre win rate is 0.3057324840764331.

 Map 5m_vs_6m Algo r_drbfn_v3 Exp v3_5m_vs_6m_5M_seed1_full updates 1425/6250 episodes, total num timesteps 1140800/5000000, FPS 81.

incre win rate is 0.20754716981132076.
eval win rate is 0.21875.
[v3 step=1430] R_mean=0.4969 | G_n_mean=6.1269 (n=5) | q_tot_pred_mean=5.9581 | drbfn_loss=0.0375, qi_loss=0.0452, qtot_loss=3.1593

 Map 5m_vs_6m Algo r_drbfn_v3 Exp v3_5m_vs_6m_5M_seed1_full updates 1430/6250 episodes, total num timesteps 1144800/5000000, FPS 81.

incre win rate is 0.2830188679245283.

 Map 5m_vs_6m Algo r_drbfn_v3 Exp v3_5m_vs_6m_5M_seed1_full updates 1435/6250 episodes, total num timesteps 1148800/5000000, FPS 81.

incre win rate is 0.23270440251572327.
[v3 step=1440] R_mean=0.5282 | G_n_mean=6.3536 (n=5) | q_tot_pred_mean=6.0422 | drbfn_loss=0.0302, qi_loss=0.0396, qtot_loss=2.6583

 Map 5m_vs_6m Algo r_drbfn_v3 Exp v3_5m_vs_6m_5M_seed1_full updates 1440/6250 episodes, total num timesteps 1152800/5000000, FPS 81.

incre win rate is 0.31875.

 Map 5m_vs_6m Algo r_drbfn_v3 Exp v3_5m_vs_6m_5M_seed1_full updates 1445/6250 episodes, total num timesteps 1156800/5000000, FPS 81.

incre win rate is 0.1746987951807229.
[v3 step=1450] R_mean=0.4688 | G_n_mean=5.9609 (n=5) | q_tot_pred_mean=5.9112 | drbfn_loss=0.0318, qi_loss=0.0411, qtot_loss=3.4746

 Map 5m_vs_6m Algo r_drbfn_v3 Exp v3_5m_vs_6m_5M_seed1_full updates 1450/6250 episodes, total num timesteps 1160800/5000000, FPS 81.

incre win rate is 0.1927710843373494.
eval win rate is 0.28125.

 Map 5m_vs_6m Algo r_drbfn_v3 Exp v3_5m_vs_6m_5M_seed1_full updates 1455/6250 episodes, total num timesteps 1164800/5000000, FPS 81.

incre win rate is 0.12345679012345678.
[v3 step=1460] R_mean=0.4582 | G_n_mean=5.5355 (n=5) | q_tot_pred_mean=5.5254 | drbfn_loss=0.0324, qi_loss=0.0392, qtot_loss=2.9234

 Map 5m_vs_6m Algo r_drbfn_v3 Exp v3_5m_vs_6m_5M_seed1_full updates 1460/6250 episodes, total num timesteps 1168800/5000000, FPS 81.

incre win rate is 0.1437125748502994.

 Map 5m_vs_6m Algo r_drbfn_v3 Exp v3_5m_vs_6m_5M_seed1_full updates 1465/6250 episodes, total num timesteps 1172800/5000000, FPS 81.

incre win rate is 0.1927710843373494.
[v3 step=1470] R_mean=0.4154 | G_n_mean=5.3506 (n=5) | q_tot_pred_mean=5.7094 | drbfn_loss=0.0326, qi_loss=0.0380, qtot_loss=2.5494

 Map 5m_vs_6m Algo r_drbfn_v3 Exp v3_5m_vs_6m_5M_seed1_full updates 1470/6250 episodes, total num timesteps 1176800/5000000, FPS 81.

incre win rate is 0.15757575757575756.

 Map 5m_vs_6m Algo r_drbfn_v3 Exp v3_5m_vs_6m_5M_seed1_full updates 1475/6250 episodes, total num timesteps 1180800/5000000, FPS 81.

incre win rate is 0.18292682926829268.
eval win rate is 0.0625.
[v3 step=1480] R_mean=0.5063 | G_n_mean=6.0878 (n=5) | q_tot_pred_mean=5.9661 | drbfn_loss=0.0313, qi_loss=0.0437, qtot_loss=3.2015

 Map 5m_vs_6m Algo r_drbfn_v3 Exp v3_5m_vs_6m_5M_seed1_full updates 1480/6250 episodes, total num timesteps 1184800/5000000, FPS 81.

incre win rate is 0.2545454545454545.

 Map 5m_vs_6m Algo r_drbfn_v3 Exp v3_5m_vs_6m_5M_seed1_full updates 1485/6250 episodes, total num timesteps 1188800/5000000, FPS 81.

incre win rate is 0.2682926829268293.
[v3 step=1490] R_mean=0.4435 | G_n_mean=5.4547 (n=5) | q_tot_pred_mean=5.6067 | drbfn_loss=0.0313, qi_loss=0.0373, qtot_loss=3.2347

 Map 5m_vs_6m Algo r_drbfn_v3 Exp v3_5m_vs_6m_5M_seed1_full updates 1490/6250 episodes, total num timesteps 1192800/5000000, FPS 81.

incre win rate is 0.16666666666666666.

 Map 5m_vs_6m Algo r_drbfn_v3 Exp v3_5m_vs_6m_5M_seed1_full updates 1495/6250 episodes, total num timesteps 1196800/5000000, FPS 81.

incre win rate is 0.15432098765432098.
[v3 step=1500] R_mean=0.4842 | G_n_mean=5.8976 (n=5) | q_tot_pred_mean=5.7623 | drbfn_loss=0.0381, qi_loss=0.0447, qtot_loss=3.3894

 Map 5m_vs_6m Algo r_drbfn_v3 Exp v3_5m_vs_6m_5M_seed1_full updates 1500/6250 episodes, total num timesteps 1200800/5000000, FPS 81.

incre win rate is 0.20245398773006135.
eval win rate is 0.21875.

 Map 5m_vs_6m Algo r_drbfn_v3 Exp v3_5m_vs_6m_5M_seed1_full updates 1505/6250 episodes, total num timesteps 1204800/5000000, FPS 81.

incre win rate is 0.2732919254658385.
[v3 step=1510] R_mean=0.4473 | G_n_mean=5.5374 (n=5) | q_tot_pred_mean=5.7226 | drbfn_loss=0.0326, qi_loss=0.0426, qtot_loss=3.3333

 Map 5m_vs_6m Algo r_drbfn_v3 Exp v3_5m_vs_6m_5M_seed1_full updates 1510/6250 episodes, total num timesteps 1208800/5000000, FPS 81.

incre win rate is 0.23170731707317074.

 Map 5m_vs_6m Algo r_drbfn_v3 Exp v3_5m_vs_6m_5M_seed1_full updates 1515/6250 episodes, total num timesteps 1212800/5000000, FPS 81.

incre win rate is 0.17791411042944785.
[v3 step=1520] R_mean=0.4265 | G_n_mean=5.3939 (n=5) | q_tot_pred_mean=5.5630 | drbfn_loss=0.0329, qi_loss=0.0447, qtot_loss=2.4170

 Map 5m_vs_6m Algo r_drbfn_v3 Exp v3_5m_vs_6m_5M_seed1_full updates 1520/6250 episodes, total num timesteps 1216800/5000000, FPS 81.

incre win rate is 0.20253164556962025.

 Map 5m_vs_6m Algo r_drbfn_v3 Exp v3_5m_vs_6m_5M_seed1_full updates 1525/6250 episodes, total num timesteps 1220800/5000000, FPS 81.

incre win rate is 0.2138364779874214.
eval win rate is 0.40625.
[v3 step=1530] R_mean=0.4883 | G_n_mean=6.1708 (n=5) | q_tot_pred_mean=5.8560 | drbfn_loss=0.0340, qi_loss=0.0453, qtot_loss=3.2916

 Map 5m_vs_6m Algo r_drbfn_v3 Exp v3_5m_vs_6m_5M_seed1_full updates 1530/6250 episodes, total num timesteps 1224800/5000000, FPS 81.

incre win rate is 0.18292682926829268.

 Map 5m_vs_6m Algo r_drbfn_v3 Exp v3_5m_vs_6m_5M_seed1_full updates 1535/6250 episodes, total num timesteps 1228800/5000000, FPS 81.

incre win rate is 0.10303030303030303.
[v3 step=1540] R_mean=0.4400 | G_n_mean=5.4251 (n=5) | q_tot_pred_mean=5.5064 | drbfn_loss=0.0334, qi_loss=0.0388, qtot_loss=2.5675

 Map 5m_vs_6m Algo r_drbfn_v3 Exp v3_5m_vs_6m_5M_seed1_full updates 1540/6250 episodes, total num timesteps 1232800/5000000, FPS 81.

incre win rate is 0.1497005988023952.

 Map 5m_vs_6m Algo r_drbfn_v3 Exp v3_5m_vs_6m_5M_seed1_full updates 1545/6250 episodes, total num timesteps 1236800/5000000, FPS 81.

incre win rate is 0.1746987951807229.
[v3 step=1550] R_mean=0.4707 | G_n_mean=5.7844 (n=5) | q_tot_pred_mean=5.8845 | drbfn_loss=0.0314, qi_loss=0.0428, qtot_loss=2.7729

 Map 5m_vs_6m Algo r_drbfn_v3 Exp v3_5m_vs_6m_5M_seed1_full updates 1550/6250 episodes, total num timesteps 1240800/5000000, FPS 81.

incre win rate is 0.2.
eval win rate is 0.21875.

 Map 5m_vs_6m Algo r_drbfn_v3 Exp v3_5m_vs_6m_5M_seed1_full updates 1555/6250 episodes, total num timesteps 1244800/5000000, FPS 81.

incre win rate is 0.10650887573964497.
[v3 step=1560] R_mean=0.4094 | G_n_mean=5.5493 (n=5) | q_tot_pred_mean=5.7963 | drbfn_loss=0.0324, qi_loss=0.0409, qtot_loss=2.0087

 Map 5m_vs_6m Algo r_drbfn_v3 Exp v3_5m_vs_6m_5M_seed1_full updates 1560/6250 episodes, total num timesteps 1248800/5000000, FPS 81.

incre win rate is 0.16981132075471697.

 Map 5m_vs_6m Algo r_drbfn_v3 Exp v3_5m_vs_6m_5M_seed1_full updates 1565/6250 episodes, total num timesteps 1252800/5000000, FPS 81.

incre win rate is 0.19753086419753085.
[v3 step=1570] R_mean=0.4403 | G_n_mean=5.6086 (n=5) | q_tot_pred_mean=5.5418 | drbfn_loss=0.0313, qi_loss=0.0401, qtot_loss=2.8270

 Map 5m_vs_6m Algo r_drbfn_v3 Exp v3_5m_vs_6m_5M_seed1_full updates 1570/6250 episodes, total num timesteps 1256800/5000000, FPS 81.

incre win rate is 0.1696969696969697.

 Map 5m_vs_6m Algo r_drbfn_v3 Exp v3_5m_vs_6m_5M_seed1_full updates 1575/6250 episodes, total num timesteps 1260800/5000000, FPS 81.

incre win rate is 0.22981366459627328.
eval win rate is 0.25.
[v3 step=1580] R_mean=0.4832 | G_n_mean=6.0976 (n=5) | q_tot_pred_mean=6.3543 | drbfn_loss=0.0349, qi_loss=0.0440, qtot_loss=3.7615

 Map 5m_vs_6m Algo r_drbfn_v3 Exp v3_5m_vs_6m_5M_seed1_full updates 1580/6250 episodes, total num timesteps 1264800/5000000, FPS 81.

incre win rate is 0.2546583850931677.

 Map 5m_vs_6m Algo r_drbfn_v3 Exp v3_5m_vs_6m_5M_seed1_full updates 1585/6250 episodes, total num timesteps 1268800/5000000, FPS 81.

incre win rate is 0.24375.
[v3 step=1590] R_mean=0.5257 | G_n_mean=6.4704 (n=5) | q_tot_pred_mean=6.3369 | drbfn_loss=0.0344, qi_loss=0.0435, qtot_loss=3.1278

 Map 5m_vs_6m Algo r_drbfn_v3 Exp v3_5m_vs_6m_5M_seed1_full updates 1590/6250 episodes, total num timesteps 1272800/5000000, FPS 81.

incre win rate is 0.3181818181818182.

 Map 5m_vs_6m Algo r_drbfn_v3 Exp v3_5m_vs_6m_5M_seed1_full updates 1595/6250 episodes, total num timesteps 1276800/5000000, FPS 81.

incre win rate is 0.3333333333333333.
[v3 step=1600] R_mean=0.4803 | G_n_mean=5.9462 (n=5) | q_tot_pred_mean=5.9275 | drbfn_loss=0.0350, qi_loss=0.0458, qtot_loss=3.3480

 Map 5m_vs_6m Algo r_drbfn_v3 Exp v3_5m_vs_6m_5M_seed1_full updates 1600/6250 episodes, total num timesteps 1280800/5000000, FPS 81.

incre win rate is 0.30625.
eval win rate is 0.375.

 Map 5m_vs_6m Algo r_drbfn_v3 Exp v3_5m_vs_6m_5M_seed1_full updates 1605/6250 episodes, total num timesteps 1284800/5000000, FPS 81.

incre win rate is 0.24516129032258063.
[v3 step=1610] R_mean=0.4581 | G_n_mean=5.8081 (n=5) | q_tot_pred_mean=5.7767 | drbfn_loss=0.0310, qi_loss=0.0454, qtot_loss=2.9922

 Map 5m_vs_6m Algo r_drbfn_v3 Exp v3_5m_vs_6m_5M_seed1_full updates 1610/6250 episodes, total num timesteps 1288800/5000000, FPS 81.

incre win rate is 0.16071428571428573.

 Map 5m_vs_6m Algo r_drbfn_v3 Exp v3_5m_vs_6m_5M_seed1_full updates 1615/6250 episodes, total num timesteps 1292800/5000000, FPS 81.

incre win rate is 0.2088607594936709.
[v3 step=1620] R_mean=0.4750 | G_n_mean=6.0466 (n=5) | q_tot_pred_mean=6.1925 | drbfn_loss=0.0323, qi_loss=0.0496, qtot_loss=2.6688

 Map 5m_vs_6m Algo r_drbfn_v3 Exp v3_5m_vs_6m_5M_seed1_full updates 1620/6250 episodes, total num timesteps 1296800/5000000, FPS 81.

incre win rate is 0.21875.

 Map 5m_vs_6m Algo r_drbfn_v3 Exp v3_5m_vs_6m_5M_seed1_full updates 1625/6250 episodes, total num timesteps 1300800/5000000, FPS 81.

incre win rate is 0.12574850299401197.
eval win rate is 0.09375.
[v3 step=1630] R_mean=0.4387 | G_n_mean=5.6497 (n=5) | q_tot_pred_mean=5.5573 | drbfn_loss=0.0289, qi_loss=0.0457, qtot_loss=2.7675

 Map 5m_vs_6m Algo r_drbfn_v3 Exp v3_5m_vs_6m_5M_seed1_full updates 1630/6250 episodes, total num timesteps 1304800/5000000, FPS 81.

incre win rate is 0.09580838323353294.

 Map 5m_vs_6m Algo r_drbfn_v3 Exp v3_5m_vs_6m_5M_seed1_full updates 1635/6250 episodes, total num timesteps 1308800/5000000, FPS 81.

incre win rate is 0.17073170731707318.
[v3 step=1640] R_mean=0.5198 | G_n_mean=6.4892 (n=5) | q_tot_pred_mean=6.2930 | drbfn_loss=0.0326, qi_loss=0.0482, qtot_loss=2.9845

 Map 5m_vs_6m Algo r_drbfn_v3 Exp v3_5m_vs_6m_5M_seed1_full updates 1640/6250 episodes, total num timesteps 1312800/5000000, FPS 81.

incre win rate is 0.2236024844720497.

 Map 5m_vs_6m Algo r_drbfn_v3 Exp v3_5m_vs_6m_5M_seed1_full updates 1645/6250 episodes, total num timesteps 1316800/5000000, FPS 81.

incre win rate is 0.2111801242236025.
[v3 step=1650] R_mean=0.4692 | G_n_mean=5.9514 (n=5) | q_tot_pred_mean=6.1096 | drbfn_loss=0.0302, qi_loss=0.0476, qtot_loss=3.5730

 Map 5m_vs_6m Algo r_drbfn_v3 Exp v3_5m_vs_6m_5M_seed1_full updates 1650/6250 episodes, total num timesteps 1320800/5000000, FPS 81.

incre win rate is 0.2037037037037037.
eval win rate is 0.28125.

 Map 5m_vs_6m Algo r_drbfn_v3 Exp v3_5m_vs_6m_5M_seed1_full updates 1655/6250 episodes, total num timesteps 1324800/5000000, FPS 81.

incre win rate is 0.22641509433962265.
[v3 step=1660] R_mean=0.4681 | G_n_mean=5.9050 (n=5) | q_tot_pred_mean=5.6971 | drbfn_loss=0.0294, qi_loss=0.0455, qtot_loss=3.2007

 Map 5m_vs_6m Algo r_drbfn_v3 Exp v3_5m_vs_6m_5M_seed1_full updates 1660/6250 episodes, total num timesteps 1328800/5000000, FPS 81.

incre win rate is 0.14634146341463414.

 Map 5m_vs_6m Algo r_drbfn_v3 Exp v3_5m_vs_6m_5M_seed1_full updates 1665/6250 episodes, total num timesteps 1332800/5000000, FPS 81.

incre win rate is 0.2606060606060606.
[v3 step=1670] R_mean=0.4721 | G_n_mean=6.1314 (n=5) | q_tot_pred_mean=6.2360 | drbfn_loss=0.0331, qi_loss=0.0462, qtot_loss=2.5333

 Map 5m_vs_6m Algo r_drbfn_v3 Exp v3_5m_vs_6m_5M_seed1_full updates 1670/6250 episodes, total num timesteps 1336800/5000000, FPS 81.

incre win rate is 0.22929936305732485.

 Map 5m_vs_6m Algo r_drbfn_v3 Exp v3_5m_vs_6m_5M_seed1_full updates 1675/6250 episodes, total num timesteps 1340800/5000000, FPS 81.

incre win rate is 0.25.
eval win rate is 0.21875.
[v3 step=1680] R_mean=0.4320 | G_n_mean=5.5409 (n=5) | q_tot_pred_mean=5.9115 | drbfn_loss=0.0282, qi_loss=0.0478, qtot_loss=2.7523

 Map 5m_vs_6m Algo r_drbfn_v3 Exp v3_5m_vs_6m_5M_seed1_full updates 1680/6250 episodes, total num timesteps 1344800/5000000, FPS 81.

incre win rate is 0.2147239263803681.

 Map 5m_vs_6m Algo r_drbfn_v3 Exp v3_5m_vs_6m_5M_seed1_full updates 1685/6250 episodes, total num timesteps 1348800/5000000, FPS 81.

incre win rate is 0.19393939393939394.
[v3 step=1690] R_mean=0.4564 | G_n_mean=5.7594 (n=5) | q_tot_pred_mean=5.8105 | drbfn_loss=0.0307, qi_loss=0.0462, qtot_loss=2.6178

 Map 5m_vs_6m Algo r_drbfn_v3 Exp v3_5m_vs_6m_5M_seed1_full updates 1690/6250 episodes, total num timesteps 1352800/5000000, FPS 81.

incre win rate is 0.18902439024390244.

 Map 5m_vs_6m Algo r_drbfn_v3 Exp v3_5m_vs_6m_5M_seed1_full updates 1695/6250 episodes, total num timesteps 1356800/5000000, FPS 81.

incre win rate is 0.1301775147928994.
[v3 step=1700] R_mean=0.4825 | G_n_mean=5.9255 (n=5) | q_tot_pred_mean=5.7416 | drbfn_loss=0.0281, qi_loss=0.0518, qtot_loss=3.2497

 Map 5m_vs_6m Algo r_drbfn_v3 Exp v3_5m_vs_6m_5M_seed1_full updates 1700/6250 episodes, total num timesteps 1360800/5000000, FPS 81.

incre win rate is 0.14705882352941177.
eval win rate is 0.21875.

 Map 5m_vs_6m Algo r_drbfn_v3 Exp v3_5m_vs_6m_5M_seed1_full updates 1705/6250 episodes, total num timesteps 1364800/5000000, FPS 81.

incre win rate is 0.09195402298850575.
[v3 step=1710] R_mean=0.4788 | G_n_mean=6.1549 (n=5) | q_tot_pred_mean=5.8935 | drbfn_loss=0.0313, qi_loss=0.0506, qtot_loss=2.9861

 Map 5m_vs_6m Algo r_drbfn_v3 Exp v3_5m_vs_6m_5M_seed1_full updates 1710/6250 episodes, total num timesteps 1368800/5000000, FPS 81.

incre win rate is 0.12209302325581395.

 Map 5m_vs_6m Algo r_drbfn_v3 Exp v3_5m_vs_6m_5M_seed1_full updates 1715/6250 episodes, total num timesteps 1372800/5000000, FPS 81.

incre win rate is 0.11377245508982035.
[v3 step=1720] R_mean=0.4550 | G_n_mean=5.7910 (n=5) | q_tot_pred_mean=5.5503 | drbfn_loss=0.0297, qi_loss=0.0503, qtot_loss=2.6532

 Map 5m_vs_6m Algo r_drbfn_v3 Exp v3_5m_vs_6m_5M_seed1_full updates 1720/6250 episodes, total num timesteps 1376800/5000000, FPS 81.

incre win rate is 0.10179640718562874.

 Map 5m_vs_6m Algo r_drbfn_v3 Exp v3_5m_vs_6m_5M_seed1_full updates 1725/6250 episodes, total num timesteps 1380800/5000000, FPS 81.

incre win rate is 0.14619883040935672.
eval win rate is 0.125.
[v3 step=1730] R_mean=0.4024 | G_n_mean=5.1881 (n=5) | q_tot_pred_mean=5.3990 | drbfn_loss=0.0255, qi_loss=0.0484, qtot_loss=2.4079

 Map 5m_vs_6m Algo r_drbfn_v3 Exp v3_5m_vs_6m_5M_seed1_full updates 1730/6250 episodes, total num timesteps 1384800/5000000, FPS 81.

incre win rate is 0.11560693641618497.

 Map 5m_vs_6m Algo r_drbfn_v3 Exp v3_5m_vs_6m_5M_seed1_full updates 1735/6250 episodes, total num timesteps 1388800/5000000, FPS 81.

incre win rate is 0.17073170731707318.
[v3 step=1740] R_mean=0.4505 | G_n_mean=5.7607 (n=5) | q_tot_pred_mean=6.0710 | drbfn_loss=0.0312, qi_loss=0.0492, qtot_loss=3.3070

 Map 5m_vs_6m Algo r_drbfn_v3 Exp v3_5m_vs_6m_5M_seed1_full updates 1740/6250 episodes, total num timesteps 1392800/5000000, FPS 81.

incre win rate is 0.20754716981132076.

 Map 5m_vs_6m Algo r_drbfn_v3 Exp v3_5m_vs_6m_5M_seed1_full updates 1745/6250 episodes, total num timesteps 1396800/5000000, FPS 81.

incre win rate is 0.21153846153846154.
[v3 step=1750] R_mean=0.4770 | G_n_mean=6.0155 (n=5) | q_tot_pred_mean=5.8522 | drbfn_loss=0.0317, qi_loss=0.0529, qtot_loss=3.0025

 Map 5m_vs_6m Algo r_drbfn_v3 Exp v3_5m_vs_6m_5M_seed1_full updates 1750/6250 episodes, total num timesteps 1400800/5000000, FPS 81.

incre win rate is 0.19135802469135801.
eval win rate is 0.1875.

 Map 5m_vs_6m Algo r_drbfn_v3 Exp v3_5m_vs_6m_5M_seed1_full updates 1755/6250 episodes, total num timesteps 1404800/5000000, FPS 81.

incre win rate is 0.25153374233128833.
[v3 step=1760] R_mean=0.4825 | G_n_mean=6.0845 (n=5) | q_tot_pred_mean=6.1702 | drbfn_loss=0.0270, qi_loss=0.0532, qtot_loss=3.1177

 Map 5m_vs_6m Algo r_drbfn_v3 Exp v3_5m_vs_6m_5M_seed1_full updates 1760/6250 episodes, total num timesteps 1408800/5000000, FPS 81.

incre win rate is 0.21951219512195122.

 Map 5m_vs_6m Algo r_drbfn_v3 Exp v3_5m_vs_6m_5M_seed1_full updates 1765/6250 episodes, total num timesteps 1412800/5000000, FPS 81.

incre win rate is 0.21818181818181817.
[v3 step=1770] R_mean=0.4608 | G_n_mean=5.8512 (n=5) | q_tot_pred_mean=6.0162 | drbfn_loss=0.0324, qi_loss=0.0596, qtot_loss=3.3959

 Map 5m_vs_6m Algo r_drbfn_v3 Exp v3_5m_vs_6m_5M_seed1_full updates 1770/6250 episodes, total num timesteps 1416800/5000000, FPS 81.

incre win rate is 0.20606060606060606.

 Map 5m_vs_6m Algo r_drbfn_v3 Exp v3_5m_vs_6m_5M_seed1_full updates 1775/6250 episodes, total num timesteps 1420800/5000000, FPS 81.

incre win rate is 0.2468354430379747.
eval win rate is 0.3125.
[v3 step=1780] R_mean=0.4903 | G_n_mean=6.1791 (n=5) | q_tot_pred_mean=6.0614 | drbfn_loss=0.0296, qi_loss=0.0592, qtot_loss=3.8656

 Map 5m_vs_6m Algo r_drbfn_v3 Exp v3_5m_vs_6m_5M_seed1_full updates 1780/6250 episodes, total num timesteps 1424800/5000000, FPS 81.

incre win rate is 0.22699386503067484.

 Map 5m_vs_6m Algo r_drbfn_v3 Exp v3_5m_vs_6m_5M_seed1_full updates 1785/6250 episodes, total num timesteps 1428800/5000000, FPS 81.

incre win rate is 0.26875.
[v3 step=1790] R_mean=0.5082 | G_n_mean=6.4431 (n=5) | q_tot_pred_mean=6.5000 | drbfn_loss=0.0281, qi_loss=0.0533, qtot_loss=3.0948

 Map 5m_vs_6m Algo r_drbfn_v3 Exp v3_5m_vs_6m_5M_seed1_full updates 1790/6250 episodes, total num timesteps 1432800/5000000, FPS 81.

incre win rate is 0.2875.

 Map 5m_vs_6m Algo r_drbfn_v3 Exp v3_5m_vs_6m_5M_seed1_full updates 1795/6250 episodes, total num timesteps 1436800/5000000, FPS 81.

incre win rate is 0.24691358024691357.
[v3 step=1800] R_mean=0.4596 | G_n_mean=5.9194 (n=5) | q_tot_pred_mean=6.0863 | drbfn_loss=0.0338, qi_loss=0.0667, qtot_loss=3.9825

 Map 5m_vs_6m Algo r_drbfn_v3 Exp v3_5m_vs_6m_5M_seed1_full updates 1800/6250 episodes, total num timesteps 1440800/5000000, FPS 81.

incre win rate is 0.2389937106918239.
eval win rate is 0.34375.

 Map 5m_vs_6m Algo r_drbfn_v3 Exp v3_5m_vs_6m_5M_seed1_full updates 1805/6250 episodes, total num timesteps 1444800/5000000, FPS 81.

incre win rate is 0.1875.
[v3 step=1810] R_mean=0.4513 | G_n_mean=5.8625 (n=5) | q_tot_pred_mean=5.7503 | drbfn_loss=0.0301, qi_loss=0.0588, qtot_loss=3.1512

 Map 5m_vs_6m Algo r_drbfn_v3 Exp v3_5m_vs_6m_5M_seed1_full updates 1810/6250 episodes, total num timesteps 1448800/5000000, FPS 81.

incre win rate is 0.14906832298136646.

 Map 5m_vs_6m Algo r_drbfn_v3 Exp v3_5m_vs_6m_5M_seed1_full updates 1815/6250 episodes, total num timesteps 1452800/5000000, FPS 81.

incre win rate is 0.1927710843373494.
[v3 step=1820] R_mean=0.4880 | G_n_mean=6.2447 (n=5) | q_tot_pred_mean=6.0110 | drbfn_loss=0.0345, qi_loss=0.0638, qtot_loss=3.6342

 Map 5m_vs_6m Algo r_drbfn_v3 Exp v3_5m_vs_6m_5M_seed1_full updates 1820/6250 episodes, total num timesteps 1456800/5000000, FPS 81.

incre win rate is 0.16875.

 Map 5m_vs_6m Algo r_drbfn_v3 Exp v3_5m_vs_6m_5M_seed1_full updates 1825/6250 episodes, total num timesteps 1460800/5000000, FPS 81.

incre win rate is 0.2389937106918239.
eval win rate is 0.28125.
[v3 step=1830] R_mean=0.4575 | G_n_mean=5.8907 (n=5) | q_tot_pred_mean=6.0440 | drbfn_loss=0.0274, qi_loss=0.0562, qtot_loss=2.7439

 Map 5m_vs_6m Algo r_drbfn_v3 Exp v3_5m_vs_6m_5M_seed1_full updates 1830/6250 episodes, total num timesteps 1464800/5000000, FPS 81.

incre win rate is 0.21739130434782608.

 Map 5m_vs_6m Algo r_drbfn_v3 Exp v3_5m_vs_6m_5M_seed1_full updates 1835/6250 episodes, total num timesteps 1468800/5000000, FPS 81.

incre win rate is 0.23125.
[v3 step=1840] R_mean=0.4853 | G_n_mean=6.1423 (n=5) | q_tot_pred_mean=5.9956 | drbfn_loss=0.0295, qi_loss=0.0620, qtot_loss=3.1475

 Map 5m_vs_6m Algo r_drbfn_v3 Exp v3_5m_vs_6m_5M_seed1_full updates 1840/6250 episodes, total num timesteps 1472800/5000000, FPS 81.

incre win rate is 0.16071428571428573.

 Map 5m_vs_6m Algo r_drbfn_v3 Exp v3_5m_vs_6m_5M_seed1_full updates 1845/6250 episodes, total num timesteps 1476800/5000000, FPS 81.

incre win rate is 0.30434782608695654.
[v3 step=1850] R_mean=0.4488 | G_n_mean=5.8765 (n=5) | q_tot_pred_mean=5.8759 | drbfn_loss=0.0300, qi_loss=0.0527, qtot_loss=3.1568

 Map 5m_vs_6m Algo r_drbfn_v3 Exp v3_5m_vs_6m_5M_seed1_full updates 1850/6250 episodes, total num timesteps 1480800/5000000, FPS 81.

incre win rate is 0.15757575757575756.
eval win rate is 0.21875.

 Map 5m_vs_6m Algo r_drbfn_v3 Exp v3_5m_vs_6m_5M_seed1_full updates 1855/6250 episodes, total num timesteps 1484800/5000000, FPS 81.

incre win rate is 0.17857142857142858.
[v3 step=1860] R_mean=0.4914 | G_n_mean=6.1745 (n=5) | q_tot_pred_mean=6.2972 | drbfn_loss=0.0286, qi_loss=0.0639, qtot_loss=3.4720

 Map 5m_vs_6m Algo r_drbfn_v3 Exp v3_5m_vs_6m_5M_seed1_full updates 1860/6250 episodes, total num timesteps 1488800/5000000, FPS 81.

incre win rate is 0.21212121212121213.

 Map 5m_vs_6m Algo r_drbfn_v3 Exp v3_5m_vs_6m_5M_seed1_full updates 1865/6250 episodes, total num timesteps 1492800/5000000, FPS 81.

incre win rate is 0.26666666666666666.
[v3 step=1870] R_mean=0.5413 | G_n_mean=6.6634 (n=5) | q_tot_pred_mean=6.3211 | drbfn_loss=0.0304, qi_loss=0.0594, qtot_loss=3.3987

 Map 5m_vs_6m Algo r_drbfn_v3 Exp v3_5m_vs_6m_5M_seed1_full updates 1870/6250 episodes, total num timesteps 1496800/5000000, FPS 81.

incre win rate is 0.2716049382716049.

 Map 5m_vs_6m Algo r_drbfn_v3 Exp v3_5m_vs_6m_5M_seed1_full updates 1875/6250 episodes, total num timesteps 1500800/5000000, FPS 81.

incre win rate is 0.29375.
eval win rate is 0.28125.
[v3 step=1880] R_mean=0.4827 | G_n_mean=6.2064 (n=5) | q_tot_pred_mean=6.3905 | drbfn_loss=0.0282, qi_loss=0.0644, qtot_loss=3.4189

 Map 5m_vs_6m Algo r_drbfn_v3 Exp v3_5m_vs_6m_5M_seed1_full updates 1880/6250 episodes, total num timesteps 1504800/5000000, FPS 81.

incre win rate is 0.26666666666666666.

 Map 5m_vs_6m Algo r_drbfn_v3 Exp v3_5m_vs_6m_5M_seed1_full updates 1885/6250 episodes, total num timesteps 1508800/5000000, FPS 81.

incre win rate is 0.20359281437125748.
[v3 step=1890] R_mean=0.4978 | G_n_mean=6.2601 (n=5) | q_tot_pred_mean=6.4273 | drbfn_loss=0.0293, qi_loss=0.0654, qtot_loss=2.7571

 Map 5m_vs_6m Algo r_drbfn_v3 Exp v3_5m_vs_6m_5M_seed1_full updates 1890/6250 episodes, total num timesteps 1512800/5000000, FPS 81.

incre win rate is 0.29878048780487804.

 Map 5m_vs_6m Algo r_drbfn_v3 Exp v3_5m_vs_6m_5M_seed1_full updates 1895/6250 episodes, total num timesteps 1516800/5000000, FPS 81.

incre win rate is 0.21176470588235294.
[v3 step=1900] R_mean=0.5011 | G_n_mean=6.3461 (n=5) | q_tot_pred_mean=6.1802 | drbfn_loss=0.0283, qi_loss=0.0604, qtot_loss=3.6732

 Map 5m_vs_6m Algo r_drbfn_v3 Exp v3_5m_vs_6m_5M_seed1_full updates 1900/6250 episodes, total num timesteps 1520800/5000000, FPS 81.

incre win rate is 0.2634730538922156.
eval win rate is 0.40625.

 Map 5m_vs_6m Algo r_drbfn_v3 Exp v3_5m_vs_6m_5M_seed1_full updates 1905/6250 episodes, total num timesteps 1524800/5000000, FPS 81.

incre win rate is 0.2822085889570552.
[v3 step=1910] R_mean=0.5050 | G_n_mean=6.5797 (n=5) | q_tot_pred_mean=6.6881 | drbfn_loss=0.0306, qi_loss=0.0642, qtot_loss=3.4778

 Map 5m_vs_6m Algo r_drbfn_v3 Exp v3_5m_vs_6m_5M_seed1_full updates 1910/6250 episodes, total num timesteps 1528800/5000000, FPS 81.

incre win rate is 0.2545454545454545.

 Map 5m_vs_6m Algo r_drbfn_v3 Exp v3_5m_vs_6m_5M_seed1_full updates 1915/6250 episodes, total num timesteps 1532800/5000000, FPS 81.

incre win rate is 0.30864197530864196.
[v3 step=1920] R_mean=0.5288 | G_n_mean=6.7498 (n=5) | q_tot_pred_mean=6.7240 | drbfn_loss=0.0305, qi_loss=0.0641, qtot_loss=3.4654

 Map 5m_vs_6m Algo r_drbfn_v3 Exp v3_5m_vs_6m_5M_seed1_full updates 1920/6250 episodes, total num timesteps 1536800/5000000, FPS 81.

incre win rate is 0.2754491017964072.

 Map 5m_vs_6m Algo r_drbfn_v3 Exp v3_5m_vs_6m_5M_seed1_full updates 1925/6250 episodes, total num timesteps 1540800/5000000, FPS 81.

incre win rate is 0.15789473684210525.
eval win rate is 0.375.
[v3 step=1930] R_mean=0.4601 | G_n_mean=5.8591 (n=5) | q_tot_pred_mean=5.7967 | drbfn_loss=0.0275, qi_loss=0.0577, qtot_loss=2.3689

 Map 5m_vs_6m Algo r_drbfn_v3 Exp v3_5m_vs_6m_5M_seed1_full updates 1930/6250 episodes, total num timesteps 1544800/5000000, FPS 81.

incre win rate is 0.1569767441860465.

 Map 5m_vs_6m Algo r_drbfn_v3 Exp v3_5m_vs_6m_5M_seed1_full updates 1935/6250 episodes, total num timesteps 1548800/5000000, FPS 81.

incre win rate is 0.29069767441860467.
[v3 step=1940] R_mean=0.4532 | G_n_mean=5.6561 (n=5) | q_tot_pred_mean=5.9721 | drbfn_loss=0.0262, qi_loss=0.0566, qtot_loss=3.3133

 Map 5m_vs_6m Algo r_drbfn_v3 Exp v3_5m_vs_6m_5M_seed1_full updates 1940/6250 episodes, total num timesteps 1552800/5000000, FPS 81.

incre win rate is 0.20114942528735633.

 Map 5m_vs_6m Algo r_drbfn_v3 Exp v3_5m_vs_6m_5M_seed1_full updates 1945/6250 episodes, total num timesteps 1556800/5000000, FPS 81.

incre win rate is 0.23976608187134502.
[v3 step=1950] R_mean=0.4399 | G_n_mean=5.7408 (n=5) | q_tot_pred_mean=5.8744 | drbfn_loss=0.0285, qi_loss=0.0670, qtot_loss=3.2735

 Map 5m_vs_6m Algo r_drbfn_v3 Exp v3_5m_vs_6m_5M_seed1_full updates 1950/6250 episodes, total num timesteps 1560800/5000000, FPS 81.

incre win rate is 0.1388888888888889.
eval win rate is 0.125.

 Map 5m_vs_6m Algo r_drbfn_v3 Exp v3_5m_vs_6m_5M_seed1_full updates 1955/6250 episodes, total num timesteps 1564800/5000000, FPS 81.

incre win rate is 0.12921348314606743.
[v3 step=1960] R_mean=0.4509 | G_n_mean=5.8606 (n=5) | q_tot_pred_mean=5.7699 | drbfn_loss=0.0274, qi_loss=0.0555, qtot_loss=2.2448

 Map 5m_vs_6m Algo r_drbfn_v3 Exp v3_5m_vs_6m_5M_seed1_full updates 1960/6250 episodes, total num timesteps 1568800/5000000, FPS 81.

incre win rate is 0.13559322033898305.

 Map 5m_vs_6m Algo r_drbfn_v3 Exp v3_5m_vs_6m_5M_seed1_full updates 1965/6250 episodes, total num timesteps 1572800/5000000, FPS 81.

incre win rate is 0.15606936416184972.
[v3 step=1970] R_mean=0.5104 | G_n_mean=6.3473 (n=5) | q_tot_pred_mean=6.4459 | drbfn_loss=0.0265, qi_loss=0.0696, qtot_loss=3.3851

 Map 5m_vs_6m Algo r_drbfn_v3 Exp v3_5m_vs_6m_5M_seed1_full updates 1970/6250 episodes, total num timesteps 1576800/5000000, FPS 81.

incre win rate is 0.20348837209302326.

 Map 5m_vs_6m Algo r_drbfn_v3 Exp v3_5m_vs_6m_5M_seed1_full updates 1975/6250 episodes, total num timesteps 1580800/5000000, FPS 81.

incre win rate is 0.15517241379310345.
eval win rate is 0.21875.
[v3 step=1980] R_mean=0.4618 | G_n_mean=5.7987 (n=5) | q_tot_pred_mean=5.6434 | drbfn_loss=0.0257, qi_loss=0.0567, qtot_loss=3.0183

 Map 5m_vs_6m Algo r_drbfn_v3 Exp v3_5m_vs_6m_5M_seed1_full updates 1980/6250 episodes, total num timesteps 1584800/5000000, FPS 81.

incre win rate is 0.11731843575418995.

 Map 5m_vs_6m Algo r_drbfn_v3 Exp v3_5m_vs_6m_5M_seed1_full updates 1985/6250 episodes, total num timesteps 1588800/5000000, FPS 81.

incre win rate is 0.12790697674418605.
[v3 step=1990] R_mean=0.3750 | G_n_mean=4.7317 (n=5) | q_tot_pred_mean=5.2249 | drbfn_loss=0.0258, qi_loss=0.0581, qtot_loss=2.6471

 Map 5m_vs_6m Algo r_drbfn_v3 Exp v3_5m_vs_6m_5M_seed1_full updates 1990/6250 episodes, total num timesteps 1592800/5000000, FPS 81.

incre win rate is 0.04040404040404041.

 Map 5m_vs_6m Algo r_drbfn_v3 Exp v3_5m_vs_6m_5M_seed1_full updates 1995/6250 episodes, total num timesteps 1596800/5000000, FPS 81.

incre win rate is 0.05263157894736842.
[v3 step=2000] R_mean=0.4933 | G_n_mean=5.9685 (n=5) | q_tot_pred_mean=5.7378 | drbfn_loss=0.0258, qi_loss=0.0579, qtot_loss=2.5899

 Map 5m_vs_6m Algo r_drbfn_v3 Exp v3_5m_vs_6m_5M_seed1_full updates 2000/6250 episodes, total num timesteps 1600800/5000000, FPS 81.

incre win rate is 0.14689265536723164.
eval win rate is 0.125.

 Map 5m_vs_6m Algo r_drbfn_v3 Exp v3_5m_vs_6m_5M_seed1_full updates 2005/6250 episodes, total num timesteps 1604800/5000000, FPS 81.

incre win rate is 0.14942528735632185.
[v3 step=2010] R_mean=0.4763 | G_n_mean=5.9429 (n=5) | q_tot_pred_mean=5.8845 | drbfn_loss=0.0267, qi_loss=0.0551, qtot_loss=3.2689

 Map 5m_vs_6m Algo r_drbfn_v3 Exp v3_5m_vs_6m_5M_seed1_full updates 2010/6250 episodes, total num timesteps 1608800/5000000, FPS 81.

incre win rate is 0.21714285714285714.

 Map 5m_vs_6m Algo r_drbfn_v3 Exp v3_5m_vs_6m_5M_seed1_full updates 2015/6250 episodes, total num timesteps 1612800/5000000, FPS 81.

incre win rate is 0.13142857142857142.
[v3 step=2020] R_mean=0.3948 | G_n_mean=5.1373 (n=5) | q_tot_pred_mean=5.4703 | drbfn_loss=0.0265, qi_loss=0.0529, qtot_loss=2.6460

 Map 5m_vs_6m Algo r_drbfn_v3 Exp v3_5m_vs_6m_5M_seed1_full updates 2020/6250 episodes, total num timesteps 1616800/5000000, FPS 81.

incre win rate is 0.10285714285714286.

 Map 5m_vs_6m Algo r_drbfn_v3 Exp v3_5m_vs_6m_5M_seed1_full updates 2025/6250 episodes, total num timesteps 1620800/5000000, FPS 81.

incre win rate is 0.11560693641618497.
eval win rate is 0.125.
[v3 step=2030] R_mean=0.4433 | G_n_mean=5.7816 (n=5) | q_tot_pred_mean=5.7493 | drbfn_loss=0.0273, qi_loss=0.0559, qtot_loss=2.9290

 Map 5m_vs_6m Algo r_drbfn_v3 Exp v3_5m_vs_6m_5M_seed1_full updates 2030/6250 episodes, total num timesteps 1624800/5000000, FPS 81.

incre win rate is 0.0893854748603352.

 Map 5m_vs_6m Algo r_drbfn_v3 Exp v3_5m_vs_6m_5M_seed1_full updates 2035/6250 episodes, total num timesteps 1628800/5000000, FPS 81.

incre win rate is 0.09941520467836257.
[v3 step=2040] R_mean=0.4377 | G_n_mean=5.6141 (n=5) | q_tot_pred_mean=5.6041 | drbfn_loss=0.0272, qi_loss=0.0592, qtot_loss=2.7684

 Map 5m_vs_6m Algo r_drbfn_v3 Exp v3_5m_vs_6m_5M_seed1_full updates 2040/6250 episodes, total num timesteps 1632800/5000000, FPS 81.

incre win rate is 0.07954545454545454.

 Map 5m_vs_6m Algo r_drbfn_v3 Exp v3_5m_vs_6m_5M_seed1_full updates 2045/6250 episodes, total num timesteps 1636800/5000000, FPS 81.

incre win rate is 0.11428571428571428.
[v3 step=2050] R_mean=0.4500 | G_n_mean=5.7530 (n=5) | q_tot_pred_mean=5.7824 | drbfn_loss=0.0271, qi_loss=0.0662, qtot_loss=3.2337

 Map 5m_vs_6m Algo r_drbfn_v3 Exp v3_5m_vs_6m_5M_seed1_full updates 2050/6250 episodes, total num timesteps 1640800/5000000, FPS 81.

incre win rate is 0.096045197740113.
eval win rate is 0.1875.

 Map 5m_vs_6m Algo r_drbfn_v3 Exp v3_5m_vs_6m_5M_seed1_full updates 2055/6250 episodes, total num timesteps 1644800/5000000, FPS 81.

incre win rate is 0.11627906976744186.
[v3 step=2060] R_mean=0.4624 | G_n_mean=5.8412 (n=5) | q_tot_pred_mean=5.9024 | drbfn_loss=0.0270, qi_loss=0.0549, qtot_loss=2.2825

 Map 5m_vs_6m Algo r_drbfn_v3 Exp v3_5m_vs_6m_5M_seed1_full updates 2060/6250 episodes, total num timesteps 1648800/5000000, FPS 81.

incre win rate is 0.15294117647058825.

 Map 5m_vs_6m Algo r_drbfn_v3 Exp v3_5m_vs_6m_5M_seed1_full updates 2065/6250 episodes, total num timesteps 1652800/5000000, FPS 81.

incre win rate is 0.13372093023255813.
[v3 step=2070] R_mean=0.4792 | G_n_mean=5.9642 (n=5) | q_tot_pred_mean=5.7959 | drbfn_loss=0.0267, qi_loss=0.0640, qtot_loss=3.4278

 Map 5m_vs_6m Algo r_drbfn_v3 Exp v3_5m_vs_6m_5M_seed1_full updates 2070/6250 episodes, total num timesteps 1656800/5000000, FPS 81.

incre win rate is 0.16265060240963855.

 Map 5m_vs_6m Algo r_drbfn_v3 Exp v3_5m_vs_6m_5M_seed1_full updates 2075/6250 episodes, total num timesteps 1660800/5000000, FPS 81.

incre win rate is 0.17647058823529413.
eval win rate is 0.21875.
[v3 step=2080] R_mean=0.4909 | G_n_mean=5.9966 (n=5) | q_tot_pred_mean=5.9414 | drbfn_loss=0.0269, qi_loss=0.0659, qtot_loss=3.5113

 Map 5m_vs_6m Algo r_drbfn_v3 Exp v3_5m_vs_6m_5M_seed1_full updates 2080/6250 episodes, total num timesteps 1664800/5000000, FPS 81.

incre win rate is 0.17261904761904762.

 Map 5m_vs_6m Algo r_drbfn_v3 Exp v3_5m_vs_6m_5M_seed1_full updates 2085/6250 episodes, total num timesteps 1668800/5000000, FPS 81.

incre win rate is 0.21637426900584794.
[v3 step=2090] R_mean=0.4924 | G_n_mean=6.1297 (n=5) | q_tot_pred_mean=6.2672 | drbfn_loss=0.0267, qi_loss=0.0702, qtot_loss=3.6766

 Map 5m_vs_6m Algo r_drbfn_v3 Exp v3_5m_vs_6m_5M_seed1_full updates 2090/6250 episodes, total num timesteps 1672800/5000000, FPS 81.

incre win rate is 0.19883040935672514.

 Map 5m_vs_6m Algo r_drbfn_v3 Exp v3_5m_vs_6m_5M_seed1_full updates 2095/6250 episodes, total num timesteps 1676800/5000000, FPS 81.

incre win rate is 0.1871345029239766.
[v3 step=2100] R_mean=0.4876 | G_n_mean=6.0736 (n=5) | q_tot_pred_mean=6.1398 | drbfn_loss=0.0262, qi_loss=0.0673, qtot_loss=3.6072

 Map 5m_vs_6m Algo r_drbfn_v3 Exp v3_5m_vs_6m_5M_seed1_full updates 2100/6250 episodes, total num timesteps 1680800/5000000, FPS 81.

incre win rate is 0.19767441860465115.
eval win rate is 0.1875.

 Map 5m_vs_6m Algo r_drbfn_v3 Exp v3_5m_vs_6m_5M_seed1_full updates 2105/6250 episodes, total num timesteps 1684800/5000000, FPS 81.

incre win rate is 0.23636363636363636.
[v3 step=2110] R_mean=0.4854 | G_n_mean=6.2249 (n=5) | q_tot_pred_mean=6.4415 | drbfn_loss=0.0280, qi_loss=0.0700, qtot_loss=4.1996

 Map 5m_vs_6m Algo r_drbfn_v3 Exp v3_5m_vs_6m_5M_seed1_full updates 2110/6250 episodes, total num timesteps 1688800/5000000, FPS 81.

incre win rate is 0.2857142857142857.

 Map 5m_vs_6m Algo r_drbfn_v3 Exp v3_5m_vs_6m_5M_seed1_full updates 2115/6250 episodes, total num timesteps 1692800/5000000, FPS 81.

incre win rate is 0.22424242424242424.
[v3 step=2120] R_mean=0.5434 | G_n_mean=6.7038 (n=5) | q_tot_pred_mean=6.6169 | drbfn_loss=0.0274, qi_loss=0.0683, qtot_loss=3.3502

 Map 5m_vs_6m Algo r_drbfn_v3 Exp v3_5m_vs_6m_5M_seed1_full updates 2120/6250 episodes, total num timesteps 1696800/5000000, FPS 81.

incre win rate is 0.2865853658536585.

 Map 5m_vs_6m Algo r_drbfn_v3 Exp v3_5m_vs_6m_5M_seed1_full updates 2125/6250 episodes, total num timesteps 1700800/5000000, FPS 81.

incre win rate is 0.20359281437125748.
eval win rate is 0.3125.
[v3 step=2130] R_mean=0.5472 | G_n_mean=6.8201 (n=5) | q_tot_pred_mean=6.3094 | drbfn_loss=0.0278, qi_loss=0.0670, qtot_loss=4.0165

 Map 5m_vs_6m Algo r_drbfn_v3 Exp v3_5m_vs_6m_5M_seed1_full updates 2130/6250 episodes, total num timesteps 1704800/5000000, FPS 81.

incre win rate is 0.2787878787878788.

 Map 5m_vs_6m Algo r_drbfn_v3 Exp v3_5m_vs_6m_5M_seed1_full updates 2135/6250 episodes, total num timesteps 1708800/5000000, FPS 81.

incre win rate is 0.3170731707317073.
[v3 step=2140] R_mean=0.5040 | G_n_mean=6.4523 (n=5) | q_tot_pred_mean=6.6837 | drbfn_loss=0.0285, qi_loss=0.0619, qtot_loss=3.4259

 Map 5m_vs_6m Algo r_drbfn_v3 Exp v3_5m_vs_6m_5M_seed1_full updates 2140/6250 episodes, total num timesteps 1712800/5000000, FPS 81.

incre win rate is 0.23780487804878048.

 Map 5m_vs_6m Algo r_drbfn_v3 Exp v3_5m_vs_6m_5M_seed1_full updates 2145/6250 episodes, total num timesteps 1716800/5000000, FPS 81.

incre win rate is 0.20118343195266272.
[v3 step=2150] R_mean=0.4881 | G_n_mean=6.4016 (n=5) | q_tot_pred_mean=6.3336 | drbfn_loss=0.0297, qi_loss=0.0600, qtot_loss=3.4096

 Map 5m_vs_6m Algo r_drbfn_v3 Exp v3_5m_vs_6m_5M_seed1_full updates 2150/6250 episodes, total num timesteps 1720800/5000000, FPS 81.

incre win rate is 0.23170731707317074.
eval win rate is 0.1875.

 Map 5m_vs_6m Algo r_drbfn_v3 Exp v3_5m_vs_6m_5M_seed1_full updates 2155/6250 episodes, total num timesteps 1724800/5000000, FPS 81.

incre win rate is 0.24848484848484848.
[v3 step=2160] R_mean=0.5009 | G_n_mean=6.2920 (n=5) | q_tot_pred_mean=6.1277 | drbfn_loss=0.0263, qi_loss=0.0639, qtot_loss=3.2552

 Map 5m_vs_6m Algo r_drbfn_v3 Exp v3_5m_vs_6m_5M_seed1_full updates 2160/6250 episodes, total num timesteps 1728800/5000000, FPS 81.

incre win rate is 0.21341463414634146.

 Map 5m_vs_6m Algo r_drbfn_v3 Exp v3_5m_vs_6m_5M_seed1_full updates 2165/6250 episodes, total num timesteps 1732800/5000000, FPS 81.

incre win rate is 0.22560975609756098.
[v3 step=2170] R_mean=0.4989 | G_n_mean=6.3563 (n=5) | q_tot_pred_mean=6.2547 | drbfn_loss=0.0294, qi_loss=0.0702, qtot_loss=3.7666

 Map 5m_vs_6m Algo r_drbfn_v3 Exp v3_5m_vs_6m_5M_seed1_full updates 2170/6250 episodes, total num timesteps 1736800/5000000, FPS 81.

incre win rate is 0.17791411042944785.

 Map 5m_vs_6m Algo r_drbfn_v3 Exp v3_5m_vs_6m_5M_seed1_full updates 2175/6250 episodes, total num timesteps 1740800/5000000, FPS 81.

incre win rate is 0.1949685534591195.
eval win rate is 0.28125.
[v3 step=2180] R_mean=0.4716 | G_n_mean=6.1370 (n=5) | q_tot_pred_mean=6.2441 | drbfn_loss=0.0292, qi_loss=0.0634, qtot_loss=3.7742

 Map 5m_vs_6m Algo r_drbfn_v3 Exp v3_5m_vs_6m_5M_seed1_full updates 2180/6250 episodes, total num timesteps 1744800/5000000, FPS 81.

incre win rate is 0.2236024844720497.

 Map 5m_vs_6m Algo r_drbfn_v3 Exp v3_5m_vs_6m_5M_seed1_full updates 2185/6250 episodes, total num timesteps 1748800/5000000, FPS 81.

incre win rate is 0.2962962962962963.
[v3 step=2190] R_mean=0.5362 | G_n_mean=6.9085 (n=5) | q_tot_pred_mean=6.6821 | drbfn_loss=0.0267, qi_loss=0.0695, qtot_loss=3.1849

 Map 5m_vs_6m Algo r_drbfn_v3 Exp v3_5m_vs_6m_5M_seed1_full updates 2190/6250 episodes, total num timesteps 1752800/5000000, FPS 81.

incre win rate is 0.25949367088607594.

 Map 5m_vs_6m Algo r_drbfn_v3 Exp v3_5m_vs_6m_5M_seed1_full updates 2195/6250 episodes, total num timesteps 1756800/5000000, FPS 81.

incre win rate is 0.2716049382716049.
[v3 step=2200] R_mean=0.5300 | G_n_mean=6.6907 (n=5) | q_tot_pred_mean=6.3475 | drbfn_loss=0.0254, qi_loss=0.0713, qtot_loss=3.4181

 Map 5m_vs_6m Algo r_drbfn_v3 Exp v3_5m_vs_6m_5M_seed1_full updates 2200/6250 episodes, total num timesteps 1760800/5000000, FPS 81.

incre win rate is 0.2909090909090909.
eval win rate is 0.34375.

 Map 5m_vs_6m Algo r_drbfn_v3 Exp v3_5m_vs_6m_5M_seed1_full updates 2205/6250 episodes, total num timesteps 1764800/5000000, FPS 81.

incre win rate is 0.2787878787878788.
[v3 step=2210] R_mean=0.4954 | G_n_mean=6.3602 (n=5) | q_tot_pred_mean=6.2513 | drbfn_loss=0.0314, qi_loss=0.0688, qtot_loss=3.5338

 Map 5m_vs_6m Algo r_drbfn_v3 Exp v3_5m_vs_6m_5M_seed1_full updates 2210/6250 episodes, total num timesteps 1768800/5000000, FPS 81.

incre win rate is 0.22424242424242424.

 Map 5m_vs_6m Algo r_drbfn_v3 Exp v3_5m_vs_6m_5M_seed1_full updates 2215/6250 episodes, total num timesteps 1772800/5000000, FPS 81.

incre win rate is 0.28313253012048195.
[v3 step=2220] R_mean=0.5248 | G_n_mean=6.5866 (n=5) | q_tot_pred_mean=6.6682 | drbfn_loss=0.0285, qi_loss=0.0740, qtot_loss=3.9114

 Map 5m_vs_6m Algo r_drbfn_v3 Exp v3_5m_vs_6m_5M_seed1_full updates 2220/6250 episodes, total num timesteps 1776800/5000000, FPS 81.

incre win rate is 0.27672955974842767.

 Map 5m_vs_6m Algo r_drbfn_v3 Exp v3_5m_vs_6m_5M_seed1_full updates 2225/6250 episodes, total num timesteps 1780800/5000000, FPS 81.

incre win rate is 0.3375.
eval win rate is 0.21875.
[v3 step=2230] R_mean=0.5329 | G_n_mean=6.6709 (n=5) | q_tot_pred_mean=6.5236 | drbfn_loss=0.0293, qi_loss=0.0715, qtot_loss=3.3266

 Map 5m_vs_6m Algo r_drbfn_v3 Exp v3_5m_vs_6m_5M_seed1_full updates 2230/6250 episodes, total num timesteps 1784800/5000000, FPS 81.

incre win rate is 0.34782608695652173.

 Map 5m_vs_6m Algo r_drbfn_v3 Exp v3_5m_vs_6m_5M_seed1_full updates 2235/6250 episodes, total num timesteps 1788800/5000000, FPS 81.

incre win rate is 0.26380368098159507.
[v3 step=2240] R_mean=0.4973 | G_n_mean=6.5810 (n=5) | q_tot_pred_mean=6.7322 | drbfn_loss=0.0285, qi_loss=0.0650, qtot_loss=4.0500

 Map 5m_vs_6m Algo r_drbfn_v3 Exp v3_5m_vs_6m_5M_seed1_full updates 2240/6250 episodes, total num timesteps 1792800/5000000, FPS 81.

incre win rate is 0.2682926829268293.

 Map 5m_vs_6m Algo r_drbfn_v3 Exp v3_5m_vs_6m_5M_seed1_full updates 2245/6250 episodes, total num timesteps 1796800/5000000, FPS 81.

incre win rate is 0.27607361963190186.
[v3 step=2250] R_mean=0.5765 | G_n_mean=7.2050 (n=5) | q_tot_pred_mean=6.9146 | drbfn_loss=0.0293, qi_loss=0.0661, qtot_loss=3.9147

 Map 5m_vs_6m Algo r_drbfn_v3 Exp v3_5m_vs_6m_5M_seed1_full updates 2250/6250 episodes, total num timesteps 1800800/5000000, FPS 81.

incre win rate is 0.3333333333333333.
eval win rate is 0.25.

 Map 5m_vs_6m Algo r_drbfn_v3 Exp v3_5m_vs_6m_5M_seed1_full updates 2255/6250 episodes, total num timesteps 1804800/5000000, FPS 81.

incre win rate is 0.35.
[v3 step=2260] R_mean=0.5401 | G_n_mean=7.1269 (n=5) | q_tot_pred_mean=6.9071 | drbfn_loss=0.0287, qi_loss=0.0749, qtot_loss=4.2190

 Map 5m_vs_6m Algo r_drbfn_v3 Exp v3_5m_vs_6m_5M_seed1_full updates 2260/6250 episodes, total num timesteps 1808800/5000000, FPS 81.

incre win rate is 0.35.

 Map 5m_vs_6m Algo r_drbfn_v3 Exp v3_5m_vs_6m_5M_seed1_full updates 2265/6250 episodes, total num timesteps 1812800/5000000, FPS 81.

incre win rate is 0.33125.
[v3 step=2270] R_mean=0.5534 | G_n_mean=7.2093 (n=5) | q_tot_pred_mean=7.1281 | drbfn_loss=0.0271, qi_loss=0.0688, qtot_loss=3.7289

 Map 5m_vs_6m Algo r_drbfn_v3 Exp v3_5m_vs_6m_5M_seed1_full updates 2270/6250 episodes, total num timesteps 1816800/5000000, FPS 81.

incre win rate is 0.3116883116883117.

 Map 5m_vs_6m Algo r_drbfn_v3 Exp v3_5m_vs_6m_5M_seed1_full updates 2275/6250 episodes, total num timesteps 1820800/5000000, FPS 81.

incre win rate is 0.2795031055900621.
eval win rate is 0.4375.
[v3 step=2280] R_mean=0.5190 | G_n_mean=6.7134 (n=5) | q_tot_pred_mean=6.5302 | drbfn_loss=0.0261, qi_loss=0.0698, qtot_loss=3.7295

 Map 5m_vs_6m Algo r_drbfn_v3 Exp v3_5m_vs_6m_5M_seed1_full updates 2280/6250 episodes, total num timesteps 1824800/5000000, FPS 81.

incre win rate is 0.30625.

 Map 5m_vs_6m Algo r_drbfn_v3 Exp v3_5m_vs_6m_5M_seed1_full updates 2285/6250 episodes, total num timesteps 1828800/5000000, FPS 81.

incre win rate is 0.2962962962962963.
[v3 step=2290] R_mean=0.5058 | G_n_mean=6.6181 (n=5) | q_tot_pred_mean=6.5134 | drbfn_loss=0.0296, qi_loss=0.0731, qtot_loss=3.7158

 Map 5m_vs_6m Algo r_drbfn_v3 Exp v3_5m_vs_6m_5M_seed1_full updates 2290/6250 episodes, total num timesteps 1832800/5000000, FPS 81.

incre win rate is 0.2777777777777778.

 Map 5m_vs_6m Algo r_drbfn_v3 Exp v3_5m_vs_6m_5M_seed1_full updates 2295/6250 episodes, total num timesteps 1836800/5000000, FPS 81.

incre win rate is 0.30246913580246915.
[v3 step=2300] R_mean=0.5316 | G_n_mean=6.9121 (n=5) | q_tot_pred_mean=6.9059 | drbfn_loss=0.0290, qi_loss=0.0673, qtot_loss=3.6508

 Map 5m_vs_6m Algo r_drbfn_v3 Exp v3_5m_vs_6m_5M_seed1_full updates 2300/6250 episodes, total num timesteps 1840800/5000000, FPS 81.

incre win rate is 0.2981366459627329.
eval win rate is 0.34375.

 Map 5m_vs_6m Algo r_drbfn_v3 Exp v3_5m_vs_6m_5M_seed1_full updates 2305/6250 episodes, total num timesteps 1844800/5000000, FPS 81.

incre win rate is 0.3270440251572327.
[v3 step=2310] R_mean=0.5676 | G_n_mean=7.1596 (n=5) | q_tot_pred_mean=7.0649 | drbfn_loss=0.0277, qi_loss=0.0764, qtot_loss=4.6812

 Map 5m_vs_6m Algo r_drbfn_v3 Exp v3_5m_vs_6m_5M_seed1_full updates 2310/6250 episodes, total num timesteps 1848800/5000000, FPS 81.

incre win rate is 0.32919254658385094.

 Map 5m_vs_6m Algo r_drbfn_v3 Exp v3_5m_vs_6m_5M_seed1_full updates 2315/6250 episodes, total num timesteps 1852800/5000000, FPS 81.

incre win rate is 0.2804878048780488.
[v3 step=2320] R_mean=0.5603 | G_n_mean=7.1448 (n=5) | q_tot_pred_mean=6.7805 | drbfn_loss=0.0304, qi_loss=0.0749, qtot_loss=4.6038

 Map 5m_vs_6m Algo r_drbfn_v3 Exp v3_5m_vs_6m_5M_seed1_full updates 2320/6250 episodes, total num timesteps 1856800/5000000, FPS 81.

incre win rate is 0.2606060606060606.

 Map 5m_vs_6m Algo r_drbfn_v3 Exp v3_5m_vs_6m_5M_seed1_full updates 2325/6250 episodes, total num timesteps 1860800/5000000, FPS 81.

incre win rate is 0.25903614457831325.
eval win rate is 0.375.
[v3 step=2330] R_mean=0.5783 | G_n_mean=7.3706 (n=5) | q_tot_pred_mean=7.0521 | drbfn_loss=0.0306, qi_loss=0.0713, qtot_loss=4.3160

 Map 5m_vs_6m Algo r_drbfn_v3 Exp v3_5m_vs_6m_5M_seed1_full updates 2330/6250 episodes, total num timesteps 1864800/5000000, FPS 81.

incre win rate is 0.3333333333333333.

 Map 5m_vs_6m Algo r_drbfn_v3 Exp v3_5m_vs_6m_5M_seed1_full updates 2335/6250 episodes, total num timesteps 1868800/5000000, FPS 81.

incre win rate is 0.22839506172839505.
[v3 step=2340] R_mean=0.4833 | G_n_mean=6.4993 (n=5) | q_tot_pred_mean=6.5514 | drbfn_loss=0.0281, qi_loss=0.0680, qtot_loss=3.5344

 Map 5m_vs_6m Algo r_drbfn_v3 Exp v3_5m_vs_6m_5M_seed1_full updates 2340/6250 episodes, total num timesteps 1872800/5000000, FPS 81.

incre win rate is 0.294478527607362.

 Map 5m_vs_6m Algo r_drbfn_v3 Exp v3_5m_vs_6m_5M_seed1_full updates 2345/6250 episodes, total num timesteps 1876800/5000000, FPS 81.

incre win rate is 0.2360248447204969.
[v3 step=2350] R_mean=0.5501 | G_n_mean=7.1712 (n=5) | q_tot_pred_mean=7.0914 | drbfn_loss=0.0309, qi_loss=0.0777, qtot_loss=3.8013

 Map 5m_vs_6m Algo r_drbfn_v3 Exp v3_5m_vs_6m_5M_seed1_full updates 2350/6250 episodes, total num timesteps 1880800/5000000, FPS 81.

incre win rate is 0.3416149068322981.
eval win rate is 0.3125.

 Map 5m_vs_6m Algo r_drbfn_v3 Exp v3_5m_vs_6m_5M_seed1_full updates 2355/6250 episodes, total num timesteps 1884800/5000000, FPS 81.

incre win rate is 0.24390243902439024.
[v3 step=2360] R_mean=0.5321 | G_n_mean=6.7166 (n=5) | q_tot_pred_mean=6.4567 | drbfn_loss=0.0276, qi_loss=0.0640, qtot_loss=3.7247

 Map 5m_vs_6m Algo r_drbfn_v3 Exp v3_5m_vs_6m_5M_seed1_full updates 2360/6250 episodes, total num timesteps 1888800/5000000, FPS 81.

incre win rate is 0.2606060606060606.

 Map 5m_vs_6m Algo r_drbfn_v3 Exp v3_5m_vs_6m_5M_seed1_full updates 2365/6250 episodes, total num timesteps 1892800/5000000, FPS 81.

incre win rate is 0.20238095238095238.
[v3 step=2370] R_mean=0.5353 | G_n_mean=6.8537 (n=5) | q_tot_pred_mean=6.5654 | drbfn_loss=0.0268, qi_loss=0.0721, qtot_loss=3.6950

 Map 5m_vs_6m Algo r_drbfn_v3 Exp v3_5m_vs_6m_5M_seed1_full updates 2370/6250 episodes, total num timesteps 1896800/5000000, FPS 81.

incre win rate is 0.2727272727272727.

 Map 5m_vs_6m Algo r_drbfn_v3 Exp v3_5m_vs_6m_5M_seed1_full updates 2375/6250 episodes, total num timesteps 1900800/5000000, FPS 81.

incre win rate is 0.3333333333333333.
eval win rate is 0.40625.
[v3 step=2380] R_mean=0.4792 | G_n_mean=6.1973 (n=5) | q_tot_pred_mean=6.3527 | drbfn_loss=0.0300, qi_loss=0.0703, qtot_loss=3.7914

 Map 5m_vs_6m Algo r_drbfn_v3 Exp v3_5m_vs_6m_5M_seed1_full updates 2380/6250 episodes, total num timesteps 1904800/5000000, FPS 81.

incre win rate is 0.28313253012048195.

 Map 5m_vs_6m Algo r_drbfn_v3 Exp v3_5m_vs_6m_5M_seed1_full updates 2385/6250 episodes, total num timesteps 1908800/5000000, FPS 81.

incre win rate is 0.2621951219512195.
[v3 step=2390] R_mean=0.5355 | G_n_mean=6.9111 (n=5) | q_tot_pred_mean=6.8964 | drbfn_loss=0.0286, qi_loss=0.0794, qtot_loss=3.8152

 Map 5m_vs_6m Algo r_drbfn_v3 Exp v3_5m_vs_6m_5M_seed1_full updates 2390/6250 episodes, total num timesteps 1912800/5000000, FPS 82.

incre win rate is 0.2883435582822086.

 Map 5m_vs_6m Algo r_drbfn_v3 Exp v3_5m_vs_6m_5M_seed1_full updates 2395/6250 episodes, total num timesteps 1916800/5000000, FPS 82.

incre win rate is 0.30864197530864196.
[v3 step=2400] R_mean=0.5389 | G_n_mean=7.1408 (n=5) | q_tot_pred_mean=7.0268 | drbfn_loss=0.0285, qi_loss=0.0780, qtot_loss=5.2391

 Map 5m_vs_6m Algo r_drbfn_v3 Exp v3_5m_vs_6m_5M_seed1_full updates 2400/6250 episodes, total num timesteps 1920800/5000000, FPS 82.

incre win rate is 0.3132530120481928.
eval win rate is 0.34375.

 Map 5m_vs_6m Algo r_drbfn_v3 Exp v3_5m_vs_6m_5M_seed1_full updates 2405/6250 episodes, total num timesteps 1924800/5000000, FPS 82.

incre win rate is 0.2981366459627329.
[v3 step=2410] R_mean=0.5249 | G_n_mean=6.9067 (n=5) | q_tot_pred_mean=6.7627 | drbfn_loss=0.0283, qi_loss=0.0769, qtot_loss=4.3822

 Map 5m_vs_6m Algo r_drbfn_v3 Exp v3_5m_vs_6m_5M_seed1_full updates 2410/6250 episodes, total num timesteps 1928800/5000000, FPS 82.

incre win rate is 0.3167701863354037.

 Map 5m_vs_6m Algo r_drbfn_v3 Exp v3_5m_vs_6m_5M_seed1_full updates 2415/6250 episodes, total num timesteps 1932800/5000000, FPS 82.

incre win rate is 0.3170731707317073.
[v3 step=2420] R_mean=0.5540 | G_n_mean=7.1889 (n=5) | q_tot_pred_mean=7.2326 | drbfn_loss=0.0272, qi_loss=0.0754, qtot_loss=3.8563

 Map 5m_vs_6m Algo r_drbfn_v3 Exp v3_5m_vs_6m_5M_seed1_full updates 2420/6250 episodes, total num timesteps 1936800/5000000, FPS 82.

incre win rate is 0.3496932515337423.

 Map 5m_vs_6m Algo r_drbfn_v3 Exp v3_5m_vs_6m_5M_seed1_full updates 2425/6250 episodes, total num timesteps 1940800/5000000, FPS 82.

incre win rate is 0.2606060606060606.
eval win rate is 0.34375.
[v3 step=2430] R_mean=0.5097 | G_n_mean=6.6157 (n=5) | q_tot_pred_mean=6.4041 | drbfn_loss=0.0272, qi_loss=0.0761, qtot_loss=4.0399

 Map 5m_vs_6m Algo r_drbfn_v3 Exp v3_5m_vs_6m_5M_seed1_full updates 2430/6250 episodes, total num timesteps 1944800/5000000, FPS 82.

incre win rate is 0.29559748427672955.

 Map 5m_vs_6m Algo r_drbfn_v3 Exp v3_5m_vs_6m_5M_seed1_full updates 2435/6250 episodes, total num timesteps 1948800/5000000, FPS 82.

incre win rate is 0.3.
[v3 step=2440] R_mean=0.4950 | G_n_mean=6.4918 (n=5) | q_tot_pred_mean=6.4102 | drbfn_loss=0.0286, qi_loss=0.0725, qtot_loss=3.6820

 Map 5m_vs_6m Algo r_drbfn_v3 Exp v3_5m_vs_6m_5M_seed1_full updates 2440/6250 episodes, total num timesteps 1952800/5000000, FPS 82.

incre win rate is 0.2147239263803681.

 Map 5m_vs_6m Algo r_drbfn_v3 Exp v3_5m_vs_6m_5M_seed1_full updates 2445/6250 episodes, total num timesteps 1956800/5000000, FPS 82.

incre win rate is 0.24848484848484848.
[v3 step=2450] R_mean=0.5268 | G_n_mean=6.7408 (n=5) | q_tot_pred_mean=6.9744 | drbfn_loss=0.0302, qi_loss=0.0815, qtot_loss=4.4358

 Map 5m_vs_6m Algo r_drbfn_v3 Exp v3_5m_vs_6m_5M_seed1_full updates 2450/6250 episodes, total num timesteps 1960800/5000000, FPS 82.

incre win rate is 0.3291139240506329.
eval win rate is 0.3125.

 Map 5m_vs_6m Algo r_drbfn_v3 Exp v3_5m_vs_6m_5M_seed1_full updates 2455/6250 episodes, total num timesteps 1964800/5000000, FPS 82.

incre win rate is 0.2634730538922156.
[v3 step=2460] R_mean=0.5127 | G_n_mean=6.7896 (n=5) | q_tot_pred_mean=6.6542 | drbfn_loss=0.0278, qi_loss=0.0763, qtot_loss=4.3866

 Map 5m_vs_6m Algo r_drbfn_v3 Exp v3_5m_vs_6m_5M_seed1_full updates 2460/6250 episodes, total num timesteps 1968800/5000000, FPS 82.

incre win rate is 0.29375.

 Map 5m_vs_6m Algo r_drbfn_v3 Exp v3_5m_vs_6m_5M_seed1_full updates 2465/6250 episodes, total num timesteps 1972800/5000000, FPS 82.

incre win rate is 0.27672955974842767.
[v3 step=2470] R_mean=0.5224 | G_n_mean=6.7921 (n=5) | q_tot_pred_mean=6.6596 | drbfn_loss=0.0279, qi_loss=0.0817, qtot_loss=3.6978

 Map 5m_vs_6m Algo r_drbfn_v3 Exp v3_5m_vs_6m_5M_seed1_full updates 2470/6250 episodes, total num timesteps 1976800/5000000, FPS 82.

incre win rate is 0.31446540880503143.

 Map 5m_vs_6m Algo r_drbfn_v3 Exp v3_5m_vs_6m_5M_seed1_full updates 2475/6250 episodes, total num timesteps 1980800/5000000, FPS 82.

incre win rate is 0.3416149068322981.
eval win rate is 0.40625.
[v3 step=2480] R_mean=0.5374 | G_n_mean=6.9828 (n=5) | q_tot_pred_mean=7.0682 | drbfn_loss=0.0292, qi_loss=0.0838, qtot_loss=3.8168

 Map 5m_vs_6m Algo r_drbfn_v3 Exp v3_5m_vs_6m_5M_seed1_full updates 2480/6250 episodes, total num timesteps 1984800/5000000, FPS 82.

incre win rate is 0.3312883435582822.

 Map 5m_vs_6m Algo r_drbfn_v3 Exp v3_5m_vs_6m_5M_seed1_full updates 2485/6250 episodes, total num timesteps 1988800/5000000, FPS 82.

incre win rate is 0.3081761006289308.
[v3 step=2490] R_mean=0.5474 | G_n_mean=7.1526 (n=5) | q_tot_pred_mean=6.9000 | drbfn_loss=0.0259, qi_loss=0.0807, qtot_loss=3.9640

 Map 5m_vs_6m Algo r_drbfn_v3 Exp v3_5m_vs_6m_5M_seed1_full updates 2490/6250 episodes, total num timesteps 1992800/5000000, FPS 82.

incre win rate is 0.2732919254658385.

 Map 5m_vs_6m Algo r_drbfn_v3 Exp v3_5m_vs_6m_5M_seed1_full updates 2495/6250 episodes, total num timesteps 1996800/5000000, FPS 82.

incre win rate is 0.29012345679012347.
[v3 step=2500] R_mean=0.5374 | G_n_mean=6.8686 (n=5) | q_tot_pred_mean=6.7123 | drbfn_loss=0.0265, qi_loss=0.0864, qtot_loss=4.0929

 Map 5m_vs_6m Algo r_drbfn_v3 Exp v3_5m_vs_6m_5M_seed1_full updates 2500/6250 episodes, total num timesteps 2000800/5000000, FPS 82.

incre win rate is 0.33544303797468356.
eval win rate is 0.46875.

 Map 5m_vs_6m Algo r_drbfn_v3 Exp v3_5m_vs_6m_5M_seed1_full updates 2505/6250 episodes, total num timesteps 2004800/5000000, FPS 82.

incre win rate is 0.3125.
[v3 step=2510] R_mean=0.5242 | G_n_mean=6.9069 (n=5) | q_tot_pred_mean=7.0158 | drbfn_loss=0.0256, qi_loss=0.0726, qtot_loss=3.1124

 Map 5m_vs_6m Algo r_drbfn_v3 Exp v3_5m_vs_6m_5M_seed1_full updates 2510/6250 episodes, total num timesteps 2008800/5000000, FPS 82.

incre win rate is 0.30625.

 Map 5m_vs_6m Algo r_drbfn_v3 Exp v3_5m_vs_6m_5M_seed1_full updates 2515/6250 episodes, total num timesteps 2012800/5000000, FPS 82.

incre win rate is 0.31097560975609756.
[v3 step=2520] R_mean=0.5401 | G_n_mean=6.8963 (n=5) | q_tot_pred_mean=6.7728 | drbfn_loss=0.0277, qi_loss=0.0754, qtot_loss=3.1815

 Map 5m_vs_6m Algo r_drbfn_v3 Exp v3_5m_vs_6m_5M_seed1_full updates 2520/6250 episodes, total num timesteps 2016800/5000000, FPS 82.

incre win rate is 0.3374233128834356.

 Map 5m_vs_6m Algo r_drbfn_v3 Exp v3_5m_vs_6m_5M_seed1_full updates 2525/6250 episodes, total num timesteps 2020800/5000000, FPS 82.

incre win rate is 0.23076923076923078.
eval win rate is 0.375.
[v3 step=2530] R_mean=0.4871 | G_n_mean=6.4028 (n=5) | q_tot_pred_mean=6.6015 | drbfn_loss=0.0258, qi_loss=0.0828, qtot_loss=3.5985

 Map 5m_vs_6m Algo r_drbfn_v3 Exp v3_5m_vs_6m_5M_seed1_full updates 2530/6250 episodes, total num timesteps 2024800/5000000, FPS 82.

incre win rate is 0.23170731707317074.

 Map 5m_vs_6m Algo r_drbfn_v3 Exp v3_5m_vs_6m_5M_seed1_full updates 2535/6250 episodes, total num timesteps 2028800/5000000, FPS 82.

incre win rate is 0.24550898203592814.
[v3 step=2540] R_mean=0.4241 | G_n_mean=5.5596 (n=5) | q_tot_pred_mean=5.8491 | drbfn_loss=0.0279, qi_loss=0.0655, qtot_loss=2.7207

 Map 5m_vs_6m Algo r_drbfn_v3 Exp v3_5m_vs_6m_5M_seed1_full updates 2540/6250 episodes, total num timesteps 2032800/5000000, FPS 82.

incre win rate is 0.15476190476190477.

 Map 5m_vs_6m Algo r_drbfn_v3 Exp v3_5m_vs_6m_5M_seed1_full updates 2545/6250 episodes, total num timesteps 2036800/5000000, FPS 82.

incre win rate is 0.21084337349397592.
[v3 step=2550] R_mean=0.4753 | G_n_mean=6.3266 (n=5) | q_tot_pred_mean=6.5307 | drbfn_loss=0.0272, qi_loss=0.0793, qtot_loss=3.8056

 Map 5m_vs_6m Algo r_drbfn_v3 Exp v3_5m_vs_6m_5M_seed1_full updates 2550/6250 episodes, total num timesteps 2040800/5000000, FPS 82.

incre win rate is 0.23030303030303031.
eval win rate is 0.375.

 Map 5m_vs_6m Algo r_drbfn_v3 Exp v3_5m_vs_6m_5M_seed1_full updates 2555/6250 episodes, total num timesteps 2044800/5000000, FPS 82.

incre win rate is 0.19879518072289157.
[v3 step=2560] R_mean=0.4499 | G_n_mean=6.2326 (n=5) | q_tot_pred_mean=6.2665 | drbfn_loss=0.0275, qi_loss=0.0786, qtot_loss=3.0069

 Map 5m_vs_6m Algo r_drbfn_v3 Exp v3_5m_vs_6m_5M_seed1_full updates 2560/6250 episodes, total num timesteps 2048800/5000000, FPS 82.

incre win rate is 0.22424242424242424.

 Map 5m_vs_6m Algo r_drbfn_v3 Exp v3_5m_vs_6m_5M_seed1_full updates 2565/6250 episodes, total num timesteps 2052800/5000000, FPS 82.

incre win rate is 0.15384615384615385.
[v3 step=2570] R_mean=0.4833 | G_n_mean=6.3190 (n=5) | q_tot_pred_mean=6.2448 | drbfn_loss=0.0305, qi_loss=0.0763, qtot_loss=3.4924

 Map 5m_vs_6m Algo r_drbfn_v3 Exp v3_5m_vs_6m_5M_seed1_full updates 2570/6250 episodes, total num timesteps 2056800/5000000, FPS 82.

incre win rate is 0.21686746987951808.

 Map 5m_vs_6m Algo r_drbfn_v3 Exp v3_5m_vs_6m_5M_seed1_full updates 2575/6250 episodes, total num timesteps 2060800/5000000, FPS 82.

incre win rate is 0.22560975609756098.
eval win rate is 0.3125.
[v3 step=2580] R_mean=0.5070 | G_n_mean=6.7603 (n=5) | q_tot_pred_mean=6.6486 | drbfn_loss=0.0290, qi_loss=0.0722, qtot_loss=3.7526

 Map 5m_vs_6m Algo r_drbfn_v3 Exp v3_5m_vs_6m_5M_seed1_full updates 2580/6250 episodes, total num timesteps 2064800/5000000, FPS 82.

incre win rate is 0.27439024390243905.

 Map 5m_vs_6m Algo r_drbfn_v3 Exp v3_5m_vs_6m_5M_seed1_full updates 2585/6250 episodes, total num timesteps 2068800/5000000, FPS 82.

incre win rate is 0.28313253012048195.
[v3 step=2590] R_mean=0.5110 | G_n_mean=6.6479 (n=5) | q_tot_pred_mean=6.4191 | drbfn_loss=0.0282, qi_loss=0.0730, qtot_loss=3.5549

 Map 5m_vs_6m Algo r_drbfn_v3 Exp v3_5m_vs_6m_5M_seed1_full updates 2590/6250 episodes, total num timesteps 2072800/5000000, FPS 82.

incre win rate is 0.2073170731707317.

 Map 5m_vs_6m Algo r_drbfn_v3 Exp v3_5m_vs_6m_5M_seed1_full updates 2595/6250 episodes, total num timesteps 2076800/5000000, FPS 82.

incre win rate is 0.28662420382165604.
[v3 step=2600] R_mean=0.4706 | G_n_mean=6.4519 (n=5) | q_tot_pred_mean=6.8530 | drbfn_loss=0.0292, qi_loss=0.0851, qtot_loss=4.1075

 Map 5m_vs_6m Algo r_drbfn_v3 Exp v3_5m_vs_6m_5M_seed1_full updates 2600/6250 episodes, total num timesteps 2080800/5000000, FPS 82.

incre win rate is 0.2578616352201258.
eval win rate is 0.34375.

 Map 5m_vs_6m Algo r_drbfn_v3 Exp v3_5m_vs_6m_5M_seed1_full updates 2605/6250 episodes, total num timesteps 2084800/5000000, FPS 82.

incre win rate is 0.2236024844720497.
[v3 step=2610] R_mean=0.5217 | G_n_mean=6.9644 (n=5) | q_tot_pred_mean=6.7904 | drbfn_loss=0.0294, qi_loss=0.0830, qtot_loss=4.0105

 Map 5m_vs_6m Algo r_drbfn_v3 Exp v3_5m_vs_6m_5M_seed1_full updates 2610/6250 episodes, total num timesteps 2088800/5000000, FPS 82.

incre win rate is 0.3291139240506329.

 Map 5m_vs_6m Algo r_drbfn_v3 Exp v3_5m_vs_6m_5M_seed1_full updates 2615/6250 episodes, total num timesteps 2092800/5000000, FPS 82.

incre win rate is 0.3374233128834356.
[v3 step=2620] R_mean=0.5632 | G_n_mean=7.3966 (n=5) | q_tot_pred_mean=7.2627 | drbfn_loss=0.0296, qi_loss=0.0805, qtot_loss=4.5791

 Map 5m_vs_6m Algo r_drbfn_v3 Exp v3_5m_vs_6m_5M_seed1_full updates 2620/6250 episodes, total num timesteps 2096800/5000000, FPS 82.

incre win rate is 0.391304347826087.

 Map 5m_vs_6m Algo r_drbfn_v3 Exp v3_5m_vs_6m_5M_seed1_full updates 2625/6250 episodes, total num timesteps 2100800/5000000, FPS 82.

incre win rate is 0.294478527607362.
eval win rate is 0.34375.
[v3 step=2630] R_mean=0.4775 | G_n_mean=6.3083 (n=5) | q_tot_pred_mean=6.4235 | drbfn_loss=0.0282, qi_loss=0.0734, qtot_loss=3.1821

 Map 5m_vs_6m Algo r_drbfn_v3 Exp v3_5m_vs_6m_5M_seed1_full updates 2630/6250 episodes, total num timesteps 2104800/5000000, FPS 82.

incre win rate is 0.24691358024691357.

 Map 5m_vs_6m Algo r_drbfn_v3 Exp v3_5m_vs_6m_5M_seed1_full updates 2635/6250 episodes, total num timesteps 2108800/5000000, FPS 82.

incre win rate is 0.2469879518072289.
[v3 step=2640] R_mean=0.4710 | G_n_mean=6.1337 (n=5) | q_tot_pred_mean=6.3753 | drbfn_loss=0.0266, qi_loss=0.0706, qtot_loss=3.1318

 Map 5m_vs_6m Algo r_drbfn_v3 Exp v3_5m_vs_6m_5M_seed1_full updates 2640/6250 episodes, total num timesteps 2112800/5000000, FPS 82.

incre win rate is 0.23214285714285715.

 Map 5m_vs_6m Algo r_drbfn_v3 Exp v3_5m_vs_6m_5M_seed1_full updates 2645/6250 episodes, total num timesteps 2116800/5000000, FPS 82.

incre win rate is 0.17575757575757575.
[v3 step=2650] R_mean=0.4324 | G_n_mean=5.7033 (n=5) | q_tot_pred_mean=6.0530 | drbfn_loss=0.0255, qi_loss=0.0597, qtot_loss=2.9246

 Map 5m_vs_6m Algo r_drbfn_v3 Exp v3_5m_vs_6m_5M_seed1_full updates 2650/6250 episodes, total num timesteps 2120800/5000000, FPS 82.

incre win rate is 0.20481927710843373.
eval win rate is 0.34375.

 Map 5m_vs_6m Algo r_drbfn_v3 Exp v3_5m_vs_6m_5M_seed1_full updates 2655/6250 episodes, total num timesteps 2124800/5000000, FPS 82.

incre win rate is 0.21212121212121213.
[v3 step=2660] R_mean=0.4692 | G_n_mean=6.0912 (n=5) | q_tot_pred_mean=6.0278 | drbfn_loss=0.0285, qi_loss=0.0806, qtot_loss=3.2166

 Map 5m_vs_6m Algo r_drbfn_v3 Exp v3_5m_vs_6m_5M_seed1_full updates 2660/6250 episodes, total num timesteps 2128800/5000000, FPS 82.

incre win rate is 0.18404907975460122.

 Map 5m_vs_6m Algo r_drbfn_v3 Exp v3_5m_vs_6m_5M_seed1_full updates 2665/6250 episodes, total num timesteps 2132800/5000000, FPS 82.

incre win rate is 0.19875776397515527.
[v3 step=2670] R_mean=0.5140 | G_n_mean=6.7469 (n=5) | q_tot_pred_mean=6.5508 | drbfn_loss=0.0305, qi_loss=0.0759, qtot_loss=3.7556

 Map 5m_vs_6m Algo r_drbfn_v3 Exp v3_5m_vs_6m_5M_seed1_full updates 2670/6250 episodes, total num timesteps 2136800/5000000, FPS 82.

incre win rate is 0.18072289156626506.

 Map 5m_vs_6m Algo r_drbfn_v3 Exp v3_5m_vs_6m_5M_seed1_full updates 2675/6250 episodes, total num timesteps 2140800/5000000, FPS 82.

incre win rate is 0.2085889570552147.
eval win rate is 0.3125.
[v3 step=2680] R_mean=0.5189 | G_n_mean=6.9949 (n=5) | q_tot_pred_mean=7.1390 | drbfn_loss=0.0303, qi_loss=0.0889, qtot_loss=3.8069

 Map 5m_vs_6m Algo r_drbfn_v3 Exp v3_5m_vs_6m_5M_seed1_full updates 2680/6250 episodes, total num timesteps 2144800/5000000, FPS 82.

incre win rate is 0.2578616352201258.

 Map 5m_vs_6m Algo r_drbfn_v3 Exp v3_5m_vs_6m_5M_seed1_full updates 2685/6250 episodes, total num timesteps 2148800/5000000, FPS 82.

incre win rate is 0.2138364779874214.
[v3 step=2690] R_mean=0.5566 | G_n_mean=7.4250 (n=5) | q_tot_pred_mean=6.9987 | drbfn_loss=0.0274, qi_loss=0.0853, qtot_loss=4.3555

 Map 5m_vs_6m Algo r_drbfn_v3 Exp v3_5m_vs_6m_5M_seed1_full updates 2690/6250 episodes, total num timesteps 2152800/5000000, FPS 82.

incre win rate is 0.25925925925925924.

 Map 5m_vs_6m Algo r_drbfn_v3 Exp v3_5m_vs_6m_5M_seed1_full updates 2695/6250 episodes, total num timesteps 2156800/5000000, FPS 82.

incre win rate is 0.25766871165644173.
[v3 step=2700] R_mean=0.4945 | G_n_mean=6.9091 (n=5) | q_tot_pred_mean=6.6371 | drbfn_loss=0.0286, qi_loss=0.0881, qtot_loss=4.0534

 Map 5m_vs_6m Algo r_drbfn_v3 Exp v3_5m_vs_6m_5M_seed1_full updates 2700/6250 episodes, total num timesteps 2160800/5000000, FPS 82.

incre win rate is 0.2222222222222222.
eval win rate is 0.375.

 Map 5m_vs_6m Algo r_drbfn_v3 Exp v3_5m_vs_6m_5M_seed1_full updates 2705/6250 episodes, total num timesteps 2164800/5000000, FPS 82.

incre win rate is 0.2670807453416149.
[v3 step=2710] R_mean=0.5284 | G_n_mean=6.9794 (n=5) | q_tot_pred_mean=6.8325 | drbfn_loss=0.0284, qi_loss=0.0909, qtot_loss=4.4628

 Map 5m_vs_6m Algo r_drbfn_v3 Exp v3_5m_vs_6m_5M_seed1_full updates 2710/6250 episodes, total num timesteps 2168800/5000000, FPS 82.

incre win rate is 0.25925925925925924.

 Map 5m_vs_6m Algo r_drbfn_v3 Exp v3_5m_vs_6m_5M_seed1_full updates 2715/6250 episodes, total num timesteps 2172800/5000000, FPS 82.

incre win rate is 0.13095238095238096.
[v3 step=2720] R_mean=0.4872 | G_n_mean=6.4173 (n=5) | q_tot_pred_mean=6.4424 | drbfn_loss=0.0279, qi_loss=0.0764, qtot_loss=4.3479

 Map 5m_vs_6m Algo r_drbfn_v3 Exp v3_5m_vs_6m_5M_seed1_full updates 2720/6250 episodes, total num timesteps 2176800/5000000, FPS 82.

incre win rate is 0.23170731707317074.

 Map 5m_vs_6m Algo r_drbfn_v3 Exp v3_5m_vs_6m_5M_seed1_full updates 2725/6250 episodes, total num timesteps 2180800/5000000, FPS 82.

incre win rate is 0.2147239263803681.
eval win rate is 0.28125.
[v3 step=2730] R_mean=0.5255 | G_n_mean=7.0867 (n=5) | q_tot_pred_mean=6.6239 | drbfn_loss=0.0290, qi_loss=0.0824, qtot_loss=3.5902

 Map 5m_vs_6m Algo r_drbfn_v3 Exp v3_5m_vs_6m_5M_seed1_full updates 2730/6250 episodes, total num timesteps 2184800/5000000, FPS 82.

incre win rate is 0.19642857142857142.

 Map 5m_vs_6m Algo r_drbfn_v3 Exp v3_5m_vs_6m_5M_seed1_full updates 2735/6250 episodes, total num timesteps 2188800/5000000, FPS 82.

incre win rate is 0.17901234567901234.
[v3 step=2740] R_mean=0.5233 | G_n_mean=6.7847 (n=5) | q_tot_pred_mean=6.6632 | drbfn_loss=0.0282, qi_loss=0.0806, qtot_loss=3.7325

 Map 5m_vs_6m Algo r_drbfn_v3 Exp v3_5m_vs_6m_5M_seed1_full updates 2740/6250 episodes, total num timesteps 2192800/5000000, FPS 82.

incre win rate is 0.24074074074074073.

 Map 5m_vs_6m Algo r_drbfn_v3 Exp v3_5m_vs_6m_5M_seed1_full updates 2745/6250 episodes, total num timesteps 2196800/5000000, FPS 82.

incre win rate is 0.29936305732484075.
[v3 step=2750] R_mean=0.4813 | G_n_mean=6.4214 (n=5) | q_tot_pred_mean=6.3469 | drbfn_loss=0.0293, qi_loss=0.0797, qtot_loss=3.3703

 Map 5m_vs_6m Algo r_drbfn_v3 Exp v3_5m_vs_6m_5M_seed1_full updates 2750/6250 episodes, total num timesteps 2200800/5000000, FPS 82.

incre win rate is 0.2375.
eval win rate is 0.3125.

 Map 5m_vs_6m Algo r_drbfn_v3 Exp v3_5m_vs_6m_5M_seed1_full updates 2755/6250 episodes, total num timesteps 2204800/5000000, FPS 82.

incre win rate is 0.30625.
[v3 step=2760] R_mean=0.5260 | G_n_mean=6.8761 (n=5) | q_tot_pred_mean=7.0931 | drbfn_loss=0.0274, qi_loss=0.0883, qtot_loss=4.7923

 Map 5m_vs_6m Algo r_drbfn_v3 Exp v3_5m_vs_6m_5M_seed1_full updates 2760/6250 episodes, total num timesteps 2208800/5000000, FPS 82.

incre win rate is 0.3522012578616352.

 Map 5m_vs_6m Algo r_drbfn_v3 Exp v3_5m_vs_6m_5M_seed1_full updates 2765/6250 episodes, total num timesteps 2212800/5000000, FPS 82.

incre win rate is 0.3710691823899371.
[v3 step=2770] R_mean=0.5332 | G_n_mean=7.0146 (n=5) | q_tot_pred_mean=7.0532 | drbfn_loss=0.0273, qi_loss=0.0867, qtot_loss=3.9508

 Map 5m_vs_6m Algo r_drbfn_v3 Exp v3_5m_vs_6m_5M_seed1_full updates 2770/6250 episodes, total num timesteps 2216800/5000000, FPS 82.

incre win rate is 0.4230769230769231.

 Map 5m_vs_6m Algo r_drbfn_v3 Exp v3_5m_vs_6m_5M_seed1_full updates 2775/6250 episodes, total num timesteps 2220800/5000000, FPS 82.

incre win rate is 0.3503184713375796.
eval win rate is 0.375.
[v3 step=2780] R_mean=0.5353 | G_n_mean=7.2114 (n=5) | q_tot_pred_mean=6.8159 | drbfn_loss=0.0272, qi_loss=0.0876, qtot_loss=3.8741

 Map 5m_vs_6m Algo r_drbfn_v3 Exp v3_5m_vs_6m_5M_seed1_full updates 2780/6250 episodes, total num timesteps 2224800/5000000, FPS 82.

incre win rate is 0.2546583850931677.

 Map 5m_vs_6m Algo r_drbfn_v3 Exp v3_5m_vs_6m_5M_seed1_full updates 2785/6250 episodes, total num timesteps 2228800/5000000, FPS 82.

incre win rate is 0.3782051282051282.
[v3 step=2790] R_mean=0.5303 | G_n_mean=7.2654 (n=5) | q_tot_pred_mean=7.3946 | drbfn_loss=0.0296, qi_loss=0.0965, qtot_loss=4.0019

 Map 5m_vs_6m Algo r_drbfn_v3 Exp v3_5m_vs_6m_5M_seed1_full updates 2790/6250 episodes, total num timesteps 2232800/5000000, FPS 82.

incre win rate is 0.38064516129032255.

 Map 5m_vs_6m Algo r_drbfn_v3 Exp v3_5m_vs_6m_5M_seed1_full updates 2795/6250 episodes, total num timesteps 2236800/5000000, FPS 82.

incre win rate is 0.3227848101265823.
[v3 step=2800] R_mean=0.5372 | G_n_mean=7.1144 (n=5) | q_tot_pred_mean=6.9487 | drbfn_loss=0.0275, qi_loss=0.0987, qtot_loss=4.7044

 Map 5m_vs_6m Algo r_drbfn_v3 Exp v3_5m_vs_6m_5M_seed1_full updates 2800/6250 episodes, total num timesteps 2240800/5000000, FPS 82.

incre win rate is 0.30434782608695654.
eval win rate is 0.53125.

 Map 5m_vs_6m Algo r_drbfn_v3 Exp v3_5m_vs_6m_5M_seed1_full updates 2805/6250 episodes, total num timesteps 2244800/5000000, FPS 82.

incre win rate is 0.3333333333333333.
[v3 step=2810] R_mean=0.5024 | G_n_mean=6.8742 (n=5) | q_tot_pred_mean=6.6958 | drbfn_loss=0.0262, qi_loss=0.0988, qtot_loss=3.7759

 Map 5m_vs_6m Algo r_drbfn_v3 Exp v3_5m_vs_6m_5M_seed1_full updates 2810/6250 episodes, total num timesteps 2248800/5000000, FPS 82.

incre win rate is 0.2716049382716049.

 Map 5m_vs_6m Algo r_drbfn_v3 Exp v3_5m_vs_6m_5M_seed1_full updates 2815/6250 episodes, total num timesteps 2252800/5000000, FPS 82.

incre win rate is 0.2375.
[v3 step=2820] R_mean=0.4867 | G_n_mean=6.7673 (n=5) | q_tot_pred_mean=7.1087 | drbfn_loss=0.0293, qi_loss=0.0897, qtot_loss=3.9533

 Map 5m_vs_6m Algo r_drbfn_v3 Exp v3_5m_vs_6m_5M_seed1_full updates 2820/6250 episodes, total num timesteps 2256800/5000000, FPS 82.

incre win rate is 0.21656050955414013.

 Map 5m_vs_6m Algo r_drbfn_v3 Exp v3_5m_vs_6m_5M_seed1_full updates 2825/6250 episodes, total num timesteps 2260800/5000000, FPS 82.

incre win rate is 0.23417721518987342.
eval win rate is 0.3125.
[v3 step=2830] R_mean=0.5369 | G_n_mean=7.1972 (n=5) | q_tot_pred_mean=6.8102 | drbfn_loss=0.0273, qi_loss=0.0949, qtot_loss=4.7482

 Map 5m_vs_6m Algo r_drbfn_v3 Exp v3_5m_vs_6m_5M_seed1_full updates 2830/6250 episodes, total num timesteps 2264800/5000000, FPS 82.

incre win rate is 0.3630573248407643.

 Map 5m_vs_6m Algo r_drbfn_v3 Exp v3_5m_vs_6m_5M_seed1_full updates 2835/6250 episodes, total num timesteps 2268800/5000000, FPS 82.

incre win rate is 0.38562091503267976.
[v3 step=2840] R_mean=0.5348 | G_n_mean=7.2986 (n=5) | q_tot_pred_mean=7.3259 | drbfn_loss=0.0281, qi_loss=0.0941, qtot_loss=4.7292

 Map 5m_vs_6m Algo r_drbfn_v3 Exp v3_5m_vs_6m_5M_seed1_full updates 2840/6250 episodes, total num timesteps 2272800/5000000, FPS 82.

incre win rate is 0.4064516129032258.

 Map 5m_vs_6m Algo r_drbfn_v3 Exp v3_5m_vs_6m_5M_seed1_full updates 2845/6250 episodes, total num timesteps 2276800/5000000, FPS 82.

incre win rate is 0.3269230769230769.
[v3 step=2850] R_mean=0.5143 | G_n_mean=7.0236 (n=5) | q_tot_pred_mean=7.0629 | drbfn_loss=0.0303, qi_loss=0.0837, qtot_loss=4.0588

 Map 5m_vs_6m Algo r_drbfn_v3 Exp v3_5m_vs_6m_5M_seed1_full updates 2850/6250 episodes, total num timesteps 2280800/5000000, FPS 82.

incre win rate is 0.35714285714285715.
eval win rate is 0.46875.

 Map 5m_vs_6m Algo r_drbfn_v3 Exp v3_5m_vs_6m_5M_seed1_full updates 2855/6250 episodes, total num timesteps 2284800/5000000, FPS 82.

incre win rate is 0.33548387096774196.
[v3 step=2860] R_mean=0.5028 | G_n_mean=6.5127 (n=5) | q_tot_pred_mean=6.7631 | drbfn_loss=0.0277, qi_loss=0.0911, qtot_loss=3.2117

 Map 5m_vs_6m Algo r_drbfn_v3 Exp v3_5m_vs_6m_5M_seed1_full updates 2860/6250 episodes, total num timesteps 2288800/5000000, FPS 82.

incre win rate is 0.4358974358974359.

 Map 5m_vs_6m Algo r_drbfn_v3 Exp v3_5m_vs_6m_5M_seed1_full updates 2865/6250 episodes, total num timesteps 2292800/5000000, FPS 82.

incre win rate is 0.3419354838709677.
[v3 step=2870] R_mean=0.5668 | G_n_mean=7.7437 (n=5) | q_tot_pred_mean=7.6016 | drbfn_loss=0.0266, qi_loss=0.0956, qtot_loss=3.6958

 Map 5m_vs_6m Algo r_drbfn_v3 Exp v3_5m_vs_6m_5M_seed1_full updates 2870/6250 episodes, total num timesteps 2296800/5000000, FPS 82.

incre win rate is 0.49673202614379086.

 Map 5m_vs_6m Algo r_drbfn_v3 Exp v3_5m_vs_6m_5M_seed1_full updates 2875/6250 episodes, total num timesteps 2300800/5000000, FPS 82.

incre win rate is 0.45098039215686275.
eval win rate is 0.4375.
[v3 step=2880] R_mean=0.5299 | G_n_mean=7.0137 (n=5) | q_tot_pred_mean=7.1046 | drbfn_loss=0.0267, qi_loss=0.0950, qtot_loss=4.4489

 Map 5m_vs_6m Algo r_drbfn_v3 Exp v3_5m_vs_6m_5M_seed1_full updates 2880/6250 episodes, total num timesteps 2304800/5000000, FPS 82.

incre win rate is 0.44155844155844154.

 Map 5m_vs_6m Algo r_drbfn_v3 Exp v3_5m_vs_6m_5M_seed1_full updates 2885/6250 episodes, total num timesteps 2308800/5000000, FPS 82.

incre win rate is 0.41721854304635764.
[v3 step=2890] R_mean=0.5423 | G_n_mean=7.1891 (n=5) | q_tot_pred_mean=7.2718 | drbfn_loss=0.0268, qi_loss=0.0942, qtot_loss=4.5894

 Map 5m_vs_6m Algo r_drbfn_v3 Exp v3_5m_vs_6m_5M_seed1_full updates 2890/6250 episodes, total num timesteps 2312800/5000000, FPS 82.

incre win rate is 0.358974358974359.

 Map 5m_vs_6m Algo r_drbfn_v3 Exp v3_5m_vs_6m_5M_seed1_full updates 2895/6250 episodes, total num timesteps 2316800/5000000, FPS 82.

incre win rate is 0.38562091503267976.
[v3 step=2900] R_mean=0.5478 | G_n_mean=7.5974 (n=5) | q_tot_pred_mean=7.6898 | drbfn_loss=0.0291, qi_loss=0.1031, qtot_loss=4.5844

 Map 5m_vs_6m Algo r_drbfn_v3 Exp v3_5m_vs_6m_5M_seed1_full updates 2900/6250 episodes, total num timesteps 2320800/5000000, FPS 82.

incre win rate is 0.4025974025974026.
eval win rate is 0.5625.

 Map 5m_vs_6m Algo r_drbfn_v3 Exp v3_5m_vs_6m_5M_seed1_full updates 2905/6250 episodes, total num timesteps 2324800/5000000, FPS 82.

incre win rate is 0.4.
[v3 step=2910] R_mean=0.5227 | G_n_mean=7.1145 (n=5) | q_tot_pred_mean=7.0634 | drbfn_loss=0.0267, qi_loss=0.0816, qtot_loss=3.8010

 Map 5m_vs_6m Algo r_drbfn_v3 Exp v3_5m_vs_6m_5M_seed1_full updates 2910/6250 episodes, total num timesteps 2328800/5000000, FPS 82.

incre win rate is 0.33974358974358976.

 Map 5m_vs_6m Algo r_drbfn_v3 Exp v3_5m_vs_6m_5M_seed1_full updates 2915/6250 episodes, total num timesteps 2332800/5000000, FPS 82.

incre win rate is 0.35714285714285715.
[v3 step=2920] R_mean=0.5833 | G_n_mean=7.6257 (n=5) | q_tot_pred_mean=7.4627 | drbfn_loss=0.0294, qi_loss=0.0883, qtot_loss=4.2862

 Map 5m_vs_6m Algo r_drbfn_v3 Exp v3_5m_vs_6m_5M_seed1_full updates 2920/6250 episodes, total num timesteps 2336800/5000000, FPS 82.

incre win rate is 0.38125.

 Map 5m_vs_6m Algo r_drbfn_v3 Exp v3_5m_vs_6m_5M_seed1_full updates 2925/6250 episodes, total num timesteps 2340800/5000000, FPS 82.

incre win rate is 0.36477987421383645.
eval win rate is 0.4375.
[v3 step=2930] R_mean=0.5080 | G_n_mean=7.0474 (n=5) | q_tot_pred_mean=7.1143 | drbfn_loss=0.0266, qi_loss=0.0890, qtot_loss=4.2532

 Map 5m_vs_6m Algo r_drbfn_v3 Exp v3_5m_vs_6m_5M_seed1_full updates 2930/6250 episodes, total num timesteps 2344800/5000000, FPS 82.

incre win rate is 0.33116883116883117.

 Map 5m_vs_6m Algo r_drbfn_v3 Exp v3_5m_vs_6m_5M_seed1_full updates 2935/6250 episodes, total num timesteps 2348800/5000000, FPS 82.

incre win rate is 0.24539877300613497.
[v3 step=2940] R_mean=0.5133 | G_n_mean=7.0016 (n=5) | q_tot_pred_mean=7.0112 | drbfn_loss=0.0263, qi_loss=0.0824, qtot_loss=4.1819

 Map 5m_vs_6m Algo r_drbfn_v3 Exp v3_5m_vs_6m_5M_seed1_full updates 2940/6250 episodes, total num timesteps 2352800/5000000, FPS 82.

incre win rate is 0.33116883116883117.

 Map 5m_vs_6m Algo r_drbfn_v3 Exp v3_5m_vs_6m_5M_seed1_full updates 2945/6250 episodes, total num timesteps 2356800/5000000, FPS 82.

incre win rate is 0.2981366459627329.
[v3 step=2950] R_mean=0.4911 | G_n_mean=6.9508 (n=5) | q_tot_pred_mean=6.9034 | drbfn_loss=0.0272, qi_loss=0.0882, qtot_loss=3.3071

 Map 5m_vs_6m Algo r_drbfn_v3 Exp v3_5m_vs_6m_5M_seed1_full updates 2950/6250 episodes, total num timesteps 2360800/5000000, FPS 82.

incre win rate is 0.34615384615384615.
eval win rate is 0.53125.

 Map 5m_vs_6m Algo r_drbfn_v3 Exp v3_5m_vs_6m_5M_seed1_full updates 2955/6250 episodes, total num timesteps 2364800/5000000, FPS 82.

incre win rate is 0.325.
[v3 step=2960] R_mean=0.5047 | G_n_mean=6.7451 (n=5) | q_tot_pred_mean=6.7002 | drbfn_loss=0.0280, qi_loss=0.0918, qtot_loss=4.0289

 Map 5m_vs_6m Algo r_drbfn_v3 Exp v3_5m_vs_6m_5M_seed1_full updates 2960/6250 episodes, total num timesteps 2368800/5000000, FPS 82.

incre win rate is 0.33121019108280253.

 Map 5m_vs_6m Algo r_drbfn_v3 Exp v3_5m_vs_6m_5M_seed1_full updates 2965/6250 episodes, total num timesteps 2372800/5000000, FPS 82.

incre win rate is 0.31875.
[v3 step=2970] R_mean=0.5139 | G_n_mean=7.0330 (n=5) | q_tot_pred_mean=6.9493 | drbfn_loss=0.0292, qi_loss=0.0935, qtot_loss=4.7811

 Map 5m_vs_6m Algo r_drbfn_v3 Exp v3_5m_vs_6m_5M_seed1_full updates 2970/6250 episodes, total num timesteps 2376800/5000000, FPS 82.

incre win rate is 0.24539877300613497.

 Map 5m_vs_6m Algo r_drbfn_v3 Exp v3_5m_vs_6m_5M_seed1_full updates 2975/6250 episodes, total num timesteps 2380800/5000000, FPS 82.

incre win rate is 0.275.
eval win rate is 0.28125.
[v3 step=2980] R_mean=0.5944 | G_n_mean=7.7128 (n=5) | q_tot_pred_mean=7.7646 | drbfn_loss=0.0279, qi_loss=0.1050, qtot_loss=5.2991

 Map 5m_vs_6m Algo r_drbfn_v3 Exp v3_5m_vs_6m_5M_seed1_full updates 2980/6250 episodes, total num timesteps 2384800/5000000, FPS 82.

incre win rate is 0.3885350318471338.

 Map 5m_vs_6m Algo r_drbfn_v3 Exp v3_5m_vs_6m_5M_seed1_full updates 2985/6250 episodes, total num timesteps 2388800/5000000, FPS 82.

incre win rate is 0.37579617834394907.
[v3 step=2990] R_mean=0.4648 | G_n_mean=6.5069 (n=5) | q_tot_pred_mean=6.4825 | drbfn_loss=0.0297, qi_loss=0.0843, qtot_loss=3.3912

 Map 5m_vs_6m Algo r_drbfn_v3 Exp v3_5m_vs_6m_5M_seed1_full updates 2990/6250 episodes, total num timesteps 2392800/5000000, FPS 82.

incre win rate is 0.2974683544303797.

 Map 5m_vs_6m Algo r_drbfn_v3 Exp v3_5m_vs_6m_5M_seed1_full updates 2995/6250 episodes, total num timesteps 2396800/5000000, FPS 82.

incre win rate is 0.275.
[v3 step=3000] R_mean=0.5342 | G_n_mean=7.1447 (n=5) | q_tot_pred_mean=7.0183 | drbfn_loss=0.0287, qi_loss=0.0950, qtot_loss=4.1257

 Map 5m_vs_6m Algo r_drbfn_v3 Exp v3_5m_vs_6m_5M_seed1_full updates 3000/6250 episodes, total num timesteps 2400800/5000000, FPS 82.

incre win rate is 0.33125.
eval win rate is 0.4375.

 Map 5m_vs_6m Algo r_drbfn_v3 Exp v3_5m_vs_6m_5M_seed1_full updates 3005/6250 episodes, total num timesteps 2404800/5000000, FPS 82.

incre win rate is 0.3141025641025641.
[v3 step=3010] R_mean=0.5399 | G_n_mean=7.3992 (n=5) | q_tot_pred_mean=7.4186 | drbfn_loss=0.0296, qi_loss=0.0973, qtot_loss=4.8181

 Map 5m_vs_6m Algo r_drbfn_v3 Exp v3_5m_vs_6m_5M_seed1_full updates 3010/6250 episodes, total num timesteps 2408800/5000000, FPS 82.

incre win rate is 0.3548387096774194.

 Map 5m_vs_6m Algo r_drbfn_v3 Exp v3_5m_vs_6m_5M_seed1_full updates 3015/6250 episodes, total num timesteps 2412800/5000000, FPS 82.

incre win rate is 0.3522012578616352.
[v3 step=3020] R_mean=0.5510 | G_n_mean=7.5302 (n=5) | q_tot_pred_mean=7.3025 | drbfn_loss=0.0307, qi_loss=0.0970, qtot_loss=4.6314

 Map 5m_vs_6m Algo r_drbfn_v3 Exp v3_5m_vs_6m_5M_seed1_full updates 3020/6250 episodes, total num timesteps 2416800/5000000, FPS 82.

incre win rate is 0.2911392405063291.

 Map 5m_vs_6m Algo r_drbfn_v3 Exp v3_5m_vs_6m_5M_seed1_full updates 3025/6250 episodes, total num timesteps 2420800/5000000, FPS 82.

incre win rate is 0.24390243902439024.
eval win rate is 0.3125.
[v3 step=3030] R_mean=0.4812 | G_n_mean=6.5782 (n=5) | q_tot_pred_mean=6.8032 | drbfn_loss=0.0270, qi_loss=0.0816, qtot_loss=3.8272

 Map 5m_vs_6m Algo r_drbfn_v3 Exp v3_5m_vs_6m_5M_seed1_full updates 3030/6250 episodes, total num timesteps 2424800/5000000, FPS 82.

incre win rate is 0.24691358024691357.

 Map 5m_vs_6m Algo r_drbfn_v3 Exp v3_5m_vs_6m_5M_seed1_full updates 3035/6250 episodes, total num timesteps 2428800/5000000, FPS 82.

incre win rate is 0.3090909090909091.
[v3 step=3040] R_mean=0.5080 | G_n_mean=6.8579 (n=5) | q_tot_pred_mean=7.1567 | drbfn_loss=0.0263, qi_loss=0.0867, qtot_loss=3.8705

 Map 5m_vs_6m Algo r_drbfn_v3 Exp v3_5m_vs_6m_5M_seed1_full updates 3040/6250 episodes, total num timesteps 2432800/5000000, FPS 82.

incre win rate is 0.3860759493670886.

 Map 5m_vs_6m Algo r_drbfn_v3 Exp v3_5m_vs_6m_5M_seed1_full updates 3045/6250 episodes, total num timesteps 2436800/5000000, FPS 82.

incre win rate is 0.32515337423312884.
[v3 step=3050] R_mean=0.5596 | G_n_mean=7.3312 (n=5) | q_tot_pred_mean=7.0098 | drbfn_loss=0.0264, qi_loss=0.0953, qtot_loss=4.5798

 Map 5m_vs_6m Algo r_drbfn_v3 Exp v3_5m_vs_6m_5M_seed1_full updates 3050/6250 episodes, total num timesteps 2440800/5000000, FPS 82.

incre win rate is 0.3151515151515151.
eval win rate is 0.21875.

 Map 5m_vs_6m Algo r_drbfn_v3 Exp v3_5m_vs_6m_5M_seed1_full updates 3055/6250 episodes, total num timesteps 2444800/5000000, FPS 81.

incre win rate is 0.26875.
[v3 step=3060] R_mean=0.5543 | G_n_mean=7.4634 (n=5) | q_tot_pred_mean=7.2512 | drbfn_loss=0.0276, qi_loss=0.0926, qtot_loss=4.5138

 Map 5m_vs_6m Algo r_drbfn_v3 Exp v3_5m_vs_6m_5M_seed1_full updates 3060/6250 episodes, total num timesteps 2448800/5000000, FPS 81.

incre win rate is 0.375.

 Map 5m_vs_6m Algo r_drbfn_v3 Exp v3_5m_vs_6m_5M_seed1_full updates 3065/6250 episodes, total num timesteps 2452800/5000000, FPS 81.

incre win rate is 0.25903614457831325.
[v3 step=3070] R_mean=0.4832 | G_n_mean=6.8412 (n=5) | q_tot_pred_mean=6.7514 | drbfn_loss=0.0276, qi_loss=0.0863, qtot_loss=4.6211

 Map 5m_vs_6m Algo r_drbfn_v3 Exp v3_5m_vs_6m_5M_seed1_full updates 3070/6250 episodes, total num timesteps 2456800/5000000, FPS 81.

incre win rate is 0.2621951219512195.

 Map 5m_vs_6m Algo r_drbfn_v3 Exp v3_5m_vs_6m_5M_seed1_full updates 3075/6250 episodes, total num timesteps 2460800/5000000, FPS 81.

incre win rate is 0.2727272727272727.
eval win rate is 0.28125.
[v3 step=3080] R_mean=0.5403 | G_n_mean=7.2888 (n=5) | q_tot_pred_mean=6.8981 | drbfn_loss=0.0284, qi_loss=0.0978, qtot_loss=4.4569

 Map 5m_vs_6m Algo r_drbfn_v3 Exp v3_5m_vs_6m_5M_seed1_full updates 3080/6250 episodes, total num timesteps 2464800/5000000, FPS 81.

incre win rate is 0.21951219512195122.

 Map 5m_vs_6m Algo r_drbfn_v3 Exp v3_5m_vs_6m_5M_seed1_full updates 3085/6250 episodes, total num timesteps 2468800/5000000, FPS 81.

incre win rate is 0.32298136645962733.
[v3 step=3090] R_mean=0.4982 | G_n_mean=6.7222 (n=5) | q_tot_pred_mean=6.8984 | drbfn_loss=0.0272, qi_loss=0.0905, qtot_loss=4.0290

 Map 5m_vs_6m Algo r_drbfn_v3 Exp v3_5m_vs_6m_5M_seed1_full updates 3090/6250 episodes, total num timesteps 2472800/5000000, FPS 81.

incre win rate is 0.2962962962962963.

 Map 5m_vs_6m Algo r_drbfn_v3 Exp v3_5m_vs_6m_5M_seed1_full updates 3095/6250 episodes, total num timesteps 2476800/5000000, FPS 81.

incre win rate is 0.25748502994011974.
[v3 step=3100] R_mean=0.4696 | G_n_mean=6.5090 (n=5) | q_tot_pred_mean=6.6926 | drbfn_loss=0.0254, qi_loss=0.0875, qtot_loss=4.1058

 Map 5m_vs_6m Algo r_drbfn_v3 Exp v3_5m_vs_6m_5M_seed1_full updates 3100/6250 episodes, total num timesteps 2480800/5000000, FPS 81.

incre win rate is 0.24390243902439024.
eval win rate is 0.3125.

 Map 5m_vs_6m Algo r_drbfn_v3 Exp v3_5m_vs_6m_5M_seed1_full updates 3105/6250 episodes, total num timesteps 2484800/5000000, FPS 81.

incre win rate is 0.32298136645962733.
[v3 step=3110] R_mean=0.4914 | G_n_mean=6.6216 (n=5) | q_tot_pred_mean=6.4813 | drbfn_loss=0.0284, qi_loss=0.0953, qtot_loss=3.9787

 Map 5m_vs_6m Algo r_drbfn_v3 Exp v3_5m_vs_6m_5M_seed1_full updates 3110/6250 episodes, total num timesteps 2488800/5000000, FPS 81.

incre win rate is 0.25625.

 Map 5m_vs_6m Algo r_drbfn_v3 Exp v3_5m_vs_6m_5M_seed1_full updates 3115/6250 episodes, total num timesteps 2492800/5000000, FPS 81.

incre win rate is 0.3081761006289308.
[v3 step=3120] R_mean=0.5081 | G_n_mean=6.9948 (n=5) | q_tot_pred_mean=7.1272 | drbfn_loss=0.0283, qi_loss=0.0872, qtot_loss=3.9379

 Map 5m_vs_6m Algo r_drbfn_v3 Exp v3_5m_vs_6m_5M_seed1_full updates 3120/6250 episodes, total num timesteps 2496800/5000000, FPS 81.

incre win rate is 0.2804878048780488.

 Map 5m_vs_6m Algo r_drbfn_v3 Exp v3_5m_vs_6m_5M_seed1_full updates 3125/6250 episodes, total num timesteps 2500800/5000000, FPS 81.

incre win rate is 0.3037974683544304.
eval win rate is 0.28125.
[v3 step=3130] R_mean=0.5130 | G_n_mean=7.0949 (n=5) | q_tot_pred_mean=7.0652 | drbfn_loss=0.0282, qi_loss=0.0882, qtot_loss=3.7276

 Map 5m_vs_6m Algo r_drbfn_v3 Exp v3_5m_vs_6m_5M_seed1_full updates 3130/6250 episodes, total num timesteps 2504800/5000000, FPS 81.

incre win rate is 0.3.

 Map 5m_vs_6m Algo r_drbfn_v3 Exp v3_5m_vs_6m_5M_seed1_full updates 3135/6250 episodes, total num timesteps 2508800/5000000, FPS 81.

incre win rate is 0.28484848484848485.
[v3 step=3140] R_mean=0.4576 | G_n_mean=6.2600 (n=5) | q_tot_pred_mean=6.4140 | drbfn_loss=0.0296, qi_loss=0.0926, qtot_loss=4.3871

 Map 5m_vs_6m Algo r_drbfn_v3 Exp v3_5m_vs_6m_5M_seed1_full updates 3140/6250 episodes, total num timesteps 2512800/5000000, FPS 81.

incre win rate is 0.24050632911392406.

 Map 5m_vs_6m Algo r_drbfn_v3 Exp v3_5m_vs_6m_5M_seed1_full updates 3145/6250 episodes, total num timesteps 2516800/5000000, FPS 81.

incre win rate is 0.3.
[v3 step=3150] R_mean=0.5550 | G_n_mean=7.4664 (n=5) | q_tot_pred_mean=7.4527 | drbfn_loss=0.0274, qi_loss=0.0952, qtot_loss=4.5345

 Map 5m_vs_6m Algo r_drbfn_v3 Exp v3_5m_vs_6m_5M_seed1_full updates 3150/6250 episodes, total num timesteps 2520800/5000000, FPS 81.

incre win rate is 0.36942675159235666.
eval win rate is 0.46875.

 Map 5m_vs_6m Algo r_drbfn_v3 Exp v3_5m_vs_6m_5M_seed1_full updates 3155/6250 episodes, total num timesteps 2524800/5000000, FPS 81.

incre win rate is 0.22085889570552147.
[v3 step=3160] R_mean=0.5087 | G_n_mean=6.8646 (n=5) | q_tot_pred_mean=6.5970 | drbfn_loss=0.0274, qi_loss=0.0890, qtot_loss=3.4678

 Map 5m_vs_6m Algo r_drbfn_v3 Exp v3_5m_vs_6m_5M_seed1_full updates 3160/6250 episodes, total num timesteps 2528800/5000000, FPS 81.

incre win rate is 0.2875.

 Map 5m_vs_6m Algo r_drbfn_v3 Exp v3_5m_vs_6m_5M_seed1_full updates 3165/6250 episodes, total num timesteps 2532800/5000000, FPS 81.

incre win rate is 0.2545454545454545.
[v3 step=3170] R_mean=0.4970 | G_n_mean=6.7765 (n=5) | q_tot_pred_mean=6.7261 | drbfn_loss=0.0282, qi_loss=0.0879, qtot_loss=3.4869

 Map 5m_vs_6m Algo r_drbfn_v3 Exp v3_5m_vs_6m_5M_seed1_full updates 3170/6250 episodes, total num timesteps 2536800/5000000, FPS 81.

incre win rate is 0.24848484848484848.

 Map 5m_vs_6m Algo r_drbfn_v3 Exp v3_5m_vs_6m_5M_seed1_full updates 3175/6250 episodes, total num timesteps 2540800/5000000, FPS 81.

incre win rate is 0.2147239263803681.
eval win rate is 0.375.
[v3 step=3180] R_mean=0.5250 | G_n_mean=7.5172 (n=5) | q_tot_pred_mean=7.5856 | drbfn_loss=0.0286, qi_loss=0.0985, qtot_loss=4.2110

 Map 5m_vs_6m Algo r_drbfn_v3 Exp v3_5m_vs_6m_5M_seed1_full updates 3180/6250 episodes, total num timesteps 2544800/5000000, FPS 81.

incre win rate is 0.3270440251572327.

 Map 5m_vs_6m Algo r_drbfn_v3 Exp v3_5m_vs_6m_5M_seed1_full updates 3185/6250 episodes, total num timesteps 2548800/5000000, FPS 81.

incre win rate is 0.24539877300613497.
[v3 step=3190] R_mean=0.5085 | G_n_mean=7.0692 (n=5) | q_tot_pred_mean=6.8306 | drbfn_loss=0.0278, qi_loss=0.0957, qtot_loss=4.1367

 Map 5m_vs_6m Algo r_drbfn_v3 Exp v3_5m_vs_6m_5M_seed1_full updates 3190/6250 episodes, total num timesteps 2552800/5000000, FPS 81.

incre win rate is 0.25766871165644173.

 Map 5m_vs_6m Algo r_drbfn_v3 Exp v3_5m_vs_6m_5M_seed1_full updates 3195/6250 episodes, total num timesteps 2556800/5000000, FPS 81.

incre win rate is 0.22699386503067484.
[v3 step=3200] R_mean=0.4391 | G_n_mean=6.2201 (n=5) | q_tot_pred_mean=6.3791 | drbfn_loss=0.0250, qi_loss=0.0833, qtot_loss=3.3849

 Map 5m_vs_6m Algo r_drbfn_v3 Exp v3_5m_vs_6m_5M_seed1_full updates 3200/6250 episodes, total num timesteps 2560800/5000000, FPS 81.

incre win rate is 0.18674698795180722.
eval win rate is 0.3125.

 Map 5m_vs_6m Algo r_drbfn_v3 Exp v3_5m_vs_6m_5M_seed1_full updates 3205/6250 episodes, total num timesteps 2564800/5000000, FPS 81.

incre win rate is 0.25153374233128833.
[v3 step=3210] R_mean=0.5281 | G_n_mean=7.1056 (n=5) | q_tot_pred_mean=7.0414 | drbfn_loss=0.0251, qi_loss=0.0900, qtot_loss=4.1305

 Map 5m_vs_6m Algo r_drbfn_v3 Exp v3_5m_vs_6m_5M_seed1_full updates 3210/6250 episodes, total num timesteps 2568800/5000000, FPS 81.

incre win rate is 0.2839506172839506.

 Map 5m_vs_6m Algo r_drbfn_v3 Exp v3_5m_vs_6m_5M_seed1_full updates 3215/6250 episodes, total num timesteps 2572800/5000000, FPS 81.

incre win rate is 0.17791411042944785.
[v3 step=3220] R_mean=0.4769 | G_n_mean=6.4882 (n=5) | q_tot_pred_mean=6.5670 | drbfn_loss=0.0284, qi_loss=0.0926, qtot_loss=3.1004

 Map 5m_vs_6m Algo r_drbfn_v3 Exp v3_5m_vs_6m_5M_seed1_full updates 3220/6250 episodes, total num timesteps 2576800/5000000, FPS 81.

incre win rate is 0.2795031055900621.

 Map 5m_vs_6m Algo r_drbfn_v3 Exp v3_5m_vs_6m_5M_seed1_full updates 3225/6250 episodes, total num timesteps 2580800/5000000, FPS 81.

incre win rate is 0.2545454545454545.
eval win rate is 0.40625.
[v3 step=3230] R_mean=0.5456 | G_n_mean=7.4660 (n=5) | q_tot_pred_mean=7.2545 | drbfn_loss=0.0288, qi_loss=0.0898, qtot_loss=3.8017

 Map 5m_vs_6m Algo r_drbfn_v3 Exp v3_5m_vs_6m_5M_seed1_full updates 3230/6250 episodes, total num timesteps 2584800/5000000, FPS 81.

incre win rate is 0.30864197530864196.

 Map 5m_vs_6m Algo r_drbfn_v3 Exp v3_5m_vs_6m_5M_seed1_full updates 3235/6250 episodes, total num timesteps 2588800/5000000, FPS 81.

incre win rate is 0.3148148148148148.
[v3 step=3240] R_mean=0.4805 | G_n_mean=6.5372 (n=5) | q_tot_pred_mean=6.8452 | drbfn_loss=0.0256, qi_loss=0.0957, qtot_loss=3.4808

 Map 5m_vs_6m Algo r_drbfn_v3 Exp v3_5m_vs_6m_5M_seed1_full updates 3240/6250 episodes, total num timesteps 2592800/5000000, FPS 80.

incre win rate is 0.25.

 Map 5m_vs_6m Algo r_drbfn_v3 Exp v3_5m_vs_6m_5M_seed1_full updates 3245/6250 episodes, total num timesteps 2596800/5000000, FPS 80.

incre win rate is 0.32298136645962733.
[v3 step=3250] R_mean=0.5575 | G_n_mean=7.3615 (n=5) | q_tot_pred_mean=7.2060 | drbfn_loss=0.0259, qi_loss=0.0962, qtot_loss=4.9101

 Map 5m_vs_6m Algo r_drbfn_v3 Exp v3_5m_vs_6m_5M_seed1_full updates 3250/6250 episodes, total num timesteps 2600800/5000000, FPS 80.

incre win rate is 0.37575757575757573.
eval win rate is 0.46875.

 Map 5m_vs_6m Algo r_drbfn_v3 Exp v3_5m_vs_6m_5M_seed1_full updates 3255/6250 episodes, total num timesteps 2604800/5000000, FPS 80.

incre win rate is 0.25925925925925924.
[v3 step=3260] R_mean=0.5129 | G_n_mean=6.6831 (n=5) | q_tot_pred_mean=6.8714 | drbfn_loss=0.0271, qi_loss=0.0963, qtot_loss=4.5467

 Map 5m_vs_6m Algo r_drbfn_v3 Exp v3_5m_vs_6m_5M_seed1_full updates 3260/6250 episodes, total num timesteps 2608800/5000000, FPS 80.

incre win rate is 0.37349397590361444.

 Map 5m_vs_6m Algo r_drbfn_v3 Exp v3_5m_vs_6m_5M_seed1_full updates 3265/6250 episodes, total num timesteps 2612800/5000000, FPS 80.

incre win rate is 0.35403726708074534.
[v3 step=3270] R_mean=0.5452 | G_n_mean=7.1814 (n=5) | q_tot_pred_mean=7.3138 | drbfn_loss=0.0255, qi_loss=0.0970, qtot_loss=4.8803

 Map 5m_vs_6m Algo r_drbfn_v3 Exp v3_5m_vs_6m_5M_seed1_full updates 3270/6250 episodes, total num timesteps 2616800/5000000, FPS 80.

incre win rate is 0.37037037037037035.

 Map 5m_vs_6m Algo r_drbfn_v3 Exp v3_5m_vs_6m_5M_seed1_full updates 3275/6250 episodes, total num timesteps 2620800/5000000, FPS 80.

incre win rate is 0.35185185185185186.
eval win rate is 0.34375.
[v3 step=3280] R_mean=0.5555 | G_n_mean=7.4321 (n=5) | q_tot_pred_mean=7.2116 | drbfn_loss=0.0300, qi_loss=0.1043, qtot_loss=3.8431

 Map 5m_vs_6m Algo r_drbfn_v3 Exp v3_5m_vs_6m_5M_seed1_full updates 3280/6250 episodes, total num timesteps 2624800/5000000, FPS 80.

incre win rate is 0.3148148148148148.

 Map 5m_vs_6m Algo r_drbfn_v3 Exp v3_5m_vs_6m_5M_seed1_full updates 3285/6250 episodes, total num timesteps 2628800/5000000, FPS 80.

incre win rate is 0.2883435582822086.
[v3 step=3290] R_mean=0.5118 | G_n_mean=6.9760 (n=5) | q_tot_pred_mean=6.9034 | drbfn_loss=0.0284, qi_loss=0.0973, qtot_loss=3.4869

 Map 5m_vs_6m Algo r_drbfn_v3 Exp v3_5m_vs_6m_5M_seed1_full updates 3290/6250 episodes, total num timesteps 2632800/5000000, FPS 80.

incre win rate is 0.26875.

 Map 5m_vs_6m Algo r_drbfn_v3 Exp v3_5m_vs_6m_5M_seed1_full updates 3295/6250 episodes, total num timesteps 2636800/5000000, FPS 80.

incre win rate is 0.2787878787878788.
[v3 step=3300] R_mean=0.5242 | G_n_mean=7.0020 (n=5) | q_tot_pred_mean=7.0006 | drbfn_loss=0.0258, qi_loss=0.0982, qtot_loss=4.0551

 Map 5m_vs_6m Algo r_drbfn_v3 Exp v3_5m_vs_6m_5M_seed1_full updates 3300/6250 episodes, total num timesteps 2640800/5000000, FPS 80.

incre win rate is 0.28484848484848485.
eval win rate is 0.28125.

 Map 5m_vs_6m Algo r_drbfn_v3 Exp v3_5m_vs_6m_5M_seed1_full updates 3305/6250 episodes, total num timesteps 2644800/5000000, FPS 80.

incre win rate is 0.2919254658385093.
[v3 step=3310] R_mean=0.5406 | G_n_mean=7.3856 (n=5) | q_tot_pred_mean=7.0617 | drbfn_loss=0.0249, qi_loss=0.0945, qtot_loss=3.2160

 Map 5m_vs_6m Algo r_drbfn_v3 Exp v3_5m_vs_6m_5M_seed1_full updates 3310/6250 episodes, total num timesteps 2648800/5000000, FPS 80.

incre win rate is 0.25153374233128833.

 Map 5m_vs_6m Algo r_drbfn_v3 Exp v3_5m_vs_6m_5M_seed1_full updates 3315/6250 episodes, total num timesteps 2652800/5000000, FPS 80.

incre win rate is 0.21686746987951808.
[v3 step=3320] R_mean=0.5292 | G_n_mean=6.9635 (n=5) | q_tot_pred_mean=6.8989 | drbfn_loss=0.0251, qi_loss=0.0964, qtot_loss=3.3264

 Map 5m_vs_6m Algo r_drbfn_v3 Exp v3_5m_vs_6m_5M_seed1_full updates 3320/6250 episodes, total num timesteps 2656800/5000000, FPS 80.

incre win rate is 0.32298136645962733.

 Map 5m_vs_6m Algo r_drbfn_v3 Exp v3_5m_vs_6m_5M_seed1_full updates 3325/6250 episodes, total num timesteps 2660800/5000000, FPS 80.

incre win rate is 0.32926829268292684.
eval win rate is 0.40625.
[v3 step=3330] R_mean=0.5428 | G_n_mean=7.2039 (n=5) | q_tot_pred_mean=7.0432 | drbfn_loss=0.0272, qi_loss=0.0937, qtot_loss=3.4429

 Map 5m_vs_6m Algo r_drbfn_v3 Exp v3_5m_vs_6m_5M_seed1_full updates 3330/6250 episodes, total num timesteps 2664800/5000000, FPS 80.

incre win rate is 0.26380368098159507.

 Map 5m_vs_6m Algo r_drbfn_v3 Exp v3_5m_vs_6m_5M_seed1_full updates 3335/6250 episodes, total num timesteps 2668800/5000000, FPS 80.

incre win rate is 0.33125.
[v3 step=3340] R_mean=0.5136 | G_n_mean=6.8952 (n=5) | q_tot_pred_mean=6.9664 | drbfn_loss=0.0273, qi_loss=0.1018, qtot_loss=3.8090

 Map 5m_vs_6m Algo r_drbfn_v3 Exp v3_5m_vs_6m_5M_seed1_full updates 3340/6250 episodes, total num timesteps 2672800/5000000, FPS 80.

incre win rate is 0.2865853658536585.

 Map 5m_vs_6m Algo r_drbfn_v3 Exp v3_5m_vs_6m_5M_seed1_full updates 3345/6250 episodes, total num timesteps 2676800/5000000, FPS 80.

incre win rate is 0.2883435582822086.
[v3 step=3350] R_mean=0.5200 | G_n_mean=7.0839 (n=5) | q_tot_pred_mean=7.1127 | drbfn_loss=0.0306, qi_loss=0.1061, qtot_loss=4.4839

 Map 5m_vs_6m Algo r_drbfn_v3 Exp v3_5m_vs_6m_5M_seed1_full updates 3350/6250 episodes, total num timesteps 2680800/5000000, FPS 80.

incre win rate is 0.3148148148148148.
eval win rate is 0.25.

 Map 5m_vs_6m Algo r_drbfn_v3 Exp v3_5m_vs_6m_5M_seed1_full updates 3355/6250 episodes, total num timesteps 2684800/5000000, FPS 80.

incre win rate is 0.25925925925925924.
[v3 step=3360] R_mean=0.5467 | G_n_mean=7.3161 (n=5) | q_tot_pred_mean=7.0587 | drbfn_loss=0.0273, qi_loss=0.0953, qtot_loss=4.5160

 Map 5m_vs_6m Algo r_drbfn_v3 Exp v3_5m_vs_6m_5M_seed1_full updates 3360/6250 episodes, total num timesteps 2688800/5000000, FPS 80.

incre win rate is 0.3.

 Map 5m_vs_6m Algo r_drbfn_v3 Exp v3_5m_vs_6m_5M_seed1_full updates 3365/6250 episodes, total num timesteps 2692800/5000000, FPS 80.

incre win rate is 0.24390243902439024.
[v3 step=3370] R_mean=0.5025 | G_n_mean=6.7973 (n=5) | q_tot_pred_mean=6.8238 | drbfn_loss=0.0270, qi_loss=0.0963, qtot_loss=4.0155

 Map 5m_vs_6m Algo r_drbfn_v3 Exp v3_5m_vs_6m_5M_seed1_full updates 3370/6250 episodes, total num timesteps 2696800/5000000, FPS 80.

incre win rate is 0.25766871165644173.

 Map 5m_vs_6m Algo r_drbfn_v3 Exp v3_5m_vs_6m_5M_seed1_full updates 3375/6250 episodes, total num timesteps 2700800/5000000, FPS 80.

incre win rate is 0.2981366459627329.
eval win rate is 0.3125.
[v3 step=3380] R_mean=0.4810 | G_n_mean=6.6846 (n=5) | q_tot_pred_mean=6.9235 | drbfn_loss=0.0277, qi_loss=0.0977, qtot_loss=3.6008

 Map 5m_vs_6m Algo r_drbfn_v3 Exp v3_5m_vs_6m_5M_seed1_full updates 3380/6250 episodes, total num timesteps 2704800/5000000, FPS 80.

incre win rate is 0.3105590062111801.

 Map 5m_vs_6m Algo r_drbfn_v3 Exp v3_5m_vs_6m_5M_seed1_full updates 3385/6250 episodes, total num timesteps 2708800/5000000, FPS 80.

incre win rate is 0.25609756097560976.
[v3 step=3390] R_mean=0.5400 | G_n_mean=7.1661 (n=5) | q_tot_pred_mean=6.7609 | drbfn_loss=0.0273, qi_loss=0.1031, qtot_loss=4.9735

 Map 5m_vs_6m Algo r_drbfn_v3 Exp v3_5m_vs_6m_5M_seed1_full updates 3390/6250 episodes, total num timesteps 2712800/5000000, FPS 80.

incre win rate is 0.23780487804878048.

 Map 5m_vs_6m Algo r_drbfn_v3 Exp v3_5m_vs_6m_5M_seed1_full updates 3395/6250 episodes, total num timesteps 2716800/5000000, FPS 80.

incre win rate is 0.21686746987951808.
[v3 step=3400] R_mean=0.5210 | G_n_mean=6.9694 (n=5) | q_tot_pred_mean=6.6465 | drbfn_loss=0.0277, qi_loss=0.0971, qtot_loss=4.5603

 Map 5m_vs_6m Algo r_drbfn_v3 Exp v3_5m_vs_6m_5M_seed1_full updates 3400/6250 episodes, total num timesteps 2720800/5000000, FPS 80.

incre win rate is 0.19879518072289157.
eval win rate is 0.21875.

 Map 5m_vs_6m Algo r_drbfn_v3 Exp v3_5m_vs_6m_5M_seed1_full updates 3405/6250 episodes, total num timesteps 2724800/5000000, FPS 80.

incre win rate is 0.2073170731707317.
[v3 step=3410] R_mean=0.5381 | G_n_mean=7.3360 (n=5) | q_tot_pred_mean=6.9104 | drbfn_loss=0.0285, qi_loss=0.1060, qtot_loss=3.8050

 Map 5m_vs_6m Algo r_drbfn_v3 Exp v3_5m_vs_6m_5M_seed1_full updates 3410/6250 episodes, total num timesteps 2728800/5000000, FPS 80.

incre win rate is 0.19411764705882353.

 Map 5m_vs_6m Algo r_drbfn_v3 Exp v3_5m_vs_6m_5M_seed1_full updates 3415/6250 episodes, total num timesteps 2732800/5000000, FPS 80.

incre win rate is 0.17857142857142858.
[v3 step=3420] R_mean=0.5117 | G_n_mean=6.8593 (n=5) | q_tot_pred_mean=6.9145 | drbfn_loss=0.0269, qi_loss=0.0984, qtot_loss=4.5169

 Map 5m_vs_6m Algo r_drbfn_v3 Exp v3_5m_vs_6m_5M_seed1_full updates 3420/6250 episodes, total num timesteps 2736800/5000000, FPS 80.

incre win rate is 0.21428571428571427.

 Map 5m_vs_6m Algo r_drbfn_v3 Exp v3_5m_vs_6m_5M_seed1_full updates 3425/6250 episodes, total num timesteps 2740800/5000000, FPS 80.

incre win rate is 0.20481927710843373.
eval win rate is 0.15625.
[v3 step=3430] R_mean=0.4627 | G_n_mean=6.3580 (n=5) | q_tot_pred_mean=6.6085 | drbfn_loss=0.0271, qi_loss=0.0968, qtot_loss=3.6994

 Map 5m_vs_6m Algo r_drbfn_v3 Exp v3_5m_vs_6m_5M_seed1_full updates 3430/6250 episodes, total num timesteps 2744800/5000000, FPS 80.

incre win rate is 0.22289156626506024.

 Map 5m_vs_6m Algo r_drbfn_v3 Exp v3_5m_vs_6m_5M_seed1_full updates 3435/6250 episodes, total num timesteps 2748800/5000000, FPS 80.

incre win rate is 0.24375.
[v3 step=3440] R_mean=0.5629 | G_n_mean=7.3780 (n=5) | q_tot_pred_mean=7.1761 | drbfn_loss=0.0269, qi_loss=0.1149, qtot_loss=4.8104

 Map 5m_vs_6m Algo r_drbfn_v3 Exp v3_5m_vs_6m_5M_seed1_full updates 3440/6250 episodes, total num timesteps 2752800/5000000, FPS 80.

incre win rate is 0.3.

 Map 5m_vs_6m Algo r_drbfn_v3 Exp v3_5m_vs_6m_5M_seed1_full updates 3445/6250 episodes, total num timesteps 2756800/5000000, FPS 80.

incre win rate is 0.27439024390243905.
[v3 step=3450] R_mean=0.4866 | G_n_mean=6.8043 (n=5) | q_tot_pred_mean=6.6863 | drbfn_loss=0.0258, qi_loss=0.0948, qtot_loss=2.9555

 Map 5m_vs_6m Algo r_drbfn_v3 Exp v3_5m_vs_6m_5M_seed1_full updates 3450/6250 episodes, total num timesteps 2760800/5000000, FPS 80.

incre win rate is 0.26875.
eval win rate is 0.3125.

 Map 5m_vs_6m Algo r_drbfn_v3 Exp v3_5m_vs_6m_5M_seed1_full updates 3455/6250 episodes, total num timesteps 2764800/5000000, FPS 80.

incre win rate is 0.3374233128834356.
[v3 step=3460] R_mean=0.5280 | G_n_mean=7.2798 (n=5) | q_tot_pred_mean=7.2616 | drbfn_loss=0.0246, qi_loss=0.0977, qtot_loss=4.1000

 Map 5m_vs_6m Algo r_drbfn_v3 Exp v3_5m_vs_6m_5M_seed1_full updates 3460/6250 episodes, total num timesteps 2768800/5000000, FPS 80.

incre win rate is 0.31901840490797545.

 Map 5m_vs_6m Algo r_drbfn_v3 Exp v3_5m_vs_6m_5M_seed1_full updates 3465/6250 episodes, total num timesteps 2772800/5000000, FPS 79.

incre win rate is 0.21341463414634146.
[v3 step=3470] R_mean=0.5298 | G_n_mean=6.9130 (n=5) | q_tot_pred_mean=6.7523 | drbfn_loss=0.0298, qi_loss=0.1132, qtot_loss=4.6632

 Map 5m_vs_6m Algo r_drbfn_v3 Exp v3_5m_vs_6m_5M_seed1_full updates 3470/6250 episodes, total num timesteps 2776800/5000000, FPS 79.

incre win rate is 0.25153374233128833.

 Map 5m_vs_6m Algo r_drbfn_v3 Exp v3_5m_vs_6m_5M_seed1_full updates 3475/6250 episodes, total num timesteps 2780800/5000000, FPS 79.

incre win rate is 0.2125.
eval win rate is 0.34375.
[v3 step=3480] R_mean=0.5110 | G_n_mean=6.7453 (n=5) | q_tot_pred_mean=6.7074 | drbfn_loss=0.0271, qi_loss=0.1012, qtot_loss=3.2850

 Map 5m_vs_6m Algo r_drbfn_v3 Exp v3_5m_vs_6m_5M_seed1_full updates 3480/6250 episodes, total num timesteps 2784800/5000000, FPS 79.

incre win rate is 0.24848484848484848.

 Map 5m_vs_6m Algo r_drbfn_v3 Exp v3_5m_vs_6m_5M_seed1_full updates 3485/6250 episodes, total num timesteps 2788800/5000000, FPS 79.

incre win rate is 0.23636363636363636.
[v3 step=3490] R_mean=0.4667 | G_n_mean=6.3043 (n=5) | q_tot_pred_mean=6.2395 | drbfn_loss=0.0264, qi_loss=0.1108, qtot_loss=4.3253

 Map 5m_vs_6m Algo r_drbfn_v3 Exp v3_5m_vs_6m_5M_seed1_full updates 3490/6250 episodes, total num timesteps 2792800/5000000, FPS 79.

incre win rate is 0.2.

 Map 5m_vs_6m Algo r_drbfn_v3 Exp v3_5m_vs_6m_5M_seed1_full updates 3495/6250 episodes, total num timesteps 2796800/5000000, FPS 79.

incre win rate is 0.2641509433962264.
[v3 step=3500] R_mean=0.4689 | G_n_mean=6.3154 (n=5) | q_tot_pred_mean=6.7385 | drbfn_loss=0.0246, qi_loss=0.0977, qtot_loss=4.0445

 Map 5m_vs_6m Algo r_drbfn_v3 Exp v3_5m_vs_6m_5M_seed1_full updates 3500/6250 episodes, total num timesteps 2800800/5000000, FPS 79.

incre win rate is 0.15757575757575756.
eval win rate is 0.375.

 Map 5m_vs_6m Algo r_drbfn_v3 Exp v3_5m_vs_6m_5M_seed1_full updates 3505/6250 episodes, total num timesteps 2804800/5000000, FPS 79.

incre win rate is 0.18404907975460122.
[v3 step=3510] R_mean=0.5335 | G_n_mean=6.9808 (n=5) | q_tot_pred_mean=6.7949 | drbfn_loss=0.0251, qi_loss=0.1084, qtot_loss=4.5721

 Map 5m_vs_6m Algo r_drbfn_v3 Exp v3_5m_vs_6m_5M_seed1_full updates 3510/6250 episodes, total num timesteps 2808800/5000000, FPS 79.

incre win rate is 0.2392638036809816.

 Map 5m_vs_6m Algo r_drbfn_v3 Exp v3_5m_vs_6m_5M_seed1_full updates 3515/6250 episodes, total num timesteps 2812800/5000000, FPS 79.

incre win rate is 0.2830188679245283.
[v3 step=3520] R_mean=0.4840 | G_n_mean=6.5798 (n=5) | q_tot_pred_mean=6.5089 | drbfn_loss=0.0275, qi_loss=0.1091, qtot_loss=3.9218

 Map 5m_vs_6m Algo r_drbfn_v3 Exp v3_5m_vs_6m_5M_seed1_full updates 3520/6250 episodes, total num timesteps 2816800/5000000, FPS 79.

incre win rate is 0.2611464968152866.

 Map 5m_vs_6m Algo r_drbfn_v3 Exp v3_5m_vs_6m_5M_seed1_full updates 3525/6250 episodes, total num timesteps 2820800/5000000, FPS 79.

incre win rate is 0.21518987341772153.
eval win rate is 0.21875.
[v3 step=3530] R_mean=0.5247 | G_n_mean=7.0612 (n=5) | q_tot_pred_mean=6.9054 | drbfn_loss=0.0281, qi_loss=0.1197, qtot_loss=4.1048

 Map 5m_vs_6m Algo r_drbfn_v3 Exp v3_5m_vs_6m_5M_seed1_full updates 3530/6250 episodes, total num timesteps 2824800/5000000, FPS 79.

incre win rate is 0.24836601307189543.

 Map 5m_vs_6m Algo r_drbfn_v3 Exp v3_5m_vs_6m_5M_seed1_full updates 3535/6250 episodes, total num timesteps 2828800/5000000, FPS 79.

incre win rate is 0.27848101265822783.
[v3 step=3540] R_mean=0.5069 | G_n_mean=6.9898 (n=5) | q_tot_pred_mean=6.8012 | drbfn_loss=0.0285, qi_loss=0.1175, qtot_loss=3.9374

 Map 5m_vs_6m Algo r_drbfn_v3 Exp v3_5m_vs_6m_5M_seed1_full updates 3540/6250 episodes, total num timesteps 2832800/5000000, FPS 79.

incre win rate is 0.3.

 Map 5m_vs_6m Algo r_drbfn_v3 Exp v3_5m_vs_6m_5M_seed1_full updates 3545/6250 episodes, total num timesteps 2836800/5000000, FPS 79.

incre win rate is 0.22085889570552147.
[v3 step=3550] R_mean=0.4769 | G_n_mean=6.5274 (n=5) | q_tot_pred_mean=6.8608 | drbfn_loss=0.0272, qi_loss=0.1041, qtot_loss=3.7944

 Map 5m_vs_6m Algo r_drbfn_v3 Exp v3_5m_vs_6m_5M_seed1_full updates 3550/6250 episodes, total num timesteps 2840800/5000000, FPS 79.

incre win rate is 0.21739130434782608.
eval win rate is 0.375.

 Map 5m_vs_6m Algo r_drbfn_v3 Exp v3_5m_vs_6m_5M_seed1_full updates 3555/6250 episodes, total num timesteps 2844800/5000000, FPS 79.

incre win rate is 0.23780487804878048.
[v3 step=3560] R_mean=0.4750 | G_n_mean=6.7507 (n=5) | q_tot_pred_mean=6.6705 | drbfn_loss=0.0277, qi_loss=0.1118, qtot_loss=3.6471

 Map 5m_vs_6m Algo r_drbfn_v3 Exp v3_5m_vs_6m_5M_seed1_full updates 3560/6250 episodes, total num timesteps 2848800/5000000, FPS 79.

incre win rate is 0.1949685534591195.

 Map 5m_vs_6m Algo r_drbfn_v3 Exp v3_5m_vs_6m_5M_seed1_full updates 3565/6250 episodes, total num timesteps 2852800/5000000, FPS 79.

incre win rate is 0.24074074074074073.
[v3 step=3570] R_mean=0.4869 | G_n_mean=6.6696 (n=5) | q_tot_pred_mean=6.6448 | drbfn_loss=0.0270, qi_loss=0.1074, qtot_loss=3.7651

 Map 5m_vs_6m Algo r_drbfn_v3 Exp v3_5m_vs_6m_5M_seed1_full updates 3570/6250 episodes, total num timesteps 2856800/5000000, FPS 79.

incre win rate is 0.2777777777777778.

 Map 5m_vs_6m Algo r_drbfn_v3 Exp v3_5m_vs_6m_5M_seed1_full updates 3575/6250 episodes, total num timesteps 2860800/5000000, FPS 79.

incre win rate is 0.29559748427672955.
eval win rate is 0.3125.
[v3 step=3580] R_mean=0.5375 | G_n_mean=7.4387 (n=5) | q_tot_pred_mean=7.3860 | drbfn_loss=0.0268, qi_loss=0.1228, qtot_loss=3.3974

 Map 5m_vs_6m Algo r_drbfn_v3 Exp v3_5m_vs_6m_5M_seed1_full updates 3580/6250 episodes, total num timesteps 2864800/5000000, FPS 79.

incre win rate is 0.3630573248407643.

 Map 5m_vs_6m Algo r_drbfn_v3 Exp v3_5m_vs_6m_5M_seed1_full updates 3585/6250 episodes, total num timesteps 2868800/5000000, FPS 79.

incre win rate is 0.2578616352201258.
[v3 step=3590] R_mean=0.5069 | G_n_mean=6.6863 (n=5) | q_tot_pred_mean=6.6817 | drbfn_loss=0.0264, qi_loss=0.1123, qtot_loss=4.6655

 Map 5m_vs_6m Algo r_drbfn_v3 Exp v3_5m_vs_6m_5M_seed1_full updates 3590/6250 episodes, total num timesteps 2872800/5000000, FPS 79.

incre win rate is 0.34394904458598724.

 Map 5m_vs_6m Algo r_drbfn_v3 Exp v3_5m_vs_6m_5M_seed1_full updates 3595/6250 episodes, total num timesteps 2876800/5000000, FPS 79.

incre win rate is 0.358974358974359.
[v3 step=3600] R_mean=0.5108 | G_n_mean=6.9391 (n=5) | q_tot_pred_mean=7.0645 | drbfn_loss=0.0253, qi_loss=0.1120, qtot_loss=4.3631

 Map 5m_vs_6m Algo r_drbfn_v3 Exp v3_5m_vs_6m_5M_seed1_full updates 3600/6250 episodes, total num timesteps 2880800/5000000, FPS 79.

incre win rate is 0.2875.
eval win rate is 0.40625.

 Map 5m_vs_6m Algo r_drbfn_v3 Exp v3_5m_vs_6m_5M_seed1_full updates 3605/6250 episodes, total num timesteps 2884800/5000000, FPS 79.

incre win rate is 0.3375.
[v3 step=3610] R_mean=0.5188 | G_n_mean=7.1120 (n=5) | q_tot_pred_mean=7.2056 | drbfn_loss=0.0280, qi_loss=0.1161, qtot_loss=4.9507

 Map 5m_vs_6m Algo r_drbfn_v3 Exp v3_5m_vs_6m_5M_seed1_full updates 3610/6250 episodes, total num timesteps 2888800/5000000, FPS 79.

incre win rate is 0.29375.

 Map 5m_vs_6m Algo r_drbfn_v3 Exp v3_5m_vs_6m_5M_seed1_full updates 3615/6250 episodes, total num timesteps 2892800/5000000, FPS 79.

incre win rate is 0.3522012578616352.
[v3 step=3620] R_mean=0.5495 | G_n_mean=7.4846 (n=5) | q_tot_pred_mean=7.5855 | drbfn_loss=0.0260, qi_loss=0.1185, qtot_loss=3.9373

 Map 5m_vs_6m Algo r_drbfn_v3 Exp v3_5m_vs_6m_5M_seed1_full updates 3620/6250 episodes, total num timesteps 2896800/5000000, FPS 79.

incre win rate is 0.3860759493670886.

 Map 5m_vs_6m Algo r_drbfn_v3 Exp v3_5m_vs_6m_5M_seed1_full updates 3625/6250 episodes, total num timesteps 2900800/5000000, FPS 79.

incre win rate is 0.3670886075949367.
eval win rate is 0.4375.
[v3 step=3630] R_mean=0.5055 | G_n_mean=6.9250 (n=5) | q_tot_pred_mean=6.7989 | drbfn_loss=0.0280, qi_loss=0.1140, qtot_loss=4.8985

 Map 5m_vs_6m Algo r_drbfn_v3 Exp v3_5m_vs_6m_5M_seed1_full updates 3630/6250 episodes, total num timesteps 2904800/5000000, FPS 79.

incre win rate is 0.3269230769230769.

 Map 5m_vs_6m Algo r_drbfn_v3 Exp v3_5m_vs_6m_5M_seed1_full updates 3635/6250 episodes, total num timesteps 2908800/5000000, FPS 79.

incre win rate is 0.35668789808917195.
[v3 step=3640] R_mean=0.5707 | G_n_mean=7.5734 (n=5) | q_tot_pred_mean=7.2202 | drbfn_loss=0.0287, qi_loss=0.1128, qtot_loss=4.3451

 Map 5m_vs_6m Algo r_drbfn_v3 Exp v3_5m_vs_6m_5M_seed1_full updates 3640/6250 episodes, total num timesteps 2912800/5000000, FPS 79.

incre win rate is 0.33121019108280253.

 Map 5m_vs_6m Algo r_drbfn_v3 Exp v3_5m_vs_6m_5M_seed1_full updates 3645/6250 episodes, total num timesteps 2916800/5000000, FPS 79.

incre win rate is 0.3375.
[v3 step=3650] R_mean=0.4723 | G_n_mean=6.7768 (n=5) | q_tot_pred_mean=6.8662 | drbfn_loss=0.0257, qi_loss=0.1072, qtot_loss=3.3333

 Map 5m_vs_6m Algo r_drbfn_v3 Exp v3_5m_vs_6m_5M_seed1_full updates 3650/6250 episodes, total num timesteps 2920800/5000000, FPS 79.

incre win rate is 0.24050632911392406.
eval win rate is 0.53125.

 Map 5m_vs_6m Algo r_drbfn_v3 Exp v3_5m_vs_6m_5M_seed1_full updates 3655/6250 episodes, total num timesteps 2924800/5000000, FPS 78.

incre win rate is 0.3503184713375796.
[v3 step=3660] R_mean=0.5445 | G_n_mean=7.6399 (n=5) | q_tot_pred_mean=7.6924 | drbfn_loss=0.0251, qi_loss=0.1139, qtot_loss=4.1332

 Map 5m_vs_6m Algo r_drbfn_v3 Exp v3_5m_vs_6m_5M_seed1_full updates 3660/6250 episodes, total num timesteps 2928800/5000000, FPS 78.

incre win rate is 0.36942675159235666.

 Map 5m_vs_6m Algo r_drbfn_v3 Exp v3_5m_vs_6m_5M_seed1_full updates 3665/6250 episodes, total num timesteps 2932800/5000000, FPS 78.

incre win rate is 0.38311688311688313.
[v3 step=3670] R_mean=0.5192 | G_n_mean=7.1081 (n=5) | q_tot_pred_mean=6.9550 | drbfn_loss=0.0246, qi_loss=0.1175, qtot_loss=4.4323

 Map 5m_vs_6m Algo r_drbfn_v3 Exp v3_5m_vs_6m_5M_seed1_full updates 3670/6250 episodes, total num timesteps 2936800/5000000, FPS 78.

incre win rate is 0.2692307692307692.

 Map 5m_vs_6m Algo r_drbfn_v3 Exp v3_5m_vs_6m_5M_seed1_full updates 3675/6250 episodes, total num timesteps 2940800/5000000, FPS 78.

incre win rate is 0.34394904458598724.
eval win rate is 0.40625.
[v3 step=3680] R_mean=0.5383 | G_n_mean=7.5131 (n=5) | q_tot_pred_mean=7.3812 | drbfn_loss=0.0288, qi_loss=0.1246, qtot_loss=3.9513

 Map 5m_vs_6m Algo r_drbfn_v3 Exp v3_5m_vs_6m_5M_seed1_full updates 3680/6250 episodes, total num timesteps 2944800/5000000, FPS 78.

incre win rate is 0.32051282051282054.

 Map 5m_vs_6m Algo r_drbfn_v3 Exp v3_5m_vs_6m_5M_seed1_full updates 3685/6250 episodes, total num timesteps 2948800/5000000, FPS 78.

incre win rate is 0.40764331210191085.
[v3 step=3690] R_mean=0.5725 | G_n_mean=7.7757 (n=5) | q_tot_pred_mean=7.8390 | drbfn_loss=0.0253, qi_loss=0.1262, qtot_loss=4.5742

 Map 5m_vs_6m Algo r_drbfn_v3 Exp v3_5m_vs_6m_5M_seed1_full updates 3690/6250 episodes, total num timesteps 2952800/5000000, FPS 78.

incre win rate is 0.44871794871794873.

 Map 5m_vs_6m Algo r_drbfn_v3 Exp v3_5m_vs_6m_5M_seed1_full updates 3695/6250 episodes, total num timesteps 2956800/5000000, FPS 78.

incre win rate is 0.3924050632911392.
[v3 step=3700] R_mean=0.5469 | G_n_mean=7.2196 (n=5) | q_tot_pred_mean=7.1488 | drbfn_loss=0.0257, qi_loss=0.1295, qtot_loss=3.7305

 Map 5m_vs_6m Algo r_drbfn_v3 Exp v3_5m_vs_6m_5M_seed1_full updates 3700/6250 episodes, total num timesteps 2960800/5000000, FPS 78.

incre win rate is 0.37341772151898733.
eval win rate is 0.4375.

 Map 5m_vs_6m Algo r_drbfn_v3 Exp v3_5m_vs_6m_5M_seed1_full updates 3705/6250 episodes, total num timesteps 2964800/5000000, FPS 78.

incre win rate is 0.3184713375796178.
[v3 step=3710] R_mean=0.5253 | G_n_mean=7.2828 (n=5) | q_tot_pred_mean=7.2758 | drbfn_loss=0.0252, qi_loss=0.1307, qtot_loss=4.2429

 Map 5m_vs_6m Algo r_drbfn_v3 Exp v3_5m_vs_6m_5M_seed1_full updates 3710/6250 episodes, total num timesteps 2968800/5000000, FPS 78.

incre win rate is 0.325.

 Map 5m_vs_6m Algo r_drbfn_v3 Exp v3_5m_vs_6m_5M_seed1_full updates 3715/6250 episodes, total num timesteps 2972800/5000000, FPS 78.

incre win rate is 0.29559748427672955.
[v3 step=3720] R_mean=0.5506 | G_n_mean=7.7497 (n=5) | q_tot_pred_mean=7.7963 | drbfn_loss=0.0262, qi_loss=0.1131, qtot_loss=3.9640

 Map 5m_vs_6m Algo r_drbfn_v3 Exp v3_5m_vs_6m_5M_seed1_full updates 3720/6250 episodes, total num timesteps 2976800/5000000, FPS 78.

incre win rate is 0.42038216560509556.

 Map 5m_vs_6m Algo r_drbfn_v3 Exp v3_5m_vs_6m_5M_seed1_full updates 3725/6250 episodes, total num timesteps 2980800/5000000, FPS 78.

incre win rate is 0.3271604938271605.
eval win rate is 0.5.
[v3 step=3730] R_mean=0.4882 | G_n_mean=6.8042 (n=5) | q_tot_pred_mean=6.8522 | drbfn_loss=0.0266, qi_loss=0.1106, qtot_loss=4.3591

 Map 5m_vs_6m Algo r_drbfn_v3 Exp v3_5m_vs_6m_5M_seed1_full updates 3730/6250 episodes, total num timesteps 2984800/5000000, FPS 78.

incre win rate is 0.2948717948717949.

 Map 5m_vs_6m Algo r_drbfn_v3 Exp v3_5m_vs_6m_5M_seed1_full updates 3735/6250 episodes, total num timesteps 2988800/5000000, FPS 78.

incre win rate is 0.3375796178343949.
[v3 step=3740] R_mean=0.5400 | G_n_mean=7.1872 (n=5) | q_tot_pred_mean=6.9242 | drbfn_loss=0.0265, qi_loss=0.1363, qtot_loss=4.7288

 Map 5m_vs_6m Algo r_drbfn_v3 Exp v3_5m_vs_6m_5M_seed1_full updates 3740/6250 episodes, total num timesteps 2992800/5000000, FPS 78.

incre win rate is 0.2893081761006289.

 Map 5m_vs_6m Algo r_drbfn_v3 Exp v3_5m_vs_6m_5M_seed1_full updates 3745/6250 episodes, total num timesteps 2996800/5000000, FPS 78.

incre win rate is 0.2911392405063291.
[v3 step=3750] R_mean=0.5225 | G_n_mean=7.0458 (n=5) | q_tot_pred_mean=7.1306 | drbfn_loss=0.0266, qi_loss=0.1357, qtot_loss=4.0819

 Map 5m_vs_6m Algo r_drbfn_v3 Exp v3_5m_vs_6m_5M_seed1_full updates 3750/6250 episodes, total num timesteps 3000800/5000000, FPS 78.

incre win rate is 0.35.
eval win rate is 0.34375.

 Map 5m_vs_6m Algo r_drbfn_v3 Exp v3_5m_vs_6m_5M_seed1_full updates 3755/6250 episodes, total num timesteps 3004800/5000000, FPS 78.

incre win rate is 0.32298136645962733.
[v3 step=3760] R_mean=0.5174 | G_n_mean=7.0497 (n=5) | q_tot_pred_mean=7.1401 | drbfn_loss=0.0250, qi_loss=0.1196, qtot_loss=4.3140

 Map 5m_vs_6m Algo r_drbfn_v3 Exp v3_5m_vs_6m_5M_seed1_full updates 3760/6250 episodes, total num timesteps 3008800/5000000, FPS 78.

incre win rate is 0.31875.

 Map 5m_vs_6m Algo r_drbfn_v3 Exp v3_5m_vs_6m_5M_seed1_full updates 3765/6250 episodes, total num timesteps 3012800/5000000, FPS 78.

incre win rate is 0.3270440251572327.
[v3 step=3770] R_mean=0.4733 | G_n_mean=6.6855 (n=5) | q_tot_pred_mean=6.8677 | drbfn_loss=0.0249, qi_loss=0.1346, qtot_loss=4.2093

 Map 5m_vs_6m Algo r_drbfn_v3 Exp v3_5m_vs_6m_5M_seed1_full updates 3770/6250 episodes, total num timesteps 3016800/5000000, FPS 78.

incre win rate is 0.2919254658385093.

 Map 5m_vs_6m Algo r_drbfn_v3 Exp v3_5m_vs_6m_5M_seed1_full updates 3775/6250 episodes, total num timesteps 3020800/5000000, FPS 78.

incre win rate is 0.3291139240506329.
eval win rate is 0.46875.
[v3 step=3780] R_mean=0.5522 | G_n_mean=7.5511 (n=5) | q_tot_pred_mean=7.4975 | drbfn_loss=0.0267, qi_loss=0.1356, qtot_loss=5.0771

 Map 5m_vs_6m Algo r_drbfn_v3 Exp v3_5m_vs_6m_5M_seed1_full updates 3780/6250 episodes, total num timesteps 3024800/5000000, FPS 78.

incre win rate is 0.34375.

 Map 5m_vs_6m Algo r_drbfn_v3 Exp v3_5m_vs_6m_5M_seed1_full updates 3785/6250 episodes, total num timesteps 3028800/5000000, FPS 78.

incre win rate is 0.34394904458598724.
[v3 step=3790] R_mean=0.4544 | G_n_mean=6.4254 (n=5) | q_tot_pred_mean=6.8785 | drbfn_loss=0.0268, qi_loss=0.1258, qtot_loss=3.9221

 Map 5m_vs_6m Algo r_drbfn_v3 Exp v3_5m_vs_6m_5M_seed1_full updates 3790/6250 episodes, total num timesteps 3032800/5000000, FPS 78.

incre win rate is 0.3125.

 Map 5m_vs_6m Algo r_drbfn_v3 Exp v3_5m_vs_6m_5M_seed1_full updates 3795/6250 episodes, total num timesteps 3036800/5000000, FPS 78.

incre win rate is 0.2802547770700637.
[v3 step=3800] R_mean=0.5840 | G_n_mean=7.9234 (n=5) | q_tot_pred_mean=7.7701 | drbfn_loss=0.0276, qi_loss=0.1520, qtot_loss=5.0098

 Map 5m_vs_6m Algo r_drbfn_v3 Exp v3_5m_vs_6m_5M_seed1_full updates 3800/6250 episodes, total num timesteps 3040800/5000000, FPS 78.

incre win rate is 0.375.
eval win rate is 0.5.

 Map 5m_vs_6m Algo r_drbfn_v3 Exp v3_5m_vs_6m_5M_seed1_full updates 3805/6250 episodes, total num timesteps 3044800/5000000, FPS 78.

incre win rate is 0.32298136645962733.
[v3 step=3810] R_mean=0.5816 | G_n_mean=7.7159 (n=5) | q_tot_pred_mean=7.3592 | drbfn_loss=0.0271, qi_loss=0.1248, qtot_loss=3.2782

 Map 5m_vs_6m Algo r_drbfn_v3 Exp v3_5m_vs_6m_5M_seed1_full updates 3810/6250 episodes, total num timesteps 3048800/5000000, FPS 78.

incre win rate is 0.3719512195121951.

 Map 5m_vs_6m Algo r_drbfn_v3 Exp v3_5m_vs_6m_5M_seed1_full updates 3815/6250 episodes, total num timesteps 3052800/5000000, FPS 78.

incre win rate is 0.3522012578616352.
[v3 step=3820] R_mean=0.5221 | G_n_mean=7.3449 (n=5) | q_tot_pred_mean=7.0941 | drbfn_loss=0.0262, qi_loss=0.1313, qtot_loss=4.8714

 Map 5m_vs_6m Algo r_drbfn_v3 Exp v3_5m_vs_6m_5M_seed1_full updates 3820/6250 episodes, total num timesteps 3056800/5000000, FPS 78.

incre win rate is 0.2654320987654321.

 Map 5m_vs_6m Algo r_drbfn_v3 Exp v3_5m_vs_6m_5M_seed1_full updates 3825/6250 episodes, total num timesteps 3060800/5000000, FPS 78.

incre win rate is 0.30864197530864196.
eval win rate is 0.25.
[v3 step=3830] R_mean=0.4594 | G_n_mean=6.2161 (n=5) | q_tot_pred_mean=6.7503 | drbfn_loss=0.0254, qi_loss=0.1205, qtot_loss=3.4740

 Map 5m_vs_6m Algo r_drbfn_v3 Exp v3_5m_vs_6m_5M_seed1_full updates 3830/6250 episodes, total num timesteps 3064800/5000000, FPS 78.

incre win rate is 0.2926829268292683.

 Map 5m_vs_6m Algo r_drbfn_v3 Exp v3_5m_vs_6m_5M_seed1_full updates 3835/6250 episodes, total num timesteps 3068800/5000000, FPS 78.

incre win rate is 0.25301204819277107.
[v3 step=3840] R_mean=0.4798 | G_n_mean=6.6489 (n=5) | q_tot_pred_mean=6.7811 | drbfn_loss=0.0261, qi_loss=0.1327, qtot_loss=4.6017

 Map 5m_vs_6m Algo r_drbfn_v3 Exp v3_5m_vs_6m_5M_seed1_full updates 3840/6250 episodes, total num timesteps 3072800/5000000, FPS 78.

incre win rate is 0.2822085889570552.

 Map 5m_vs_6m Algo r_drbfn_v3 Exp v3_5m_vs_6m_5M_seed1_full updates 3845/6250 episodes, total num timesteps 3076800/5000000, FPS 78.

incre win rate is 0.34782608695652173.
[v3 step=3850] R_mean=0.5242 | G_n_mean=7.3817 (n=5) | q_tot_pred_mean=7.2453 | drbfn_loss=0.0245, qi_loss=0.1243, qtot_loss=3.8498

 Map 5m_vs_6m Algo r_drbfn_v3 Exp v3_5m_vs_6m_5M_seed1_full updates 3850/6250 episodes, total num timesteps 3080800/5000000, FPS 78.

incre win rate is 0.31875.
eval win rate is 0.34375.

 Map 5m_vs_6m Algo r_drbfn_v3 Exp v3_5m_vs_6m_5M_seed1_full updates 3855/6250 episodes, total num timesteps 3084800/5000000, FPS 78.

incre win rate is 0.32298136645962733.
[v3 step=3860] R_mean=0.4748 | G_n_mean=6.5538 (n=5) | q_tot_pred_mean=6.5501 | drbfn_loss=0.0252, qi_loss=0.1240, qtot_loss=3.6874

 Map 5m_vs_6m Algo r_drbfn_v3 Exp v3_5m_vs_6m_5M_seed1_full updates 3860/6250 episodes, total num timesteps 3088800/5000000, FPS 78.

incre win rate is 0.25308641975308643.

 Map 5m_vs_6m Algo r_drbfn_v3 Exp v3_5m_vs_6m_5M_seed1_full updates 3865/6250 episodes, total num timesteps 3092800/5000000, FPS 78.

incre win rate is 0.3018867924528302.
[v3 step=3870] R_mean=0.5103 | G_n_mean=7.3339 (n=5) | q_tot_pred_mean=7.4945 | drbfn_loss=0.0256, qi_loss=0.1345, qtot_loss=4.7570

 Map 5m_vs_6m Algo r_drbfn_v3 Exp v3_5m_vs_6m_5M_seed1_full updates 3870/6250 episodes, total num timesteps 3096800/5000000, FPS 77.

incre win rate is 0.3522012578616352.

 Map 5m_vs_6m Algo r_drbfn_v3 Exp v3_5m_vs_6m_5M_seed1_full updates 3875/6250 episodes, total num timesteps 3100800/5000000, FPS 77.

incre win rate is 0.2546583850931677.
eval win rate is 0.375.
[v3 step=3880] R_mean=0.5135 | G_n_mean=7.0947 (n=5) | q_tot_pred_mean=7.0538 | drbfn_loss=0.0248, qi_loss=0.1191, qtot_loss=3.3378

 Map 5m_vs_6m Algo r_drbfn_v3 Exp v3_5m_vs_6m_5M_seed1_full updates 3880/6250 episodes, total num timesteps 3104800/5000000, FPS 77.

incre win rate is 0.345679012345679.

 Map 5m_vs_6m Algo r_drbfn_v3 Exp v3_5m_vs_6m_5M_seed1_full updates 3885/6250 episodes, total num timesteps 3108800/5000000, FPS 77.

incre win rate is 0.3584905660377358.
[v3 step=3890] R_mean=0.5540 | G_n_mean=7.4910 (n=5) | q_tot_pred_mean=7.2543 | drbfn_loss=0.0252, qi_loss=0.1267, qtot_loss=3.6834

 Map 5m_vs_6m Algo r_drbfn_v3 Exp v3_5m_vs_6m_5M_seed1_full updates 3890/6250 episodes, total num timesteps 3112800/5000000, FPS 77.

incre win rate is 0.3271604938271605.

 Map 5m_vs_6m Algo r_drbfn_v3 Exp v3_5m_vs_6m_5M_seed1_full updates 3895/6250 episodes, total num timesteps 3116800/5000000, FPS 77.

incre win rate is 0.3625.
[v3 step=3900] R_mean=0.4669 | G_n_mean=6.3821 (n=5) | q_tot_pred_mean=6.5695 | drbfn_loss=0.0236, qi_loss=0.1320, qtot_loss=3.8263

 Map 5m_vs_6m Algo r_drbfn_v3 Exp v3_5m_vs_6m_5M_seed1_full updates 3900/6250 episodes, total num timesteps 3120800/5000000, FPS 77.

incre win rate is 0.20121951219512196.
eval win rate is 0.40625.

 Map 5m_vs_6m Algo r_drbfn_v3 Exp v3_5m_vs_6m_5M_seed1_full updates 3905/6250 episodes, total num timesteps 3124800/5000000, FPS 77.

incre win rate is 0.32919254658385094.
[v3 step=3910] R_mean=0.5592 | G_n_mean=7.4937 (n=5) | q_tot_pred_mean=7.3793 | drbfn_loss=0.0246, qi_loss=0.1357, qtot_loss=3.1886

 Map 5m_vs_6m Algo r_drbfn_v3 Exp v3_5m_vs_6m_5M_seed1_full updates 3910/6250 episodes, total num timesteps 3128800/5000000, FPS 77.

incre win rate is 0.3270440251572327.

 Map 5m_vs_6m Algo r_drbfn_v3 Exp v3_5m_vs_6m_5M_seed1_full updates 3915/6250 episodes, total num timesteps 3132800/5000000, FPS 77.

incre win rate is 0.25153374233128833.
[v3 step=3920] R_mean=0.4983 | G_n_mean=6.9279 (n=5) | q_tot_pred_mean=6.8277 | drbfn_loss=0.0256, qi_loss=0.1328, qtot_loss=3.6595

 Map 5m_vs_6m Algo r_drbfn_v3 Exp v3_5m_vs_6m_5M_seed1_full updates 3920/6250 episodes, total num timesteps 3136800/5000000, FPS 77.

incre win rate is 0.24074074074074073.

 Map 5m_vs_6m Algo r_drbfn_v3 Exp v3_5m_vs_6m_5M_seed1_full updates 3925/6250 episodes, total num timesteps 3140800/5000000, FPS 77.

incre win rate is 0.2360248447204969.
eval win rate is 0.40625.
[v3 step=3930] R_mean=0.4821 | G_n_mean=6.6299 (n=5) | q_tot_pred_mean=6.7280 | drbfn_loss=0.0244, qi_loss=0.1141, qtot_loss=3.8408

 Map 5m_vs_6m Algo r_drbfn_v3 Exp v3_5m_vs_6m_5M_seed1_full updates 3930/6250 episodes, total num timesteps 3144800/5000000, FPS 77.

incre win rate is 0.2716049382716049.

 Map 5m_vs_6m Algo r_drbfn_v3 Exp v3_5m_vs_6m_5M_seed1_full updates 3935/6250 episodes, total num timesteps 3148800/5000000, FPS 77.

incre win rate is 0.294478527607362.
[v3 step=3940] R_mean=0.4712 | G_n_mean=6.4330 (n=5) | q_tot_pred_mean=6.6786 | drbfn_loss=0.0247, qi_loss=0.1273, qtot_loss=4.3508

 Map 5m_vs_6m Algo r_drbfn_v3 Exp v3_5m_vs_6m_5M_seed1_full updates 3940/6250 episodes, total num timesteps 3152800/5000000, FPS 77.

incre win rate is 0.1746987951807229.

 Map 5m_vs_6m Algo r_drbfn_v3 Exp v3_5m_vs_6m_5M_seed1_full updates 3945/6250 episodes, total num timesteps 3156800/5000000, FPS 77.

incre win rate is 0.24242424242424243.
[v3 step=3950] R_mean=0.4909 | G_n_mean=6.5590 (n=5) | q_tot_pred_mean=6.8141 | drbfn_loss=0.0227, qi_loss=0.1273, qtot_loss=3.6387

 Map 5m_vs_6m Algo r_drbfn_v3 Exp v3_5m_vs_6m_5M_seed1_full updates 3950/6250 episodes, total num timesteps 3160800/5000000, FPS 77.

incre win rate is 0.2727272727272727.
eval win rate is 0.1875.

 Map 5m_vs_6m Algo r_drbfn_v3 Exp v3_5m_vs_6m_5M_seed1_full updates 3955/6250 episodes, total num timesteps 3164800/5000000, FPS 77.

incre win rate is 0.2883435582822086.
[v3 step=3960] R_mean=0.4908 | G_n_mean=6.8199 (n=5) | q_tot_pred_mean=6.8632 | drbfn_loss=0.0242, qi_loss=0.1292, qtot_loss=3.6153

 Map 5m_vs_6m Algo r_drbfn_v3 Exp v3_5m_vs_6m_5M_seed1_full updates 3960/6250 episodes, total num timesteps 3168800/5000000, FPS 77.

incre win rate is 0.2621951219512195.

 Map 5m_vs_6m Algo r_drbfn_v3 Exp v3_5m_vs_6m_5M_seed1_full updates 3965/6250 episodes, total num timesteps 3172800/5000000, FPS 77.

incre win rate is 0.2830188679245283.
[v3 step=3970] R_mean=0.5983 | G_n_mean=7.8717 (n=5) | q_tot_pred_mean=7.5683 | drbfn_loss=0.0240, qi_loss=0.1428, qtot_loss=4.1126

 Map 5m_vs_6m Algo r_drbfn_v3 Exp v3_5m_vs_6m_5M_seed1_full updates 3970/6250 episodes, total num timesteps 3176800/5000000, FPS 77.

incre win rate is 0.3765432098765432.

 Map 5m_vs_6m Algo r_drbfn_v3 Exp v3_5m_vs_6m_5M_seed1_full updates 3975/6250 episodes, total num timesteps 3180800/5000000, FPS 77.

incre win rate is 0.31645569620253167.
eval win rate is 0.3125.
[v3 step=3980] R_mean=0.5292 | G_n_mean=7.1114 (n=5) | q_tot_pred_mean=7.1091 | drbfn_loss=0.0272, qi_loss=0.1399, qtot_loss=4.4063

 Map 5m_vs_6m Algo r_drbfn_v3 Exp v3_5m_vs_6m_5M_seed1_full updates 3980/6250 episodes, total num timesteps 3184800/5000000, FPS 77.

incre win rate is 0.3227848101265823.

 Map 5m_vs_6m Algo r_drbfn_v3 Exp v3_5m_vs_6m_5M_seed1_full updates 3985/6250 episodes, total num timesteps 3188800/5000000, FPS 77.

incre win rate is 0.40372670807453415.
[v3 step=3990] R_mean=0.5591 | G_n_mean=7.9782 (n=5) | q_tot_pred_mean=7.9334 | drbfn_loss=0.0221, qi_loss=0.1520, qtot_loss=4.5357

 Map 5m_vs_6m Algo r_drbfn_v3 Exp v3_5m_vs_6m_5M_seed1_full updates 3990/6250 episodes, total num timesteps 3192800/5000000, FPS 77.

incre win rate is 0.36477987421383645.

 Map 5m_vs_6m Algo r_drbfn_v3 Exp v3_5m_vs_6m_5M_seed1_full updates 3995/6250 episodes, total num timesteps 3196800/5000000, FPS 77.

incre win rate is 0.3416149068322981.
[v3 step=4000] R_mean=0.5477 | G_n_mean=7.6704 (n=5) | q_tot_pred_mean=7.3622 | drbfn_loss=0.0245, qi_loss=0.1431, qtot_loss=3.7940

 Map 5m_vs_6m Algo r_drbfn_v3 Exp v3_5m_vs_6m_5M_seed1_full updates 4000/6250 episodes, total num timesteps 3200800/5000000, FPS 77.

incre win rate is 0.3503184713375796.
eval win rate is 0.3125.

 Map 5m_vs_6m Algo r_drbfn_v3 Exp v3_5m_vs_6m_5M_seed1_full updates 4005/6250 episodes, total num timesteps 3204800/5000000, FPS 77.

incre win rate is 0.3584905660377358.
[v3 step=4010] R_mean=0.5350 | G_n_mean=7.2395 (n=5) | q_tot_pred_mean=7.0888 | drbfn_loss=0.0259, qi_loss=0.1540, qtot_loss=5.1638

 Map 5m_vs_6m Algo r_drbfn_v3 Exp v3_5m_vs_6m_5M_seed1_full updates 4010/6250 episodes, total num timesteps 3208800/5000000, FPS 77.

incre win rate is 0.3081761006289308.

 Map 5m_vs_6m Algo r_drbfn_v3 Exp v3_5m_vs_6m_5M_seed1_full updates 4015/6250 episodes, total num timesteps 3212800/5000000, FPS 77.

incre win rate is 0.35668789808917195.
[v3 step=4020] R_mean=0.5133 | G_n_mean=7.1077 (n=5) | q_tot_pred_mean=7.2991 | drbfn_loss=0.0263, qi_loss=0.1578, qtot_loss=4.4538

 Map 5m_vs_6m Algo r_drbfn_v3 Exp v3_5m_vs_6m_5M_seed1_full updates 4020/6250 episodes, total num timesteps 3216800/5000000, FPS 77.

incre win rate is 0.3710691823899371.

 Map 5m_vs_6m Algo r_drbfn_v3 Exp v3_5m_vs_6m_5M_seed1_full updates 4025/6250 episodes, total num timesteps 3220800/5000000, FPS 77.

incre win rate is 0.32679738562091504.
eval win rate is 0.28125.
[v3 step=4030] R_mean=0.5287 | G_n_mean=7.2043 (n=5) | q_tot_pred_mean=7.3418 | drbfn_loss=0.0252, qi_loss=0.1640, qtot_loss=4.8380

 Map 5m_vs_6m Algo r_drbfn_v3 Exp v3_5m_vs_6m_5M_seed1_full updates 4030/6250 episodes, total num timesteps 3224800/5000000, FPS 77.

incre win rate is 0.4.

 Map 5m_vs_6m Algo r_drbfn_v3 Exp v3_5m_vs_6m_5M_seed1_full updates 4035/6250 episodes, total num timesteps 3228800/5000000, FPS 77.

incre win rate is 0.3333333333333333.
[v3 step=4040] R_mean=0.5110 | G_n_mean=7.3166 (n=5) | q_tot_pred_mean=7.2689 | drbfn_loss=0.0264, qi_loss=0.1329, qtot_loss=4.5838

 Map 5m_vs_6m Algo r_drbfn_v3 Exp v3_5m_vs_6m_5M_seed1_full updates 4040/6250 episodes, total num timesteps 3232800/5000000, FPS 77.

incre win rate is 0.3821656050955414.

 Map 5m_vs_6m Algo r_drbfn_v3 Exp v3_5m_vs_6m_5M_seed1_full updates 4045/6250 episodes, total num timesteps 3236800/5000000, FPS 77.

incre win rate is 0.4.
[v3 step=4050] R_mean=0.5244 | G_n_mean=7.2484 (n=5) | q_tot_pred_mean=7.4175 | drbfn_loss=0.0255, qi_loss=0.1447, qtot_loss=4.3898

 Map 5m_vs_6m Algo r_drbfn_v3 Exp v3_5m_vs_6m_5M_seed1_full updates 4050/6250 episodes, total num timesteps 3240800/5000000, FPS 77.

incre win rate is 0.3419354838709677.
eval win rate is 0.40625.

 Map 5m_vs_6m Algo r_drbfn_v3 Exp v3_5m_vs_6m_5M_seed1_full updates 4055/6250 episodes, total num timesteps 3244800/5000000, FPS 77.

incre win rate is 0.39622641509433965.
[v3 step=4060] R_mean=0.5120 | G_n_mean=7.1680 (n=5) | q_tot_pred_mean=7.3638 | drbfn_loss=0.0247, qi_loss=0.1648, qtot_loss=3.8747

 Map 5m_vs_6m Algo r_drbfn_v3 Exp v3_5m_vs_6m_5M_seed1_full updates 4060/6250 episodes, total num timesteps 3248800/5000000, FPS 77.

incre win rate is 0.39490445859872614.

 Map 5m_vs_6m Algo r_drbfn_v3 Exp v3_5m_vs_6m_5M_seed1_full updates 4065/6250 episodes, total num timesteps 3252800/5000000, FPS 77.

incre win rate is 0.30434782608695654.
[v3 step=4070] R_mean=0.5302 | G_n_mean=7.0521 (n=5) | q_tot_pred_mean=6.9408 | drbfn_loss=0.0238, qi_loss=0.1512, qtot_loss=4.4555

 Map 5m_vs_6m Algo r_drbfn_v3 Exp v3_5m_vs_6m_5M_seed1_full updates 4070/6250 episodes, total num timesteps 3256800/5000000, FPS 77.

incre win rate is 0.35.

 Map 5m_vs_6m Algo r_drbfn_v3 Exp v3_5m_vs_6m_5M_seed1_full updates 4075/6250 episodes, total num timesteps 3260800/5000000, FPS 77.

incre win rate is 0.34810126582278483.
eval win rate is 0.21875.
[v3 step=4080] R_mean=0.5125 | G_n_mean=6.9994 (n=5) | q_tot_pred_mean=6.8307 | drbfn_loss=0.0259, qi_loss=0.1487, qtot_loss=4.3624

 Map 5m_vs_6m Algo r_drbfn_v3 Exp v3_5m_vs_6m_5M_seed1_full updates 4080/6250 episodes, total num timesteps 3264800/5000000, FPS 77.

incre win rate is 0.29559748427672955.

 Map 5m_vs_6m Algo r_drbfn_v3 Exp v3_5m_vs_6m_5M_seed1_full updates 4085/6250 episodes, total num timesteps 3268800/5000000, FPS 77.

incre win rate is 0.34615384615384615.
[v3 step=4090] R_mean=0.5925 | G_n_mean=7.9659 (n=5) | q_tot_pred_mean=7.8414 | drbfn_loss=0.0247, qi_loss=0.1729, qtot_loss=5.1701

 Map 5m_vs_6m Algo r_drbfn_v3 Exp v3_5m_vs_6m_5M_seed1_full updates 4090/6250 episodes, total num timesteps 3272800/5000000, FPS 77.

incre win rate is 0.3670886075949367.

 Map 5m_vs_6m Algo r_drbfn_v3 Exp v3_5m_vs_6m_5M_seed1_full updates 4095/6250 episodes, total num timesteps 3276800/5000000, FPS 77.

incre win rate is 0.3630573248407643.
[v3 step=4100] R_mean=0.5950 | G_n_mean=7.8660 (n=5) | q_tot_pred_mean=7.6099 | drbfn_loss=0.0243, qi_loss=0.1774, qtot_loss=5.2035

 Map 5m_vs_6m Algo r_drbfn_v3 Exp v3_5m_vs_6m_5M_seed1_full updates 4100/6250 episodes, total num timesteps 3280800/5000000, FPS 77.

incre win rate is 0.41139240506329117.
eval win rate is 0.21875.

 Map 5m_vs_6m Algo r_drbfn_v3 Exp v3_5m_vs_6m_5M_seed1_full updates 4105/6250 episodes, total num timesteps 3284800/5000000, FPS 77.

incre win rate is 0.3248407643312102.
[v3 step=4110] R_mean=0.4882 | G_n_mean=6.5677 (n=5) | q_tot_pred_mean=6.6381 | drbfn_loss=0.0242, qi_loss=0.1856, qtot_loss=4.0070

 Map 5m_vs_6m Algo r_drbfn_v3 Exp v3_5m_vs_6m_5M_seed1_full updates 4110/6250 episodes, total num timesteps 3288800/5000000, FPS 77.

incre win rate is 0.35443037974683544.

 Map 5m_vs_6m Algo r_drbfn_v3 Exp v3_5m_vs_6m_5M_seed1_full updates 4115/6250 episodes, total num timesteps 3292800/5000000, FPS 77.

incre win rate is 0.31210191082802546.
[v3 step=4120] R_mean=0.5756 | G_n_mean=7.7733 (n=5) | q_tot_pred_mean=7.4828 | drbfn_loss=0.0257, qi_loss=0.1560, qtot_loss=4.6415

 Map 5m_vs_6m Algo r_drbfn_v3 Exp v3_5m_vs_6m_5M_seed1_full updates 4120/6250 episodes, total num timesteps 3296800/5000000, FPS 77.

incre win rate is 0.3248407643312102.

 Map 5m_vs_6m Algo r_drbfn_v3 Exp v3_5m_vs_6m_5M_seed1_full updates 4125/6250 episodes, total num timesteps 3300800/5000000, FPS 77.

incre win rate is 0.3018867924528302.
eval win rate is 0.375.
[v3 step=4130] R_mean=0.5535 | G_n_mean=7.3188 (n=5) | q_tot_pred_mean=7.0501 | drbfn_loss=0.0259, qi_loss=0.1746, qtot_loss=4.4728

 Map 5m_vs_6m Algo r_drbfn_v3 Exp v3_5m_vs_6m_5M_seed1_full updates 4130/6250 episodes, total num timesteps 3304800/5000000, FPS 77.

incre win rate is 0.27607361963190186.

 Map 5m_vs_6m Algo r_drbfn_v3 Exp v3_5m_vs_6m_5M_seed1_full updates 4135/6250 episodes, total num timesteps 3308800/5000000, FPS 77.

incre win rate is 0.3018867924528302.
[v3 step=4140] R_mean=0.5500 | G_n_mean=7.3098 (n=5) | q_tot_pred_mean=7.1401 | drbfn_loss=0.0253, qi_loss=0.1648, qtot_loss=4.3727

 Map 5m_vs_6m Algo r_drbfn_v3 Exp v3_5m_vs_6m_5M_seed1_full updates 4140/6250 episodes, total num timesteps 3312800/5000000, FPS 77.

incre win rate is 0.3081761006289308.

 Map 5m_vs_6m Algo r_drbfn_v3 Exp v3_5m_vs_6m_5M_seed1_full updates 4145/6250 episodes, total num timesteps 3316800/5000000, FPS 77.

incre win rate is 0.27848101265822783.
[v3 step=4150] R_mean=0.5374 | G_n_mean=7.2530 (n=5) | q_tot_pred_mean=7.0773 | drbfn_loss=0.0256, qi_loss=0.1817, qtot_loss=4.3450

 Map 5m_vs_6m Algo r_drbfn_v3 Exp v3_5m_vs_6m_5M_seed1_full updates 4150/6250 episodes, total num timesteps 3320800/5000000, FPS 77.

incre win rate is 0.2857142857142857.
eval win rate is 0.34375.

 Map 5m_vs_6m Algo r_drbfn_v3 Exp v3_5m_vs_6m_5M_seed1_full updates 4155/6250 episodes, total num timesteps 3324800/5000000, FPS 77.

incre win rate is 0.3270440251572327.
[v3 step=4160] R_mean=0.5313 | G_n_mean=7.3749 (n=5) | q_tot_pred_mean=7.3941 | drbfn_loss=0.0255, qi_loss=0.1769, qtot_loss=4.5893

 Map 5m_vs_6m Algo r_drbfn_v3 Exp v3_5m_vs_6m_5M_seed1_full updates 4160/6250 episodes, total num timesteps 3328800/5000000, FPS 77.

incre win rate is 0.32098765432098764.

 Map 5m_vs_6m Algo r_drbfn_v3 Exp v3_5m_vs_6m_5M_seed1_full updates 4165/6250 episodes, total num timesteps 3332800/5000000, FPS 77.

incre win rate is 0.31645569620253167.
[v3 step=4170] R_mean=0.5232 | G_n_mean=7.4464 (n=5) | q_tot_pred_mean=7.7281 | drbfn_loss=0.0239, qi_loss=0.1683, qtot_loss=4.7856

 Map 5m_vs_6m Algo r_drbfn_v3 Exp v3_5m_vs_6m_5M_seed1_full updates 4170/6250 episodes, total num timesteps 3336800/5000000, FPS 77.

incre win rate is 0.3790849673202614.

 Map 5m_vs_6m Algo r_drbfn_v3 Exp v3_5m_vs_6m_5M_seed1_full updates 4175/6250 episodes, total num timesteps 3340800/5000000, FPS 77.

incre win rate is 0.3503184713375796.
eval win rate is 0.5625.
[v3 step=4180] R_mean=0.5010 | G_n_mean=6.7603 (n=5) | q_tot_pred_mean=6.6996 | drbfn_loss=0.0255, qi_loss=0.1861, qtot_loss=4.7122

 Map 5m_vs_6m Algo r_drbfn_v3 Exp v3_5m_vs_6m_5M_seed1_full updates 4180/6250 episodes, total num timesteps 3344800/5000000, FPS 77.

incre win rate is 0.24691358024691357.

 Map 5m_vs_6m Algo r_drbfn_v3 Exp v3_5m_vs_6m_5M_seed1_full updates 4185/6250 episodes, total num timesteps 3348800/5000000, FPS 77.

incre win rate is 0.24691358024691357.
[v3 step=4190] R_mean=0.5453 | G_n_mean=7.7373 (n=5) | q_tot_pred_mean=7.5179 | drbfn_loss=0.0223, qi_loss=0.1708, qtot_loss=4.6796

 Map 5m_vs_6m Algo r_drbfn_v3 Exp v3_5m_vs_6m_5M_seed1_full updates 4190/6250 episodes, total num timesteps 3352800/5000000, FPS 77.

incre win rate is 0.2621951219512195.

 Map 5m_vs_6m Algo r_drbfn_v3 Exp v3_5m_vs_6m_5M_seed1_full updates 4195/6250 episodes, total num timesteps 3356800/5000000, FPS 77.

incre win rate is 0.37037037037037035.
[v3 step=4200] R_mean=0.5773 | G_n_mean=7.7046 (n=5) | q_tot_pred_mean=7.6668 | drbfn_loss=0.0259, qi_loss=0.1696, qtot_loss=4.9548

 Map 5m_vs_6m Algo r_drbfn_v3 Exp v3_5m_vs_6m_5M_seed1_full updates 4200/6250 episodes, total num timesteps 3360800/5000000, FPS 77.

incre win rate is 0.35403726708074534.
eval win rate is 0.15625.

 Map 5m_vs_6m Algo r_drbfn_v3 Exp v3_5m_vs_6m_5M_seed1_full updates 4205/6250 episodes, total num timesteps 3364800/5000000, FPS 77.

incre win rate is 0.33125.
[v3 step=4210] R_mean=0.5249 | G_n_mean=7.0305 (n=5) | q_tot_pred_mean=6.9906 | drbfn_loss=0.0241, qi_loss=0.1841, qtot_loss=4.2430

 Map 5m_vs_6m Algo r_drbfn_v3 Exp v3_5m_vs_6m_5M_seed1_full updates 4210/6250 episodes, total num timesteps 3368800/5000000, FPS 77.

incre win rate is 0.296969696969697.

 Map 5m_vs_6m Algo r_drbfn_v3 Exp v3_5m_vs_6m_5M_seed1_full updates 4215/6250 episodes, total num timesteps 3372800/5000000, FPS 77.

incre win rate is 0.35.
[v3 step=4220] R_mean=0.5563 | G_n_mean=7.6767 (n=5) | q_tot_pred_mean=7.6560 | drbfn_loss=0.0262, qi_loss=0.1832, qtot_loss=4.8788

 Map 5m_vs_6m Algo r_drbfn_v3 Exp v3_5m_vs_6m_5M_seed1_full updates 4220/6250 episodes, total num timesteps 3376800/5000000, FPS 76.

incre win rate is 0.3630573248407643.

 Map 5m_vs_6m Algo r_drbfn_v3 Exp v3_5m_vs_6m_5M_seed1_full updates 4225/6250 episodes, total num timesteps 3380800/5000000, FPS 76.

incre win rate is 0.389937106918239.
eval win rate is 0.40625.
[v3 step=4230] R_mean=0.5351 | G_n_mean=7.4255 (n=5) | q_tot_pred_mean=7.6457 | drbfn_loss=0.0244, qi_loss=0.1575, qtot_loss=3.7801

 Map 5m_vs_6m Algo r_drbfn_v3 Exp v3_5m_vs_6m_5M_seed1_full updates 4230/6250 episodes, total num timesteps 3384800/5000000, FPS 76.

incre win rate is 0.36477987421383645.

 Map 5m_vs_6m Algo r_drbfn_v3 Exp v3_5m_vs_6m_5M_seed1_full updates 4235/6250 episodes, total num timesteps 3388800/5000000, FPS 76.

incre win rate is 0.43137254901960786.
[v3 step=4240] R_mean=0.5819 | G_n_mean=7.9483 (n=5) | q_tot_pred_mean=7.8783 | drbfn_loss=0.0254, qi_loss=0.1910, qtot_loss=4.4304

 Map 5m_vs_6m Algo r_drbfn_v3 Exp v3_5m_vs_6m_5M_seed1_full updates 4240/6250 episodes, total num timesteps 3392800/5000000, FPS 76.

incre win rate is 0.41509433962264153.

 Map 5m_vs_6m Algo r_drbfn_v3 Exp v3_5m_vs_6m_5M_seed1_full updates 4245/6250 episodes, total num timesteps 3396800/5000000, FPS 76.

incre win rate is 0.32075471698113206.
[v3 step=4250] R_mean=0.5670 | G_n_mean=7.7035 (n=5) | q_tot_pred_mean=7.5259 | drbfn_loss=0.0250, qi_loss=0.1736, qtot_loss=4.4151

 Map 5m_vs_6m Algo r_drbfn_v3 Exp v3_5m_vs_6m_5M_seed1_full updates 4250/6250 episodes, total num timesteps 3400800/5000000, FPS 76.

incre win rate is 0.3987341772151899.
eval win rate is 0.53125.

 Map 5m_vs_6m Algo r_drbfn_v3 Exp v3_5m_vs_6m_5M_seed1_full updates 4255/6250 episodes, total num timesteps 3404800/5000000, FPS 76.

incre win rate is 0.34591194968553457.
[v3 step=4260] R_mean=0.5059 | G_n_mean=6.8817 (n=5) | q_tot_pred_mean=6.8919 | drbfn_loss=0.0261, qi_loss=0.1795, qtot_loss=3.5218

 Map 5m_vs_6m Algo r_drbfn_v3 Exp v3_5m_vs_6m_5M_seed1_full updates 4260/6250 episodes, total num timesteps 3408800/5000000, FPS 76.

incre win rate is 0.33544303797468356.

 Map 5m_vs_6m Algo r_drbfn_v3 Exp v3_5m_vs_6m_5M_seed1_full updates 4265/6250 episodes, total num timesteps 3412800/5000000, FPS 76.

incre win rate is 0.34177215189873417.
[v3 step=4270] R_mean=0.5183 | G_n_mean=7.1523 (n=5) | q_tot_pred_mean=7.3879 | drbfn_loss=0.0238, qi_loss=0.1824, qtot_loss=4.4864

 Map 5m_vs_6m Algo r_drbfn_v3 Exp v3_5m_vs_6m_5M_seed1_full updates 4270/6250 episodes, total num timesteps 3416800/5000000, FPS 76.

incre win rate is 0.32098765432098764.

 Map 5m_vs_6m Algo r_drbfn_v3 Exp v3_5m_vs_6m_5M_seed1_full updates 4275/6250 episodes, total num timesteps 3420800/5000000, FPS 76.

incre win rate is 0.23170731707317074.
eval win rate is 0.21875.
[v3 step=4280] R_mean=0.5187 | G_n_mean=7.2746 (n=5) | q_tot_pred_mean=7.2851 | drbfn_loss=0.0241, qi_loss=0.1873, qtot_loss=3.6086

 Map 5m_vs_6m Algo r_drbfn_v3 Exp v3_5m_vs_6m_5M_seed1_full updates 4280/6250 episodes, total num timesteps 3424800/5000000, FPS 76.

incre win rate is 0.310126582278481.

 Map 5m_vs_6m Algo r_drbfn_v3 Exp v3_5m_vs_6m_5M_seed1_full updates 4285/6250 episodes, total num timesteps 3428800/5000000, FPS 76.

incre win rate is 0.2484472049689441.
[v3 step=4290] R_mean=0.5312 | G_n_mean=7.4433 (n=5) | q_tot_pred_mean=7.1844 | drbfn_loss=0.0236, qi_loss=0.1905, qtot_loss=4.8849

 Map 5m_vs_6m Algo r_drbfn_v3 Exp v3_5m_vs_6m_5M_seed1_full updates 4290/6250 episodes, total num timesteps 3432800/5000000, FPS 76.

incre win rate is 0.3125.

 Map 5m_vs_6m Algo r_drbfn_v3 Exp v3_5m_vs_6m_5M_seed1_full updates 4295/6250 episodes, total num timesteps 3436800/5000000, FPS 76.

incre win rate is 0.3625.
[v3 step=4300] R_mean=0.5456 | G_n_mean=7.2178 (n=5) | q_tot_pred_mean=7.1413 | drbfn_loss=0.0268, qi_loss=0.1924, qtot_loss=4.7094

 Map 5m_vs_6m Algo r_drbfn_v3 Exp v3_5m_vs_6m_5M_seed1_full updates 4300/6250 episodes, total num timesteps 3440800/5000000, FPS 76.

incre win rate is 0.3375796178343949.
eval win rate is 0.46875.

 Map 5m_vs_6m Algo r_drbfn_v3 Exp v3_5m_vs_6m_5M_seed1_full updates 4305/6250 episodes, total num timesteps 3444800/5000000, FPS 76.

incre win rate is 0.2777777777777778.
[v3 step=4310] R_mean=0.5008 | G_n_mean=6.7077 (n=5) | q_tot_pred_mean=7.0128 | drbfn_loss=0.0234, qi_loss=0.2119, qtot_loss=5.0370

 Map 5m_vs_6m Algo r_drbfn_v3 Exp v3_5m_vs_6m_5M_seed1_full updates 4310/6250 episodes, total num timesteps 3448800/5000000, FPS 76.

incre win rate is 0.33962264150943394.

 Map 5m_vs_6m Algo r_drbfn_v3 Exp v3_5m_vs_6m_5M_seed1_full updates 4315/6250 episodes, total num timesteps 3452800/5000000, FPS 76.

incre win rate is 0.31645569620253167.
[v3 step=4320] R_mean=0.5113 | G_n_mean=6.8752 (n=5) | q_tot_pred_mean=6.7866 | drbfn_loss=0.0236, qi_loss=0.1931, qtot_loss=4.6248

 Map 5m_vs_6m Algo r_drbfn_v3 Exp v3_5m_vs_6m_5M_seed1_full updates 4320/6250 episodes, total num timesteps 3456800/5000000, FPS 76.

incre win rate is 0.2919254658385093.

 Map 5m_vs_6m Algo r_drbfn_v3 Exp v3_5m_vs_6m_5M_seed1_full updates 4325/6250 episodes, total num timesteps 3460800/5000000, FPS 76.

incre win rate is 0.3584905660377358.
eval win rate is 0.4375.
[v3 step=4330] R_mean=0.5562 | G_n_mean=7.4968 (n=5) | q_tot_pred_mean=7.5504 | drbfn_loss=0.0238, qi_loss=0.1893, qtot_loss=4.9565

 Map 5m_vs_6m Algo r_drbfn_v3 Exp v3_5m_vs_6m_5M_seed1_full updates 4330/6250 episodes, total num timesteps 3464800/5000000, FPS 76.

incre win rate is 0.37037037037037035.

 Map 5m_vs_6m Algo r_drbfn_v3 Exp v3_5m_vs_6m_5M_seed1_full updates 4335/6250 episodes, total num timesteps 3468800/5000000, FPS 76.

incre win rate is 0.325.
[v3 step=4340] R_mean=0.5401 | G_n_mean=7.6586 (n=5) | q_tot_pred_mean=7.5776 | drbfn_loss=0.0243, qi_loss=0.2136, qtot_loss=4.1663

 Map 5m_vs_6m Algo r_drbfn_v3 Exp v3_5m_vs_6m_5M_seed1_full updates 4340/6250 episodes, total num timesteps 3472800/5000000, FPS 76.

incre win rate is 0.42038216560509556.

 Map 5m_vs_6m Algo r_drbfn_v3 Exp v3_5m_vs_6m_5M_seed1_full updates 4345/6250 episodes, total num timesteps 3476800/5000000, FPS 76.

incre win rate is 0.36477987421383645.
[v3 step=4350] R_mean=0.5393 | G_n_mean=7.4987 (n=5) | q_tot_pred_mean=7.3816 | drbfn_loss=0.0261, qi_loss=0.2080, qtot_loss=3.3160

 Map 5m_vs_6m Algo r_drbfn_v3 Exp v3_5m_vs_6m_5M_seed1_full updates 4350/6250 episodes, total num timesteps 3480800/5000000, FPS 76.

incre win rate is 0.34375.
eval win rate is 0.28125.

 Map 5m_vs_6m Algo r_drbfn_v3 Exp v3_5m_vs_6m_5M_seed1_full updates 4355/6250 episodes, total num timesteps 3484800/5000000, FPS 76.

incre win rate is 0.4240506329113924.
[v3 step=4360] R_mean=0.5400 | G_n_mean=7.5257 (n=5) | q_tot_pred_mean=7.5797 | drbfn_loss=0.0227, qi_loss=0.1956, qtot_loss=3.6314

 Map 5m_vs_6m Algo r_drbfn_v3 Exp v3_5m_vs_6m_5M_seed1_full updates 4360/6250 episodes, total num timesteps 3488800/5000000, FPS 76.

incre win rate is 0.36774193548387096.

 Map 5m_vs_6m Algo r_drbfn_v3 Exp v3_5m_vs_6m_5M_seed1_full updates 4365/6250 episodes, total num timesteps 3492800/5000000, FPS 76.

incre win rate is 0.389937106918239.
[v3 step=4370] R_mean=0.5075 | G_n_mean=7.0591 (n=5) | q_tot_pred_mean=7.4507 | drbfn_loss=0.0240, qi_loss=0.1861, qtot_loss=4.3106

 Map 5m_vs_6m Algo r_drbfn_v3 Exp v3_5m_vs_6m_5M_seed1_full updates 4370/6250 episodes, total num timesteps 3496800/5000000, FPS 76.

incre win rate is 0.32298136645962733.

 Map 5m_vs_6m Algo r_drbfn_v3 Exp v3_5m_vs_6m_5M_seed1_full updates 4375/6250 episodes, total num timesteps 3500800/5000000, FPS 76.

incre win rate is 0.4110429447852761.
eval win rate is 0.5.
[v3 step=4380] R_mean=0.5360 | G_n_mean=7.1015 (n=5) | q_tot_pred_mean=7.1967 | drbfn_loss=0.0239, qi_loss=0.2051, qtot_loss=4.4160

 Map 5m_vs_6m Algo r_drbfn_v3 Exp v3_5m_vs_6m_5M_seed1_full updates 4380/6250 episodes, total num timesteps 3504800/5000000, FPS 76.

incre win rate is 0.32298136645962733.

 Map 5m_vs_6m Algo r_drbfn_v3 Exp v3_5m_vs_6m_5M_seed1_full updates 4385/6250 episodes, total num timesteps 3508800/5000000, FPS 76.

incre win rate is 0.391304347826087.
[v3 step=4390] R_mean=0.5618 | G_n_mean=7.8362 (n=5) | q_tot_pred_mean=7.4392 | drbfn_loss=0.0258, qi_loss=0.1970, qtot_loss=5.3513

 Map 5m_vs_6m Algo r_drbfn_v3 Exp v3_5m_vs_6m_5M_seed1_full updates 4390/6250 episodes, total num timesteps 3512800/5000000, FPS 76.

incre win rate is 0.36875.

 Map 5m_vs_6m Algo r_drbfn_v3 Exp v3_5m_vs_6m_5M_seed1_full updates 4395/6250 episodes, total num timesteps 3516800/5000000, FPS 76.

incre win rate is 0.33962264150943394.
[v3 step=4400] R_mean=0.5599 | G_n_mean=7.7586 (n=5) | q_tot_pred_mean=7.6260 | drbfn_loss=0.0234, qi_loss=0.1928, qtot_loss=4.5040

 Map 5m_vs_6m Algo r_drbfn_v3 Exp v3_5m_vs_6m_5M_seed1_full updates 4400/6250 episodes, total num timesteps 3520800/5000000, FPS 76.

incre win rate is 0.375.
eval win rate is 0.28125.

 Map 5m_vs_6m Algo r_drbfn_v3 Exp v3_5m_vs_6m_5M_seed1_full updates 4405/6250 episodes, total num timesteps 3524800/5000000, FPS 76.

incre win rate is 0.3525641025641026.
[v3 step=4410] R_mean=0.5754 | G_n_mean=8.0174 (n=5) | q_tot_pred_mean=7.5307 | drbfn_loss=0.0217, qi_loss=0.2022, qtot_loss=4.6287

 Map 5m_vs_6m Algo r_drbfn_v3 Exp v3_5m_vs_6m_5M_seed1_full updates 4410/6250 episodes, total num timesteps 3528800/5000000, FPS 76.

incre win rate is 0.3184713375796178.

 Map 5m_vs_6m Algo r_drbfn_v3 Exp v3_5m_vs_6m_5M_seed1_full updates 4415/6250 episodes, total num timesteps 3532800/5000000, FPS 76.

incre win rate is 0.36875.
[v3 step=4420] R_mean=0.6060 | G_n_mean=8.0941 (n=5) | q_tot_pred_mean=7.8744 | drbfn_loss=0.0251, qi_loss=0.2447, qtot_loss=4.7108

 Map 5m_vs_6m Algo r_drbfn_v3 Exp v3_5m_vs_6m_5M_seed1_full updates 4420/6250 episodes, total num timesteps 3536800/5000000, FPS 76.

incre win rate is 0.379746835443038.

 Map 5m_vs_6m Algo r_drbfn_v3 Exp v3_5m_vs_6m_5M_seed1_full updates 4425/6250 episodes, total num timesteps 3540800/5000000, FPS 76.

incre win rate is 0.3584905660377358.
eval win rate is 0.34375.
[v3 step=4430] R_mean=0.5710 | G_n_mean=7.7708 (n=5) | q_tot_pred_mean=7.5594 | drbfn_loss=0.0276, qi_loss=0.2119, qtot_loss=5.2815

 Map 5m_vs_6m Algo r_drbfn_v3 Exp v3_5m_vs_6m_5M_seed1_full updates 4430/6250 episodes, total num timesteps 3544800/5000000, FPS 76.

incre win rate is 0.34615384615384615.

 Map 5m_vs_6m Algo r_drbfn_v3 Exp v3_5m_vs_6m_5M_seed1_full updates 4435/6250 episodes, total num timesteps 3548800/5000000, FPS 76.

incre win rate is 0.4012345679012346.
[v3 step=4440] R_mean=0.5417 | G_n_mean=7.2431 (n=5) | q_tot_pred_mean=7.2170 | drbfn_loss=0.0219, qi_loss=0.2376, qtot_loss=3.7975

 Map 5m_vs_6m Algo r_drbfn_v3 Exp v3_5m_vs_6m_5M_seed1_full updates 4440/6250 episodes, total num timesteps 3552800/5000000, FPS 76.

incre win rate is 0.3416149068322981.

 Map 5m_vs_6m Algo r_drbfn_v3 Exp v3_5m_vs_6m_5M_seed1_full updates 4445/6250 episodes, total num timesteps 3556800/5000000, FPS 76.

incre win rate is 0.3860759493670886.
[v3 step=4450] R_mean=0.5650 | G_n_mean=7.5205 (n=5) | q_tot_pred_mean=7.5643 | drbfn_loss=0.0233, qi_loss=0.2343, qtot_loss=3.8982

 Map 5m_vs_6m Algo r_drbfn_v3 Exp v3_5m_vs_6m_5M_seed1_full updates 4450/6250 episodes, total num timesteps 3560800/5000000, FPS 76.

incre win rate is 0.3312883435582822.
eval win rate is 0.5.

 Map 5m_vs_6m Algo r_drbfn_v3 Exp v3_5m_vs_6m_5M_seed1_full updates 4455/6250 episodes, total num timesteps 3564800/5000000, FPS 76.

incre win rate is 0.36419753086419754.
[v3 step=4460] R_mean=0.5095 | G_n_mean=7.3077 (n=5) | q_tot_pred_mean=7.4256 | drbfn_loss=0.0238, qi_loss=0.2245, qtot_loss=4.5267

 Map 5m_vs_6m Algo r_drbfn_v3 Exp v3_5m_vs_6m_5M_seed1_full updates 4460/6250 episodes, total num timesteps 3568800/5000000, FPS 76.

incre win rate is 0.3167701863354037.

 Map 5m_vs_6m Algo r_drbfn_v3 Exp v3_5m_vs_6m_5M_seed1_full updates 4465/6250 episodes, total num timesteps 3572800/5000000, FPS 76.

incre win rate is 0.4267515923566879.
[v3 step=4470] R_mean=0.5260 | G_n_mean=7.3173 (n=5) | q_tot_pred_mean=7.7161 | drbfn_loss=0.0263, qi_loss=0.2396, qtot_loss=5.6882

 Map 5m_vs_6m Algo r_drbfn_v3 Exp v3_5m_vs_6m_5M_seed1_full updates 4470/6250 episodes, total num timesteps 3576800/5000000, FPS 76.

incre win rate is 0.3836477987421384.

 Map 5m_vs_6m Algo r_drbfn_v3 Exp v3_5m_vs_6m_5M_seed1_full updates 4475/6250 episodes, total num timesteps 3580800/5000000, FPS 76.

incre win rate is 0.40764331210191085.
eval win rate is 0.40625.
[v3 step=4480] R_mean=0.5204 | G_n_mean=7.3281 (n=5) | q_tot_pred_mean=7.2650 | drbfn_loss=0.0244, qi_loss=0.1905, qtot_loss=4.2997

 Map 5m_vs_6m Algo r_drbfn_v3 Exp v3_5m_vs_6m_5M_seed1_full updates 4480/6250 episodes, total num timesteps 3584800/5000000, FPS 76.

incre win rate is 0.36129032258064514.

 Map 5m_vs_6m Algo r_drbfn_v3 Exp v3_5m_vs_6m_5M_seed1_full updates 4485/6250 episodes, total num timesteps 3588800/5000000, FPS 76.

incre win rate is 0.3090909090909091.
[v3 step=4490] R_mean=0.5035 | G_n_mean=6.9222 (n=5) | q_tot_pred_mean=7.1465 | drbfn_loss=0.0236, qi_loss=0.2631, qtot_loss=5.2558

 Map 5m_vs_6m Algo r_drbfn_v3 Exp v3_5m_vs_6m_5M_seed1_full updates 4490/6250 episodes, total num timesteps 3592800/5000000, FPS 76.

incre win rate is 0.35668789808917195.

 Map 5m_vs_6m Algo r_drbfn_v3 Exp v3_5m_vs_6m_5M_seed1_full updates 4495/6250 episodes, total num timesteps 3596800/5000000, FPS 76.

incre win rate is 0.36477987421383645.
[v3 step=4500] R_mean=0.5464 | G_n_mean=7.5453 (n=5) | q_tot_pred_mean=7.7094 | drbfn_loss=0.0237, qi_loss=0.2066, qtot_loss=4.2449

 Map 5m_vs_6m Algo r_drbfn_v3 Exp v3_5m_vs_6m_5M_seed1_full updates 4500/6250 episodes, total num timesteps 3600800/5000000, FPS 76.

incre win rate is 0.41139240506329117.
eval win rate is 0.4375.

 Map 5m_vs_6m Algo r_drbfn_v3 Exp v3_5m_vs_6m_5M_seed1_full updates 4505/6250 episodes, total num timesteps 3604800/5000000, FPS 76.

incre win rate is 0.37735849056603776.
[v3 step=4510] R_mean=0.5737 | G_n_mean=8.1095 (n=5) | q_tot_pred_mean=7.8871 | drbfn_loss=0.0251, qi_loss=0.2388, qtot_loss=3.9592

 Map 5m_vs_6m Algo r_drbfn_v3 Exp v3_5m_vs_6m_5M_seed1_full updates 4510/6250 episodes, total num timesteps 3608800/5000000, FPS 76.

incre win rate is 0.4240506329113924.

 Map 5m_vs_6m Algo r_drbfn_v3 Exp v3_5m_vs_6m_5M_seed1_full updates 4515/6250 episodes, total num timesteps 3612800/5000000, FPS 76.

incre win rate is 0.474025974025974.
[v3 step=4520] R_mean=0.5642 | G_n_mean=8.0830 (n=5) | q_tot_pred_mean=8.0098 | drbfn_loss=0.0253, qi_loss=0.2425, qtot_loss=5.0278

 Map 5m_vs_6m Algo r_drbfn_v3 Exp v3_5m_vs_6m_5M_seed1_full updates 4520/6250 episodes, total num timesteps 3616800/5000000, FPS 76.

incre win rate is 0.4551282051282051.

 Map 5m_vs_6m Algo r_drbfn_v3 Exp v3_5m_vs_6m_5M_seed1_full updates 4525/6250 episodes, total num timesteps 3620800/5000000, FPS 76.

incre win rate is 0.4230769230769231.
eval win rate is 0.625.
[v3 step=4530] R_mean=0.5158 | G_n_mean=7.2621 (n=5) | q_tot_pred_mean=7.3320 | drbfn_loss=0.0272, qi_loss=0.2386, qtot_loss=4.9384

 Map 5m_vs_6m Algo r_drbfn_v3 Exp v3_5m_vs_6m_5M_seed1_full updates 4530/6250 episodes, total num timesteps 3624800/5000000, FPS 76.

incre win rate is 0.39375.

 Map 5m_vs_6m Algo r_drbfn_v3 Exp v3_5m_vs_6m_5M_seed1_full updates 4535/6250 episodes, total num timesteps 3628800/5000000, FPS 76.

incre win rate is 0.3710691823899371.
[v3 step=4540] R_mean=0.5442 | G_n_mean=7.6550 (n=5) | q_tot_pred_mean=7.8043 | drbfn_loss=0.0246, qi_loss=0.3119, qtot_loss=6.0533

 Map 5m_vs_6m Algo r_drbfn_v3 Exp v3_5m_vs_6m_5M_seed1_full updates 4540/6250 episodes, total num timesteps 3632800/5000000, FPS 76.

incre win rate is 0.45806451612903226.

 Map 5m_vs_6m Algo r_drbfn_v3 Exp v3_5m_vs_6m_5M_seed1_full updates 4545/6250 episodes, total num timesteps 3636800/5000000, FPS 76.

incre win rate is 0.3630573248407643.
[v3 step=4550] R_mean=0.5964 | G_n_mean=8.1120 (n=5) | q_tot_pred_mean=7.6784 | drbfn_loss=0.0239, qi_loss=0.2561, qtot_loss=5.1063

 Map 5m_vs_6m Algo r_drbfn_v3 Exp v3_5m_vs_6m_5M_seed1_full updates 4550/6250 episodes, total num timesteps 3640800/5000000, FPS 76.

incre win rate is 0.38271604938271603.
eval win rate is 0.28125.

 Map 5m_vs_6m Algo r_drbfn_v3 Exp v3_5m_vs_6m_5M_seed1_full updates 4555/6250 episodes, total num timesteps 3644800/5000000, FPS 76.

incre win rate is 0.4088050314465409.
[v3 step=4560] R_mean=0.5838 | G_n_mean=8.1588 (n=5) | q_tot_pred_mean=8.2136 | drbfn_loss=0.0256, qi_loss=0.2462, qtot_loss=5.0404

 Map 5m_vs_6m Algo r_drbfn_v3 Exp v3_5m_vs_6m_5M_seed1_full updates 4560/6250 episodes, total num timesteps 3648800/5000000, FPS 76.

incre win rate is 0.4240506329113924.

 Map 5m_vs_6m Algo r_drbfn_v3 Exp v3_5m_vs_6m_5M_seed1_full updates 4565/6250 episodes, total num timesteps 3652800/5000000, FPS 76.

incre win rate is 0.45569620253164556.
[v3 step=4570] R_mean=0.5681 | G_n_mean=8.0439 (n=5) | q_tot_pred_mean=8.1323 | drbfn_loss=0.0214, qi_loss=0.2356, qtot_loss=4.6349

 Map 5m_vs_6m Algo r_drbfn_v3 Exp v3_5m_vs_6m_5M_seed1_full updates 4570/6250 episodes, total num timesteps 3656800/5000000, FPS 76.

incre win rate is 0.4088050314465409.

 Map 5m_vs_6m Algo r_drbfn_v3 Exp v3_5m_vs_6m_5M_seed1_full updates 4575/6250 episodes, total num timesteps 3660800/5000000, FPS 76.

incre win rate is 0.40764331210191085.
eval win rate is 0.46875.
[v3 step=4580] R_mean=0.5073 | G_n_mean=7.4547 (n=5) | q_tot_pred_mean=7.7722 | drbfn_loss=0.0249, qi_loss=0.2371, qtot_loss=4.1252

 Map 5m_vs_6m Algo r_drbfn_v3 Exp v3_5m_vs_6m_5M_seed1_full updates 4580/6250 episodes, total num timesteps 3664800/5000000, FPS 76.

incre win rate is 0.3987341772151899.

 Map 5m_vs_6m Algo r_drbfn_v3 Exp v3_5m_vs_6m_5M_seed1_full updates 4585/6250 episodes, total num timesteps 3668800/5000000, FPS 76.

incre win rate is 0.36075949367088606.
[v3 step=4590] R_mean=0.5941 | G_n_mean=8.3650 (n=5) | q_tot_pred_mean=8.1018 | drbfn_loss=0.0250, qi_loss=0.2469, qtot_loss=3.4799

 Map 5m_vs_6m Algo r_drbfn_v3 Exp v3_5m_vs_6m_5M_seed1_full updates 4590/6250 episodes, total num timesteps 3672800/5000000, FPS 76.

incre win rate is 0.41025641025641024.

 Map 5m_vs_6m Algo r_drbfn_v3 Exp v3_5m_vs_6m_5M_seed1_full updates 4595/6250 episodes, total num timesteps 3676800/5000000, FPS 76.

incre win rate is 0.4423076923076923.
[v3 step=4600] R_mean=0.5267 | G_n_mean=7.6663 (n=5) | q_tot_pred_mean=7.4366 | drbfn_loss=0.0268, qi_loss=0.2188, qtot_loss=4.3087

 Map 5m_vs_6m Algo r_drbfn_v3 Exp v3_5m_vs_6m_5M_seed1_full updates 4600/6250 episodes, total num timesteps 3680800/5000000, FPS 76.

incre win rate is 0.36538461538461536.
eval win rate is 0.46875.

 Map 5m_vs_6m Algo r_drbfn_v3 Exp v3_5m_vs_6m_5M_seed1_full updates 4605/6250 episodes, total num timesteps 3684800/5000000, FPS 76.

incre win rate is 0.3625.
[v3 step=4610] R_mean=0.5152 | G_n_mean=7.3561 (n=5) | q_tot_pred_mean=7.6846 | drbfn_loss=0.0250, qi_loss=0.2273, qtot_loss=4.4940

 Map 5m_vs_6m Algo r_drbfn_v3 Exp v3_5m_vs_6m_5M_seed1_full updates 4610/6250 episodes, total num timesteps 3688800/5000000, FPS 76.

incre win rate is 0.3081761006289308.

 Map 5m_vs_6m Algo r_drbfn_v3 Exp v3_5m_vs_6m_5M_seed1_full updates 4615/6250 episodes, total num timesteps 3692800/5000000, FPS 76.

incre win rate is 0.4240506329113924.
[v3 step=4620] R_mean=0.5772 | G_n_mean=8.2052 (n=5) | q_tot_pred_mean=8.0062 | drbfn_loss=0.0226, qi_loss=0.2578, qtot_loss=4.9459

 Map 5m_vs_6m Algo r_drbfn_v3 Exp v3_5m_vs_6m_5M_seed1_full updates 4620/6250 episodes, total num timesteps 3696800/5000000, FPS 76.

incre win rate is 0.3184713375796178.

 Map 5m_vs_6m Algo r_drbfn_v3 Exp v3_5m_vs_6m_5M_seed1_full updates 4625/6250 episodes, total num timesteps 3700800/5000000, FPS 76.

incre win rate is 0.36477987421383645.
eval win rate is 0.40625.
[v3 step=4630] R_mean=0.4918 | G_n_mean=6.8389 (n=5) | q_tot_pred_mean=6.9029 | drbfn_loss=0.0238, qi_loss=0.2274, qtot_loss=3.4812

 Map 5m_vs_6m Algo r_drbfn_v3 Exp v3_5m_vs_6m_5M_seed1_full updates 4630/6250 episodes, total num timesteps 3704800/5000000, FPS 76.

incre win rate is 0.25625.

 Map 5m_vs_6m Algo r_drbfn_v3 Exp v3_5m_vs_6m_5M_seed1_full updates 4635/6250 episodes, total num timesteps 3708800/5000000, FPS 76.

incre win rate is 0.38461538461538464.
[v3 step=4640] R_mean=0.5315 | G_n_mean=7.4797 (n=5) | q_tot_pred_mean=7.6992 | drbfn_loss=0.0212, qi_loss=0.2378, qtot_loss=4.2566

 Map 5m_vs_6m Algo r_drbfn_v3 Exp v3_5m_vs_6m_5M_seed1_full updates 4640/6250 episodes, total num timesteps 3712800/5000000, FPS 76.

incre win rate is 0.34177215189873417.

 Map 5m_vs_6m Algo r_drbfn_v3 Exp v3_5m_vs_6m_5M_seed1_full updates 4645/6250 episodes, total num timesteps 3716800/5000000, FPS 76.

incre win rate is 0.39490445859872614.
[v3 step=4650] R_mean=0.5429 | G_n_mean=7.8810 (n=5) | q_tot_pred_mean=8.0235 | drbfn_loss=0.0273, qi_loss=0.2874, qtot_loss=5.1684

 Map 5m_vs_6m Algo r_drbfn_v3 Exp v3_5m_vs_6m_5M_seed1_full updates 4650/6250 episodes, total num timesteps 3720800/5000000, FPS 76.

incre win rate is 0.4267515923566879.
eval win rate is 0.34375.

 Map 5m_vs_6m Algo r_drbfn_v3 Exp v3_5m_vs_6m_5M_seed1_full updates 4655/6250 episodes, total num timesteps 3724800/5000000, FPS 76.

incre win rate is 0.3974358974358974.
[v3 step=4660] R_mean=0.5725 | G_n_mean=7.9211 (n=5) | q_tot_pred_mean=7.6441 | drbfn_loss=0.0241, qi_loss=0.2637, qtot_loss=4.2463

 Map 5m_vs_6m Algo r_drbfn_v3 Exp v3_5m_vs_6m_5M_seed1_full updates 4660/6250 episodes, total num timesteps 3728800/5000000, FPS 76.

incre win rate is 0.379746835443038.

 Map 5m_vs_6m Algo r_drbfn_v3 Exp v3_5m_vs_6m_5M_seed1_full updates 4665/6250 episodes, total num timesteps 3732800/5000000, FPS 76.

incre win rate is 0.35.
[v3 step=4670] R_mean=0.5269 | G_n_mean=7.2468 (n=5) | q_tot_pred_mean=7.3854 | drbfn_loss=0.0231, qi_loss=0.2595, qtot_loss=3.7636

 Map 5m_vs_6m Algo r_drbfn_v3 Exp v3_5m_vs_6m_5M_seed1_full updates 4670/6250 episodes, total num timesteps 3736800/5000000, FPS 76.

incre win rate is 0.38461538461538464.

 Map 5m_vs_6m Algo r_drbfn_v3 Exp v3_5m_vs_6m_5M_seed1_full updates 4675/6250 episodes, total num timesteps 3740800/5000000, FPS 76.

incre win rate is 0.33962264150943394.
eval win rate is 0.3125.
[v3 step=4680] R_mean=0.6267 | G_n_mean=8.4854 (n=5) | q_tot_pred_mean=8.1376 | drbfn_loss=0.0242, qi_loss=0.2656, qtot_loss=4.6278

 Map 5m_vs_6m Algo r_drbfn_v3 Exp v3_5m_vs_6m_5M_seed1_full updates 4680/6250 episodes, total num timesteps 3744800/5000000, FPS 76.

incre win rate is 0.34177215189873417.

 Map 5m_vs_6m Algo r_drbfn_v3 Exp v3_5m_vs_6m_5M_seed1_full updates 4685/6250 episodes, total num timesteps 3748800/5000000, FPS 76.

incre win rate is 0.2875.
[v3 step=4690] R_mean=0.5695 | G_n_mean=7.8746 (n=5) | q_tot_pred_mean=7.4435 | drbfn_loss=0.0235, qi_loss=0.2561, qtot_loss=4.8989

 Map 5m_vs_6m Algo r_drbfn_v3 Exp v3_5m_vs_6m_5M_seed1_full updates 4690/6250 episodes, total num timesteps 3752800/5000000, FPS 76.

incre win rate is 0.3584905660377358.

 Map 5m_vs_6m Algo r_drbfn_v3 Exp v3_5m_vs_6m_5M_seed1_full updates 4695/6250 episodes, total num timesteps 3756800/5000000, FPS 76.

incre win rate is 0.31446540880503143.
[v3 step=4700] R_mean=0.5211 | G_n_mean=7.1845 (n=5) | q_tot_pred_mean=7.1811 | drbfn_loss=0.0263, qi_loss=0.2550, qtot_loss=5.5266

 Map 5m_vs_6m Algo r_drbfn_v3 Exp v3_5m_vs_6m_5M_seed1_full updates 4700/6250 episodes, total num timesteps 3760800/5000000, FPS 76.

incre win rate is 0.2621951219512195.
eval win rate is 0.34375.

 Map 5m_vs_6m Algo r_drbfn_v3 Exp v3_5m_vs_6m_5M_seed1_full updates 4705/6250 episodes, total num timesteps 3764800/5000000, FPS 76.

incre win rate is 0.3081761006289308.
[v3 step=4710] R_mean=0.5089 | G_n_mean=7.1885 (n=5) | q_tot_pred_mean=7.4737 | drbfn_loss=0.0220, qi_loss=0.2411, qtot_loss=4.0140

 Map 5m_vs_6m Algo r_drbfn_v3 Exp v3_5m_vs_6m_5M_seed1_full updates 4710/6250 episodes, total num timesteps 3768800/5000000, FPS 76.

incre win rate is 0.42207792207792205.

 Map 5m_vs_6m Algo r_drbfn_v3 Exp v3_5m_vs_6m_5M_seed1_full updates 4715/6250 episodes, total num timesteps 3772800/5000000, FPS 76.

incre win rate is 0.4025157232704403.
[v3 step=4720] R_mean=0.5386 | G_n_mean=7.4348 (n=5) | q_tot_pred_mean=7.1671 | drbfn_loss=0.0238, qi_loss=0.2970, qtot_loss=4.5825

 Map 5m_vs_6m Algo r_drbfn_v3 Exp v3_5m_vs_6m_5M_seed1_full updates 4720/6250 episodes, total num timesteps 3776800/5000000, FPS 76.

incre win rate is 0.36875.

 Map 5m_vs_6m Algo r_drbfn_v3 Exp v3_5m_vs_6m_5M_seed1_full updates 4725/6250 episodes, total num timesteps 3780800/5000000, FPS 77.

incre win rate is 0.3630573248407643.
eval win rate is 0.3125.
[v3 step=4730] R_mean=0.5450 | G_n_mean=7.3029 (n=5) | q_tot_pred_mean=7.5611 | drbfn_loss=0.0238, qi_loss=0.3032, qtot_loss=5.1095

 Map 5m_vs_6m Algo r_drbfn_v3 Exp v3_5m_vs_6m_5M_seed1_full updates 4730/6250 episodes, total num timesteps 3784800/5000000, FPS 76.

incre win rate is 0.4430379746835443.

 Map 5m_vs_6m Algo r_drbfn_v3 Exp v3_5m_vs_6m_5M_seed1_full updates 4735/6250 episodes, total num timesteps 3788800/5000000, FPS 77.

incre win rate is 0.345679012345679.
[v3 step=4740] R_mean=0.5134 | G_n_mean=6.9992 (n=5) | q_tot_pred_mean=6.8806 | drbfn_loss=0.0223, qi_loss=0.2983, qtot_loss=4.4892

 Map 5m_vs_6m Algo r_drbfn_v3 Exp v3_5m_vs_6m_5M_seed1_full updates 4740/6250 episodes, total num timesteps 3792800/5000000, FPS 77.

incre win rate is 0.3167701863354037.

 Map 5m_vs_6m Algo r_drbfn_v3 Exp v3_5m_vs_6m_5M_seed1_full updates 4745/6250 episodes, total num timesteps 3796800/5000000, FPS 77.

incre win rate is 0.425.
[v3 step=4750] R_mean=0.5548 | G_n_mean=7.6631 (n=5) | q_tot_pred_mean=7.5516 | drbfn_loss=0.0248, qi_loss=0.2829, qtot_loss=3.9522

 Map 5m_vs_6m Algo r_drbfn_v3 Exp v3_5m_vs_6m_5M_seed1_full updates 4750/6250 episodes, total num timesteps 3800800/5000000, FPS 77.

incre win rate is 0.33125.
eval win rate is 0.4375.

 Map 5m_vs_6m Algo r_drbfn_v3 Exp v3_5m_vs_6m_5M_seed1_full updates 4755/6250 episodes, total num timesteps 3804800/5000000, FPS 77.

incre win rate is 0.38650306748466257.
[v3 step=4760] R_mean=0.5620 | G_n_mean=7.8008 (n=5) | q_tot_pred_mean=7.8642 | drbfn_loss=0.0251, qi_loss=0.2875, qtot_loss=4.2241

 Map 5m_vs_6m Algo r_drbfn_v3 Exp v3_5m_vs_6m_5M_seed1_full updates 4760/6250 episodes, total num timesteps 3808800/5000000, FPS 77.

incre win rate is 0.40625.

 Map 5m_vs_6m Algo r_drbfn_v3 Exp v3_5m_vs_6m_5M_seed1_full updates 4765/6250 episodes, total num timesteps 3812800/5000000, FPS 77.

incre win rate is 0.4177215189873418.
[v3 step=4770] R_mean=0.5761 | G_n_mean=8.0902 (n=5) | q_tot_pred_mean=7.8898 | drbfn_loss=0.0244, qi_loss=0.2982, qtot_loss=4.9137

 Map 5m_vs_6m Algo r_drbfn_v3 Exp v3_5m_vs_6m_5M_seed1_full updates 4770/6250 episodes, total num timesteps 3816800/5000000, FPS 77.

incre win rate is 0.4444444444444444.

 Map 5m_vs_6m Algo r_drbfn_v3 Exp v3_5m_vs_6m_5M_seed1_full updates 4775/6250 episodes, total num timesteps 3820800/5000000, FPS 77.

incre win rate is 0.36875.
eval win rate is 0.34375.
[v3 step=4780] R_mean=0.5261 | G_n_mean=7.3029 (n=5) | q_tot_pred_mean=7.4084 | drbfn_loss=0.0224, qi_loss=0.2827, qtot_loss=4.9554

 Map 5m_vs_6m Algo r_drbfn_v3 Exp v3_5m_vs_6m_5M_seed1_full updates 4780/6250 episodes, total num timesteps 3824800/5000000, FPS 77.

incre win rate is 0.4025157232704403.

 Map 5m_vs_6m Algo r_drbfn_v3 Exp v3_5m_vs_6m_5M_seed1_full updates 4785/6250 episodes, total num timesteps 3828800/5000000, FPS 77.

incre win rate is 0.42857142857142855.
[v3 step=4790] R_mean=0.5155 | G_n_mean=7.2349 (n=5) | q_tot_pred_mean=7.5149 | drbfn_loss=0.0237, qi_loss=0.2955, qtot_loss=4.5409

 Map 5m_vs_6m Algo r_drbfn_v3 Exp v3_5m_vs_6m_5M_seed1_full updates 4790/6250 episodes, total num timesteps 3832800/5000000, FPS 77.

incre win rate is 0.3375796178343949.

 Map 5m_vs_6m Algo r_drbfn_v3 Exp v3_5m_vs_6m_5M_seed1_full updates 4795/6250 episodes, total num timesteps 3836800/5000000, FPS 77.

incre win rate is 0.41139240506329117.
[v3 step=4800] R_mean=0.5470 | G_n_mean=7.5343 (n=5) | q_tot_pred_mean=7.6433 | drbfn_loss=0.0226, qi_loss=0.2660, qtot_loss=3.6441

 Map 5m_vs_6m Algo r_drbfn_v3 Exp v3_5m_vs_6m_5M_seed1_full updates 4800/6250 episodes, total num timesteps 3840800/5000000, FPS 77.

incre win rate is 0.36942675159235666.
eval win rate is 0.4375.

 Map 5m_vs_6m Algo r_drbfn_v3 Exp v3_5m_vs_6m_5M_seed1_full updates 4805/6250 episodes, total num timesteps 3844800/5000000, FPS 77.

incre win rate is 0.3271604938271605.
[v3 step=4810] R_mean=0.4958 | G_n_mean=6.9537 (n=5) | q_tot_pred_mean=7.1364 | drbfn_loss=0.0210, qi_loss=0.3186, qtot_loss=4.3051

 Map 5m_vs_6m Algo r_drbfn_v3 Exp v3_5m_vs_6m_5M_seed1_full updates 4810/6250 episodes, total num timesteps 3848800/5000000, FPS 77.

incre win rate is 0.3227848101265823.

 Map 5m_vs_6m Algo r_drbfn_v3 Exp v3_5m_vs_6m_5M_seed1_full updates 4815/6250 episodes, total num timesteps 3852800/5000000, FPS 77.

incre win rate is 0.3395061728395062.
[v3 step=4820] R_mean=0.5005 | G_n_mean=7.0300 (n=5) | q_tot_pred_mean=7.3850 | drbfn_loss=0.0227, qi_loss=0.3105, qtot_loss=4.6028

 Map 5m_vs_6m Algo r_drbfn_v3 Exp v3_5m_vs_6m_5M_seed1_full updates 4820/6250 episodes, total num timesteps 3856800/5000000, FPS 77.

incre win rate is 0.3271604938271605.

 Map 5m_vs_6m Algo r_drbfn_v3 Exp v3_5m_vs_6m_5M_seed1_full updates 4825/6250 episodes, total num timesteps 3860800/5000000, FPS 77.

incre win rate is 0.310126582278481.
eval win rate is 0.40625.
[v3 step=4830] R_mean=0.5383 | G_n_mean=7.6413 (n=5) | q_tot_pred_mean=7.6027 | drbfn_loss=0.0262, qi_loss=0.3123, qtot_loss=4.7311

 Map 5m_vs_6m Algo r_drbfn_v3 Exp v3_5m_vs_6m_5M_seed1_full updates 4830/6250 episodes, total num timesteps 3864800/5000000, FPS 77.

incre win rate is 0.30625.

 Map 5m_vs_6m Algo r_drbfn_v3 Exp v3_5m_vs_6m_5M_seed1_full updates 4835/6250 episodes, total num timesteps 3868800/5000000, FPS 77.

incre win rate is 0.3987341772151899.
[v3 step=4840] R_mean=0.5449 | G_n_mean=7.4970 (n=5) | q_tot_pred_mean=7.4533 | drbfn_loss=0.0219, qi_loss=0.3054, qtot_loss=4.2546

 Map 5m_vs_6m Algo r_drbfn_v3 Exp v3_5m_vs_6m_5M_seed1_full updates 4840/6250 episodes, total num timesteps 3872800/5000000, FPS 77.

incre win rate is 0.40384615384615385.

 Map 5m_vs_6m Algo r_drbfn_v3 Exp v3_5m_vs_6m_5M_seed1_full updates 4845/6250 episodes, total num timesteps 3876800/5000000, FPS 77.

incre win rate is 0.3375796178343949.
[v3 step=4850] R_mean=0.5227 | G_n_mean=7.3801 (n=5) | q_tot_pred_mean=7.5310 | drbfn_loss=0.0236, qi_loss=0.3264, qtot_loss=4.2358

 Map 5m_vs_6m Algo r_drbfn_v3 Exp v3_5m_vs_6m_5M_seed1_full updates 4850/6250 episodes, total num timesteps 3880800/5000000, FPS 77.

incre win rate is 0.35.
eval win rate is 0.4375.

 Map 5m_vs_6m Algo r_drbfn_v3 Exp v3_5m_vs_6m_5M_seed1_full updates 4855/6250 episodes, total num timesteps 3884800/5000000, FPS 77.

incre win rate is 0.41139240506329117.
[v3 step=4860] R_mean=0.5686 | G_n_mean=8.2762 (n=5) | q_tot_pred_mean=8.2126 | drbfn_loss=0.0257, qi_loss=0.3133, qtot_loss=5.1179

 Map 5m_vs_6m Algo r_drbfn_v3 Exp v3_5m_vs_6m_5M_seed1_full updates 4860/6250 episodes, total num timesteps 3888800/5000000, FPS 77.

incre win rate is 0.42138364779874216.

 Map 5m_vs_6m Algo r_drbfn_v3 Exp v3_5m_vs_6m_5M_seed1_full updates 4865/6250 episodes, total num timesteps 3892800/5000000, FPS 77.

incre win rate is 0.39622641509433965.
[v3 step=4870] R_mean=0.4945 | G_n_mean=6.9768 (n=5) | q_tot_pred_mean=6.9761 | drbfn_loss=0.0231, qi_loss=0.3427, qtot_loss=4.1299

 Map 5m_vs_6m Algo r_drbfn_v3 Exp v3_5m_vs_6m_5M_seed1_full updates 4870/6250 episodes, total num timesteps 3896800/5000000, FPS 77.

incre win rate is 0.3048780487804878.

 Map 5m_vs_6m Algo r_drbfn_v3 Exp v3_5m_vs_6m_5M_seed1_full updates 4875/6250 episodes, total num timesteps 3900800/5000000, FPS 77.

incre win rate is 0.3067484662576687.
eval win rate is 0.34375.
[v3 step=4880] R_mean=0.5266 | G_n_mean=7.4650 (n=5) | q_tot_pred_mean=7.7597 | drbfn_loss=0.0240, qi_loss=0.3392, qtot_loss=4.3839

 Map 5m_vs_6m Algo r_drbfn_v3 Exp v3_5m_vs_6m_5M_seed1_full updates 4880/6250 episodes, total num timesteps 3904800/5000000, FPS 77.

incre win rate is 0.33962264150943394.

 Map 5m_vs_6m Algo r_drbfn_v3 Exp v3_5m_vs_6m_5M_seed1_full updates 4885/6250 episodes, total num timesteps 3908800/5000000, FPS 77.

incre win rate is 0.39263803680981596.
[v3 step=4890] R_mean=0.5741 | G_n_mean=7.7421 (n=5) | q_tot_pred_mean=7.6245 | drbfn_loss=0.0236, qi_loss=0.3385, qtot_loss=5.3700

 Map 5m_vs_6m Algo r_drbfn_v3 Exp v3_5m_vs_6m_5M_seed1_full updates 4890/6250 episodes, total num timesteps 3912800/5000000, FPS 77.

incre win rate is 0.3333333333333333.

 Map 5m_vs_6m Algo r_drbfn_v3 Exp v3_5m_vs_6m_5M_seed1_full updates 4895/6250 episodes, total num timesteps 3916800/5000000, FPS 77.

incre win rate is 0.375.
[v3 step=4900] R_mean=0.5256 | G_n_mean=7.4782 (n=5) | q_tot_pred_mean=7.6021 | drbfn_loss=0.0268, qi_loss=0.3413, qtot_loss=4.8358

 Map 5m_vs_6m Algo r_drbfn_v3 Exp v3_5m_vs_6m_5M_seed1_full updates 4900/6250 episodes, total num timesteps 3920800/5000000, FPS 77.

incre win rate is 0.3475609756097561.
eval win rate is 0.40625.

 Map 5m_vs_6m Algo r_drbfn_v3 Exp v3_5m_vs_6m_5M_seed1_full updates 4905/6250 episodes, total num timesteps 3924800/5000000, FPS 77.

incre win rate is 0.4012738853503185.
[v3 step=4910] R_mean=0.5315 | G_n_mean=7.0967 (n=5) | q_tot_pred_mean=7.2565 | drbfn_loss=0.0237, qi_loss=0.3607, qtot_loss=4.2105

 Map 5m_vs_6m Algo r_drbfn_v3 Exp v3_5m_vs_6m_5M_seed1_full updates 4910/6250 episodes, total num timesteps 3928800/5000000, FPS 77.

incre win rate is 0.3416149068322981.

 Map 5m_vs_6m Algo r_drbfn_v3 Exp v3_5m_vs_6m_5M_seed1_full updates 4915/6250 episodes, total num timesteps 3932800/5000000, FPS 77.

incre win rate is 0.3128834355828221.
[v3 step=4920] R_mean=0.6045 | G_n_mean=8.2010 (n=5) | q_tot_pred_mean=7.8641 | drbfn_loss=0.0249, qi_loss=0.3499, qtot_loss=5.2845

 Map 5m_vs_6m Algo r_drbfn_v3 Exp v3_5m_vs_6m_5M_seed1_full updates 4920/6250 episodes, total num timesteps 3936800/5000000, FPS 77.

incre win rate is 0.3987341772151899.

 Map 5m_vs_6m Algo r_drbfn_v3 Exp v3_5m_vs_6m_5M_seed1_full updates 4925/6250 episodes, total num timesteps 3940800/5000000, FPS 77.

incre win rate is 0.36875.
eval win rate is 0.34375.
[v3 step=4930] R_mean=0.5602 | G_n_mean=7.7607 (n=5) | q_tot_pred_mean=7.8209 | drbfn_loss=0.0217, qi_loss=0.3518, qtot_loss=4.1939

 Map 5m_vs_6m Algo r_drbfn_v3 Exp v3_5m_vs_6m_5M_seed1_full updates 4930/6250 episodes, total num timesteps 3944800/5000000, FPS 77.

incre win rate is 0.4339622641509434.

 Map 5m_vs_6m Algo r_drbfn_v3 Exp v3_5m_vs_6m_5M_seed1_full updates 4935/6250 episodes, total num timesteps 3948800/5000000, FPS 77.

incre win rate is 0.36024844720496896.
[v3 step=4940] R_mean=0.6059 | G_n_mean=8.2067 (n=5) | q_tot_pred_mean=8.0764 | drbfn_loss=0.0245, qi_loss=0.3380, qtot_loss=5.1038

 Map 5m_vs_6m Algo r_drbfn_v3 Exp v3_5m_vs_6m_5M_seed1_full updates 4940/6250 episodes, total num timesteps 3952800/5000000, FPS 77.

incre win rate is 0.4430379746835443.

 Map 5m_vs_6m Algo r_drbfn_v3 Exp v3_5m_vs_6m_5M_seed1_full updates 4945/6250 episodes, total num timesteps 3956800/5000000, FPS 77.

incre win rate is 0.38509316770186336.
[v3 step=4950] R_mean=0.5263 | G_n_mean=7.4115 (n=5) | q_tot_pred_mean=7.1121 | drbfn_loss=0.0251, qi_loss=0.3539, qtot_loss=4.7954

 Map 5m_vs_6m Algo r_drbfn_v3 Exp v3_5m_vs_6m_5M_seed1_full updates 4950/6250 episodes, total num timesteps 3960800/5000000, FPS 77.

incre win rate is 0.275.
eval win rate is 0.4375.

 Map 5m_vs_6m Algo r_drbfn_v3 Exp v3_5m_vs_6m_5M_seed1_full updates 4955/6250 episodes, total num timesteps 3964800/5000000, FPS 77.

incre win rate is 0.3558282208588957.
[v3 step=4960] R_mean=0.5575 | G_n_mean=7.9206 (n=5) | q_tot_pred_mean=8.0408 | drbfn_loss=0.0227, qi_loss=0.3362, qtot_loss=4.4314

 Map 5m_vs_6m Algo r_drbfn_v3 Exp v3_5m_vs_6m_5M_seed1_full updates 4960/6250 episodes, total num timesteps 3968800/5000000, FPS 77.

incre win rate is 0.3584905660377358.

 Map 5m_vs_6m Algo r_drbfn_v3 Exp v3_5m_vs_6m_5M_seed1_full updates 4965/6250 episodes, total num timesteps 3972800/5000000, FPS 77.

incre win rate is 0.32075471698113206.
[v3 step=4970] R_mean=0.5516 | G_n_mean=7.8519 (n=5) | q_tot_pred_mean=7.7447 | drbfn_loss=0.0229, qi_loss=0.3302, qtot_loss=4.2716

 Map 5m_vs_6m Algo r_drbfn_v3 Exp v3_5m_vs_6m_5M_seed1_full updates 4970/6250 episodes, total num timesteps 3976800/5000000, FPS 77.

incre win rate is 0.34177215189873417.

 Map 5m_vs_6m Algo r_drbfn_v3 Exp v3_5m_vs_6m_5M_seed1_full updates 4975/6250 episodes, total num timesteps 3980800/5000000, FPS 77.

incre win rate is 0.325.
eval win rate is 0.375.
[v3 step=4980] R_mean=0.5001 | G_n_mean=7.2184 (n=5) | q_tot_pred_mean=7.3165 | drbfn_loss=0.0233, qi_loss=0.3530, qtot_loss=3.7397

 Map 5m_vs_6m Algo r_drbfn_v3 Exp v3_5m_vs_6m_5M_seed1_full updates 4980/6250 episodes, total num timesteps 3984800/5000000, FPS 77.

incre win rate is 0.30625.

 Map 5m_vs_6m Algo r_drbfn_v3 Exp v3_5m_vs_6m_5M_seed1_full updates 4985/6250 episodes, total num timesteps 3988800/5000000, FPS 77.

incre win rate is 0.2795031055900621.
[v3 step=4990] R_mean=0.5260 | G_n_mean=7.3770 (n=5) | q_tot_pred_mean=7.2600 | drbfn_loss=0.0239, qi_loss=0.3708, qtot_loss=5.7372

 Map 5m_vs_6m Algo r_drbfn_v3 Exp v3_5m_vs_6m_5M_seed1_full updates 4990/6250 episodes, total num timesteps 3992800/5000000, FPS 77.

incre win rate is 0.3503184713375796.

 Map 5m_vs_6m Algo r_drbfn_v3 Exp v3_5m_vs_6m_5M_seed1_full updates 4995/6250 episodes, total num timesteps 3996800/5000000, FPS 77.

incre win rate is 0.3496932515337423.
[v3 step=5000] R_mean=0.5261 | G_n_mean=7.2345 (n=5) | q_tot_pred_mean=7.1577 | drbfn_loss=0.0213, qi_loss=0.3935, qtot_loss=4.2855

 Map 5m_vs_6m Algo r_drbfn_v3 Exp v3_5m_vs_6m_5M_seed1_full updates 5000/6250 episodes, total num timesteps 4000800/5000000, FPS 77.

incre win rate is 0.2682926829268293.
eval win rate is 0.46875.

 Map 5m_vs_6m Algo r_drbfn_v3 Exp v3_5m_vs_6m_5M_seed1_full updates 5005/6250 episodes, total num timesteps 4004800/5000000, FPS 77.

incre win rate is 0.28313253012048195.
[v3 step=5010] R_mean=0.5383 | G_n_mean=7.5095 (n=5) | q_tot_pred_mean=7.6637 | drbfn_loss=0.0221, qi_loss=0.3578, qtot_loss=4.5493

 Map 5m_vs_6m Algo r_drbfn_v3 Exp v3_5m_vs_6m_5M_seed1_full updates 5010/6250 episodes, total num timesteps 4008800/5000000, FPS 77.

incre win rate is 0.32926829268292684.

 Map 5m_vs_6m Algo r_drbfn_v3 Exp v3_5m_vs_6m_5M_seed1_full updates 5015/6250 episodes, total num timesteps 4012800/5000000, FPS 77.

incre win rate is 0.37423312883435583.
[v3 step=5020] R_mean=0.5361 | G_n_mean=7.6389 (n=5) | q_tot_pred_mean=7.5867 | drbfn_loss=0.0239, qi_loss=0.3453, qtot_loss=4.9710

 Map 5m_vs_6m Algo r_drbfn_v3 Exp v3_5m_vs_6m_5M_seed1_full updates 5020/6250 episodes, total num timesteps 4016800/5000000, FPS 77.

incre win rate is 0.2919254658385093.

 Map 5m_vs_6m Algo r_drbfn_v3 Exp v3_5m_vs_6m_5M_seed1_full updates 5025/6250 episodes, total num timesteps 4020800/5000000, FPS 77.

incre win rate is 0.4430379746835443.
eval win rate is 0.375.
[v3 step=5030] R_mean=0.5315 | G_n_mean=7.4666 (n=5) | q_tot_pred_mean=7.3365 | drbfn_loss=0.0244, qi_loss=0.4144, qtot_loss=3.5061

 Map 5m_vs_6m Algo r_drbfn_v3 Exp v3_5m_vs_6m_5M_seed1_full updates 5030/6250 episodes, total num timesteps 4024800/5000000, FPS 77.

incre win rate is 0.37267080745341613.

 Map 5m_vs_6m Algo r_drbfn_v3 Exp v3_5m_vs_6m_5M_seed1_full updates 5035/6250 episodes, total num timesteps 4028800/5000000, FPS 77.

incre win rate is 0.36585365853658536.
[v3 step=5040] R_mean=0.5726 | G_n_mean=8.1196 (n=5) | q_tot_pred_mean=8.0788 | drbfn_loss=0.0230, qi_loss=0.3853, qtot_loss=5.1081

 Map 5m_vs_6m Algo r_drbfn_v3 Exp v3_5m_vs_6m_5M_seed1_full updates 5040/6250 episodes, total num timesteps 4032800/5000000, FPS 77.

incre win rate is 0.389937106918239.

 Map 5m_vs_6m Algo r_drbfn_v3 Exp v3_5m_vs_6m_5M_seed1_full updates 5045/6250 episodes, total num timesteps 4036800/5000000, FPS 77.

incre win rate is 0.4339622641509434.
[v3 step=5050] R_mean=0.5940 | G_n_mean=8.0512 (n=5) | q_tot_pred_mean=7.9675 | drbfn_loss=0.0216, qi_loss=0.3782, qtot_loss=5.3013

 Map 5m_vs_6m Algo r_drbfn_v3 Exp v3_5m_vs_6m_5M_seed1_full updates 5050/6250 episodes, total num timesteps 4040800/5000000, FPS 77.

incre win rate is 0.4074074074074074.
eval win rate is 0.53125.

 Map 5m_vs_6m Algo r_drbfn_v3 Exp v3_5m_vs_6m_5M_seed1_full updates 5055/6250 episodes, total num timesteps 4044800/5000000, FPS 77.

incre win rate is 0.39375.
[v3 step=5060] R_mean=0.5690 | G_n_mean=7.9230 (n=5) | q_tot_pred_mean=7.8077 | drbfn_loss=0.0221, qi_loss=0.3772, qtot_loss=5.4819

 Map 5m_vs_6m Algo r_drbfn_v3 Exp v3_5m_vs_6m_5M_seed1_full updates 5060/6250 episodes, total num timesteps 4048800/5000000, FPS 77.

incre win rate is 0.40625.

 Map 5m_vs_6m Algo r_drbfn_v3 Exp v3_5m_vs_6m_5M_seed1_full updates 5065/6250 episodes, total num timesteps 4052800/5000000, FPS 77.

incre win rate is 0.3522012578616352.
[v3 step=5070] R_mean=0.5752 | G_n_mean=8.0620 (n=5) | q_tot_pred_mean=8.0242 | drbfn_loss=0.0208, qi_loss=0.3638, qtot_loss=5.2423

 Map 5m_vs_6m Algo r_drbfn_v3 Exp v3_5m_vs_6m_5M_seed1_full updates 5070/6250 episodes, total num timesteps 4056800/5000000, FPS 77.

incre win rate is 0.425.

 Map 5m_vs_6m Algo r_drbfn_v3 Exp v3_5m_vs_6m_5M_seed1_full updates 5075/6250 episodes, total num timesteps 4060800/5000000, FPS 77.

incre win rate is 0.41358024691358025.
eval win rate is 0.375.
[v3 step=5080] R_mean=0.6362 | G_n_mean=8.7475 (n=5) | q_tot_pred_mean=8.3497 | drbfn_loss=0.0226, qi_loss=0.4075, qtot_loss=5.1952

 Map 5m_vs_6m Algo r_drbfn_v3 Exp v3_5m_vs_6m_5M_seed1_full updates 5080/6250 episodes, total num timesteps 4064800/5000000, FPS 77.

incre win rate is 0.4125.

 Map 5m_vs_6m Algo r_drbfn_v3 Exp v3_5m_vs_6m_5M_seed1_full updates 5085/6250 episodes, total num timesteps 4068800/5000000, FPS 77.

incre win rate is 0.4177215189873418.
[v3 step=5090] R_mean=0.5034 | G_n_mean=7.2326 (n=5) | q_tot_pred_mean=7.5295 | drbfn_loss=0.0212, qi_loss=0.3602, qtot_loss=4.5725

 Map 5m_vs_6m Algo r_drbfn_v3 Exp v3_5m_vs_6m_5M_seed1_full updates 5090/6250 episodes, total num timesteps 4072800/5000000, FPS 77.

incre win rate is 0.345679012345679.

 Map 5m_vs_6m Algo r_drbfn_v3 Exp v3_5m_vs_6m_5M_seed1_full updates 5095/6250 episodes, total num timesteps 4076800/5000000, FPS 77.

incre win rate is 0.4012345679012346.
[v3 step=5100] R_mean=0.5817 | G_n_mean=8.0095 (n=5) | q_tot_pred_mean=8.1306 | drbfn_loss=0.0216, qi_loss=0.3693, qtot_loss=4.8708

 Map 5m_vs_6m Algo r_drbfn_v3 Exp v3_5m_vs_6m_5M_seed1_full updates 5100/6250 episodes, total num timesteps 4080800/5000000, FPS 77.

incre win rate is 0.38271604938271603.
eval win rate is 0.46875.

 Map 5m_vs_6m Algo r_drbfn_v3 Exp v3_5m_vs_6m_5M_seed1_full updates 5105/6250 episodes, total num timesteps 4084800/5000000, FPS 76.

incre win rate is 0.38271604938271603.
[v3 step=5110] R_mean=0.5638 | G_n_mean=7.8332 (n=5) | q_tot_pred_mean=7.5025 | drbfn_loss=0.0246, qi_loss=0.3904, qtot_loss=5.0290

 Map 5m_vs_6m Algo r_drbfn_v3 Exp v3_5m_vs_6m_5M_seed1_full updates 5110/6250 episodes, total num timesteps 4088800/5000000, FPS 76.

incre win rate is 0.4716981132075472.

 Map 5m_vs_6m Algo r_drbfn_v3 Exp v3_5m_vs_6m_5M_seed1_full updates 5115/6250 episodes, total num timesteps 4092800/5000000, FPS 76.

incre win rate is 0.4591194968553459.
[v3 step=5120] R_mean=0.5156 | G_n_mean=7.0956 (n=5) | q_tot_pred_mean=7.2696 | drbfn_loss=0.0213, qi_loss=0.4226, qtot_loss=3.3347

 Map 5m_vs_6m Algo r_drbfn_v3 Exp v3_5m_vs_6m_5M_seed1_full updates 5120/6250 episodes, total num timesteps 4096800/5000000, FPS 76.

incre win rate is 0.36875.

 Map 5m_vs_6m Algo r_drbfn_v3 Exp v3_5m_vs_6m_5M_seed1_full updates 5125/6250 episodes, total num timesteps 4100800/5000000, FPS 76.

incre win rate is 0.3987730061349693.
eval win rate is 0.4375.
[v3 step=5130] R_mean=0.5590 | G_n_mean=7.8587 (n=5) | q_tot_pred_mean=8.2544 | drbfn_loss=0.0228, qi_loss=0.4224, qtot_loss=4.3440

 Map 5m_vs_6m Algo r_drbfn_v3 Exp v3_5m_vs_6m_5M_seed1_full updates 5130/6250 episodes, total num timesteps 4104800/5000000, FPS 76.

incre win rate is 0.45625.

 Map 5m_vs_6m Algo r_drbfn_v3 Exp v3_5m_vs_6m_5M_seed1_full updates 5135/6250 episodes, total num timesteps 4108800/5000000, FPS 76.

incre win rate is 0.39622641509433965.
[v3 step=5140] R_mean=0.5219 | G_n_mean=7.5136 (n=5) | q_tot_pred_mean=7.1611 | drbfn_loss=0.0251, qi_loss=0.3843, qtot_loss=4.4161

 Map 5m_vs_6m Algo r_drbfn_v3 Exp v3_5m_vs_6m_5M_seed1_full updates 5140/6250 episodes, total num timesteps 4112800/5000000, FPS 76.

incre win rate is 0.3.

 Map 5m_vs_6m Algo r_drbfn_v3 Exp v3_5m_vs_6m_5M_seed1_full updates 5145/6250 episodes, total num timesteps 4116800/5000000, FPS 76.

incre win rate is 0.325.
[v3 step=5150] R_mean=0.5508 | G_n_mean=7.6740 (n=5) | q_tot_pred_mean=7.6586 | drbfn_loss=0.0228, qi_loss=0.3914, qtot_loss=5.2466

 Map 5m_vs_6m Algo r_drbfn_v3 Exp v3_5m_vs_6m_5M_seed1_full updates 5150/6250 episodes, total num timesteps 4120800/5000000, FPS 76.

incre win rate is 0.3128834355828221.
eval win rate is 0.40625.

 Map 5m_vs_6m Algo r_drbfn_v3 Exp v3_5m_vs_6m_5M_seed1_full updates 5155/6250 episodes, total num timesteps 4124800/5000000, FPS 76.

incre win rate is 0.3416149068322981.
[v3 step=5160] R_mean=0.5308 | G_n_mean=7.5232 (n=5) | q_tot_pred_mean=7.5038 | drbfn_loss=0.0235, qi_loss=0.4530, qtot_loss=4.5410

 Map 5m_vs_6m Algo r_drbfn_v3 Exp v3_5m_vs_6m_5M_seed1_full updates 5160/6250 episodes, total num timesteps 4128800/5000000, FPS 76.

incre win rate is 0.37579617834394907.

 Map 5m_vs_6m Algo r_drbfn_v3 Exp v3_5m_vs_6m_5M_seed1_full updates 5165/6250 episodes, total num timesteps 4132800/5000000, FPS 76.

incre win rate is 0.35625.
[v3 step=5170] R_mean=0.6234 | G_n_mean=8.4318 (n=5) | q_tot_pred_mean=8.1581 | drbfn_loss=0.0223, qi_loss=0.4508, qtot_loss=5.1230

 Map 5m_vs_6m Algo r_drbfn_v3 Exp v3_5m_vs_6m_5M_seed1_full updates 5170/6250 episodes, total num timesteps 4136800/5000000, FPS 76.

incre win rate is 0.4567901234567901.

 Map 5m_vs_6m Algo r_drbfn_v3 Exp v3_5m_vs_6m_5M_seed1_full updates 5175/6250 episodes, total num timesteps 4140800/5000000, FPS 76.

incre win rate is 0.3710691823899371.
eval win rate is 0.3125.
[v3 step=5180] R_mean=0.5211 | G_n_mean=7.0217 (n=5) | q_tot_pred_mean=6.8769 | drbfn_loss=0.0198, qi_loss=0.4097, qtot_loss=4.4635

 Map 5m_vs_6m Algo r_drbfn_v3 Exp v3_5m_vs_6m_5M_seed1_full updates 5180/6250 episodes, total num timesteps 4144800/5000000, FPS 76.

incre win rate is 0.35625.

 Map 5m_vs_6m Algo r_drbfn_v3 Exp v3_5m_vs_6m_5M_seed1_full updates 5185/6250 episodes, total num timesteps 4148800/5000000, FPS 76.

incre win rate is 0.35.
[v3 step=5190] R_mean=0.5321 | G_n_mean=7.6410 (n=5) | q_tot_pred_mean=7.6087 | drbfn_loss=0.0208, qi_loss=0.3944, qtot_loss=3.8849

 Map 5m_vs_6m Algo r_drbfn_v3 Exp v3_5m_vs_6m_5M_seed1_full updates 5190/6250 episodes, total num timesteps 4152800/5000000, FPS 76.

incre win rate is 0.33125.

 Map 5m_vs_6m Algo r_drbfn_v3 Exp v3_5m_vs_6m_5M_seed1_full updates 5195/6250 episodes, total num timesteps 4156800/5000000, FPS 76.

incre win rate is 0.32515337423312884.
[v3 step=5200] R_mean=0.5794 | G_n_mean=7.9766 (n=5) | q_tot_pred_mean=7.7508 | drbfn_loss=0.0197, qi_loss=0.4321, qtot_loss=4.8109

 Map 5m_vs_6m Algo r_drbfn_v3 Exp v3_5m_vs_6m_5M_seed1_full updates 5200/6250 episodes, total num timesteps 4160800/5000000, FPS 76.

incre win rate is 0.30864197530864196.
eval win rate is 0.46875.

 Map 5m_vs_6m Algo r_drbfn_v3 Exp v3_5m_vs_6m_5M_seed1_full updates 5205/6250 episodes, total num timesteps 4164800/5000000, FPS 76.

incre win rate is 0.39622641509433965.
[v3 step=5210] R_mean=0.5739 | G_n_mean=8.1521 (n=5) | q_tot_pred_mean=7.9862 | drbfn_loss=0.0210, qi_loss=0.4368, qtot_loss=4.5035

 Map 5m_vs_6m Algo r_drbfn_v3 Exp v3_5m_vs_6m_5M_seed1_full updates 5210/6250 episodes, total num timesteps 4168800/5000000, FPS 76.

incre win rate is 0.3860759493670886.

 Map 5m_vs_6m Algo r_drbfn_v3 Exp v3_5m_vs_6m_5M_seed1_full updates 5215/6250 episodes, total num timesteps 4172800/5000000, FPS 76.

incre win rate is 0.3584905660377358.
[v3 step=5220] R_mean=0.5296 | G_n_mean=7.4289 (n=5) | q_tot_pred_mean=7.4440 | drbfn_loss=0.0234, qi_loss=0.4292, qtot_loss=4.6396

 Map 5m_vs_6m Algo r_drbfn_v3 Exp v3_5m_vs_6m_5M_seed1_full updates 5220/6250 episodes, total num timesteps 4176800/5000000, FPS 76.

incre win rate is 0.3765432098765432.

 Map 5m_vs_6m Algo r_drbfn_v3 Exp v3_5m_vs_6m_5M_seed1_full updates 5225/6250 episodes, total num timesteps 4180800/5000000, FPS 76.

incre win rate is 0.35.
eval win rate is 0.25.
[v3 step=5230] R_mean=0.5504 | G_n_mean=7.6023 (n=5) | q_tot_pred_mean=7.3909 | drbfn_loss=0.0213, qi_loss=0.4288, qtot_loss=4.9371

 Map 5m_vs_6m Algo r_drbfn_v3 Exp v3_5m_vs_6m_5M_seed1_full updates 5230/6250 episodes, total num timesteps 4184800/5000000, FPS 76.

incre win rate is 0.3148148148148148.

 Map 5m_vs_6m Algo r_drbfn_v3 Exp v3_5m_vs_6m_5M_seed1_full updates 5235/6250 episodes, total num timesteps 4188800/5000000, FPS 76.

incre win rate is 0.294478527607362.
[v3 step=5240] R_mean=0.5242 | G_n_mean=7.6229 (n=5) | q_tot_pred_mean=7.3536 | drbfn_loss=0.0217, qi_loss=0.4302, qtot_loss=3.8704

 Map 5m_vs_6m Algo r_drbfn_v3 Exp v3_5m_vs_6m_5M_seed1_full updates 5240/6250 episodes, total num timesteps 4192800/5000000, FPS 76.

incre win rate is 0.28125.

 Map 5m_vs_6m Algo r_drbfn_v3 Exp v3_5m_vs_6m_5M_seed1_full updates 5245/6250 episodes, total num timesteps 4196800/5000000, FPS 76.

incre win rate is 0.34591194968553457.
[v3 step=5250] R_mean=0.5189 | G_n_mean=7.3460 (n=5) | q_tot_pred_mean=7.3148 | drbfn_loss=0.0200, qi_loss=0.3967, qtot_loss=4.1212

 Map 5m_vs_6m Algo r_drbfn_v3 Exp v3_5m_vs_6m_5M_seed1_full updates 5250/6250 episodes, total num timesteps 4200800/5000000, FPS 76.

incre win rate is 0.325.
eval win rate is 0.34375.

 Map 5m_vs_6m Algo r_drbfn_v3 Exp v3_5m_vs_6m_5M_seed1_full updates 5255/6250 episodes, total num timesteps 4204800/5000000, FPS 76.

incre win rate is 0.36875.
[v3 step=5260] R_mean=0.5358 | G_n_mean=7.5352 (n=5) | q_tot_pred_mean=7.6251 | drbfn_loss=0.0225, qi_loss=0.4293, qtot_loss=5.0197

 Map 5m_vs_6m Algo r_drbfn_v3 Exp v3_5m_vs_6m_5M_seed1_full updates 5260/6250 episodes, total num timesteps 4208800/5000000, FPS 76.

incre win rate is 0.31875.

 Map 5m_vs_6m Algo r_drbfn_v3 Exp v3_5m_vs_6m_5M_seed1_full updates 5265/6250 episodes, total num timesteps 4212800/5000000, FPS 76.

incre win rate is 0.2848101265822785.
[v3 step=5270] R_mean=0.5703 | G_n_mean=7.9290 (n=5) | q_tot_pred_mean=7.8695 | drbfn_loss=0.0210, qi_loss=0.4923, qtot_loss=4.1766

 Map 5m_vs_6m Algo r_drbfn_v3 Exp v3_5m_vs_6m_5M_seed1_full updates 5270/6250 episodes, total num timesteps 4216800/5000000, FPS 76.

incre win rate is 0.4025157232704403.

 Map 5m_vs_6m Algo r_drbfn_v3 Exp v3_5m_vs_6m_5M_seed1_full updates 5275/6250 episodes, total num timesteps 4220800/5000000, FPS 76.

incre win rate is 0.38509316770186336.
eval win rate is 0.28125.
[v3 step=5280] R_mean=0.6093 | G_n_mean=8.5699 (n=5) | q_tot_pred_mean=8.1122 | drbfn_loss=0.0231, qi_loss=0.4386, qtot_loss=4.8262

 Map 5m_vs_6m Algo r_drbfn_v3 Exp v3_5m_vs_6m_5M_seed1_full updates 5280/6250 episodes, total num timesteps 4224800/5000000, FPS 76.

incre win rate is 0.4125.

 Map 5m_vs_6m Algo r_drbfn_v3 Exp v3_5m_vs_6m_5M_seed1_full updates 5285/6250 episodes, total num timesteps 4228800/5000000, FPS 76.

incre win rate is 0.3105590062111801.
[v3 step=5290] R_mean=0.5737 | G_n_mean=7.8449 (n=5) | q_tot_pred_mean=7.5955 | drbfn_loss=0.0216, qi_loss=0.4835, qtot_loss=4.4748

 Map 5m_vs_6m Algo r_drbfn_v3 Exp v3_5m_vs_6m_5M_seed1_full updates 5290/6250 episodes, total num timesteps 4232800/5000000, FPS 76.

incre win rate is 0.3821656050955414.

 Map 5m_vs_6m Algo r_drbfn_v3 Exp v3_5m_vs_6m_5M_seed1_full updates 5295/6250 episodes, total num timesteps 4236800/5000000, FPS 76.

incre win rate is 0.3710691823899371.
[v3 step=5300] R_mean=0.5579 | G_n_mean=7.9739 (n=5) | q_tot_pred_mean=7.9147 | drbfn_loss=0.0251, qi_loss=0.4517, qtot_loss=4.6517

 Map 5m_vs_6m Algo r_drbfn_v3 Exp v3_5m_vs_6m_5M_seed1_full updates 5300/6250 episodes, total num timesteps 4240800/5000000, FPS 76.

incre win rate is 0.35625.
eval win rate is 0.25.

 Map 5m_vs_6m Algo r_drbfn_v3 Exp v3_5m_vs_6m_5M_seed1_full updates 5305/6250 episodes, total num timesteps 4244800/5000000, FPS 76.

incre win rate is 0.2795031055900621.
[v3 step=5310] R_mean=0.5651 | G_n_mean=8.1933 (n=5) | q_tot_pred_mean=7.7503 | drbfn_loss=0.0227, qi_loss=0.4577, qtot_loss=5.0998

 Map 5m_vs_6m Algo r_drbfn_v3 Exp v3_5m_vs_6m_5M_seed1_full updates 5310/6250 episodes, total num timesteps 4248800/5000000, FPS 76.

incre win rate is 0.2893081761006289.

 Map 5m_vs_6m Algo r_drbfn_v3 Exp v3_5m_vs_6m_5M_seed1_full updates 5315/6250 episodes, total num timesteps 4252800/5000000, FPS 76.

incre win rate is 0.3670886075949367.
[v3 step=5320] R_mean=0.5125 | G_n_mean=7.4885 (n=5) | q_tot_pred_mean=7.5046 | drbfn_loss=0.0212, qi_loss=0.4590, qtot_loss=5.3889

 Map 5m_vs_6m Algo r_drbfn_v3 Exp v3_5m_vs_6m_5M_seed1_full updates 5320/6250 episodes, total num timesteps 4256800/5000000, FPS 76.

incre win rate is 0.3333333333333333.

 Map 5m_vs_6m Algo r_drbfn_v3 Exp v3_5m_vs_6m_5M_seed1_full updates 5325/6250 episodes, total num timesteps 4260800/5000000, FPS 76.

incre win rate is 0.37012987012987014.
eval win rate is 0.53125.
[v3 step=5330] R_mean=0.4939 | G_n_mean=7.1890 (n=5) | q_tot_pred_mean=7.2751 | drbfn_loss=0.0229, qi_loss=0.4869, qtot_loss=4.4538

 Map 5m_vs_6m Algo r_drbfn_v3 Exp v3_5m_vs_6m_5M_seed1_full updates 5330/6250 episodes, total num timesteps 4264800/5000000, FPS 76.

incre win rate is 0.36477987421383645.

 Map 5m_vs_6m Algo r_drbfn_v3 Exp v3_5m_vs_6m_5M_seed1_full updates 5335/6250 episodes, total num timesteps 4268800/5000000, FPS 76.

incre win rate is 0.32919254658385094.
[v3 step=5340] R_mean=0.4934 | G_n_mean=7.2174 (n=5) | q_tot_pred_mean=7.5030 | drbfn_loss=0.0216, qi_loss=0.4576, qtot_loss=5.5018

 Map 5m_vs_6m Algo r_drbfn_v3 Exp v3_5m_vs_6m_5M_seed1_full updates 5340/6250 episodes, total num timesteps 4272800/5000000, FPS 76.

incre win rate is 0.37341772151898733.

 Map 5m_vs_6m Algo r_drbfn_v3 Exp v3_5m_vs_6m_5M_seed1_full updates 5345/6250 episodes, total num timesteps 4276800/5000000, FPS 76.

incre win rate is 0.3503184713375796.
[v3 step=5350] R_mean=0.4917 | G_n_mean=7.1456 (n=5) | q_tot_pred_mean=7.2415 | drbfn_loss=0.0220, qi_loss=0.4845, qtot_loss=4.7561

 Map 5m_vs_6m Algo r_drbfn_v3 Exp v3_5m_vs_6m_5M_seed1_full updates 5350/6250 episodes, total num timesteps 4280800/5000000, FPS 76.

incre win rate is 0.3076923076923077.
eval win rate is 0.28125.
