u are choosing to use r_drbfn_v3 (n-step + counterfactual), keeping use_centralized_V = True
choose to use gpu...
D:\conda\Lib\site-packages\requests\__init__.py:113: RequestsDependencyWarning: urllib3 (2.2.3) or chardet (7.4.3)/charset_normalizer (3.3.2) doesn't match a supported version!
  warnings.warn(
obs_space:  [[124, [4, 17], [6, 5], [1, 4], [1, 22]], [124, [4, 17], [6, 5], [1, 4], [1, 22]], [124, [4, 17], [6, 5], [1, 4], [1, 22]], [124, [4, 17], [6, 5], [1, 4], [1, 22]], [124, [4, 17], [6, 5], [1, 4], [1, 22]]]
share_obs_space:  [[156, [4, 20], [6, 8], [1, 4], [1, 24]], [156, [4, 20], [6, 8], [1, 4], [1, 24]], [156, [4, 20], [6, 8], [1, 4], [1, 24]], [156, [4, 20], [6, 8], [1, 4], [1, 24]], [156, [4, 20], [6, 8], [1, 4], [1, 24]]]
act_space:  [Discrete(12), Discrete(12), Discrete(12), Discrete(12), Discrete(12)]

 Map 5m_vs_6m Algo r_drbfn_v3 Exp v3_5m_vs_6m_5M_seed2 updates 0/6250 episodes, total num timesteps 800/5000000, FPS 38.

incre win rate is 0.0.
eval win rate is 0.0.

 Map 5m_vs_6m Algo r_drbfn_v3 Exp v3_5m_vs_6m_5M_seed2 updates 5/6250 episodes, total num timesteps 4800/5000000, FPS 41.

incre win rate is 0.0.

 Map 5m_vs_6m Algo r_drbfn_v3 Exp v3_5m_vs_6m_5M_seed2 updates 10/6250 episodes, total num timesteps 8800/5000000, FPS 51.

incre win rate is 0.0.

 Map 5m_vs_6m Algo r_drbfn_v3 Exp v3_5m_vs_6m_5M_seed2 updates 15/6250 episodes, total num timesteps 12800/5000000, FPS 57.

incre win rate is 0.0.

 Map 5m_vs_6m Algo r_drbfn_v3 Exp v3_5m_vs_6m_5M_seed2 updates 20/6250 episodes, total num timesteps 16800/5000000, FPS 61.

incre win rate is 0.0.

 Map 5m_vs_6m Algo r_drbfn_v3 Exp v3_5m_vs_6m_5M_seed2 updates 25/6250 episodes, total num timesteps 20800/5000000, FPS 63.

incre win rate is 0.0.
eval win rate is 0.0.

 Map 5m_vs_6m Algo r_drbfn_v3 Exp v3_5m_vs_6m_5M_seed2 updates 30/6250 episodes, total num timesteps 24800/5000000, FPS 63.

incre win rate is 0.0.

 Map 5m_vs_6m Algo r_drbfn_v3 Exp v3_5m_vs_6m_5M_seed2 updates 35/6250 episodes, total num timesteps 28800/5000000, FPS 65.

incre win rate is 0.0.

 Map 5m_vs_6m Algo r_drbfn_v3 Exp v3_5m_vs_6m_5M_seed2 updates 40/6250 episodes, total num timesteps 32800/5000000, FPS 66.

incre win rate is 0.0.

 Map 5m_vs_6m Algo r_drbfn_v3 Exp v3_5m_vs_6m_5M_seed2 updates 45/6250 episodes, total num timesteps 36800/5000000, FPS 67.

incre win rate is 0.0.

 Map 5m_vs_6m Algo r_drbfn_v3 Exp v3_5m_vs_6m_5M_seed2 updates 50/6250 episodes, total num timesteps 40800/5000000, FPS 67.

incre win rate is 0.0.
eval win rate is 0.0.

 Map 5m_vs_6m Algo r_drbfn_v3 Exp v3_5m_vs_6m_5M_seed2 updates 55/6250 episodes, total num timesteps 44800/5000000, FPS 66.

incre win rate is 0.0.

 Map 5m_vs_6m Algo r_drbfn_v3 Exp v3_5m_vs_6m_5M_seed2 updates 60/6250 episodes, total num timesteps 48800/5000000, FPS 67.

incre win rate is 0.0.

 Map 5m_vs_6m Algo r_drbfn_v3 Exp v3_5m_vs_6m_5M_seed2 updates 65/6250 episodes, total num timesteps 52800/5000000, FPS 67.

incre win rate is 0.0.
[v3 step=70] R_mean=0.2879 | G_n_mean=1.4224 (n=5) | q_tot_pred_mean=0.5617 | drbfn_loss=0.3999, qi_loss=0.0080, qtot_loss=1.5144

 Map 5m_vs_6m Algo r_drbfn_v3 Exp v3_5m_vs_6m_5M_seed2 updates 70/6250 episodes, total num timesteps 56800/5000000, FPS 67.

incre win rate is 0.0.

 Map 5m_vs_6m Algo r_drbfn_v3 Exp v3_5m_vs_6m_5M_seed2 updates 75/6250 episodes, total num timesteps 60800/5000000, FPS 67.

incre win rate is 0.0.
eval win rate is 0.0.
[v3 step=80] R_mean=0.3157 | G_n_mean=1.5722 (n=5) | q_tot_pred_mean=1.2868 | drbfn_loss=0.3828, qi_loss=0.0069, qtot_loss=0.7385

 Map 5m_vs_6m Algo r_drbfn_v3 Exp v3_5m_vs_6m_5M_seed2 updates 80/6250 episodes, total num timesteps 64800/5000000, FPS 66.

incre win rate is 0.0.

 Map 5m_vs_6m Algo r_drbfn_v3 Exp v3_5m_vs_6m_5M_seed2 updates 85/6250 episodes, total num timesteps 68800/5000000, FPS 66.

incre win rate is 0.0.
[v3 step=90] R_mean=0.3195 | G_n_mean=1.6060 (n=5) | q_tot_pred_mean=1.7861 | drbfn_loss=0.3708, qi_loss=0.0058, qtot_loss=0.5980

 Map 5m_vs_6m Algo r_drbfn_v3 Exp v3_5m_vs_6m_5M_seed2 updates 90/6250 episodes, total num timesteps 72800/5000000, FPS 66.

incre win rate is 0.0.

 Map 5m_vs_6m Algo r_drbfn_v3 Exp v3_5m_vs_6m_5M_seed2 updates 95/6250 episodes, total num timesteps 76800/5000000, FPS 66.

incre win rate is 0.0.
[v3 step=100] R_mean=0.3131 | G_n_mean=1.6092 (n=5) | q_tot_pred_mean=1.6197 | drbfn_loss=0.3602, qi_loss=0.0054, qtot_loss=0.4455

 Map 5m_vs_6m Algo r_drbfn_v3 Exp v3_5m_vs_6m_5M_seed2 updates 100/6250 episodes, total num timesteps 80800/5000000, FPS 66.

incre win rate is 0.0.
eval win rate is 0.0.

 Map 5m_vs_6m Algo r_drbfn_v3 Exp v3_5m_vs_6m_5M_seed2 updates 105/6250 episodes, total num timesteps 84800/5000000, FPS 66.

incre win rate is 0.0.
[v3 step=110] R_mean=0.3110 | G_n_mean=1.6148 (n=5) | q_tot_pred_mean=1.5132 | drbfn_loss=0.3469, qi_loss=0.0046, qtot_loss=0.3805

 Map 5m_vs_6m Algo r_drbfn_v3 Exp v3_5m_vs_6m_5M_seed2 updates 110/6250 episodes, total num timesteps 88800/5000000, FPS 66.

incre win rate is 0.0.

 Map 5m_vs_6m Algo r_drbfn_v3 Exp v3_5m_vs_6m_5M_seed2 updates 115/6250 episodes, total num timesteps 92800/5000000, FPS 66.

incre win rate is 0.0.
[v3 step=120] R_mean=0.3134 | G_n_mean=1.6489 (n=5) | q_tot_pred_mean=1.6773 | drbfn_loss=0.3373, qi_loss=0.0043, qtot_loss=0.3684

 Map 5m_vs_6m Algo r_drbfn_v3 Exp v3_5m_vs_6m_5M_seed2 updates 120/6250 episodes, total num timesteps 96800/5000000, FPS 66.

incre win rate is 0.005555555555555556.

 Map 5m_vs_6m Algo r_drbfn_v3 Exp v3_5m_vs_6m_5M_seed2 updates 125/6250 episodes, total num timesteps 100800/5000000, FPS 66.

incre win rate is 0.0.
eval win rate is 0.03125.
[v3 step=130] R_mean=0.2687 | G_n_mean=1.4475 (n=5) | q_tot_pred_mean=1.5370 | drbfn_loss=0.3348, qi_loss=0.0043, qtot_loss=0.2420

 Map 5m_vs_6m Algo r_drbfn_v3 Exp v3_5m_vs_6m_5M_seed2 updates 130/6250 episodes, total num timesteps 104800/5000000, FPS 65.

incre win rate is 0.0.

 Map 5m_vs_6m Algo r_drbfn_v3 Exp v3_5m_vs_6m_5M_seed2 updates 135/6250 episodes, total num timesteps 108800/5000000, FPS 65.

incre win rate is 0.0.
[v3 step=140] R_mean=0.3012 | G_n_mean=1.6679 (n=5) | q_tot_pred_mean=1.7413 | drbfn_loss=0.3182, qi_loss=0.0043, qtot_loss=0.2427

 Map 5m_vs_6m Algo r_drbfn_v3 Exp v3_5m_vs_6m_5M_seed2 updates 140/6250 episodes, total num timesteps 112800/5000000, FPS 65.

incre win rate is 0.0.

 Map 5m_vs_6m Algo r_drbfn_v3 Exp v3_5m_vs_6m_5M_seed2 updates 145/6250 episodes, total num timesteps 116800/5000000, FPS 65.

incre win rate is 0.0.
[v3 step=150] R_mean=0.3226 | G_n_mean=1.7842 (n=5) | q_tot_pred_mean=1.7356 | drbfn_loss=0.3077, qi_loss=0.0039, qtot_loss=0.2078

 Map 5m_vs_6m Algo r_drbfn_v3 Exp v3_5m_vs_6m_5M_seed2 updates 150/6250 episodes, total num timesteps 120800/5000000, FPS 65.

incre win rate is 0.0.
eval win rate is 0.0.

 Map 5m_vs_6m Algo r_drbfn_v3 Exp v3_5m_vs_6m_5M_seed2 updates 155/6250 episodes, total num timesteps 124800/5000000, FPS 65.

incre win rate is 0.0.
[v3 step=160] R_mean=0.3283 | G_n_mean=1.8540 (n=5) | q_tot_pred_mean=1.9134 | drbfn_loss=0.2830, qi_loss=0.0038, qtot_loss=0.2093

 Map 5m_vs_6m Algo r_drbfn_v3 Exp v3_5m_vs_6m_5M_seed2 updates 160/6250 episodes, total num timesteps 128800/5000000, FPS 65.

incre win rate is 0.0.

 Map 5m_vs_6m Algo r_drbfn_v3 Exp v3_5m_vs_6m_5M_seed2 updates 165/6250 episodes, total num timesteps 132800/5000000, FPS 65.

incre win rate is 0.005649717514124294.
[v3 step=170] R_mean=0.3374 | G_n_mean=1.9371 (n=5) | q_tot_pred_mean=1.9054 | drbfn_loss=0.2610, qi_loss=0.0031, qtot_loss=0.2436

 Map 5m_vs_6m Algo r_drbfn_v3 Exp v3_5m_vs_6m_5M_seed2 updates 170/6250 episodes, total num timesteps 136800/5000000, FPS 65.

incre win rate is 0.0.

 Map 5m_vs_6m Algo r_drbfn_v3 Exp v3_5m_vs_6m_5M_seed2 updates 175/6250 episodes, total num timesteps 140800/5000000, FPS 66.

incre win rate is 0.0.
eval win rate is 0.0.
[v3 step=180] R_mean=0.3478 | G_n_mean=2.0477 (n=5) | q_tot_pred_mean=2.0249 | drbfn_loss=0.2519, qi_loss=0.0032, qtot_loss=0.2128

 Map 5m_vs_6m Algo r_drbfn_v3 Exp v3_5m_vs_6m_5M_seed2 updates 180/6250 episodes, total num timesteps 144800/5000000, FPS 65.

incre win rate is 0.0.

 Map 5m_vs_6m Algo r_drbfn_v3 Exp v3_5m_vs_6m_5M_seed2 updates 185/6250 episodes, total num timesteps 148800/5000000, FPS 66.

incre win rate is 0.0.
[v3 step=190] R_mean=0.3437 | G_n_mean=2.0580 (n=5) | q_tot_pred_mean=2.0782 | drbfn_loss=0.2264, qi_loss=0.0037, qtot_loss=0.1868

 Map 5m_vs_6m Algo r_drbfn_v3 Exp v3_5m_vs_6m_5M_seed2 updates 190/6250 episodes, total num timesteps 152800/5000000, FPS 66.

incre win rate is 0.0.

 Map 5m_vs_6m Algo r_drbfn_v3 Exp v3_5m_vs_6m_5M_seed2 updates 195/6250 episodes, total num timesteps 156800/5000000, FPS 66.

incre win rate is 0.0.
[v3 step=200] R_mean=0.3484 | G_n_mean=2.1151 (n=5) | q_tot_pred_mean=2.1200 | drbfn_loss=0.2141, qi_loss=0.0037, qtot_loss=0.2713

 Map 5m_vs_6m Algo r_drbfn_v3 Exp v3_5m_vs_6m_5M_seed2 updates 200/6250 episodes, total num timesteps 160800/5000000, FPS 66.

incre win rate is 0.0.
eval win rate is 0.03125.

 Map 5m_vs_6m Algo r_drbfn_v3 Exp v3_5m_vs_6m_5M_seed2 updates 205/6250 episodes, total num timesteps 164800/5000000, FPS 65.

incre win rate is 0.0.
[v3 step=210] R_mean=0.3456 | G_n_mean=2.1364 (n=5) | q_tot_pred_mean=2.1075 | drbfn_loss=0.1849, qi_loss=0.0034, qtot_loss=0.2058

 Map 5m_vs_6m Algo r_drbfn_v3 Exp v3_5m_vs_6m_5M_seed2 updates 210/6250 episodes, total num timesteps 168800/5000000, FPS 65.

incre win rate is 0.0.

 Map 5m_vs_6m Algo r_drbfn_v3 Exp v3_5m_vs_6m_5M_seed2 updates 215/6250 episodes, total num timesteps 172800/5000000, FPS 65.

incre win rate is 0.0.
[v3 step=220] R_mean=0.3437 | G_n_mean=2.1684 (n=5) | q_tot_pred_mean=2.1185 | drbfn_loss=0.1605, qi_loss=0.0032, qtot_loss=0.1815

 Map 5m_vs_6m Algo r_drbfn_v3 Exp v3_5m_vs_6m_5M_seed2 updates 220/6250 episodes, total num timesteps 176800/5000000, FPS 65.

incre win rate is 0.0.

 Map 5m_vs_6m Algo r_drbfn_v3 Exp v3_5m_vs_6m_5M_seed2 updates 225/6250 episodes, total num timesteps 180800/5000000, FPS 65.

incre win rate is 0.0.
eval win rate is 0.0.
[v3 step=230] R_mean=0.3526 | G_n_mean=2.2525 (n=5) | q_tot_pred_mean=2.2841 | drbfn_loss=0.1269, qi_loss=0.0029, qtot_loss=0.1932

 Map 5m_vs_6m Algo r_drbfn_v3 Exp v3_5m_vs_6m_5M_seed2 updates 230/6250 episodes, total num timesteps 184800/5000000, FPS 64.

incre win rate is 0.0.

 Map 5m_vs_6m Algo r_drbfn_v3 Exp v3_5m_vs_6m_5M_seed2 updates 235/6250 episodes, total num timesteps 188800/5000000, FPS 64.

incre win rate is 0.0.
[v3 step=240] R_mean=0.3409 | G_n_mean=2.2128 (n=5) | q_tot_pred_mean=2.2028 | drbfn_loss=0.1098, qi_loss=0.0031, qtot_loss=0.2547

 Map 5m_vs_6m Algo r_drbfn_v3 Exp v3_5m_vs_6m_5M_seed2 updates 240/6250 episodes, total num timesteps 192800/5000000, FPS 64.

incre win rate is 0.0.

 Map 5m_vs_6m Algo r_drbfn_v3 Exp v3_5m_vs_6m_5M_seed2 updates 245/6250 episodes, total num timesteps 196800/5000000, FPS 65.

incre win rate is 0.0.
[v3 step=250] R_mean=0.3466 | G_n_mean=2.2673 (n=5) | q_tot_pred_mean=2.2187 | drbfn_loss=0.0828, qi_loss=0.0032, qtot_loss=0.2358

 Map 5m_vs_6m Algo r_drbfn_v3 Exp v3_5m_vs_6m_5M_seed2 updates 250/6250 episodes, total num timesteps 200800/5000000, FPS 65.

incre win rate is 0.0.
eval win rate is 0.0.

 Map 5m_vs_6m Algo r_drbfn_v3 Exp v3_5m_vs_6m_5M_seed2 updates 255/6250 episodes, total num timesteps 204800/5000000, FPS 64.

incre win rate is 0.0.
[v3 step=260] R_mean=0.3510 | G_n_mean=2.3319 (n=5) | q_tot_pred_mean=2.3388 | drbfn_loss=0.0600, qi_loss=0.0039, qtot_loss=0.2459

 Map 5m_vs_6m Algo r_drbfn_v3 Exp v3_5m_vs_6m_5M_seed2 updates 260/6250 episodes, total num timesteps 208800/5000000, FPS 64.

incre win rate is 0.0.

 Map 5m_vs_6m Algo r_drbfn_v3 Exp v3_5m_vs_6m_5M_seed2 updates 265/6250 episodes, total num timesteps 212800/5000000, FPS 64.

incre win rate is 0.0.
[v3 step=270] R_mean=0.3489 | G_n_mean=2.3488 (n=5) | q_tot_pred_mean=2.3337 | drbfn_loss=0.0443, qi_loss=0.0043, qtot_loss=0.2786

 Map 5m_vs_6m Algo r_drbfn_v3 Exp v3_5m_vs_6m_5M_seed2 updates 270/6250 episodes, total num timesteps 216800/5000000, FPS 64.

incre win rate is 0.0.

 Map 5m_vs_6m Algo r_drbfn_v3 Exp v3_5m_vs_6m_5M_seed2 updates 275/6250 episodes, total num timesteps 220800/5000000, FPS 64.

incre win rate is 0.0.
eval win rate is 0.0.
[v3 step=280] R_mean=0.3398 | G_n_mean=2.3565 (n=5) | q_tot_pred_mean=2.3826 | drbfn_loss=0.0374, qi_loss=0.0050, qtot_loss=0.2318

 Map 5m_vs_6m Algo r_drbfn_v3 Exp v3_5m_vs_6m_5M_seed2 updates 280/6250 episodes, total num timesteps 224800/5000000, FPS 64.

incre win rate is 0.0.

 Map 5m_vs_6m Algo r_drbfn_v3 Exp v3_5m_vs_6m_5M_seed2 updates 285/6250 episodes, total num timesteps 228800/5000000, FPS 64.

incre win rate is 0.0.
[v3 step=290] R_mean=0.3250 | G_n_mean=2.3096 (n=5) | q_tot_pred_mean=2.3220 | drbfn_loss=0.0381, qi_loss=0.0052, qtot_loss=0.1941

 Map 5m_vs_6m Algo r_drbfn_v3 Exp v3_5m_vs_6m_5M_seed2 updates 290/6250 episodes, total num timesteps 232800/5000000, FPS 64.

incre win rate is 0.0.

 Map 5m_vs_6m Algo r_drbfn_v3 Exp v3_5m_vs_6m_5M_seed2 updates 295/6250 episodes, total num timesteps 236800/5000000, FPS 64.

incre win rate is 0.0.
[v3 step=300] R_mean=0.3470 | G_n_mean=2.4996 (n=5) | q_tot_pred_mean=2.4457 | drbfn_loss=0.0404, qi_loss=0.0054, qtot_loss=0.1767

 Map 5m_vs_6m Algo r_drbfn_v3 Exp v3_5m_vs_6m_5M_seed2 updates 300/6250 episodes, total num timesteps 240800/5000000, FPS 64.

incre win rate is 0.005555555555555556.
eval win rate is 0.0.

 Map 5m_vs_6m Algo r_drbfn_v3 Exp v3_5m_vs_6m_5M_seed2 updates 305/6250 episodes, total num timesteps 244800/5000000, FPS 64.

incre win rate is 0.0.
[v3 step=310] R_mean=0.3626 | G_n_mean=2.6180 (n=5) | q_tot_pred_mean=2.5894 | drbfn_loss=0.0409, qi_loss=0.0055, qtot_loss=0.2473

 Map 5m_vs_6m Algo r_drbfn_v3 Exp v3_5m_vs_6m_5M_seed2 updates 310/6250 episodes, total num timesteps 248800/5000000, FPS 64.

incre win rate is 0.0.

 Map 5m_vs_6m Algo r_drbfn_v3 Exp v3_5m_vs_6m_5M_seed2 updates 315/6250 episodes, total num timesteps 252800/5000000, FPS 64.

incre win rate is 0.0.
[v3 step=320] R_mean=0.3564 | G_n_mean=2.6131 (n=5) | q_tot_pred_mean=2.6698 | drbfn_loss=0.0350, qi_loss=0.0043, qtot_loss=0.2985

 Map 5m_vs_6m Algo r_drbfn_v3 Exp v3_5m_vs_6m_5M_seed2 updates 320/6250 episodes, total num timesteps 256800/5000000, FPS 64.

incre win rate is 0.0.

 Map 5m_vs_6m Algo r_drbfn_v3 Exp v3_5m_vs_6m_5M_seed2 updates 325/6250 episodes, total num timesteps 260800/5000000, FPS 63.

incre win rate is 0.0.
eval win rate is 0.0.
[v3 step=330] R_mean=0.3623 | G_n_mean=2.7327 (n=5) | q_tot_pred_mean=2.7017 | drbfn_loss=0.0271, qi_loss=0.0046, qtot_loss=0.1953

 Map 5m_vs_6m Algo r_drbfn_v3 Exp v3_5m_vs_6m_5M_seed2 updates 330/6250 episodes, total num timesteps 264800/5000000, FPS 63.

incre win rate is 0.0.

 Map 5m_vs_6m Algo r_drbfn_v3 Exp v3_5m_vs_6m_5M_seed2 updates 335/6250 episodes, total num timesteps 268800/5000000, FPS 63.

incre win rate is 0.0.
[v3 step=340] R_mean=0.3673 | G_n_mean=2.8100 (n=5) | q_tot_pred_mean=2.7791 | drbfn_loss=0.0196, qi_loss=0.0036, qtot_loss=0.2762

 Map 5m_vs_6m Algo r_drbfn_v3 Exp v3_5m_vs_6m_5M_seed2 updates 340/6250 episodes, total num timesteps 272800/5000000, FPS 63.

incre win rate is 0.0.

 Map 5m_vs_6m Algo r_drbfn_v3 Exp v3_5m_vs_6m_5M_seed2 updates 345/6250 episodes, total num timesteps 276800/5000000, FPS 63.

incre win rate is 0.0.
[v3 step=350] R_mean=0.3645 | G_n_mean=2.8109 (n=5) | q_tot_pred_mean=2.8034 | drbfn_loss=0.0170, qi_loss=0.0032, qtot_loss=0.2865

 Map 5m_vs_6m Algo r_drbfn_v3 Exp v3_5m_vs_6m_5M_seed2 updates 350/6250 episodes, total num timesteps 280800/5000000, FPS 63.

incre win rate is 0.0.
eval win rate is 0.0.

 Map 5m_vs_6m Algo r_drbfn_v3 Exp v3_5m_vs_6m_5M_seed2 updates 355/6250 episodes, total num timesteps 284800/5000000, FPS 63.

incre win rate is 0.0.
[v3 step=360] R_mean=0.3542 | G_n_mean=2.7769 (n=5) | q_tot_pred_mean=2.6725 | drbfn_loss=0.0182, qi_loss=0.0035, qtot_loss=0.3244

 Map 5m_vs_6m Algo r_drbfn_v3 Exp v3_5m_vs_6m_5M_seed2 updates 360/6250 episodes, total num timesteps 288800/5000000, FPS 63.

incre win rate is 0.0.

 Map 5m_vs_6m Algo r_drbfn_v3 Exp v3_5m_vs_6m_5M_seed2 updates 365/6250 episodes, total num timesteps 292800/5000000, FPS 63.

incre win rate is 0.0.
[v3 step=370] R_mean=0.3643 | G_n_mean=2.8698 (n=5) | q_tot_pred_mean=2.8274 | drbfn_loss=0.0136, qi_loss=0.0063, qtot_loss=0.5843

 Map 5m_vs_6m Algo r_drbfn_v3 Exp v3_5m_vs_6m_5M_seed2 updates 370/6250 episodes, total num timesteps 296800/5000000, FPS 63.

incre win rate is 0.005714285714285714.

 Map 5m_vs_6m Algo r_drbfn_v3 Exp v3_5m_vs_6m_5M_seed2 updates 375/6250 episodes, total num timesteps 300800/5000000, FPS 63.

incre win rate is 0.005780346820809248.
eval win rate is 0.0.
[v3 step=380] R_mean=0.3562 | G_n_mean=2.8621 (n=5) | q_tot_pred_mean=2.8509 | drbfn_loss=0.0127, qi_loss=0.0031, qtot_loss=0.3741

 Map 5m_vs_6m Algo r_drbfn_v3 Exp v3_5m_vs_6m_5M_seed2 updates 380/6250 episodes, total num timesteps 304800/5000000, FPS 63.

incre win rate is 0.0.

 Map 5m_vs_6m Algo r_drbfn_v3 Exp v3_5m_vs_6m_5M_seed2 updates 385/6250 episodes, total num timesteps 308800/5000000, FPS 63.

incre win rate is 0.0.
[v3 step=390] R_mean=0.3704 | G_n_mean=2.9177 (n=5) | q_tot_pred_mean=2.7848 | drbfn_loss=0.0180, qi_loss=0.0067, qtot_loss=0.7663

 Map 5m_vs_6m Algo r_drbfn_v3 Exp v3_5m_vs_6m_5M_seed2 updates 390/6250 episodes, total num timesteps 312800/5000000, FPS 63.

incre win rate is 0.0056179775280898875.

 Map 5m_vs_6m Algo r_drbfn_v3 Exp v3_5m_vs_6m_5M_seed2 updates 395/6250 episodes, total num timesteps 316800/5000000, FPS 63.

incre win rate is 0.011363636363636364.
[v3 step=400] R_mean=0.3623 | G_n_mean=2.9509 (n=5) | q_tot_pred_mean=2.9000 | drbfn_loss=0.0139, qi_loss=0.0033, qtot_loss=0.3392

 Map 5m_vs_6m Algo r_drbfn_v3 Exp v3_5m_vs_6m_5M_seed2 updates 400/6250 episodes, total num timesteps 320800/5000000, FPS 63.

incre win rate is 0.0.
eval win rate is 0.0.

 Map 5m_vs_6m Algo r_drbfn_v3 Exp v3_5m_vs_6m_5M_seed2 updates 405/6250 episodes, total num timesteps 324800/5000000, FPS 63.

incre win rate is 0.0.
[v3 step=410] R_mean=0.3561 | G_n_mean=2.9432 (n=5) | q_tot_pred_mean=2.9835 | drbfn_loss=0.0150, qi_loss=0.0035, qtot_loss=0.2832

 Map 5m_vs_6m Algo r_drbfn_v3 Exp v3_5m_vs_6m_5M_seed2 updates 410/6250 episodes, total num timesteps 328800/5000000, FPS 63.

incre win rate is 0.0.

 Map 5m_vs_6m Algo r_drbfn_v3 Exp v3_5m_vs_6m_5M_seed2 updates 415/6250 episodes, total num timesteps 332800/5000000, FPS 63.

incre win rate is 0.0.
[v3 step=420] R_mean=0.3667 | G_n_mean=3.0513 (n=5) | q_tot_pred_mean=2.9684 | drbfn_loss=0.0120, qi_loss=0.0033, qtot_loss=0.2855

 Map 5m_vs_6m Algo r_drbfn_v3 Exp v3_5m_vs_6m_5M_seed2 updates 420/6250 episodes, total num timesteps 336800/5000000, FPS 63.

incre win rate is 0.0.

 Map 5m_vs_6m Algo r_drbfn_v3 Exp v3_5m_vs_6m_5M_seed2 updates 425/6250 episodes, total num timesteps 340800/5000000, FPS 64.

incre win rate is 0.0.
eval win rate is 0.0.
[v3 step=430] R_mean=0.3691 | G_n_mean=3.1267 (n=5) | q_tot_pred_mean=3.1211 | drbfn_loss=0.0130, qi_loss=0.0033, qtot_loss=0.3519

 Map 5m_vs_6m Algo r_drbfn_v3 Exp v3_5m_vs_6m_5M_seed2 updates 430/6250 episodes, total num timesteps 344800/5000000, FPS 64.

incre win rate is 0.005813953488372093.

 Map 5m_vs_6m Algo r_drbfn_v3 Exp v3_5m_vs_6m_5M_seed2 updates 435/6250 episodes, total num timesteps 348800/5000000, FPS 64.

incre win rate is 0.011494252873563218.
[v3 step=440] R_mean=0.3722 | G_n_mean=3.1485 (n=5) | q_tot_pred_mean=3.0780 | drbfn_loss=0.0117, qi_loss=0.0035, qtot_loss=0.3787

 Map 5m_vs_6m Algo r_drbfn_v3 Exp v3_5m_vs_6m_5M_seed2 updates 440/6250 episodes, total num timesteps 352800/5000000, FPS 64.

incre win rate is 0.005780346820809248.

 Map 5m_vs_6m Algo r_drbfn_v3 Exp v3_5m_vs_6m_5M_seed2 updates 445/6250 episodes, total num timesteps 356800/5000000, FPS 64.

incre win rate is 0.011428571428571429.
[v3 step=450] R_mean=0.3583 | G_n_mean=3.1038 (n=5) | q_tot_pred_mean=3.1317 | drbfn_loss=0.0105, qi_loss=0.0033, qtot_loss=0.3953

 Map 5m_vs_6m Algo r_drbfn_v3 Exp v3_5m_vs_6m_5M_seed2 updates 450/6250 episodes, total num timesteps 360800/5000000, FPS 64.

incre win rate is 0.0.
eval win rate is 0.0.

 Map 5m_vs_6m Algo r_drbfn_v3 Exp v3_5m_vs_6m_5M_seed2 updates 455/6250 episodes, total num timesteps 364800/5000000, FPS 64.

incre win rate is 0.011560693641618497.
[v3 step=460] R_mean=0.3566 | G_n_mean=3.1415 (n=5) | q_tot_pred_mean=3.1619 | drbfn_loss=0.0115, qi_loss=0.0035, qtot_loss=0.4301

 Map 5m_vs_6m Algo r_drbfn_v3 Exp v3_5m_vs_6m_5M_seed2 updates 460/6250 episodes, total num timesteps 368800/5000000, FPS 64.

incre win rate is 0.0.

 Map 5m_vs_6m Algo r_drbfn_v3 Exp v3_5m_vs_6m_5M_seed2 updates 465/6250 episodes, total num timesteps 372800/5000000, FPS 64.

incre win rate is 0.005780346820809248.
[v3 step=470] R_mean=0.3491 | G_n_mean=3.0625 (n=5) | q_tot_pred_mean=3.0036 | drbfn_loss=0.0113, qi_loss=0.0032, qtot_loss=0.3866

 Map 5m_vs_6m Algo r_drbfn_v3 Exp v3_5m_vs_6m_5M_seed2 updates 470/6250 episodes, total num timesteps 376800/5000000, FPS 65.

incre win rate is 0.0.

 Map 5m_vs_6m Algo r_drbfn_v3 Exp v3_5m_vs_6m_5M_seed2 updates 475/6250 episodes, total num timesteps 380800/5000000, FPS 65.

incre win rate is 0.0.
eval win rate is 0.0.
[v3 step=480] R_mean=0.3542 | G_n_mean=3.1626 (n=5) | q_tot_pred_mean=3.1885 | drbfn_loss=0.0119, qi_loss=0.0034, qtot_loss=0.4914

 Map 5m_vs_6m Algo r_drbfn_v3 Exp v3_5m_vs_6m_5M_seed2 updates 480/6250 episodes, total num timesteps 384800/5000000, FPS 65.

incre win rate is 0.0.

 Map 5m_vs_6m Algo r_drbfn_v3 Exp v3_5m_vs_6m_5M_seed2 updates 485/6250 episodes, total num timesteps 388800/5000000, FPS 65.

incre win rate is 0.005780346820809248.
[v3 step=490] R_mean=0.3228 | G_n_mean=2.9590 (n=5) | q_tot_pred_mean=3.1092 | drbfn_loss=0.0124, qi_loss=0.0036, qtot_loss=0.5959

 Map 5m_vs_6m Algo r_drbfn_v3 Exp v3_5m_vs_6m_5M_seed2 updates 490/6250 episodes, total num timesteps 392800/5000000, FPS 65.

incre win rate is 0.0.

 Map 5m_vs_6m Algo r_drbfn_v3 Exp v3_5m_vs_6m_5M_seed2 updates 495/6250 episodes, total num timesteps 396800/5000000, FPS 65.

incre win rate is 0.0.
[v3 step=500] R_mean=0.3717 | G_n_mean=3.3589 (n=5) | q_tot_pred_mean=3.3122 | drbfn_loss=0.0127, qi_loss=0.0034, qtot_loss=0.2771

 Map 5m_vs_6m Algo r_drbfn_v3 Exp v3_5m_vs_6m_5M_seed2 updates 500/6250 episodes, total num timesteps 400800/5000000, FPS 65.

incre win rate is 0.005813953488372093.
eval win rate is 0.03125.

 Map 5m_vs_6m Algo r_drbfn_v3 Exp v3_5m_vs_6m_5M_seed2 updates 505/6250 episodes, total num timesteps 404800/5000000, FPS 65.

incre win rate is 0.0.
[v3 step=510] R_mean=0.3700 | G_n_mean=3.3760 (n=5) | q_tot_pred_mean=3.2670 | drbfn_loss=0.0101, qi_loss=0.0078, qtot_loss=0.8848

 Map 5m_vs_6m Algo r_drbfn_v3 Exp v3_5m_vs_6m_5M_seed2 updates 510/6250 episodes, total num timesteps 408800/5000000, FPS 65.

incre win rate is 0.005649717514124294.

 Map 5m_vs_6m Algo r_drbfn_v3 Exp v3_5m_vs_6m_5M_seed2 updates 515/6250 episodes, total num timesteps 412800/5000000, FPS 65.

incre win rate is 0.0.
[v3 step=520] R_mean=0.3606 | G_n_mean=3.3175 (n=5) | q_tot_pred_mean=3.2645 | drbfn_loss=0.0118, qi_loss=0.0032, qtot_loss=0.4411

 Map 5m_vs_6m Algo r_drbfn_v3 Exp v3_5m_vs_6m_5M_seed2 updates 520/6250 episodes, total num timesteps 416800/5000000, FPS 65.

incre win rate is 0.0.

 Map 5m_vs_6m Algo r_drbfn_v3 Exp v3_5m_vs_6m_5M_seed2 updates 525/6250 episodes, total num timesteps 420800/5000000, FPS 66.

incre win rate is 0.0.
eval win rate is 0.0.
[v3 step=530] R_mean=0.3492 | G_n_mean=3.2836 (n=5) | q_tot_pred_mean=3.2016 | drbfn_loss=0.0100, qi_loss=0.0034, qtot_loss=0.4524

 Map 5m_vs_6m Algo r_drbfn_v3 Exp v3_5m_vs_6m_5M_seed2 updates 530/6250 episodes, total num timesteps 424800/5000000, FPS 66.

incre win rate is 0.0.

 Map 5m_vs_6m Algo r_drbfn_v3 Exp v3_5m_vs_6m_5M_seed2 updates 535/6250 episodes, total num timesteps 428800/5000000, FPS 66.

incre win rate is 0.0.
[v3 step=540] R_mean=0.3508 | G_n_mean=3.3159 (n=5) | q_tot_pred_mean=3.4180 | drbfn_loss=0.0102, qi_loss=0.0032, qtot_loss=0.4460

 Map 5m_vs_6m Algo r_drbfn_v3 Exp v3_5m_vs_6m_5M_seed2 updates 540/6250 episodes, total num timesteps 432800/5000000, FPS 66.

incre win rate is 0.0.

 Map 5m_vs_6m Algo r_drbfn_v3 Exp v3_5m_vs_6m_5M_seed2 updates 545/6250 episodes, total num timesteps 436800/5000000, FPS 66.

incre win rate is 0.0.
[v3 step=550] R_mean=0.3530 | G_n_mean=3.3429 (n=5) | q_tot_pred_mean=3.3596 | drbfn_loss=0.0111, qi_loss=0.0033, qtot_loss=0.4142

 Map 5m_vs_6m Algo r_drbfn_v3 Exp v3_5m_vs_6m_5M_seed2 updates 550/6250 episodes, total num timesteps 440800/5000000, FPS 66.

incre win rate is 0.0.
eval win rate is 0.0.

 Map 5m_vs_6m Algo r_drbfn_v3 Exp v3_5m_vs_6m_5M_seed2 updates 555/6250 episodes, total num timesteps 444800/5000000, FPS 66.

incre win rate is 0.011494252873563218.
[v3 step=560] R_mean=0.3669 | G_n_mean=3.5072 (n=5) | q_tot_pred_mean=3.5433 | drbfn_loss=0.0092, qi_loss=0.0066, qtot_loss=0.8909

 Map 5m_vs_6m Algo r_drbfn_v3 Exp v3_5m_vs_6m_5M_seed2 updates 560/6250 episodes, total num timesteps 448800/5000000, FPS 66.

incre win rate is 0.017045454545454544.

 Map 5m_vs_6m Algo r_drbfn_v3 Exp v3_5m_vs_6m_5M_seed2 updates 565/6250 episodes, total num timesteps 452800/5000000, FPS 66.

incre win rate is 0.005714285714285714.
[v3 step=570] R_mean=0.3592 | G_n_mean=3.4374 (n=5) | q_tot_pred_mean=3.4825 | drbfn_loss=0.0111, qi_loss=0.0033, qtot_loss=0.5720

 Map 5m_vs_6m Algo r_drbfn_v3 Exp v3_5m_vs_6m_5M_seed2 updates 570/6250 episodes, total num timesteps 456800/5000000, FPS 67.

incre win rate is 0.005714285714285714.

 Map 5m_vs_6m Algo r_drbfn_v3 Exp v3_5m_vs_6m_5M_seed2 updates 575/6250 episodes, total num timesteps 460800/5000000, FPS 67.

incre win rate is 0.011560693641618497.
eval win rate is 0.0625.
[v3 step=580] R_mean=0.3526 | G_n_mean=3.4716 (n=5) | q_tot_pred_mean=3.5648 | drbfn_loss=0.0099, qi_loss=0.0031, qtot_loss=0.5861

 Map 5m_vs_6m Algo r_drbfn_v3 Exp v3_5m_vs_6m_5M_seed2 updates 580/6250 episodes, total num timesteps 464800/5000000, FPS 67.

incre win rate is 0.005681818181818182.

 Map 5m_vs_6m Algo r_drbfn_v3 Exp v3_5m_vs_6m_5M_seed2 updates 585/6250 episodes, total num timesteps 468800/5000000, FPS 67.

incre win rate is 0.0056179775280898875.
[v3 step=590] R_mean=0.3422 | G_n_mean=3.4766 (n=5) | q_tot_pred_mean=3.5438 | drbfn_loss=0.0100, qi_loss=0.0032, qtot_loss=0.4849

 Map 5m_vs_6m Algo r_drbfn_v3 Exp v3_5m_vs_6m_5M_seed2 updates 590/6250 episodes, total num timesteps 472800/5000000, FPS 67.

incre win rate is 0.00558659217877095.

 Map 5m_vs_6m Algo r_drbfn_v3 Exp v3_5m_vs_6m_5M_seed2 updates 595/6250 episodes, total num timesteps 476800/5000000, FPS 67.

incre win rate is 0.011235955056179775.
[v3 step=600] R_mean=0.3549 | G_n_mean=3.5341 (n=5) | q_tot_pred_mean=3.5192 | drbfn_loss=0.0114, qi_loss=0.0035, qtot_loss=0.5612

 Map 5m_vs_6m Algo r_drbfn_v3 Exp v3_5m_vs_6m_5M_seed2 updates 600/6250 episodes, total num timesteps 480800/5000000, FPS 67.

incre win rate is 0.011363636363636364.
eval win rate is 0.03125.

 Map 5m_vs_6m Algo r_drbfn_v3 Exp v3_5m_vs_6m_5M_seed2 updates 605/6250 episodes, total num timesteps 484800/5000000, FPS 67.

incre win rate is 0.02857142857142857.
[v3 step=610] R_mean=0.3765 | G_n_mean=3.6877 (n=5) | q_tot_pred_mean=3.6693 | drbfn_loss=0.0096, qi_loss=0.0102, qtot_loss=1.2205

 Map 5m_vs_6m Algo r_drbfn_v3 Exp v3_5m_vs_6m_5M_seed2 updates 610/6250 episodes, total num timesteps 488800/5000000, FPS 68.

incre win rate is 0.01744186046511628.

 Map 5m_vs_6m Algo r_drbfn_v3 Exp v3_5m_vs_6m_5M_seed2 updates 615/6250 episodes, total num timesteps 492800/5000000, FPS 68.

incre win rate is 0.0.
[v3 step=620] R_mean=0.3593 | G_n_mean=3.5539 (n=5) | q_tot_pred_mean=3.5587 | drbfn_loss=0.0112, qi_loss=0.0066, qtot_loss=0.7563

 Map 5m_vs_6m Algo r_drbfn_v3 Exp v3_5m_vs_6m_5M_seed2 updates 620/6250 episodes, total num timesteps 496800/5000000, FPS 68.

incre win rate is 0.011428571428571429.

 Map 5m_vs_6m Algo r_drbfn_v3 Exp v3_5m_vs_6m_5M_seed2 updates 625/6250 episodes, total num timesteps 500800/5000000, FPS 68.

incre win rate is 0.005681818181818182.
eval win rate is 0.03125.
[v3 step=630] R_mean=0.3529 | G_n_mean=3.5920 (n=5) | q_tot_pred_mean=3.6207 | drbfn_loss=0.0106, qi_loss=0.0032, qtot_loss=0.4843

 Map 5m_vs_6m Algo r_drbfn_v3 Exp v3_5m_vs_6m_5M_seed2 updates 630/6250 episodes, total num timesteps 504800/5000000, FPS 68.

incre win rate is 0.011560693641618497.

 Map 5m_vs_6m Algo r_drbfn_v3 Exp v3_5m_vs_6m_5M_seed2 updates 635/6250 episodes, total num timesteps 508800/5000000, FPS 68.

incre win rate is 0.0.
[v3 step=640] R_mean=0.3734 | G_n_mean=3.7044 (n=5) | q_tot_pred_mean=3.6208 | drbfn_loss=0.0095, qi_loss=0.0032, qtot_loss=0.5186

 Map 5m_vs_6m Algo r_drbfn_v3 Exp v3_5m_vs_6m_5M_seed2 updates 640/6250 episodes, total num timesteps 512800/5000000, FPS 68.

incre win rate is 0.0.

 Map 5m_vs_6m Algo r_drbfn_v3 Exp v3_5m_vs_6m_5M_seed2 updates 645/6250 episodes, total num timesteps 516800/5000000, FPS 69.

incre win rate is 0.017543859649122806.
[v3 step=650] R_mean=0.3530 | G_n_mean=3.5991 (n=5) | q_tot_pred_mean=3.6384 | drbfn_loss=0.0104, qi_loss=0.0034, qtot_loss=0.5994

 Map 5m_vs_6m Algo r_drbfn_v3 Exp v3_5m_vs_6m_5M_seed2 updates 650/6250 episodes, total num timesteps 520800/5000000, FPS 68.

incre win rate is 0.005917159763313609.
eval win rate is 0.03125.

 Map 5m_vs_6m Algo r_drbfn_v3 Exp v3_5m_vs_6m_5M_seed2 updates 655/6250 episodes, total num timesteps 524800/5000000, FPS 68.

incre win rate is 0.005780346820809248.
[v3 step=660] R_mean=0.3498 | G_n_mean=3.5504 (n=5) | q_tot_pred_mean=3.5967 | drbfn_loss=0.0102, qi_loss=0.0073, qtot_loss=0.8058

 Map 5m_vs_6m Algo r_drbfn_v3 Exp v3_5m_vs_6m_5M_seed2 updates 660/6250 episodes, total num timesteps 528800/5000000, FPS 68.

incre win rate is 0.011627906976744186.

 Map 5m_vs_6m Algo r_drbfn_v3 Exp v3_5m_vs_6m_5M_seed2 updates 665/6250 episodes, total num timesteps 532800/5000000, FPS 69.

incre win rate is 0.017142857142857144.
[v3 step=670] R_mean=0.3646 | G_n_mean=3.7185 (n=5) | q_tot_pred_mean=3.6773 | drbfn_loss=0.0098, qi_loss=0.0034, qtot_loss=0.5265

 Map 5m_vs_6m Algo r_drbfn_v3 Exp v3_5m_vs_6m_5M_seed2 updates 670/6250 episodes, total num timesteps 536800/5000000, FPS 69.

incre win rate is 0.0.

 Map 5m_vs_6m Algo r_drbfn_v3 Exp v3_5m_vs_6m_5M_seed2 updates 675/6250 episodes, total num timesteps 540800/5000000, FPS 69.

incre win rate is 0.005780346820809248.
eval win rate is 0.0.
[v3 step=680] R_mean=0.3668 | G_n_mean=3.7625 (n=5) | q_tot_pred_mean=3.6945 | drbfn_loss=0.0088, qi_loss=0.0033, qtot_loss=0.5356

 Map 5m_vs_6m Algo r_drbfn_v3 Exp v3_5m_vs_6m_5M_seed2 updates 680/6250 episodes, total num timesteps 544800/5000000, FPS 69.

incre win rate is 0.0.

 Map 5m_vs_6m Algo r_drbfn_v3 Exp v3_5m_vs_6m_5M_seed2 updates 685/6250 episodes, total num timesteps 548800/5000000, FPS 69.

incre win rate is 0.005747126436781609.
[v3 step=690] R_mean=0.3590 | G_n_mean=3.7419 (n=5) | q_tot_pred_mean=3.7721 | drbfn_loss=0.0106, qi_loss=0.0036, qtot_loss=0.3877

 Map 5m_vs_6m Algo r_drbfn_v3 Exp v3_5m_vs_6m_5M_seed2 updates 690/6250 episodes, total num timesteps 552800/5000000, FPS 69.

incre win rate is 0.011976047904191617.

 Map 5m_vs_6m Algo r_drbfn_v3 Exp v3_5m_vs_6m_5M_seed2 updates 695/6250 episodes, total num timesteps 556800/5000000, FPS 69.

incre win rate is 0.005747126436781609.
[v3 step=700] R_mean=0.3694 | G_n_mean=3.8071 (n=5) | q_tot_pred_mean=3.7460 | drbfn_loss=0.0115, qi_loss=0.0067, qtot_loss=0.8288

 Map 5m_vs_6m Algo r_drbfn_v3 Exp v3_5m_vs_6m_5M_seed2 updates 700/6250 episodes, total num timesteps 560800/5000000, FPS 69.

incre win rate is 0.011428571428571429.
eval win rate is 0.0.

 Map 5m_vs_6m Algo r_drbfn_v3 Exp v3_5m_vs_6m_5M_seed2 updates 705/6250 episodes, total num timesteps 564800/5000000, FPS 70.

incre win rate is 0.0.
[v3 step=710] R_mean=0.3686 | G_n_mean=3.8193 (n=5) | q_tot_pred_mean=3.6000 | drbfn_loss=0.0102, qi_loss=0.0063, qtot_loss=0.7504

 Map 5m_vs_6m Algo r_drbfn_v3 Exp v3_5m_vs_6m_5M_seed2 updates 710/6250 episodes, total num timesteps 568800/5000000, FPS 70.

incre win rate is 0.005813953488372093.

 Map 5m_vs_6m Algo r_drbfn_v3 Exp v3_5m_vs_6m_5M_seed2 updates 715/6250 episodes, total num timesteps 572800/5000000, FPS 70.

incre win rate is 0.005714285714285714.
[v3 step=720] R_mean=0.3708 | G_n_mean=3.8594 (n=5) | q_tot_pred_mean=3.7063 | drbfn_loss=0.0100, qi_loss=0.0031, qtot_loss=0.3954

 Map 5m_vs_6m Algo r_drbfn_v3 Exp v3_5m_vs_6m_5M_seed2 updates 720/6250 episodes, total num timesteps 576800/5000000, FPS 70.

incre win rate is 0.005780346820809248.

 Map 5m_vs_6m Algo r_drbfn_v3 Exp v3_5m_vs_6m_5M_seed2 updates 725/6250 episodes, total num timesteps 580800/5000000, FPS 70.

incre win rate is 0.0.
eval win rate is 0.0.
[v3 step=730] R_mean=0.3643 | G_n_mean=3.8886 (n=5) | q_tot_pred_mean=3.9168 | drbfn_loss=0.0112, qi_loss=0.0037, qtot_loss=0.4146

 Map 5m_vs_6m Algo r_drbfn_v3 Exp v3_5m_vs_6m_5M_seed2 updates 730/6250 episodes, total num timesteps 584800/5000000, FPS 70.

incre win rate is 0.0.

 Map 5m_vs_6m Algo r_drbfn_v3 Exp v3_5m_vs_6m_5M_seed2 updates 735/6250 episodes, total num timesteps 588800/5000000, FPS 70.

incre win rate is 0.0.
[v3 step=740] R_mean=0.3864 | G_n_mean=4.0461 (n=5) | q_tot_pred_mean=3.8864 | drbfn_loss=0.0098, qi_loss=0.0080, qtot_loss=0.9536

 Map 5m_vs_6m Algo r_drbfn_v3 Exp v3_5m_vs_6m_5M_seed2 updates 740/6250 episodes, total num timesteps 592800/5000000, FPS 70.

incre win rate is 0.011627906976744186.

 Map 5m_vs_6m Algo r_drbfn_v3 Exp v3_5m_vs_6m_5M_seed2 updates 745/6250 episodes, total num timesteps 596800/5000000, FPS 70.

incre win rate is 0.0.
[v3 step=750] R_mean=0.3608 | G_n_mean=3.9302 (n=5) | q_tot_pred_mean=4.0711 | drbfn_loss=0.0107, qi_loss=0.0036, qtot_loss=0.5861

 Map 5m_vs_6m Algo r_drbfn_v3 Exp v3_5m_vs_6m_5M_seed2 updates 750/6250 episodes, total num timesteps 600800/5000000, FPS 71.

incre win rate is 0.0058823529411764705.
eval win rate is 0.09375.

 Map 5m_vs_6m Algo r_drbfn_v3 Exp v3_5m_vs_6m_5M_seed2 updates 755/6250 episodes, total num timesteps 604800/5000000, FPS 71.

incre win rate is 0.017241379310344827.
[v3 step=760] R_mean=0.3579 | G_n_mean=3.8791 (n=5) | q_tot_pred_mean=3.9861 | drbfn_loss=0.0130, qi_loss=0.0041, qtot_loss=0.7143

 Map 5m_vs_6m Algo r_drbfn_v3 Exp v3_5m_vs_6m_5M_seed2 updates 760/6250 episodes, total num timesteps 608800/5000000, FPS 71.

incre win rate is 0.0058823529411764705.

 Map 5m_vs_6m Algo r_drbfn_v3 Exp v3_5m_vs_6m_5M_seed2 updates 765/6250 episodes, total num timesteps 612800/5000000, FPS 71.

incre win rate is 0.0.
[v3 step=770] R_mean=0.3575 | G_n_mean=3.8964 (n=5) | q_tot_pred_mean=3.8985 | drbfn_loss=0.0111, qi_loss=0.0036, qtot_loss=0.6836

 Map 5m_vs_6m Algo r_drbfn_v3 Exp v3_5m_vs_6m_5M_seed2 updates 770/6250 episodes, total num timesteps 616800/5000000, FPS 71.

incre win rate is 0.0.

 Map 5m_vs_6m Algo r_drbfn_v3 Exp v3_5m_vs_6m_5M_seed2 updates 775/6250 episodes, total num timesteps 620800/5000000, FPS 71.

incre win rate is 0.011764705882352941.
eval win rate is 0.03125.
[v3 step=780] R_mean=0.3546 | G_n_mean=3.9176 (n=5) | q_tot_pred_mean=3.9874 | drbfn_loss=0.0116, qi_loss=0.0041, qtot_loss=0.5756

 Map 5m_vs_6m Algo r_drbfn_v3 Exp v3_5m_vs_6m_5M_seed2 updates 780/6250 episodes, total num timesteps 624800/5000000, FPS 71.

incre win rate is 0.006097560975609756.

 Map 5m_vs_6m Algo r_drbfn_v3 Exp v3_5m_vs_6m_5M_seed2 updates 785/6250 episodes, total num timesteps 628800/5000000, FPS 71.

incre win rate is 0.005813953488372093.
[v3 step=790] R_mean=0.3658 | G_n_mean=3.9746 (n=5) | q_tot_pred_mean=3.9046 | drbfn_loss=0.0116, qi_loss=0.0084, qtot_loss=0.8667

 Map 5m_vs_6m Algo r_drbfn_v3 Exp v3_5m_vs_6m_5M_seed2 updates 790/6250 episodes, total num timesteps 632800/5000000, FPS 71.

incre win rate is 0.005780346820809248.

 Map 5m_vs_6m Algo r_drbfn_v3 Exp v3_5m_vs_6m_5M_seed2 updates 795/6250 episodes, total num timesteps 636800/5000000, FPS 71.

incre win rate is 0.011764705882352941.
[v3 step=800] R_mean=0.3656 | G_n_mean=3.9862 (n=5) | q_tot_pred_mean=3.9755 | drbfn_loss=0.0112, qi_loss=0.0036, qtot_loss=0.3695

 Map 5m_vs_6m Algo r_drbfn_v3 Exp v3_5m_vs_6m_5M_seed2 updates 800/6250 episodes, total num timesteps 640800/5000000, FPS 72.

incre win rate is 0.005813953488372093.
eval win rate is 0.0.

 Map 5m_vs_6m Algo r_drbfn_v3 Exp v3_5m_vs_6m_5M_seed2 updates 805/6250 episodes, total num timesteps 644800/5000000, FPS 72.

incre win rate is 0.0058823529411764705.
[v3 step=810] R_mean=0.3564 | G_n_mean=3.9329 (n=5) | q_tot_pred_mean=3.9607 | drbfn_loss=0.0115, qi_loss=0.0035, qtot_loss=0.5375

 Map 5m_vs_6m Algo r_drbfn_v3 Exp v3_5m_vs_6m_5M_seed2 updates 810/6250 episodes, total num timesteps 648800/5000000, FPS 72.

incre win rate is 0.0.

 Map 5m_vs_6m Algo r_drbfn_v3 Exp v3_5m_vs_6m_5M_seed2 updates 815/6250 episodes, total num timesteps 652800/5000000, FPS 72.

incre win rate is 0.006289308176100629.
[v3 step=820] R_mean=0.3140 | G_n_mean=3.4978 (n=5) | q_tot_pred_mean=3.5145 | drbfn_loss=0.0127, qi_loss=0.0034, qtot_loss=0.5269

 Map 5m_vs_6m Algo r_drbfn_v3 Exp v3_5m_vs_6m_5M_seed2 updates 820/6250 episodes, total num timesteps 656800/5000000, FPS 72.

incre win rate is 0.018292682926829267.

 Map 5m_vs_6m Algo r_drbfn_v3 Exp v3_5m_vs_6m_5M_seed2 updates 825/6250 episodes, total num timesteps 660800/5000000, FPS 72.

incre win rate is 0.011904761904761904.
eval win rate is 0.0.
[v3 step=830] R_mean=0.3742 | G_n_mean=4.0729 (n=5) | q_tot_pred_mean=3.9235 | drbfn_loss=0.0133, qi_loss=0.0071, qtot_loss=1.2774

 Map 5m_vs_6m Algo r_drbfn_v3 Exp v3_5m_vs_6m_5M_seed2 updates 830/6250 episodes, total num timesteps 664800/5000000, FPS 72.

incre win rate is 0.011695906432748537.

 Map 5m_vs_6m Algo r_drbfn_v3 Exp v3_5m_vs_6m_5M_seed2 updates 835/6250 episodes, total num timesteps 668800/5000000, FPS 72.

incre win rate is 0.024242424242424242.
[v3 step=840] R_mean=0.3587 | G_n_mean=4.0254 (n=5) | q_tot_pred_mean=4.0701 | drbfn_loss=0.0106, qi_loss=0.0035, qtot_loss=0.5397

 Map 5m_vs_6m Algo r_drbfn_v3 Exp v3_5m_vs_6m_5M_seed2 updates 840/6250 episodes, total num timesteps 672800/5000000, FPS 72.

incre win rate is 0.0.

 Map 5m_vs_6m Algo r_drbfn_v3 Exp v3_5m_vs_6m_5M_seed2 updates 845/6250 episodes, total num timesteps 676800/5000000, FPS 72.

incre win rate is 0.01764705882352941.
[v3 step=850] R_mean=0.3526 | G_n_mean=3.9416 (n=5) | q_tot_pred_mean=4.0395 | drbfn_loss=0.0130, qi_loss=0.0039, qtot_loss=0.7625

 Map 5m_vs_6m Algo r_drbfn_v3 Exp v3_5m_vs_6m_5M_seed2 updates 850/6250 episodes, total num timesteps 680800/5000000, FPS 72.

incre win rate is 0.011976047904191617.
eval win rate is 0.03125.

 Map 5m_vs_6m Algo r_drbfn_v3 Exp v3_5m_vs_6m_5M_seed2 updates 855/6250 episodes, total num timesteps 684800/5000000, FPS 72.

incre win rate is 0.011976047904191617.
[v3 step=860] R_mean=0.3650 | G_n_mean=4.0803 (n=5) | q_tot_pred_mean=4.1277 | drbfn_loss=0.0124, qi_loss=0.0039, qtot_loss=0.5323

 Map 5m_vs_6m Algo r_drbfn_v3 Exp v3_5m_vs_6m_5M_seed2 updates 860/6250 episodes, total num timesteps 688800/5000000, FPS 72.

incre win rate is 0.03636363636363636.

 Map 5m_vs_6m Algo r_drbfn_v3 Exp v3_5m_vs_6m_5M_seed2 updates 865/6250 episodes, total num timesteps 692800/5000000, FPS 73.

incre win rate is 0.030120481927710843.
[v3 step=870] R_mean=0.3835 | G_n_mean=4.1854 (n=5) | q_tot_pred_mean=4.0677 | drbfn_loss=0.0109, qi_loss=0.0091, qtot_loss=0.9804

 Map 5m_vs_6m Algo r_drbfn_v3 Exp v3_5m_vs_6m_5M_seed2 updates 870/6250 episodes, total num timesteps 696800/5000000, FPS 73.

incre win rate is 0.029411764705882353.

 Map 5m_vs_6m Algo r_drbfn_v3 Exp v3_5m_vs_6m_5M_seed2 updates 875/6250 episodes, total num timesteps 700800/5000000, FPS 73.

incre win rate is 0.03680981595092025.
eval win rate is 0.0.
[v3 step=880] R_mean=0.3866 | G_n_mean=4.1720 (n=5) | q_tot_pred_mean=3.9986 | drbfn_loss=0.0124, qi_loss=0.0124, qtot_loss=1.2817

 Map 5m_vs_6m Algo r_drbfn_v3 Exp v3_5m_vs_6m_5M_seed2 updates 880/6250 episodes, total num timesteps 704800/5000000, FPS 73.

incre win rate is 0.023668639053254437.

 Map 5m_vs_6m Algo r_drbfn_v3 Exp v3_5m_vs_6m_5M_seed2 updates 885/6250 episodes, total num timesteps 708800/5000000, FPS 73.

incre win rate is 0.011764705882352941.
[v3 step=890] R_mean=0.3731 | G_n_mean=4.0912 (n=5) | q_tot_pred_mean=3.9979 | drbfn_loss=0.0127, qi_loss=0.0128, qtot_loss=1.2470

 Map 5m_vs_6m Algo r_drbfn_v3 Exp v3_5m_vs_6m_5M_seed2 updates 890/6250 episodes, total num timesteps 712800/5000000, FPS 73.

incre win rate is 0.04819277108433735.

 Map 5m_vs_6m Algo r_drbfn_v3 Exp v3_5m_vs_6m_5M_seed2 updates 895/6250 episodes, total num timesteps 716800/5000000, FPS 73.

incre win rate is 0.012048192771084338.
[v3 step=900] R_mean=0.3642 | G_n_mean=4.1850 (n=5) | q_tot_pred_mean=4.2624 | drbfn_loss=0.0112, qi_loss=0.0040, qtot_loss=0.3916

 Map 5m_vs_6m Algo r_drbfn_v3 Exp v3_5m_vs_6m_5M_seed2 updates 900/6250 episodes, total num timesteps 720800/5000000, FPS 73.

incre win rate is 0.005847953216374269.
eval win rate is 0.0.

 Map 5m_vs_6m Algo r_drbfn_v3 Exp v3_5m_vs_6m_5M_seed2 updates 905/6250 episodes, total num timesteps 724800/5000000, FPS 73.

incre win rate is 0.023529411764705882.
[v3 step=910] R_mean=0.3862 | G_n_mean=4.3637 (n=5) | q_tot_pred_mean=4.2128 | drbfn_loss=0.0110, qi_loss=0.0071, qtot_loss=1.0787

 Map 5m_vs_6m Algo r_drbfn_v3 Exp v3_5m_vs_6m_5M_seed2 updates 910/6250 episodes, total num timesteps 728800/5000000, FPS 73.

incre win rate is 0.005847953216374269.

 Map 5m_vs_6m Algo r_drbfn_v3 Exp v3_5m_vs_6m_5M_seed2 updates 915/6250 episodes, total num timesteps 732800/5000000, FPS 73.

incre win rate is 0.023255813953488372.
[v3 step=920] R_mean=0.3734 | G_n_mean=4.2501 (n=5) | q_tot_pred_mean=4.2991 | drbfn_loss=0.0125, qi_loss=0.0081, qtot_loss=1.3738

 Map 5m_vs_6m Algo r_drbfn_v3 Exp v3_5m_vs_6m_5M_seed2 updates 920/6250 episodes, total num timesteps 736800/5000000, FPS 73.

incre win rate is 0.011695906432748537.

 Map 5m_vs_6m Algo r_drbfn_v3 Exp v3_5m_vs_6m_5M_seed2 updates 925/6250 episodes, total num timesteps 740800/5000000, FPS 73.

incre win rate is 0.0.
eval win rate is 0.0.
[v3 step=930] R_mean=0.3654 | G_n_mean=4.1836 (n=5) | q_tot_pred_mean=4.0809 | drbfn_loss=0.0127, qi_loss=0.0091, qtot_loss=1.5972

 Map 5m_vs_6m Algo r_drbfn_v3 Exp v3_5m_vs_6m_5M_seed2 updates 930/6250 episodes, total num timesteps 744800/5000000, FPS 73.

incre win rate is 0.005747126436781609.

 Map 5m_vs_6m Algo r_drbfn_v3 Exp v3_5m_vs_6m_5M_seed2 updates 935/6250 episodes, total num timesteps 748800/5000000, FPS 74.

incre win rate is 0.0058823529411764705.
[v3 step=940] R_mean=0.3830 | G_n_mean=4.3400 (n=5) | q_tot_pred_mean=4.2352 | drbfn_loss=0.0105, qi_loss=0.0078, qtot_loss=1.0354

 Map 5m_vs_6m Algo r_drbfn_v3 Exp v3_5m_vs_6m_5M_seed2 updates 940/6250 episodes, total num timesteps 752800/5000000, FPS 74.

incre win rate is 0.017543859649122806.

 Map 5m_vs_6m Algo r_drbfn_v3 Exp v3_5m_vs_6m_5M_seed2 updates 945/6250 episodes, total num timesteps 756800/5000000, FPS 74.

incre win rate is 0.005714285714285714.
[v3 step=950] R_mean=0.3752 | G_n_mean=4.3019 (n=5) | q_tot_pred_mean=4.3158 | drbfn_loss=0.0105, qi_loss=0.0080, qtot_loss=0.5549

 Map 5m_vs_6m Algo r_drbfn_v3 Exp v3_5m_vs_6m_5M_seed2 updates 950/6250 episodes, total num timesteps 760800/5000000, FPS 74.

incre win rate is 0.005917159763313609.
eval win rate is 0.03125.

 Map 5m_vs_6m Algo r_drbfn_v3 Exp v3_5m_vs_6m_5M_seed2 updates 955/6250 episodes, total num timesteps 764800/5000000, FPS 74.

incre win rate is 0.005952380952380952.
[v3 step=960] R_mean=0.3778 | G_n_mean=4.3409 (n=5) | q_tot_pred_mean=4.1838 | drbfn_loss=0.0121, qi_loss=0.0063, qtot_loss=1.1227

 Map 5m_vs_6m Algo r_drbfn_v3 Exp v3_5m_vs_6m_5M_seed2 updates 960/6250 episodes, total num timesteps 768800/5000000, FPS 74.

incre win rate is 0.012121212121212121.

 Map 5m_vs_6m Algo r_drbfn_v3 Exp v3_5m_vs_6m_5M_seed2 updates 965/6250 episodes, total num timesteps 772800/5000000, FPS 74.

incre win rate is 0.006172839506172839.
[v3 step=970] R_mean=0.3659 | G_n_mean=4.2746 (n=5) | q_tot_pred_mean=4.1945 | drbfn_loss=0.0114, qi_loss=0.0037, qtot_loss=0.6999

 Map 5m_vs_6m Algo r_drbfn_v3 Exp v3_5m_vs_6m_5M_seed2 updates 970/6250 episodes, total num timesteps 776800/5000000, FPS 74.

incre win rate is 0.012048192771084338.

 Map 5m_vs_6m Algo r_drbfn_v3 Exp v3_5m_vs_6m_5M_seed2 updates 975/6250 episodes, total num timesteps 780800/5000000, FPS 74.

incre win rate is 0.006172839506172839.
eval win rate is 0.0.
[v3 step=980] R_mean=0.3531 | G_n_mean=4.1098 (n=5) | q_tot_pred_mean=4.2593 | drbfn_loss=0.0111, qi_loss=0.0044, qtot_loss=0.4379

 Map 5m_vs_6m Algo r_drbfn_v3 Exp v3_5m_vs_6m_5M_seed2 updates 980/6250 episodes, total num timesteps 784800/5000000, FPS 74.

incre win rate is 0.018072289156626505.

 Map 5m_vs_6m Algo r_drbfn_v3 Exp v3_5m_vs_6m_5M_seed2 updates 985/6250 episodes, total num timesteps 788800/5000000, FPS 74.

incre win rate is 0.0.
[v3 step=990] R_mean=0.3649 | G_n_mean=4.2978 (n=5) | q_tot_pred_mean=4.3308 | drbfn_loss=0.0117, qi_loss=0.0038, qtot_loss=0.5705

 Map 5m_vs_6m Algo r_drbfn_v3 Exp v3_5m_vs_6m_5M_seed2 updates 990/6250 episodes, total num timesteps 792800/5000000, FPS 74.

incre win rate is 0.005952380952380952.

 Map 5m_vs_6m Algo r_drbfn_v3 Exp v3_5m_vs_6m_5M_seed2 updates 995/6250 episodes, total num timesteps 796800/5000000, FPS 74.

incre win rate is 0.0.
[v3 step=1000] R_mean=0.3574 | G_n_mean=4.1940 (n=5) | q_tot_pred_mean=4.3132 | drbfn_loss=0.0118, qi_loss=0.0035, qtot_loss=1.1246

 Map 5m_vs_6m Algo r_drbfn_v3 Exp v3_5m_vs_6m_5M_seed2 updates 1000/6250 episodes, total num timesteps 800800/5000000, FPS 74.

incre win rate is 0.005847953216374269.
eval win rate is 0.0625.

 Map 5m_vs_6m Algo r_drbfn_v3 Exp v3_5m_vs_6m_5M_seed2 updates 1005/6250 episodes, total num timesteps 804800/5000000, FPS 74.

incre win rate is 0.011976047904191617.
[v3 step=1010] R_mean=0.3692 | G_n_mean=4.2489 (n=5) | q_tot_pred_mean=4.3131 | drbfn_loss=0.0109, qi_loss=0.0086, qtot_loss=1.0440

 Map 5m_vs_6m Algo r_drbfn_v3 Exp v3_5m_vs_6m_5M_seed2 updates 1010/6250 episodes, total num timesteps 808800/5000000, FPS 74.

incre win rate is 0.03550295857988166.

 Map 5m_vs_6m Algo r_drbfn_v3 Exp v3_5m_vs_6m_5M_seed2 updates 1015/6250 episodes, total num timesteps 812800/5000000, FPS 74.

incre win rate is 0.0058823529411764705.
[v3 step=1020] R_mean=0.3600 | G_n_mean=4.2989 (n=5) | q_tot_pred_mean=4.2739 | drbfn_loss=0.0127, qi_loss=0.0040, qtot_loss=0.7000

 Map 5m_vs_6m Algo r_drbfn_v3 Exp v3_5m_vs_6m_5M_seed2 updates 1020/6250 episodes, total num timesteps 816800/5000000, FPS 74.

incre win rate is 0.0.

 Map 5m_vs_6m Algo r_drbfn_v3 Exp v3_5m_vs_6m_5M_seed2 updates 1025/6250 episodes, total num timesteps 820800/5000000, FPS 74.

incre win rate is 0.011904761904761904.
eval win rate is 0.03125.
[v3 step=1030] R_mean=0.3710 | G_n_mean=4.3131 (n=5) | q_tot_pred_mean=4.3342 | drbfn_loss=0.0121, qi_loss=0.0044, qtot_loss=0.8171

 Map 5m_vs_6m Algo r_drbfn_v3 Exp v3_5m_vs_6m_5M_seed2 updates 1030/6250 episodes, total num timesteps 824800/5000000, FPS 74.

incre win rate is 0.017857142857142856.

 Map 5m_vs_6m Algo r_drbfn_v3 Exp v3_5m_vs_6m_5M_seed2 updates 1035/6250 episodes, total num timesteps 828800/5000000, FPS 74.

incre win rate is 0.017964071856287425.
[v3 step=1040] R_mean=0.3651 | G_n_mean=4.2833 (n=5) | q_tot_pred_mean=4.3508 | drbfn_loss=0.0131, qi_loss=0.0044, qtot_loss=0.5240

 Map 5m_vs_6m Algo r_drbfn_v3 Exp v3_5m_vs_6m_5M_seed2 updates 1040/6250 episodes, total num timesteps 832800/5000000, FPS 74.

incre win rate is 0.024096385542168676.

 Map 5m_vs_6m Algo r_drbfn_v3 Exp v3_5m_vs_6m_5M_seed2 updates 1045/6250 episodes, total num timesteps 836800/5000000, FPS 75.

incre win rate is 0.018292682926829267.
[v3 step=1050] R_mean=0.3411 | G_n_mean=4.0749 (n=5) | q_tot_pred_mean=4.0608 | drbfn_loss=0.0125, qi_loss=0.0039, qtot_loss=0.5701

 Map 5m_vs_6m Algo r_drbfn_v3 Exp v3_5m_vs_6m_5M_seed2 updates 1050/6250 episodes, total num timesteps 840800/5000000, FPS 75.

incre win rate is 0.005847953216374269.
eval win rate is 0.03125.

 Map 5m_vs_6m Algo r_drbfn_v3 Exp v3_5m_vs_6m_5M_seed2 updates 1055/6250 episodes, total num timesteps 844800/5000000, FPS 75.

incre win rate is 0.0.
[v3 step=1060] R_mean=0.3805 | G_n_mean=4.3436 (n=5) | q_tot_pred_mean=4.2418 | drbfn_loss=0.0126, qi_loss=0.0076, qtot_loss=1.0620

 Map 5m_vs_6m Algo r_drbfn_v3 Exp v3_5m_vs_6m_5M_seed2 updates 1060/6250 episodes, total num timesteps 848800/5000000, FPS 75.

incre win rate is 0.005952380952380952.

 Map 5m_vs_6m Algo r_drbfn_v3 Exp v3_5m_vs_6m_5M_seed2 updates 1065/6250 episodes, total num timesteps 852800/5000000, FPS 75.

incre win rate is 0.012121212121212121.
[v3 step=1070] R_mean=0.3642 | G_n_mean=4.3448 (n=5) | q_tot_pred_mean=4.3642 | drbfn_loss=0.0118, qi_loss=0.0040, qtot_loss=0.7660

 Map 5m_vs_6m Algo r_drbfn_v3 Exp v3_5m_vs_6m_5M_seed2 updates 1070/6250 episodes, total num timesteps 856800/5000000, FPS 75.

incre win rate is 0.0.

 Map 5m_vs_6m Algo r_drbfn_v3 Exp v3_5m_vs_6m_5M_seed2 updates 1075/6250 episodes, total num timesteps 860800/5000000, FPS 75.

incre win rate is 0.005952380952380952.
eval win rate is 0.0625.
[v3 step=1080] R_mean=0.3633 | G_n_mean=4.3395 (n=5) | q_tot_pred_mean=4.4062 | drbfn_loss=0.0117, qi_loss=0.0039, qtot_loss=0.6979

 Map 5m_vs_6m Algo r_drbfn_v3 Exp v3_5m_vs_6m_5M_seed2 updates 1080/6250 episodes, total num timesteps 864800/5000000, FPS 75.

incre win rate is 0.017857142857142856.

 Map 5m_vs_6m Algo r_drbfn_v3 Exp v3_5m_vs_6m_5M_seed2 updates 1085/6250 episodes, total num timesteps 868800/5000000, FPS 75.

incre win rate is 0.01775147928994083.
[v3 step=1090] R_mean=0.3817 | G_n_mean=4.3886 (n=5) | q_tot_pred_mean=4.2765 | drbfn_loss=0.0113, qi_loss=0.0065, qtot_loss=0.8830

 Map 5m_vs_6m Algo r_drbfn_v3 Exp v3_5m_vs_6m_5M_seed2 updates 1090/6250 episodes, total num timesteps 872800/5000000, FPS 75.

incre win rate is 0.011834319526627219.

 Map 5m_vs_6m Algo r_drbfn_v3 Exp v3_5m_vs_6m_5M_seed2 updates 1095/6250 episodes, total num timesteps 876800/5000000, FPS 75.

incre win rate is 0.011627906976744186.
[v3 step=1100] R_mean=0.3959 | G_n_mean=4.4960 (n=5) | q_tot_pred_mean=4.4018 | drbfn_loss=0.0115, qi_loss=0.0091, qtot_loss=0.9452

 Map 5m_vs_6m Algo r_drbfn_v3 Exp v3_5m_vs_6m_5M_seed2 updates 1100/6250 episodes, total num timesteps 880800/5000000, FPS 75.

incre win rate is 0.04790419161676647.
eval win rate is 0.09375.

 Map 5m_vs_6m Algo r_drbfn_v3 Exp v3_5m_vs_6m_5M_seed2 updates 1105/6250 episodes, total num timesteps 884800/5000000, FPS 75.

incre win rate is 0.00558659217877095.
[v3 step=1110] R_mean=0.3420 | G_n_mean=4.1358 (n=5) | q_tot_pred_mean=3.6745 | drbfn_loss=0.0139, qi_loss=0.0060, qtot_loss=1.5993

 Map 5m_vs_6m Algo r_drbfn_v3 Exp v3_5m_vs_6m_5M_seed2 updates 1110/6250 episodes, total num timesteps 888800/5000000, FPS 75.

incre win rate is 0.00546448087431694.

 Map 5m_vs_6m Algo r_drbfn_v3 Exp v3_5m_vs_6m_5M_seed2 updates 1115/6250 episodes, total num timesteps 892800/5000000, FPS 75.

incre win rate is 0.0.
[v3 step=1120] R_mean=0.3519 | G_n_mean=4.3160 (n=5) | q_tot_pred_mean=4.3462 | drbfn_loss=0.0112, qi_loss=0.0045, qtot_loss=0.7798

 Map 5m_vs_6m Algo r_drbfn_v3 Exp v3_5m_vs_6m_5M_seed2 updates 1120/6250 episodes, total num timesteps 896800/5000000, FPS 75.

incre win rate is 0.0056179775280898875.

 Map 5m_vs_6m Algo r_drbfn_v3 Exp v3_5m_vs_6m_5M_seed2 updates 1125/6250 episodes, total num timesteps 900800/5000000, FPS 75.

incre win rate is 0.0.
eval win rate is 0.0.
[v3 step=1130] R_mean=0.3693 | G_n_mean=4.4209 (n=5) | q_tot_pred_mean=4.6135 | drbfn_loss=0.0109, qi_loss=0.0091, qtot_loss=1.2030

 Map 5m_vs_6m Algo r_drbfn_v3 Exp v3_5m_vs_6m_5M_seed2 updates 1130/6250 episodes, total num timesteps 904800/5000000, FPS 75.

incre win rate is 0.011695906432748537.

 Map 5m_vs_6m Algo r_drbfn_v3 Exp v3_5m_vs_6m_5M_seed2 updates 1135/6250 episodes, total num timesteps 908800/5000000, FPS 75.

incre win rate is 0.0.
[v3 step=1140] R_mean=0.3667 | G_n_mean=4.4033 (n=5) | q_tot_pred_mean=4.2970 | drbfn_loss=0.0120, qi_loss=0.0089, qtot_loss=1.3543

 Map 5m_vs_6m Algo r_drbfn_v3 Exp v3_5m_vs_6m_5M_seed2 updates 1140/6250 episodes, total num timesteps 912800/5000000, FPS 75.

incre win rate is 0.005780346820809248.

 Map 5m_vs_6m Algo r_drbfn_v3 Exp v3_5m_vs_6m_5M_seed2 updates 1145/6250 episodes, total num timesteps 916800/5000000, FPS 75.

incre win rate is 0.0.
[v3 step=1150] R_mean=0.3571 | G_n_mean=4.3703 (n=5) | q_tot_pred_mean=4.3042 | drbfn_loss=0.0116, qi_loss=0.0042, qtot_loss=0.6202

 Map 5m_vs_6m Algo r_drbfn_v3 Exp v3_5m_vs_6m_5M_seed2 updates 1150/6250 episodes, total num timesteps 920800/5000000, FPS 76.

incre win rate is 0.005847953216374269.
eval win rate is 0.0625.

 Map 5m_vs_6m Algo r_drbfn_v3 Exp v3_5m_vs_6m_5M_seed2 updates 1155/6250 episodes, total num timesteps 924800/5000000, FPS 75.

incre win rate is 0.011764705882352941.
[v3 step=1160] R_mean=0.3564 | G_n_mean=4.3522 (n=5) | q_tot_pred_mean=4.5049 | drbfn_loss=0.0106, qi_loss=0.0044, qtot_loss=0.6311

 Map 5m_vs_6m Algo r_drbfn_v3 Exp v3_5m_vs_6m_5M_seed2 updates 1160/6250 episodes, total num timesteps 928800/5000000, FPS 76.

incre win rate is 0.011695906432748537.

 Map 5m_vs_6m Algo r_drbfn_v3 Exp v3_5m_vs_6m_5M_seed2 updates 1165/6250 episodes, total num timesteps 932800/5000000, FPS 76.

incre win rate is 0.011904761904761904.
[v3 step=1170] R_mean=0.3796 | G_n_mean=4.4287 (n=5) | q_tot_pred_mean=4.5046 | drbfn_loss=0.0108, qi_loss=0.0082, qtot_loss=1.1207

 Map 5m_vs_6m Algo r_drbfn_v3 Exp v3_5m_vs_6m_5M_seed2 updates 1170/6250 episodes, total num timesteps 936800/5000000, FPS 76.

incre win rate is 0.03550295857988166.

 Map 5m_vs_6m Algo r_drbfn_v3 Exp v3_5m_vs_6m_5M_seed2 updates 1175/6250 episodes, total num timesteps 940800/5000000, FPS 76.

incre win rate is 0.01775147928994083.
eval win rate is 0.0625.
[v3 step=1180] R_mean=0.3615 | G_n_mean=4.3765 (n=5) | q_tot_pred_mean=4.3863 | drbfn_loss=0.0129, qi_loss=0.0049, qtot_loss=0.7116

 Map 5m_vs_6m Algo r_drbfn_v3 Exp v3_5m_vs_6m_5M_seed2 updates 1180/6250 episodes, total num timesteps 944800/5000000, FPS 76.

incre win rate is 0.029585798816568046.

 Map 5m_vs_6m Algo r_drbfn_v3 Exp v3_5m_vs_6m_5M_seed2 updates 1185/6250 episodes, total num timesteps 948800/5000000, FPS 76.

incre win rate is 0.011764705882352941.
[v3 step=1190] R_mean=0.3822 | G_n_mean=4.4249 (n=5) | q_tot_pred_mean=4.3399 | drbfn_loss=0.0115, qi_loss=0.0115, qtot_loss=1.1716

 Map 5m_vs_6m Algo r_drbfn_v3 Exp v3_5m_vs_6m_5M_seed2 updates 1190/6250 episodes, total num timesteps 952800/5000000, FPS 76.

incre win rate is 0.024242424242424242.

 Map 5m_vs_6m Algo r_drbfn_v3 Exp v3_5m_vs_6m_5M_seed2 updates 1195/6250 episodes, total num timesteps 956800/5000000, FPS 76.

incre win rate is 0.03636363636363636.
[v3 step=1200] R_mean=0.3744 | G_n_mean=4.4088 (n=5) | q_tot_pred_mean=4.3600 | drbfn_loss=0.0120, qi_loss=0.0102, qtot_loss=0.8554

 Map 5m_vs_6m Algo r_drbfn_v3 Exp v3_5m_vs_6m_5M_seed2 updates 1200/6250 episodes, total num timesteps 960800/5000000, FPS 76.

incre win rate is 0.030303030303030304.
eval win rate is 0.0625.

 Map 5m_vs_6m Algo r_drbfn_v3 Exp v3_5m_vs_6m_5M_seed2 updates 1205/6250 episodes, total num timesteps 964800/5000000, FPS 76.

incre win rate is 0.036585365853658534.
[v3 step=1210] R_mean=0.3728 | G_n_mean=4.4138 (n=5) | q_tot_pred_mean=4.4573 | drbfn_loss=0.0117, qi_loss=0.0070, qtot_loss=1.1186

 Map 5m_vs_6m Algo r_drbfn_v3 Exp v3_5m_vs_6m_5M_seed2 updates 1210/6250 episodes, total num timesteps 968800/5000000, FPS 76.

incre win rate is 0.03592814371257485.

 Map 5m_vs_6m Algo r_drbfn_v3 Exp v3_5m_vs_6m_5M_seed2 updates 1215/6250 episodes, total num timesteps 972800/5000000, FPS 76.

incre win rate is 0.011834319526627219.
[v3 step=1220] R_mean=0.3148 | G_n_mean=3.8733 (n=5) | q_tot_pred_mean=4.0058 | drbfn_loss=0.0126, qi_loss=0.0047, qtot_loss=0.5393

 Map 5m_vs_6m Algo r_drbfn_v3 Exp v3_5m_vs_6m_5M_seed2 updates 1220/6250 episodes, total num timesteps 976800/5000000, FPS 76.

incre win rate is 0.012121212121212121.

 Map 5m_vs_6m Algo r_drbfn_v3 Exp v3_5m_vs_6m_5M_seed2 updates 1225/6250 episodes, total num timesteps 980800/5000000, FPS 76.

incre win rate is 0.018292682926829267.
eval win rate is 0.03125.
[v3 step=1230] R_mean=0.3758 | G_n_mean=4.3795 (n=5) | q_tot_pred_mean=4.4466 | drbfn_loss=0.0123, qi_loss=0.0087, qtot_loss=0.8756

 Map 5m_vs_6m Algo r_drbfn_v3 Exp v3_5m_vs_6m_5M_seed2 updates 1230/6250 episodes, total num timesteps 984800/5000000, FPS 76.

incre win rate is 0.0379746835443038.

 Map 5m_vs_6m Algo r_drbfn_v3 Exp v3_5m_vs_6m_5M_seed2 updates 1235/6250 episodes, total num timesteps 988800/5000000, FPS 76.

incre win rate is 0.011764705882352941.
[v3 step=1240] R_mean=0.3589 | G_n_mean=4.3889 (n=5) | q_tot_pred_mean=4.2733 | drbfn_loss=0.0108, qi_loss=0.0046, qtot_loss=0.8543

 Map 5m_vs_6m Algo r_drbfn_v3 Exp v3_5m_vs_6m_5M_seed2 updates 1240/6250 episodes, total num timesteps 992800/5000000, FPS 76.

incre win rate is 0.0.

 Map 5m_vs_6m Algo r_drbfn_v3 Exp v3_5m_vs_6m_5M_seed2 updates 1245/6250 episodes, total num timesteps 996800/5000000, FPS 75.

incre win rate is 0.03592814371257485.
[v3 step=1250] R_mean=0.4065 | G_n_mean=4.6465 (n=5) | q_tot_pred_mean=4.5139 | drbfn_loss=0.0107, qi_loss=0.0109, qtot_loss=1.1067

 Map 5m_vs_6m Algo r_drbfn_v3 Exp v3_5m_vs_6m_5M_seed2 updates 1250/6250 episodes, total num timesteps 1000800/5000000, FPS 75.

incre win rate is 0.030303030303030304.
eval win rate is 0.0625.

 Map 5m_vs_6m Algo r_drbfn_v3 Exp v3_5m_vs_6m_5M_seed2 updates 1255/6250 episodes, total num timesteps 1004800/5000000, FPS 75.

incre win rate is 0.017857142857142856.
[v3 step=1260] R_mean=0.3789 | G_n_mean=4.4730 (n=5) | q_tot_pred_mean=4.4623 | drbfn_loss=0.0117, qi_loss=0.0083, qtot_loss=1.1606

 Map 5m_vs_6m Algo r_drbfn_v3 Exp v3_5m_vs_6m_5M_seed2 updates 1260/6250 episodes, total num timesteps 1008800/5000000, FPS 75.

incre win rate is 0.03614457831325301.

 Map 5m_vs_6m Algo r_drbfn_v3 Exp v3_5m_vs_6m_5M_seed2 updates 1265/6250 episodes, total num timesteps 1012800/5000000, FPS 75.

incre win rate is 0.042682926829268296.
[v3 step=1270] R_mean=0.3765 | G_n_mean=4.4323 (n=5) | q_tot_pred_mean=4.4461 | drbfn_loss=0.0110, qi_loss=0.0060, qtot_loss=1.4744

 Map 5m_vs_6m Algo r_drbfn_v3 Exp v3_5m_vs_6m_5M_seed2 updates 1270/6250 episodes, total num timesteps 1016800/5000000, FPS 75.

incre win rate is 0.024096385542168676.

 Map 5m_vs_6m Algo r_drbfn_v3 Exp v3_5m_vs_6m_5M_seed2 updates 1275/6250 episodes, total num timesteps 1020800/5000000, FPS 75.

incre win rate is 0.011764705882352941.
eval win rate is 0.03125.
[v3 step=1280] R_mean=0.3745 | G_n_mean=4.5023 (n=5) | q_tot_pred_mean=4.4617 | drbfn_loss=0.0103, qi_loss=0.0044, qtot_loss=0.5855

 Map 5m_vs_6m Algo r_drbfn_v3 Exp v3_5m_vs_6m_5M_seed2 updates 1280/6250 episodes, total num timesteps 1024800/5000000, FPS 75.

incre win rate is 0.005813953488372093.

 Map 5m_vs_6m Algo r_drbfn_v3 Exp v3_5m_vs_6m_5M_seed2 updates 1285/6250 episodes, total num timesteps 1028800/5000000, FPS 75.

incre win rate is 0.029239766081871343.
[v3 step=1290] R_mean=0.3640 | G_n_mean=4.4448 (n=5) | q_tot_pred_mean=4.4734 | drbfn_loss=0.0101, qi_loss=0.0042, qtot_loss=0.6237

 Map 5m_vs_6m Algo r_drbfn_v3 Exp v3_5m_vs_6m_5M_seed2 updates 1290/6250 episodes, total num timesteps 1032800/5000000, FPS 75.

incre win rate is 0.0.

 Map 5m_vs_6m Algo r_drbfn_v3 Exp v3_5m_vs_6m_5M_seed2 updates 1295/6250 episodes, total num timesteps 1036800/5000000, FPS 75.

incre win rate is 0.023391812865497075.
[v3 step=1300] R_mean=0.3694 | G_n_mean=4.4191 (n=5) | q_tot_pred_mean=4.4939 | drbfn_loss=0.0129, qi_loss=0.0046, qtot_loss=1.1041

 Map 5m_vs_6m Algo r_drbfn_v3 Exp v3_5m_vs_6m_5M_seed2 updates 1300/6250 episodes, total num timesteps 1040800/5000000, FPS 75.

incre win rate is 0.005847953216374269.
eval win rate is 0.0.

 Map 5m_vs_6m Algo r_drbfn_v3 Exp v3_5m_vs_6m_5M_seed2 updates 1305/6250 episodes, total num timesteps 1044800/5000000, FPS 75.

incre win rate is 0.005847953216374269.
[v3 step=1310] R_mean=0.3876 | G_n_mean=4.4715 (n=5) | q_tot_pred_mean=4.3330 | drbfn_loss=0.0134, qi_loss=0.0139, qtot_loss=1.5055

 Map 5m_vs_6m Algo r_drbfn_v3 Exp v3_5m_vs_6m_5M_seed2 updates 1310/6250 episodes, total num timesteps 1048800/5000000, FPS 75.

incre win rate is 0.017857142857142856.

 Map 5m_vs_6m Algo r_drbfn_v3 Exp v3_5m_vs_6m_5M_seed2 updates 1315/6250 episodes, total num timesteps 1052800/5000000, FPS 75.

incre win rate is 0.023391812865497075.
[v3 step=1320] R_mean=0.3675 | G_n_mean=4.4429 (n=5) | q_tot_pred_mean=4.5558 | drbfn_loss=0.0122, qi_loss=0.0082, qtot_loss=1.4840

 Map 5m_vs_6m Algo r_drbfn_v3 Exp v3_5m_vs_6m_5M_seed2 updates 1320/6250 episodes, total num timesteps 1056800/5000000, FPS 75.

incre win rate is 0.03529411764705882.

 Map 5m_vs_6m Algo r_drbfn_v3 Exp v3_5m_vs_6m_5M_seed2 updates 1325/6250 episodes, total num timesteps 1060800/5000000, FPS 75.

incre win rate is 0.028901734104046242.
eval win rate is 0.03125.
[v3 step=1330] R_mean=0.3834 | G_n_mean=4.5731 (n=5) | q_tot_pred_mean=4.6515 | drbfn_loss=0.0108, qi_loss=0.0080, qtot_loss=0.7586

 Map 5m_vs_6m Algo r_drbfn_v3 Exp v3_5m_vs_6m_5M_seed2 updates 1330/6250 episodes, total num timesteps 1064800/5000000, FPS 75.

incre win rate is 0.06395348837209303.

 Map 5m_vs_6m Algo r_drbfn_v3 Exp v3_5m_vs_6m_5M_seed2 updates 1335/6250 episodes, total num timesteps 1068800/5000000, FPS 75.

incre win rate is 0.005747126436781609.
[v3 step=1340] R_mean=0.3780 | G_n_mean=4.5011 (n=5) | q_tot_pred_mean=4.3286 | drbfn_loss=0.0110, qi_loss=0.0090, qtot_loss=1.0500

 Map 5m_vs_6m Algo r_drbfn_v3 Exp v3_5m_vs_6m_5M_seed2 updates 1340/6250 episodes, total num timesteps 1072800/5000000, FPS 75.

incre win rate is 0.005780346820809248.

 Map 5m_vs_6m Algo r_drbfn_v3 Exp v3_5m_vs_6m_5M_seed2 updates 1345/6250 episodes, total num timesteps 1076800/5000000, FPS 75.

incre win rate is 0.005813953488372093.
[v3 step=1350] R_mean=0.3705 | G_n_mean=4.3912 (n=5) | q_tot_pred_mean=4.3878 | drbfn_loss=0.0120, qi_loss=0.0090, qtot_loss=1.1112

 Map 5m_vs_6m Algo r_drbfn_v3 Exp v3_5m_vs_6m_5M_seed2 updates 1350/6250 episodes, total num timesteps 1080800/5000000, FPS 75.

incre win rate is 0.029239766081871343.
eval win rate is 0.09375.

 Map 5m_vs_6m Algo r_drbfn_v3 Exp v3_5m_vs_6m_5M_seed2 updates 1355/6250 episodes, total num timesteps 1084800/5000000, FPS 75.

incre win rate is 0.011834319526627219.
[v3 step=1360] R_mean=0.3737 | G_n_mean=4.4835 (n=5) | q_tot_pred_mean=4.5171 | drbfn_loss=0.0108, qi_loss=0.0072, qtot_loss=1.1603

 Map 5m_vs_6m Algo r_drbfn_v3 Exp v3_5m_vs_6m_5M_seed2 updates 1360/6250 episodes, total num timesteps 1088800/5000000, FPS 75.

incre win rate is 0.01775147928994083.

 Map 5m_vs_6m Algo r_drbfn_v3 Exp v3_5m_vs_6m_5M_seed2 updates 1365/6250 episodes, total num timesteps 1092800/5000000, FPS 75.

incre win rate is 0.023529411764705882.
[v3 step=1370] R_mean=0.3728 | G_n_mean=4.4313 (n=5) | q_tot_pred_mean=4.3190 | drbfn_loss=0.0123, qi_loss=0.0099, qtot_loss=1.1587

 Map 5m_vs_6m Algo r_drbfn_v3 Exp v3_5m_vs_6m_5M_seed2 updates 1370/6250 episodes, total num timesteps 1096800/5000000, FPS 75.

incre win rate is 0.029585798816568046.

 Map 5m_vs_6m Algo r_drbfn_v3 Exp v3_5m_vs_6m_5M_seed2 updates 1375/6250 episodes, total num timesteps 1100800/5000000, FPS 75.

incre win rate is 0.03614457831325301.
eval win rate is 0.03125.
[v3 step=1380] R_mean=0.3734 | G_n_mean=4.4809 (n=5) | q_tot_pred_mean=4.5070 | drbfn_loss=0.0114, qi_loss=0.0073, qtot_loss=0.7124

 Map 5m_vs_6m Algo r_drbfn_v3 Exp v3_5m_vs_6m_5M_seed2 updates 1380/6250 episodes, total num timesteps 1104800/5000000, FPS 75.

incre win rate is 0.024242424242424242.

 Map 5m_vs_6m Algo r_drbfn_v3 Exp v3_5m_vs_6m_5M_seed2 updates 1385/6250 episodes, total num timesteps 1108800/5000000, FPS 75.

incre win rate is 0.011904761904761904.
[v3 step=1390] R_mean=0.3705 | G_n_mean=4.5666 (n=5) | q_tot_pred_mean=4.6861 | drbfn_loss=0.0105, qi_loss=0.0049, qtot_loss=0.5386

 Map 5m_vs_6m Algo r_drbfn_v3 Exp v3_5m_vs_6m_5M_seed2 updates 1390/6250 episodes, total num timesteps 1112800/5000000, FPS 75.

incre win rate is 0.011976047904191617.

 Map 5m_vs_6m Algo r_drbfn_v3 Exp v3_5m_vs_6m_5M_seed2 updates 1395/6250 episodes, total num timesteps 1116800/5000000, FPS 75.

incre win rate is 0.0058823529411764705.
[v3 step=1400] R_mean=0.3852 | G_n_mean=4.5882 (n=5) | q_tot_pred_mean=4.4017 | drbfn_loss=0.0129, qi_loss=0.0093, qtot_loss=1.4599

 Map 5m_vs_6m Algo r_drbfn_v3 Exp v3_5m_vs_6m_5M_seed2 updates 1400/6250 episodes, total num timesteps 1120800/5000000, FPS 75.

incre win rate is 0.011834319526627219.
eval win rate is 0.03125.

 Map 5m_vs_6m Algo r_drbfn_v3 Exp v3_5m_vs_6m_5M_seed2 updates 1405/6250 episodes, total num timesteps 1124800/5000000, FPS 75.

incre win rate is 0.011976047904191617.
[v3 step=1410] R_mean=0.3616 | G_n_mean=4.4570 (n=5) | q_tot_pred_mean=4.4198 | drbfn_loss=0.0111, qi_loss=0.0050, qtot_loss=0.5712

 Map 5m_vs_6m Algo r_drbfn_v3 Exp v3_5m_vs_6m_5M_seed2 updates 1410/6250 episodes, total num timesteps 1128800/5000000, FPS 75.

incre win rate is 0.011904761904761904.

 Map 5m_vs_6m Algo r_drbfn_v3 Exp v3_5m_vs_6m_5M_seed2 updates 1415/6250 episodes, total num timesteps 1132800/5000000, FPS 75.

incre win rate is 0.023668639053254437.
[v3 step=1420] R_mean=0.3678 | G_n_mean=4.5252 (n=5) | q_tot_pred_mean=4.6874 | drbfn_loss=0.0130, qi_loss=0.0055, qtot_loss=1.1068

 Map 5m_vs_6m Algo r_drbfn_v3 Exp v3_5m_vs_6m_5M_seed2 updates 1420/6250 episodes, total num timesteps 1136800/5000000, FPS 75.

incre win rate is 0.005952380952380952.

 Map 5m_vs_6m Algo r_drbfn_v3 Exp v3_5m_vs_6m_5M_seed2 updates 1425/6250 episodes, total num timesteps 1140800/5000000, FPS 75.

incre win rate is 0.03571428571428571.
eval win rate is 0.03125.
[v3 step=1430] R_mean=0.3953 | G_n_mean=4.7567 (n=5) | q_tot_pred_mean=4.6125 | drbfn_loss=0.0111, qi_loss=0.0114, qtot_loss=0.9426

 Map 5m_vs_6m Algo r_drbfn_v3 Exp v3_5m_vs_6m_5M_seed2 updates 1430/6250 episodes, total num timesteps 1144800/5000000, FPS 75.

incre win rate is 0.03550295857988166.

 Map 5m_vs_6m Algo r_drbfn_v3 Exp v3_5m_vs_6m_5M_seed2 updates 1435/6250 episodes, total num timesteps 1148800/5000000, FPS 75.

incre win rate is 0.005813953488372093.
[v3 step=1440] R_mean=0.3617 | G_n_mean=4.4988 (n=5) | q_tot_pred_mean=4.4080 | drbfn_loss=0.0120, qi_loss=0.0056, qtot_loss=1.0590

 Map 5m_vs_6m Algo r_drbfn_v3 Exp v3_5m_vs_6m_5M_seed2 updates 1440/6250 episodes, total num timesteps 1152800/5000000, FPS 75.

incre win rate is 0.0.

 Map 5m_vs_6m Algo r_drbfn_v3 Exp v3_5m_vs_6m_5M_seed2 updates 1445/6250 episodes, total num timesteps 1156800/5000000, FPS 75.

incre win rate is 0.011834319526627219.
[v3 step=1450] R_mean=0.3767 | G_n_mean=4.5527 (n=5) | q_tot_pred_mean=4.5162 | drbfn_loss=0.0113, qi_loss=0.0065, qtot_loss=1.1605

 Map 5m_vs_6m Algo r_drbfn_v3 Exp v3_5m_vs_6m_5M_seed2 updates 1450/6250 episodes, total num timesteps 1160800/5000000, FPS 75.

incre win rate is 0.029411764705882353.
eval win rate is 0.0.

 Map 5m_vs_6m Algo r_drbfn_v3 Exp v3_5m_vs_6m_5M_seed2 updates 1455/6250 episodes, total num timesteps 1164800/5000000, FPS 75.

incre win rate is 0.023529411764705882.
[v3 step=1460] R_mean=0.3539 | G_n_mean=4.3627 (n=5) | q_tot_pred_mean=4.4535 | drbfn_loss=0.0119, qi_loss=0.0052, qtot_loss=0.9739

 Map 5m_vs_6m Algo r_drbfn_v3 Exp v3_5m_vs_6m_5M_seed2 updates 1460/6250 episodes, total num timesteps 1168800/5000000, FPS 75.

incre win rate is 0.011695906432748537.

 Map 5m_vs_6m Algo r_drbfn_v3 Exp v3_5m_vs_6m_5M_seed2 updates 1465/6250 episodes, total num timesteps 1172800/5000000, FPS 75.

incre win rate is 0.011764705882352941.
[v3 step=1470] R_mean=0.3597 | G_n_mean=4.5323 (n=5) | q_tot_pred_mean=4.6574 | drbfn_loss=0.0114, qi_loss=0.0054, qtot_loss=0.7044

 Map 5m_vs_6m Algo r_drbfn_v3 Exp v3_5m_vs_6m_5M_seed2 updates 1470/6250 episodes, total num timesteps 1176800/5000000, FPS 75.

incre win rate is 0.029239766081871343.

 Map 5m_vs_6m Algo r_drbfn_v3 Exp v3_5m_vs_6m_5M_seed2 updates 1475/6250 episodes, total num timesteps 1180800/5000000, FPS 75.

incre win rate is 0.005847953216374269.
eval win rate is 0.0.
[v3 step=1480] R_mean=0.3733 | G_n_mean=4.5566 (n=5) | q_tot_pred_mean=4.5933 | drbfn_loss=0.0113, qi_loss=0.0065, qtot_loss=0.7248

 Map 5m_vs_6m Algo r_drbfn_v3 Exp v3_5m_vs_6m_5M_seed2 updates 1480/6250 episodes, total num timesteps 1184800/5000000, FPS 75.

incre win rate is 0.005847953216374269.

 Map 5m_vs_6m Algo r_drbfn_v3 Exp v3_5m_vs_6m_5M_seed2 updates 1485/6250 episodes, total num timesteps 1188800/5000000, FPS 75.

incre win rate is 0.005813953488372093.
[v3 step=1490] R_mean=0.3470 | G_n_mean=4.3470 (n=5) | q_tot_pred_mean=4.3943 | drbfn_loss=0.0114, qi_loss=0.0051, qtot_loss=0.7805

 Map 5m_vs_6m Algo r_drbfn_v3 Exp v3_5m_vs_6m_5M_seed2 updates 1490/6250 episodes, total num timesteps 1192800/5000000, FPS 75.

incre win rate is 0.0.

 Map 5m_vs_6m Algo r_drbfn_v3 Exp v3_5m_vs_6m_5M_seed2 updates 1495/6250 episodes, total num timesteps 1196800/5000000, FPS 75.

incre win rate is 0.0.
[v3 step=1500] R_mean=0.3806 | G_n_mean=4.5991 (n=5) | q_tot_pred_mean=4.4284 | drbfn_loss=0.0116, qi_loss=0.0075, qtot_loss=0.7329

 Map 5m_vs_6m Algo r_drbfn_v3 Exp v3_5m_vs_6m_5M_seed2 updates 1500/6250 episodes, total num timesteps 1200800/5000000, FPS 75.

incre win rate is 0.023121387283236993.
eval win rate is 0.03125.

 Map 5m_vs_6m Algo r_drbfn_v3 Exp v3_5m_vs_6m_5M_seed2 updates 1505/6250 episodes, total num timesteps 1204800/5000000, FPS 75.

incre win rate is 0.0.
[v3 step=1510] R_mean=0.3766 | G_n_mean=4.6524 (n=5) | q_tot_pred_mean=4.6120 | drbfn_loss=0.0102, qi_loss=0.0062, qtot_loss=0.5180

 Map 5m_vs_6m Algo r_drbfn_v3 Exp v3_5m_vs_6m_5M_seed2 updates 1510/6250 episodes, total num timesteps 1208800/5000000, FPS 75.

incre win rate is 0.0.

 Map 5m_vs_6m Algo r_drbfn_v3 Exp v3_5m_vs_6m_5M_seed2 updates 1515/6250 episodes, total num timesteps 1212800/5000000, FPS 75.

incre win rate is 0.011904761904761904.
[v3 step=1520] R_mean=0.3531 | G_n_mean=4.4135 (n=5) | q_tot_pred_mean=4.5491 | drbfn_loss=0.0130, qi_loss=0.0063, qtot_loss=1.2645

 Map 5m_vs_6m Algo r_drbfn_v3 Exp v3_5m_vs_6m_5M_seed2 updates 1520/6250 episodes, total num timesteps 1216800/5000000, FPS 75.

incre win rate is 0.005813953488372093.

 Map 5m_vs_6m Algo r_drbfn_v3 Exp v3_5m_vs_6m_5M_seed2 updates 1525/6250 episodes, total num timesteps 1220800/5000000, FPS 75.

incre win rate is 0.0058823529411764705.
eval win rate is 0.0.
[v3 step=1530] R_mean=0.3749 | G_n_mean=4.5678 (n=5) | q_tot_pred_mean=4.6211 | drbfn_loss=0.0116, qi_loss=0.0087, qtot_loss=1.3574

 Map 5m_vs_6m Algo r_drbfn_v3 Exp v3_5m_vs_6m_5M_seed2 updates 1530/6250 episodes, total num timesteps 1224800/5000000, FPS 75.

incre win rate is 0.005747126436781609.

 Map 5m_vs_6m Algo r_drbfn_v3 Exp v3_5m_vs_6m_5M_seed2 updates 1535/6250 episodes, total num timesteps 1228800/5000000, FPS 75.

incre win rate is 0.0.
[v3 step=1540] R_mean=0.3858 | G_n_mean=4.5436 (n=5) | q_tot_pred_mean=4.4306 | drbfn_loss=0.0131, qi_loss=0.0089, qtot_loss=1.5592

 Map 5m_vs_6m Algo r_drbfn_v3 Exp v3_5m_vs_6m_5M_seed2 updates 1540/6250 episodes, total num timesteps 1232800/5000000, FPS 75.

incre win rate is 0.005988023952095809.

 Map 5m_vs_6m Algo r_drbfn_v3 Exp v3_5m_vs_6m_5M_seed2 updates 1545/6250 episodes, total num timesteps 1236800/5000000, FPS 75.

incre win rate is 0.006211180124223602.
[v3 step=1550] R_mean=0.3706 | G_n_mean=4.4911 (n=5) | q_tot_pred_mean=4.4735 | drbfn_loss=0.0107, qi_loss=0.0059, qtot_loss=0.8275

 Map 5m_vs_6m Algo r_drbfn_v3 Exp v3_5m_vs_6m_5M_seed2 updates 1550/6250 episodes, total num timesteps 1240800/5000000, FPS 75.

incre win rate is 0.011834319526627219.
eval win rate is 0.0.

 Map 5m_vs_6m Algo r_drbfn_v3 Exp v3_5m_vs_6m_5M_seed2 updates 1555/6250 episodes, total num timesteps 1244800/5000000, FPS 75.

incre win rate is 0.01775147928994083.
[v3 step=1560] R_mean=0.3560 | G_n_mean=4.3528 (n=5) | q_tot_pred_mean=4.3881 | drbfn_loss=0.0110, qi_loss=0.0051, qtot_loss=0.6153

 Map 5m_vs_6m Algo r_drbfn_v3 Exp v3_5m_vs_6m_5M_seed2 updates 1560/6250 episodes, total num timesteps 1248800/5000000, FPS 75.

incre win rate is 0.0.

 Map 5m_vs_6m Algo r_drbfn_v3 Exp v3_5m_vs_6m_5M_seed2 updates 1565/6250 episodes, total num timesteps 1252800/5000000, FPS 75.

incre win rate is 0.012195121951219513.
[v3 step=1570] R_mean=0.3695 | G_n_mean=4.4960 (n=5) | q_tot_pred_mean=4.3335 | drbfn_loss=0.0133, qi_loss=0.0063, qtot_loss=1.0369

 Map 5m_vs_6m Algo r_drbfn_v3 Exp v3_5m_vs_6m_5M_seed2 updates 1570/6250 episodes, total num timesteps 1256800/5000000, FPS 75.

incre win rate is 0.0.

 Map 5m_vs_6m Algo r_drbfn_v3 Exp v3_5m_vs_6m_5M_seed2 updates 1575/6250 episodes, total num timesteps 1260800/5000000, FPS 75.

incre win rate is 0.011904761904761904.
eval win rate is 0.0625.
[v3 step=1580] R_mean=0.3753 | G_n_mean=4.5987 (n=5) | q_tot_pred_mean=4.5762 | drbfn_loss=0.0104, qi_loss=0.0053, qtot_loss=0.5380

 Map 5m_vs_6m Algo r_drbfn_v3 Exp v3_5m_vs_6m_5M_seed2 updates 1580/6250 episodes, total num timesteps 1264800/5000000, FPS 75.

incre win rate is 0.011834319526627219.

 Map 5m_vs_6m Algo r_drbfn_v3 Exp v3_5m_vs_6m_5M_seed2 updates 1585/6250 episodes, total num timesteps 1268800/5000000, FPS 75.

incre win rate is 0.017964071856287425.
[v3 step=1590] R_mean=0.3450 | G_n_mean=4.3247 (n=5) | q_tot_pred_mean=4.3237 | drbfn_loss=0.0105, qi_loss=0.0048, qtot_loss=0.5682

 Map 5m_vs_6m Algo r_drbfn_v3 Exp v3_5m_vs_6m_5M_seed2 updates 1590/6250 episodes, total num timesteps 1272800/5000000, FPS 75.

incre win rate is 0.006134969325153374.

 Map 5m_vs_6m Algo r_drbfn_v3 Exp v3_5m_vs_6m_5M_seed2 updates 1595/6250 episodes, total num timesteps 1276800/5000000, FPS 75.

incre win rate is 0.006024096385542169.
[v3 step=1600] R_mean=0.3557 | G_n_mean=4.3468 (n=5) | q_tot_pred_mean=4.3856 | drbfn_loss=0.0116, qi_loss=0.0064, qtot_loss=0.8171

 Map 5m_vs_6m Algo r_drbfn_v3 Exp v3_5m_vs_6m_5M_seed2 updates 1600/6250 episodes, total num timesteps 1280800/5000000, FPS 75.

incre win rate is 0.011976047904191617.
eval win rate is 0.0.

 Map 5m_vs_6m Algo r_drbfn_v3 Exp v3_5m_vs_6m_5M_seed2 updates 1605/6250 episodes, total num timesteps 1284800/5000000, FPS 75.

incre win rate is 0.01764705882352941.
[v3 step=1610] R_mean=0.3677 | G_n_mean=4.4789 (n=5) | q_tot_pred_mean=4.4583 | drbfn_loss=0.0097, qi_loss=0.0051, qtot_loss=0.8761

 Map 5m_vs_6m Algo r_drbfn_v3 Exp v3_5m_vs_6m_5M_seed2 updates 1610/6250 episodes, total num timesteps 1288800/5000000, FPS 75.

incre win rate is 0.011834319526627219.

 Map 5m_vs_6m Algo r_drbfn_v3 Exp v3_5m_vs_6m_5M_seed2 updates 1615/6250 episodes, total num timesteps 1292800/5000000, FPS 75.

incre win rate is 0.017964071856287425.
[v3 step=1620] R_mean=0.3887 | G_n_mean=4.6183 (n=5) | q_tot_pred_mean=4.6676 | drbfn_loss=0.0124, qi_loss=0.0123, qtot_loss=1.4822

 Map 5m_vs_6m Algo r_drbfn_v3 Exp v3_5m_vs_6m_5M_seed2 updates 1620/6250 episodes, total num timesteps 1296800/5000000, FPS 74.

incre win rate is 0.018633540372670808.

 Map 5m_vs_6m Algo r_drbfn_v3 Exp v3_5m_vs_6m_5M_seed2 updates 1625/6250 episodes, total num timesteps 1300800/5000000, FPS 74.

incre win rate is 0.017857142857142856.
eval win rate is 0.0625.
[v3 step=1630] R_mean=0.3437 | G_n_mean=4.3627 (n=5) | q_tot_pred_mean=4.4504 | drbfn_loss=0.0100, qi_loss=0.0052, qtot_loss=0.7281

 Map 5m_vs_6m Algo r_drbfn_v3 Exp v3_5m_vs_6m_5M_seed2 updates 1630/6250 episodes, total num timesteps 1304800/5000000, FPS 74.

incre win rate is 0.024390243902439025.

 Map 5m_vs_6m Algo r_drbfn_v3 Exp v3_5m_vs_6m_5M_seed2 updates 1635/6250 episodes, total num timesteps 1308800/5000000, FPS 74.

incre win rate is 0.006024096385542169.
[v3 step=1640] R_mean=0.3712 | G_n_mean=4.5451 (n=5) | q_tot_pred_mean=4.5015 | drbfn_loss=0.0095, qi_loss=0.0092, qtot_loss=1.3341

 Map 5m_vs_6m Algo r_drbfn_v3 Exp v3_5m_vs_6m_5M_seed2 updates 1640/6250 episodes, total num timesteps 1312800/5000000, FPS 74.

incre win rate is 0.017857142857142856.

 Map 5m_vs_6m Algo r_drbfn_v3 Exp v3_5m_vs_6m_5M_seed2 updates 1645/6250 episodes, total num timesteps 1316800/5000000, FPS 74.

incre win rate is 0.0.
[v3 step=1650] R_mean=0.3640 | G_n_mean=4.4807 (n=5) | q_tot_pred_mean=4.4296 | drbfn_loss=0.0099, qi_loss=0.0060, qtot_loss=0.7582

 Map 5m_vs_6m Algo r_drbfn_v3 Exp v3_5m_vs_6m_5M_seed2 updates 1650/6250 episodes, total num timesteps 1320800/5000000, FPS 74.

incre win rate is 0.0058823529411764705.
eval win rate is 0.0.

 Map 5m_vs_6m Algo r_drbfn_v3 Exp v3_5m_vs_6m_5M_seed2 updates 1655/6250 episodes, total num timesteps 1324800/5000000, FPS 74.

incre win rate is 0.011834319526627219.
[v3 step=1660] R_mean=0.3578 | G_n_mean=4.4975 (n=5) | q_tot_pred_mean=4.4267 | drbfn_loss=0.0096, qi_loss=0.0062, qtot_loss=0.7615

 Map 5m_vs_6m Algo r_drbfn_v3 Exp v3_5m_vs_6m_5M_seed2 updates 1660/6250 episodes, total num timesteps 1328800/5000000, FPS 74.

incre win rate is 0.0058823529411764705.

 Map 5m_vs_6m Algo r_drbfn_v3 Exp v3_5m_vs_6m_5M_seed2 updates 1665/6250 episodes, total num timesteps 1332800/5000000, FPS 74.

incre win rate is 0.023952095808383235.
[v3 step=1670] R_mean=0.3636 | G_n_mean=4.5086 (n=5) | q_tot_pred_mean=4.7028 | drbfn_loss=0.0097, qi_loss=0.0054, qtot_loss=0.7200

 Map 5m_vs_6m Algo r_drbfn_v3 Exp v3_5m_vs_6m_5M_seed2 updates 1670/6250 episodes, total num timesteps 1336800/5000000, FPS 74.

incre win rate is 0.005952380952380952.

 Map 5m_vs_6m Algo r_drbfn_v3 Exp v3_5m_vs_6m_5M_seed2 updates 1675/6250 episodes, total num timesteps 1340800/5000000, FPS 74.

incre win rate is 0.0.
eval win rate is 0.03125.
[v3 step=1680] R_mean=0.3692 | G_n_mean=4.5296 (n=5) | q_tot_pred_mean=4.4740 | drbfn_loss=0.0112, qi_loss=0.0059, qtot_loss=0.6950

 Map 5m_vs_6m Algo r_drbfn_v3 Exp v3_5m_vs_6m_5M_seed2 updates 1680/6250 episodes, total num timesteps 1344800/5000000, FPS 74.

incre win rate is 0.0.

 Map 5m_vs_6m Algo r_drbfn_v3 Exp v3_5m_vs_6m_5M_seed2 updates 1685/6250 episodes, total num timesteps 1348800/5000000, FPS 74.

incre win rate is 0.006134969325153374.
[v3 step=1690] R_mean=0.3726 | G_n_mean=4.5559 (n=5) | q_tot_pred_mean=4.4521 | drbfn_loss=0.0099, qi_loss=0.0062, qtot_loss=0.4213

 Map 5m_vs_6m Algo r_drbfn_v3 Exp v3_5m_vs_6m_5M_seed2 updates 1690/6250 episodes, total num timesteps 1352800/5000000, FPS 74.

incre win rate is 0.0.

 Map 5m_vs_6m Algo r_drbfn_v3 Exp v3_5m_vs_6m_5M_seed2 updates 1695/6250 episodes, total num timesteps 1356800/5000000, FPS 74.

incre win rate is 0.03067484662576687.
[v3 step=1700] R_mean=0.3666 | G_n_mean=4.5355 (n=5) | q_tot_pred_mean=4.6846 | drbfn_loss=0.0093, qi_loss=0.0058, qtot_loss=0.8768

 Map 5m_vs_6m Algo r_drbfn_v3 Exp v3_5m_vs_6m_5M_seed2 updates 1700/6250 episodes, total num timesteps 1360800/5000000, FPS 74.

incre win rate is 0.011764705882352941.
eval win rate is 0.03125.

 Map 5m_vs_6m Algo r_drbfn_v3 Exp v3_5m_vs_6m_5M_seed2 updates 1705/6250 episodes, total num timesteps 1364800/5000000, FPS 74.

incre win rate is 0.005780346820809248.
[v3 step=1710] R_mean=0.3664 | G_n_mean=4.5626 (n=5) | q_tot_pred_mean=4.7346 | drbfn_loss=0.0098, qi_loss=0.0061, qtot_loss=0.7022

 Map 5m_vs_6m Algo r_drbfn_v3 Exp v3_5m_vs_6m_5M_seed2 updates 1710/6250 episodes, total num timesteps 1368800/5000000, FPS 74.

incre win rate is 0.0.

 Map 5m_vs_6m Algo r_drbfn_v3 Exp v3_5m_vs_6m_5M_seed2 updates 1715/6250 episodes, total num timesteps 1372800/5000000, FPS 74.

incre win rate is 0.0.
[v3 step=1720] R_mean=0.3695 | G_n_mean=4.5468 (n=5) | q_tot_pred_mean=4.3913 | drbfn_loss=0.0088, qi_loss=0.0055, qtot_loss=0.8322

 Map 5m_vs_6m Algo r_drbfn_v3 Exp v3_5m_vs_6m_5M_seed2 updates 1720/6250 episodes, total num timesteps 1376800/5000000, FPS 74.

incre win rate is 0.005813953488372093.

 Map 5m_vs_6m Algo r_drbfn_v3 Exp v3_5m_vs_6m_5M_seed2 updates 1725/6250 episodes, total num timesteps 1380800/5000000, FPS 74.

incre win rate is 0.005952380952380952.
eval win rate is 0.03125.
[v3 step=1730] R_mean=0.3645 | G_n_mean=4.5238 (n=5) | q_tot_pred_mean=4.4677 | drbfn_loss=0.0103, qi_loss=0.0057, qtot_loss=0.7562

 Map 5m_vs_6m Algo r_drbfn_v3 Exp v3_5m_vs_6m_5M_seed2 updates 1730/6250 episodes, total num timesteps 1384800/5000000, FPS 74.

incre win rate is 0.0.

 Map 5m_vs_6m Algo r_drbfn_v3 Exp v3_5m_vs_6m_5M_seed2 updates 1735/6250 episodes, total num timesteps 1388800/5000000, FPS 74.

incre win rate is 0.011695906432748537.
[v3 step=1740] R_mean=0.3441 | G_n_mean=4.2284 (n=5) | q_tot_pred_mean=4.3898 | drbfn_loss=0.0105, qi_loss=0.0055, qtot_loss=0.9261

 Map 5m_vs_6m Algo r_drbfn_v3 Exp v3_5m_vs_6m_5M_seed2 updates 1740/6250 episodes, total num timesteps 1392800/5000000, FPS 74.

incre win rate is 0.0.

 Map 5m_vs_6m Algo r_drbfn_v3 Exp v3_5m_vs_6m_5M_seed2 updates 1745/6250 episodes, total num timesteps 1396800/5000000, FPS 74.

incre win rate is 0.005952380952380952.
[v3 step=1750] R_mean=0.3781 | G_n_mean=4.6228 (n=5) | q_tot_pred_mean=4.5459 | drbfn_loss=0.0100, qi_loss=0.0060, qtot_loss=0.6225

 Map 5m_vs_6m Algo r_drbfn_v3 Exp v3_5m_vs_6m_5M_seed2 updates 1750/6250 episodes, total num timesteps 1400800/5000000, FPS 74.

incre win rate is 0.0.
eval win rate is 0.0.

 Map 5m_vs_6m Algo r_drbfn_v3 Exp v3_5m_vs_6m_5M_seed2 updates 1755/6250 episodes, total num timesteps 1404800/5000000, FPS 74.

incre win rate is 0.0.
[v3 step=1760] R_mean=0.3727 | G_n_mean=4.5997 (n=5) | q_tot_pred_mean=4.4749 | drbfn_loss=0.0103, qi_loss=0.0065, qtot_loss=0.7610

 Map 5m_vs_6m Algo r_drbfn_v3 Exp v3_5m_vs_6m_5M_seed2 updates 1760/6250 episodes, total num timesteps 1408800/5000000, FPS 74.

incre win rate is 0.0.

 Map 5m_vs_6m Algo r_drbfn_v3 Exp v3_5m_vs_6m_5M_seed2 updates 1765/6250 episodes, total num timesteps 1412800/5000000, FPS 74.

incre win rate is 0.006024096385542169.
[v3 step=1770] R_mean=0.3962 | G_n_mean=4.6653 (n=5) | q_tot_pred_mean=4.5542 | drbfn_loss=0.0092, qi_loss=0.0114, qtot_loss=1.4360

 Map 5m_vs_6m Algo r_drbfn_v3 Exp v3_5m_vs_6m_5M_seed2 updates 1770/6250 episodes, total num timesteps 1416800/5000000, FPS 74.

incre win rate is 0.017857142857142856.

 Map 5m_vs_6m Algo r_drbfn_v3 Exp v3_5m_vs_6m_5M_seed2 updates 1775/6250 episodes, total num timesteps 1420800/5000000, FPS 74.

incre win rate is 0.011976047904191617.
eval win rate is 0.0.
[v3 step=1780] R_mean=0.3685 | G_n_mean=4.4580 (n=5) | q_tot_pred_mean=4.5142 | drbfn_loss=0.0100, qi_loss=0.0069, qtot_loss=0.5015

 Map 5m_vs_6m Algo r_drbfn_v3 Exp v3_5m_vs_6m_5M_seed2 updates 1780/6250 episodes, total num timesteps 1424800/5000000, FPS 74.

incre win rate is 0.006097560975609756.

 Map 5m_vs_6m Algo r_drbfn_v3 Exp v3_5m_vs_6m_5M_seed2 updates 1785/6250 episodes, total num timesteps 1428800/5000000, FPS 74.

incre win rate is 0.022988505747126436.
[v3 step=1790] R_mean=0.3850 | G_n_mean=4.6512 (n=5) | q_tot_pred_mean=4.6019 | drbfn_loss=0.0105, qi_loss=0.0102, qtot_loss=1.3967

 Map 5m_vs_6m Algo r_drbfn_v3 Exp v3_5m_vs_6m_5M_seed2 updates 1790/6250 episodes, total num timesteps 1432800/5000000, FPS 74.

incre win rate is 0.011904761904761904.

 Map 5m_vs_6m Algo r_drbfn_v3 Exp v3_5m_vs_6m_5M_seed2 updates 1795/6250 episodes, total num timesteps 1436800/5000000, FPS 74.

incre win rate is 0.012121212121212121.
[v3 step=1800] R_mean=0.4090 | G_n_mean=4.8214 (n=5) | q_tot_pred_mean=4.5986 | drbfn_loss=0.0093, qi_loss=0.0108, qtot_loss=1.6195

 Map 5m_vs_6m Algo r_drbfn_v3 Exp v3_5m_vs_6m_5M_seed2 updates 1800/6250 episodes, total num timesteps 1440800/5000000, FPS 74.

incre win rate is 0.04819277108433735.
eval win rate is 0.125.

 Map 5m_vs_6m Algo r_drbfn_v3 Exp v3_5m_vs_6m_5M_seed2 updates 1805/6250 episodes, total num timesteps 1444800/5000000, FPS 74.

incre win rate is 0.018292682926829267.
[v3 step=1810] R_mean=0.3818 | G_n_mean=4.7066 (n=5) | q_tot_pred_mean=4.7000 | drbfn_loss=0.0100, qi_loss=0.0089, qtot_loss=1.0776

 Map 5m_vs_6m Algo r_drbfn_v3 Exp v3_5m_vs_6m_5M_seed2 updates 1810/6250 episodes, total num timesteps 1448800/5000000, FPS 74.

incre win rate is 0.030120481927710843.

 Map 5m_vs_6m Algo r_drbfn_v3 Exp v3_5m_vs_6m_5M_seed2 updates 1815/6250 episodes, total num timesteps 1452800/5000000, FPS 74.

incre win rate is 0.017964071856287425.
[v3 step=1820] R_mean=0.3601 | G_n_mean=4.4158 (n=5) | q_tot_pred_mean=4.4642 | drbfn_loss=0.0097, qi_loss=0.0058, qtot_loss=0.7686

 Map 5m_vs_6m Algo r_drbfn_v3 Exp v3_5m_vs_6m_5M_seed2 updates 1820/6250 episodes, total num timesteps 1456800/5000000, FPS 74.

incre win rate is 0.023952095808383235.

 Map 5m_vs_6m Algo r_drbfn_v3 Exp v3_5m_vs_6m_5M_seed2 updates 1825/6250 episodes, total num timesteps 1460800/5000000, FPS 74.

incre win rate is 0.005952380952380952.
eval win rate is 0.09375.
[v3 step=1830] R_mean=0.3634 | G_n_mean=4.4832 (n=5) | q_tot_pred_mean=4.5715 | drbfn_loss=0.0097, qi_loss=0.0071, qtot_loss=0.8552

 Map 5m_vs_6m Algo r_drbfn_v3 Exp v3_5m_vs_6m_5M_seed2 updates 1830/6250 episodes, total num timesteps 1464800/5000000, FPS 74.

incre win rate is 0.017857142857142856.

 Map 5m_vs_6m Algo r_drbfn_v3 Exp v3_5m_vs_6m_5M_seed2 updates 1835/6250 episodes, total num timesteps 1468800/5000000, FPS 74.

incre win rate is 0.005847953216374269.
[v3 step=1840] R_mean=0.3811 | G_n_mean=4.6821 (n=5) | q_tot_pred_mean=4.7084 | drbfn_loss=0.0107, qi_loss=0.0095, qtot_loss=1.6350

 Map 5m_vs_6m Algo r_drbfn_v3 Exp v3_5m_vs_6m_5M_seed2 updates 1840/6250 episodes, total num timesteps 1472800/5000000, FPS 74.

incre win rate is 0.02976190476190476.

 Map 5m_vs_6m Algo r_drbfn_v3 Exp v3_5m_vs_6m_5M_seed2 updates 1845/6250 episodes, total num timesteps 1476800/5000000, FPS 74.

incre win rate is 0.01775147928994083.
[v3 step=1850] R_mean=0.3663 | G_n_mean=4.5328 (n=5) | q_tot_pred_mean=4.6267 | drbfn_loss=0.0104, qi_loss=0.0074, qtot_loss=0.9939

 Map 5m_vs_6m Algo r_drbfn_v3 Exp v3_5m_vs_6m_5M_seed2 updates 1850/6250 episodes, total num timesteps 1480800/5000000, FPS 74.

incre win rate is 0.011904761904761904.
eval win rate is 0.0625.

 Map 5m_vs_6m Algo r_drbfn_v3 Exp v3_5m_vs_6m_5M_seed2 updates 1855/6250 episodes, total num timesteps 1484800/5000000, FPS 74.

incre win rate is 0.017964071856287425.
[v3 step=1860] R_mean=0.3908 | G_n_mean=4.6926 (n=5) | q_tot_pred_mean=4.5191 | drbfn_loss=0.0103, qi_loss=0.0076, qtot_loss=1.2897

 Map 5m_vs_6m Algo r_drbfn_v3 Exp v3_5m_vs_6m_5M_seed2 updates 1860/6250 episodes, total num timesteps 1488800/5000000, FPS 74.

incre win rate is 0.023255813953488372.

 Map 5m_vs_6m Algo r_drbfn_v3 Exp v3_5m_vs_6m_5M_seed2 updates 1865/6250 episodes, total num timesteps 1492800/5000000, FPS 74.

incre win rate is 0.01775147928994083.
[v3 step=1870] R_mean=0.3942 | G_n_mean=4.6809 (n=5) | q_tot_pred_mean=4.7159 | drbfn_loss=0.0108, qi_loss=0.0101, qtot_loss=1.4873

 Map 5m_vs_6m Algo r_drbfn_v3 Exp v3_5m_vs_6m_5M_seed2 updates 1870/6250 episodes, total num timesteps 1496800/5000000, FPS 74.

incre win rate is 0.02976190476190476.

 Map 5m_vs_6m Algo r_drbfn_v3 Exp v3_5m_vs_6m_5M_seed2 updates 1875/6250 episodes, total num timesteps 1500800/5000000, FPS 74.

incre win rate is 0.03529411764705882.
eval win rate is 0.09375.
[v3 step=1880] R_mean=0.3974 | G_n_mean=4.7105 (n=5) | q_tot_pred_mean=4.6538 | drbfn_loss=0.0101, qi_loss=0.0099, qtot_loss=1.2585

 Map 5m_vs_6m Algo r_drbfn_v3 Exp v3_5m_vs_6m_5M_seed2 updates 1880/6250 episodes, total num timesteps 1504800/5000000, FPS 74.

incre win rate is 0.041666666666666664.

 Map 5m_vs_6m Algo r_drbfn_v3 Exp v3_5m_vs_6m_5M_seed2 updates 1885/6250 episodes, total num timesteps 1508800/5000000, FPS 74.

incre win rate is 0.029585798816568046.
[v3 step=1890] R_mean=0.3871 | G_n_mean=4.7295 (n=5) | q_tot_pred_mean=4.6614 | drbfn_loss=0.0107, qi_loss=0.0111, qtot_loss=1.1481

 Map 5m_vs_6m Algo r_drbfn_v3 Exp v3_5m_vs_6m_5M_seed2 updates 1890/6250 episodes, total num timesteps 1512800/5000000, FPS 74.

incre win rate is 0.024096385542168676.

 Map 5m_vs_6m Algo r_drbfn_v3 Exp v3_5m_vs_6m_5M_seed2 updates 1895/6250 episodes, total num timesteps 1516800/5000000, FPS 74.

incre win rate is 0.017964071856287425.
[v3 step=1900] R_mean=0.3851 | G_n_mean=4.7001 (n=5) | q_tot_pred_mean=4.6459 | drbfn_loss=0.0102, qi_loss=0.0097, qtot_loss=1.0153

 Map 5m_vs_6m Algo r_drbfn_v3 Exp v3_5m_vs_6m_5M_seed2 updates 1900/6250 episodes, total num timesteps 1520800/5000000, FPS 74.

incre win rate is 0.017964071856287425.
eval win rate is 0.0625.

 Map 5m_vs_6m Algo r_drbfn_v3 Exp v3_5m_vs_6m_5M_seed2 updates 1905/6250 episodes, total num timesteps 1524800/5000000, FPS 74.

incre win rate is 0.011695906432748537.
[v3 step=1910] R_mean=0.3832 | G_n_mean=4.6942 (n=5) | q_tot_pred_mean=4.6937 | drbfn_loss=0.0097, qi_loss=0.0082, qtot_loss=1.0263

 Map 5m_vs_6m Algo r_drbfn_v3 Exp v3_5m_vs_6m_5M_seed2 updates 1910/6250 episodes, total num timesteps 1528800/5000000, FPS 74.

incre win rate is 0.024242424242424242.

 Map 5m_vs_6m Algo r_drbfn_v3 Exp v3_5m_vs_6m_5M_seed2 updates 1915/6250 episodes, total num timesteps 1532800/5000000, FPS 74.

incre win rate is 0.011764705882352941.
[v3 step=1920] R_mean=0.3614 | G_n_mean=4.6121 (n=5) | q_tot_pred_mean=4.6106 | drbfn_loss=0.0100, qi_loss=0.0072, qtot_loss=0.6747

 Map 5m_vs_6m Algo r_drbfn_v3 Exp v3_5m_vs_6m_5M_seed2 updates 1920/6250 episodes, total num timesteps 1536800/5000000, FPS 74.

incre win rate is 0.0.

 Map 5m_vs_6m Algo r_drbfn_v3 Exp v3_5m_vs_6m_5M_seed2 updates 1925/6250 episodes, total num timesteps 1540800/5000000, FPS 74.

incre win rate is 0.017964071856287425.
eval win rate is 0.0625.
[v3 step=1930] R_mean=0.3896 | G_n_mean=4.7601 (n=5) | q_tot_pred_mean=4.8022 | drbfn_loss=0.0099, qi_loss=0.0078, qtot_loss=0.6685

 Map 5m_vs_6m Algo r_drbfn_v3 Exp v3_5m_vs_6m_5M_seed2 updates 1930/6250 episodes, total num timesteps 1544800/5000000, FPS 74.

incre win rate is 0.024539877300613498.

 Map 5m_vs_6m Algo r_drbfn_v3 Exp v3_5m_vs_6m_5M_seed2 updates 1935/6250 episodes, total num timesteps 1548800/5000000, FPS 74.

incre win rate is 0.017857142857142856.
[v3 step=1940] R_mean=0.3930 | G_n_mean=4.8083 (n=5) | q_tot_pred_mean=4.7101 | drbfn_loss=0.0089, qi_loss=0.0114, qtot_loss=1.2010

 Map 5m_vs_6m Algo r_drbfn_v3 Exp v3_5m_vs_6m_5M_seed2 updates 1940/6250 episodes, total num timesteps 1552800/5000000, FPS 74.

incre win rate is 0.06060606060606061.

 Map 5m_vs_6m Algo r_drbfn_v3 Exp v3_5m_vs_6m_5M_seed2 updates 1945/6250 episodes, total num timesteps 1556800/5000000, FPS 73.

incre win rate is 0.012121212121212121.
[v3 step=1950] R_mean=0.3969 | G_n_mean=4.8174 (n=5) | q_tot_pred_mean=4.7251 | drbfn_loss=0.0108, qi_loss=0.0141, qtot_loss=1.5089

 Map 5m_vs_6m Algo r_drbfn_v3 Exp v3_5m_vs_6m_5M_seed2 updates 1950/6250 episodes, total num timesteps 1560800/5000000, FPS 73.

incre win rate is 0.04790419161676647.
eval win rate is 0.0.

 Map 5m_vs_6m Algo r_drbfn_v3 Exp v3_5m_vs_6m_5M_seed2 updates 1955/6250 episodes, total num timesteps 1564800/5000000, FPS 73.

incre win rate is 0.029940119760479042.
[v3 step=1960] R_mean=0.3762 | G_n_mean=4.6171 (n=5) | q_tot_pred_mean=4.6984 | drbfn_loss=0.0120, qi_loss=0.0092, qtot_loss=1.7834

 Map 5m_vs_6m Algo r_drbfn_v3 Exp v3_5m_vs_6m_5M_seed2 updates 1960/6250 episodes, total num timesteps 1568800/5000000, FPS 73.

incre win rate is 0.011976047904191617.

 Map 5m_vs_6m Algo r_drbfn_v3 Exp v3_5m_vs_6m_5M_seed2 updates 1965/6250 episodes, total num timesteps 1572800/5000000, FPS 73.

incre win rate is 0.037037037037037035.
[v3 step=1970] R_mean=0.4064 | G_n_mean=4.8159 (n=5) | q_tot_pred_mean=4.6480 | drbfn_loss=0.0093, qi_loss=0.0155, qtot_loss=1.3728

 Map 5m_vs_6m Algo r_drbfn_v3 Exp v3_5m_vs_6m_5M_seed2 updates 1970/6250 episodes, total num timesteps 1576800/5000000, FPS 73.

incre win rate is 0.04878048780487805.

 Map 5m_vs_6m Algo r_drbfn_v3 Exp v3_5m_vs_6m_5M_seed2 updates 1975/6250 episodes, total num timesteps 1580800/5000000, FPS 73.

incre win rate is 0.03571428571428571.
eval win rate is 0.0625.
[v3 step=1980] R_mean=0.3842 | G_n_mean=4.6700 (n=5) | q_tot_pred_mean=4.6253 | drbfn_loss=0.0103, qi_loss=0.0136, qtot_loss=1.2709

 Map 5m_vs_6m Algo r_drbfn_v3 Exp v3_5m_vs_6m_5M_seed2 updates 1980/6250 episodes, total num timesteps 1584800/5000000, FPS 73.

incre win rate is 0.024242424242424242.

 Map 5m_vs_6m Algo r_drbfn_v3 Exp v3_5m_vs_6m_5M_seed2 updates 1985/6250 episodes, total num timesteps 1588800/5000000, FPS 73.

incre win rate is 0.017857142857142856.
[v3 step=1990] R_mean=0.4008 | G_n_mean=4.8239 (n=5) | q_tot_pred_mean=4.7577 | drbfn_loss=0.0107, qi_loss=0.0101, qtot_loss=1.2680

 Map 5m_vs_6m Algo r_drbfn_v3 Exp v3_5m_vs_6m_5M_seed2 updates 1990/6250 episodes, total num timesteps 1592800/5000000, FPS 73.

incre win rate is 0.03614457831325301.

 Map 5m_vs_6m Algo r_drbfn_v3 Exp v3_5m_vs_6m_5M_seed2 updates 1995/6250 episodes, total num timesteps 1596800/5000000, FPS 73.

incre win rate is 0.05454545454545454.
[v3 step=2000] R_mean=0.4021 | G_n_mean=4.9085 (n=5) | q_tot_pred_mean=4.8518 | drbfn_loss=0.0097, qi_loss=0.0155, qtot_loss=1.1690

 Map 5m_vs_6m Algo r_drbfn_v3 Exp v3_5m_vs_6m_5M_seed2 updates 2000/6250 episodes, total num timesteps 1600800/5000000, FPS 73.

incre win rate is 0.04216867469879518.
eval win rate is 0.03125.

 Map 5m_vs_6m Algo r_drbfn_v3 Exp v3_5m_vs_6m_5M_seed2 updates 2005/6250 episodes, total num timesteps 1604800/5000000, FPS 73.

incre win rate is 0.042682926829268296.
[v3 step=2010] R_mean=0.3658 | G_n_mean=4.6040 (n=5) | q_tot_pred_mean=4.7934 | drbfn_loss=0.0106, qi_loss=0.0086, qtot_loss=1.4357

 Map 5m_vs_6m Algo r_drbfn_v3 Exp v3_5m_vs_6m_5M_seed2 updates 2010/6250 episodes, total num timesteps 1608800/5000000, FPS 73.

incre win rate is 0.06707317073170732.

 Map 5m_vs_6m Algo r_drbfn_v3 Exp v3_5m_vs_6m_5M_seed2 updates 2015/6250 episodes, total num timesteps 1612800/5000000, FPS 73.

incre win rate is 0.08024691358024691.
[v3 step=2020] R_mean=0.4003 | G_n_mean=4.8499 (n=5) | q_tot_pred_mean=4.8976 | drbfn_loss=0.0103, qi_loss=0.0109, qtot_loss=1.1776

 Map 5m_vs_6m Algo r_drbfn_v3 Exp v3_5m_vs_6m_5M_seed2 updates 2020/6250 episodes, total num timesteps 1616800/5000000, FPS 74.

incre win rate is 0.043478260869565216.

 Map 5m_vs_6m Algo r_drbfn_v3 Exp v3_5m_vs_6m_5M_seed2 updates 2025/6250 episodes, total num timesteps 1620800/5000000, FPS 74.

incre win rate is 0.06134969325153374.
eval win rate is 0.03125.
[v3 step=2030] R_mean=0.3985 | G_n_mean=4.8824 (n=5) | q_tot_pred_mean=4.8112 | drbfn_loss=0.0106, qi_loss=0.0100, qtot_loss=1.4684

 Map 5m_vs_6m Algo r_drbfn_v3 Exp v3_5m_vs_6m_5M_seed2 updates 2030/6250 episodes, total num timesteps 1624800/5000000, FPS 74.

incre win rate is 0.03592814371257485.

 Map 5m_vs_6m Algo r_drbfn_v3 Exp v3_5m_vs_6m_5M_seed2 updates 2035/6250 episodes, total num timesteps 1628800/5000000, FPS 74.

incre win rate is 0.04242424242424243.
[v3 step=2040] R_mean=0.4273 | G_n_mean=5.0305 (n=5) | q_tot_pred_mean=4.8607 | drbfn_loss=0.0104, qi_loss=0.0264, qtot_loss=1.9284

 Map 5m_vs_6m Algo r_drbfn_v3 Exp v3_5m_vs_6m_5M_seed2 updates 2040/6250 episodes, total num timesteps 1632800/5000000, FPS 74.

incre win rate is 0.07878787878787878.

 Map 5m_vs_6m Algo r_drbfn_v3 Exp v3_5m_vs_6m_5M_seed2 updates 2045/6250 episodes, total num timesteps 1636800/5000000, FPS 74.

incre win rate is 0.054878048780487805.
[v3 step=2050] R_mean=0.3758 | G_n_mean=4.7807 (n=5) | q_tot_pred_mean=4.8471 | drbfn_loss=0.0088, qi_loss=0.0074, qtot_loss=0.7732

 Map 5m_vs_6m Algo r_drbfn_v3 Exp v3_5m_vs_6m_5M_seed2 updates 2050/6250 episodes, total num timesteps 1640800/5000000, FPS 74.

incre win rate is 0.04294478527607362.
eval win rate is 0.0625.

 Map 5m_vs_6m Algo r_drbfn_v3 Exp v3_5m_vs_6m_5M_seed2 updates 2055/6250 episodes, total num timesteps 1644800/5000000, FPS 74.

incre win rate is 0.043209876543209874.
[v3 step=2060] R_mean=0.4036 | G_n_mean=4.9185 (n=5) | q_tot_pred_mean=4.9113 | drbfn_loss=0.0080, qi_loss=0.0123, qtot_loss=1.3756

 Map 5m_vs_6m Algo r_drbfn_v3 Exp v3_5m_vs_6m_5M_seed2 updates 2060/6250 episodes, total num timesteps 1648800/5000000, FPS 74.

incre win rate is 0.043478260869565216.

 Map 5m_vs_6m Algo r_drbfn_v3 Exp v3_5m_vs_6m_5M_seed2 updates 2065/6250 episodes, total num timesteps 1652800/5000000, FPS 74.

incre win rate is 0.0058823529411764705.
[v3 step=2070] R_mean=0.3764 | G_n_mean=4.8261 (n=5) | q_tot_pred_mean=4.9056 | drbfn_loss=0.0104, qi_loss=0.0084, qtot_loss=0.7953

 Map 5m_vs_6m Algo r_drbfn_v3 Exp v3_5m_vs_6m_5M_seed2 updates 2070/6250 episodes, total num timesteps 1656800/5000000, FPS 74.

incre win rate is 0.04790419161676647.

 Map 5m_vs_6m Algo r_drbfn_v3 Exp v3_5m_vs_6m_5M_seed2 updates 2075/6250 episodes, total num timesteps 1660800/5000000, FPS 74.

incre win rate is 0.06707317073170732.
eval win rate is 0.03125.
[v3 step=2080] R_mean=0.3965 | G_n_mean=4.8243 (n=5) | q_tot_pred_mean=4.7584 | drbfn_loss=0.0101, qi_loss=0.0151, qtot_loss=1.3194

 Map 5m_vs_6m Algo r_drbfn_v3 Exp v3_5m_vs_6m_5M_seed2 updates 2080/6250 episodes, total num timesteps 1664800/5000000, FPS 73.

incre win rate is 0.036585365853658534.

 Map 5m_vs_6m Algo r_drbfn_v3 Exp v3_5m_vs_6m_5M_seed2 updates 2085/6250 episodes, total num timesteps 1668800/5000000, FPS 73.

incre win rate is 0.01818181818181818.
[v3 step=2090] R_mean=0.3801 | G_n_mean=4.7624 (n=5) | q_tot_pred_mean=4.8866 | drbfn_loss=0.0107, qi_loss=0.0076, qtot_loss=1.4176

 Map 5m_vs_6m Algo r_drbfn_v3 Exp v3_5m_vs_6m_5M_seed2 updates 2090/6250 episodes, total num timesteps 1672800/5000000, FPS 73.

incre win rate is 0.029940119760479042.

 Map 5m_vs_6m Algo r_drbfn_v3 Exp v3_5m_vs_6m_5M_seed2 updates 2095/6250 episodes, total num timesteps 1676800/5000000, FPS 73.

incre win rate is 0.005988023952095809.
[v3 step=2100] R_mean=0.3753 | G_n_mean=4.7250 (n=5) | q_tot_pred_mean=4.7586 | drbfn_loss=0.0105, qi_loss=0.0082, qtot_loss=1.2087

 Map 5m_vs_6m Algo r_drbfn_v3 Exp v3_5m_vs_6m_5M_seed2 updates 2100/6250 episodes, total num timesteps 1680800/5000000, FPS 73.

incre win rate is 0.0.
eval win rate is 0.03125.

 Map 5m_vs_6m Algo r_drbfn_v3 Exp v3_5m_vs_6m_5M_seed2 updates 2105/6250 episodes, total num timesteps 1684800/5000000, FPS 73.

incre win rate is 0.036585365853658534.
[v3 step=2110] R_mean=0.3933 | G_n_mean=4.8336 (n=5) | q_tot_pred_mean=4.6529 | drbfn_loss=0.0094, qi_loss=0.0109, qtot_loss=0.7860

 Map 5m_vs_6m Algo r_drbfn_v3 Exp v3_5m_vs_6m_5M_seed2 updates 2110/6250 episodes, total num timesteps 1688800/5000000, FPS 73.

incre win rate is 0.023952095808383235.

 Map 5m_vs_6m Algo r_drbfn_v3 Exp v3_5m_vs_6m_5M_seed2 updates 2115/6250 episodes, total num timesteps 1692800/5000000, FPS 73.

incre win rate is 0.005988023952095809.
[v3 step=2120] R_mean=0.3730 | G_n_mean=4.6803 (n=5) | q_tot_pred_mean=4.6904 | drbfn_loss=0.0107, qi_loss=0.0077, qtot_loss=0.7953

 Map 5m_vs_6m Algo r_drbfn_v3 Exp v3_5m_vs_6m_5M_seed2 updates 2120/6250 episodes, total num timesteps 1696800/5000000, FPS 73.

incre win rate is 0.018292682926829267.

 Map 5m_vs_6m Algo r_drbfn_v3 Exp v3_5m_vs_6m_5M_seed2 updates 2125/6250 episodes, total num timesteps 1700800/5000000, FPS 73.

incre win rate is 0.024242424242424242.
eval win rate is 0.0.
[v3 step=2130] R_mean=0.3745 | G_n_mean=4.6624 (n=5) | q_tot_pred_mean=4.8134 | drbfn_loss=0.0097, qi_loss=0.0084, qtot_loss=1.1603

 Map 5m_vs_6m Algo r_drbfn_v3 Exp v3_5m_vs_6m_5M_seed2 updates 2130/6250 episodes, total num timesteps 1704800/5000000, FPS 73.

incre win rate is 0.03636363636363636.

 Map 5m_vs_6m Algo r_drbfn_v3 Exp v3_5m_vs_6m_5M_seed2 updates 2135/6250 episodes, total num timesteps 1708800/5000000, FPS 73.

incre win rate is 0.04938271604938271.
[v3 step=2140] R_mean=0.3887 | G_n_mean=4.8104 (n=5) | q_tot_pred_mean=4.8450 | drbfn_loss=0.0096, qi_loss=0.0091, qtot_loss=1.0392

 Map 5m_vs_6m Algo r_drbfn_v3 Exp v3_5m_vs_6m_5M_seed2 updates 2140/6250 episodes, total num timesteps 1712800/5000000, FPS 73.

incre win rate is 0.06790123456790123.

 Map 5m_vs_6m Algo r_drbfn_v3 Exp v3_5m_vs_6m_5M_seed2 updates 2145/6250 episodes, total num timesteps 1716800/5000000, FPS 73.

incre win rate is 0.018518518518518517.
[v3 step=2150] R_mean=0.3891 | G_n_mean=4.7513 (n=5) | q_tot_pred_mean=4.7471 | drbfn_loss=0.0104, qi_loss=0.0098, qtot_loss=0.9990

 Map 5m_vs_6m Algo r_drbfn_v3 Exp v3_5m_vs_6m_5M_seed2 updates 2150/6250 episodes, total num timesteps 1720800/5000000, FPS 73.

incre win rate is 0.06832298136645963.
eval win rate is 0.0.

 Map 5m_vs_6m Algo r_drbfn_v3 Exp v3_5m_vs_6m_5M_seed2 updates 2155/6250 episodes, total num timesteps 1724800/5000000, FPS 73.

incre win rate is 0.04878048780487805.
[v3 step=2160] R_mean=0.3994 | G_n_mean=4.8952 (n=5) | q_tot_pred_mean=4.8388 | drbfn_loss=0.0088, qi_loss=0.0140, qtot_loss=1.1646

 Map 5m_vs_6m Algo r_drbfn_v3 Exp v3_5m_vs_6m_5M_seed2 updates 2160/6250 episodes, total num timesteps 1728800/5000000, FPS 73.

incre win rate is 0.042682926829268296.

 Map 5m_vs_6m Algo r_drbfn_v3 Exp v3_5m_vs_6m_5M_seed2 updates 2165/6250 episodes, total num timesteps 1732800/5000000, FPS 73.

incre win rate is 0.006024096385542169.
[v3 step=2170] R_mean=0.4107 | G_n_mean=5.0054 (n=5) | q_tot_pred_mean=4.9221 | drbfn_loss=0.0095, qi_loss=0.0118, qtot_loss=1.0694

 Map 5m_vs_6m Algo r_drbfn_v3 Exp v3_5m_vs_6m_5M_seed2 updates 2170/6250 episodes, total num timesteps 1736800/5000000, FPS 73.

incre win rate is 0.036585365853658534.

 Map 5m_vs_6m Algo r_drbfn_v3 Exp v3_5m_vs_6m_5M_seed2 updates 2175/6250 episodes, total num timesteps 1740800/5000000, FPS 73.

incre win rate is 0.023952095808383235.
eval win rate is 0.03125.
[v3 step=2180] R_mean=0.4081 | G_n_mean=4.9582 (n=5) | q_tot_pred_mean=4.8497 | drbfn_loss=0.0095, qi_loss=0.0142, qtot_loss=1.2804

 Map 5m_vs_6m Algo r_drbfn_v3 Exp v3_5m_vs_6m_5M_seed2 updates 2180/6250 episodes, total num timesteps 1744800/5000000, FPS 73.

incre win rate is 0.024096385542168676.

 Map 5m_vs_6m Algo r_drbfn_v3 Exp v3_5m_vs_6m_5M_seed2 updates 2185/6250 episodes, total num timesteps 1748800/5000000, FPS 73.

incre win rate is 0.018292682926829267.
[v3 step=2190] R_mean=0.3898 | G_n_mean=4.8771 (n=5) | q_tot_pred_mean=5.0101 | drbfn_loss=0.0096, qi_loss=0.0098, qtot_loss=0.8423

 Map 5m_vs_6m Algo r_drbfn_v3 Exp v3_5m_vs_6m_5M_seed2 updates 2190/6250 episodes, total num timesteps 1752800/5000000, FPS 74.

incre win rate is 0.048484848484848485.

 Map 5m_vs_6m Algo r_drbfn_v3 Exp v3_5m_vs_6m_5M_seed2 updates 2195/6250 episodes, total num timesteps 1756800/5000000, FPS 74.

incre win rate is 0.024242424242424242.
[v3 step=2200] R_mean=0.3829 | G_n_mean=4.8155 (n=5) | q_tot_pred_mean=4.9242 | drbfn_loss=0.0097, qi_loss=0.0092, qtot_loss=1.0452

 Map 5m_vs_6m Algo r_drbfn_v3 Exp v3_5m_vs_6m_5M_seed2 updates 2200/6250 episodes, total num timesteps 1760800/5000000, FPS 74.

incre win rate is 0.006134969325153374.
eval win rate is 0.125.

 Map 5m_vs_6m Algo r_drbfn_v3 Exp v3_5m_vs_6m_5M_seed2 updates 2205/6250 episodes, total num timesteps 1764800/5000000, FPS 73.

incre win rate is 0.018404907975460124.
[v3 step=2210] R_mean=0.3929 | G_n_mean=4.7912 (n=5) | q_tot_pred_mean=4.6408 | drbfn_loss=0.0095, qi_loss=0.0164, qtot_loss=1.1304

 Map 5m_vs_6m Algo r_drbfn_v3 Exp v3_5m_vs_6m_5M_seed2 updates 2210/6250 episodes, total num timesteps 1768800/5000000, FPS 73.

incre win rate is 0.01818181818181818.

 Map 5m_vs_6m Algo r_drbfn_v3 Exp v3_5m_vs_6m_5M_seed2 updates 2215/6250 episodes, total num timesteps 1772800/5000000, FPS 73.

incre win rate is 0.024844720496894408.
[v3 step=2220] R_mean=0.3983 | G_n_mean=4.9194 (n=5) | q_tot_pred_mean=4.8202 | drbfn_loss=0.0099, qi_loss=0.0161, qtot_loss=1.4410

 Map 5m_vs_6m Algo r_drbfn_v3 Exp v3_5m_vs_6m_5M_seed2 updates 2220/6250 episodes, total num timesteps 1776800/5000000, FPS 73.

incre win rate is 0.029940119760479042.

 Map 5m_vs_6m Algo r_drbfn_v3 Exp v3_5m_vs_6m_5M_seed2 updates 2225/6250 episodes, total num timesteps 1780800/5000000, FPS 73.

incre win rate is 0.03680981595092025.
eval win rate is 0.09375.
[v3 step=2230] R_mean=0.4026 | G_n_mean=4.9123 (n=5) | q_tot_pred_mean=4.8637 | drbfn_loss=0.0110, qi_loss=0.0136, qtot_loss=1.6952

 Map 5m_vs_6m Algo r_drbfn_v3 Exp v3_5m_vs_6m_5M_seed2 updates 2230/6250 episodes, total num timesteps 1784800/5000000, FPS 73.

incre win rate is 0.06626506024096386.

 Map 5m_vs_6m Algo r_drbfn_v3 Exp v3_5m_vs_6m_5M_seed2 updates 2235/6250 episodes, total num timesteps 1788800/5000000, FPS 73.

incre win rate is 0.06832298136645963.
[v3 step=2240] R_mean=0.4045 | G_n_mean=4.9637 (n=5) | q_tot_pred_mean=4.9789 | drbfn_loss=0.0090, qi_loss=0.0125, qtot_loss=1.0077

 Map 5m_vs_6m Algo r_drbfn_v3 Exp v3_5m_vs_6m_5M_seed2 updates 2240/6250 episodes, total num timesteps 1792800/5000000, FPS 73.

incre win rate is 0.06289308176100629.

 Map 5m_vs_6m Algo r_drbfn_v3 Exp v3_5m_vs_6m_5M_seed2 updates 2245/6250 episodes, total num timesteps 1796800/5000000, FPS 73.

incre win rate is 0.04938271604938271.
[v3 step=2250] R_mean=0.3792 | G_n_mean=4.8618 (n=5) | q_tot_pred_mean=4.9386 | drbfn_loss=0.0096, qi_loss=0.0090, qtot_loss=0.5821

 Map 5m_vs_6m Algo r_drbfn_v3 Exp v3_5m_vs_6m_5M_seed2 updates 2250/6250 episodes, total num timesteps 1800800/5000000, FPS 73.

incre win rate is 0.0440251572327044.
eval win rate is 0.0.

 Map 5m_vs_6m Algo r_drbfn_v3 Exp v3_5m_vs_6m_5M_seed2 updates 2255/6250 episodes, total num timesteps 1804800/5000000, FPS 72.

incre win rate is 0.06172839506172839.
[v3 step=2260] R_mean=0.3579 | G_n_mean=4.5843 (n=5) | q_tot_pred_mean=4.7278 | drbfn_loss=0.0117, qi_loss=0.0166, qtot_loss=1.4823

 Map 5m_vs_6m Algo r_drbfn_v3 Exp v3_5m_vs_6m_5M_seed2 updates 2260/6250 episodes, total num timesteps 1808800/5000000, FPS 72.

incre win rate is 0.03184713375796178.

 Map 5m_vs_6m Algo r_drbfn_v3 Exp v3_5m_vs_6m_5M_seed2 updates 2265/6250 episodes, total num timesteps 1812800/5000000, FPS 72.

incre win rate is 0.025.
[v3 step=2270] R_mean=0.3911 | G_n_mean=4.9108 (n=5) | q_tot_pred_mean=4.9113 | drbfn_loss=0.0103, qi_loss=0.0195, qtot_loss=1.7035

 Map 5m_vs_6m Algo r_drbfn_v3 Exp v3_5m_vs_6m_5M_seed2 updates 2270/6250 episodes, total num timesteps 1816800/5000000, FPS 72.

incre win rate is 0.03680981595092025.

 Map 5m_vs_6m Algo r_drbfn_v3 Exp v3_5m_vs_6m_5M_seed2 updates 2275/6250 episodes, total num timesteps 1820800/5000000, FPS 72.

incre win rate is 0.03048780487804878.
eval win rate is 0.0625.
[v3 step=2280] R_mean=0.3633 | G_n_mean=4.5882 (n=5) | q_tot_pred_mean=4.6165 | drbfn_loss=0.0094, qi_loss=0.0135, qtot_loss=0.9562

 Map 5m_vs_6m Algo r_drbfn_v3 Exp v3_5m_vs_6m_5M_seed2 updates 2280/6250 episodes, total num timesteps 1824800/5000000, FPS 72.

incre win rate is 0.037267080745341616.

 Map 5m_vs_6m Algo r_drbfn_v3 Exp v3_5m_vs_6m_5M_seed2 updates 2285/6250 episodes, total num timesteps 1828800/5000000, FPS 72.

incre win rate is 0.041916167664670656.
[v3 step=2290] R_mean=0.3877 | G_n_mean=4.8349 (n=5) | q_tot_pred_mean=4.8324 | drbfn_loss=0.0104, qi_loss=0.0100, qtot_loss=1.3359

 Map 5m_vs_6m Algo r_drbfn_v3 Exp v3_5m_vs_6m_5M_seed2 updates 2290/6250 episodes, total num timesteps 1832800/5000000, FPS 72.

incre win rate is 0.023952095808383235.

 Map 5m_vs_6m Algo r_drbfn_v3 Exp v3_5m_vs_6m_5M_seed2 updates 2295/6250 episodes, total num timesteps 1836800/5000000, FPS 72.

incre win rate is 0.03614457831325301.
[v3 step=2300] R_mean=0.3997 | G_n_mean=4.9233 (n=5) | q_tot_pred_mean=5.0036 | drbfn_loss=0.0102, qi_loss=0.0124, qtot_loss=1.5469

 Map 5m_vs_6m Algo r_drbfn_v3 Exp v3_5m_vs_6m_5M_seed2 updates 2300/6250 episodes, total num timesteps 1840800/5000000, FPS 72.

incre win rate is 0.059880239520958084.
eval win rate is 0.125.

 Map 5m_vs_6m Algo r_drbfn_v3 Exp v3_5m_vs_6m_5M_seed2 updates 2305/6250 episodes, total num timesteps 1844800/5000000, FPS 72.

incre win rate is 0.017857142857142856.
[v3 step=2310] R_mean=0.3900 | G_n_mean=4.9388 (n=5) | q_tot_pred_mean=4.8981 | drbfn_loss=0.0086, qi_loss=0.0090, qtot_loss=0.7759

 Map 5m_vs_6m Algo r_drbfn_v3 Exp v3_5m_vs_6m_5M_seed2 updates 2310/6250 episodes, total num timesteps 1848800/5000000, FPS 72.

incre win rate is 0.048484848484848485.

 Map 5m_vs_6m Algo r_drbfn_v3 Exp v3_5m_vs_6m_5M_seed2 updates 2315/6250 episodes, total num timesteps 1852800/5000000, FPS 72.

incre win rate is 0.029940119760479042.
[v3 step=2320] R_mean=0.4248 | G_n_mean=5.1127 (n=5) | q_tot_pred_mean=4.9026 | drbfn_loss=0.0095, qi_loss=0.0158, qtot_loss=1.5537

 Map 5m_vs_6m Algo r_drbfn_v3 Exp v3_5m_vs_6m_5M_seed2 updates 2320/6250 episodes, total num timesteps 1856800/5000000, FPS 72.

incre win rate is 0.060240963855421686.

 Map 5m_vs_6m Algo r_drbfn_v3 Exp v3_5m_vs_6m_5M_seed2 updates 2325/6250 episodes, total num timesteps 1860800/5000000, FPS 72.

incre win rate is 0.011904761904761904.
eval win rate is 0.0625.
[v3 step=2330] R_mean=0.3818 | G_n_mean=4.7971 (n=5) | q_tot_pred_mean=4.8727 | drbfn_loss=0.0112, qi_loss=0.0132, qtot_loss=1.5887

 Map 5m_vs_6m Algo r_drbfn_v3 Exp v3_5m_vs_6m_5M_seed2 updates 2330/6250 episodes, total num timesteps 1864800/5000000, FPS 72.

incre win rate is 0.03508771929824561.

 Map 5m_vs_6m Algo r_drbfn_v3 Exp v3_5m_vs_6m_5M_seed2 updates 2335/6250 episodes, total num timesteps 1868800/5000000, FPS 72.

incre win rate is 0.024242424242424242.
[v3 step=2340] R_mean=0.3980 | G_n_mean=4.9358 (n=5) | q_tot_pred_mean=5.0484 | drbfn_loss=0.0096, qi_loss=0.0131, qtot_loss=2.1018

 Map 5m_vs_6m Algo r_drbfn_v3 Exp v3_5m_vs_6m_5M_seed2 updates 2340/6250 episodes, total num timesteps 1872800/5000000, FPS 72.

incre win rate is 0.041916167664670656.

 Map 5m_vs_6m Algo r_drbfn_v3 Exp v3_5m_vs_6m_5M_seed2 updates 2345/6250 episodes, total num timesteps 1876800/5000000, FPS 72.

incre win rate is 0.005952380952380952.
[v3 step=2350] R_mean=0.3933 | G_n_mean=4.9774 (n=5) | q_tot_pred_mean=4.9851 | drbfn_loss=0.0101, qi_loss=0.0126, qtot_loss=1.2970

 Map 5m_vs_6m Algo r_drbfn_v3 Exp v3_5m_vs_6m_5M_seed2 updates 2350/6250 episodes, total num timesteps 1880800/5000000, FPS 72.

incre win rate is 0.01775147928994083.
eval win rate is 0.09375.

 Map 5m_vs_6m Algo r_drbfn_v3 Exp v3_5m_vs_6m_5M_seed2 updates 2355/6250 episodes, total num timesteps 1884800/5000000, FPS 72.

incre win rate is 0.03488372093023256.
[v3 step=2360] R_mean=0.4254 | G_n_mean=5.1316 (n=5) | q_tot_pred_mean=4.9210 | drbfn_loss=0.0096, qi_loss=0.0183, qtot_loss=1.6746

 Map 5m_vs_6m Algo r_drbfn_v3 Exp v3_5m_vs_6m_5M_seed2 updates 2360/6250 episodes, total num timesteps 1888800/5000000, FPS 72.

incre win rate is 0.05357142857142857.

 Map 5m_vs_6m Algo r_drbfn_v3 Exp v3_5m_vs_6m_5M_seed2 updates 2365/6250 episodes, total num timesteps 1892800/5000000, FPS 72.

incre win rate is 0.05325443786982249.
[v3 step=2370] R_mean=0.3945 | G_n_mean=4.9172 (n=5) | q_tot_pred_mean=4.8769 | drbfn_loss=0.0104, qi_loss=0.0101, qtot_loss=1.1400

 Map 5m_vs_6m Algo r_drbfn_v3 Exp v3_5m_vs_6m_5M_seed2 updates 2370/6250 episodes, total num timesteps 1896800/5000000, FPS 72.

incre win rate is 0.029585798816568046.

 Map 5m_vs_6m Algo r_drbfn_v3 Exp v3_5m_vs_6m_5M_seed2 updates 2375/6250 episodes, total num timesteps 1900800/5000000, FPS 72.

incre win rate is 0.03529411764705882.
eval win rate is 0.0.
[v3 step=2380] R_mean=0.3868 | G_n_mean=4.9579 (n=5) | q_tot_pred_mean=4.9244 | drbfn_loss=0.0091, qi_loss=0.0103, qtot_loss=1.1664

 Map 5m_vs_6m Algo r_drbfn_v3 Exp v3_5m_vs_6m_5M_seed2 updates 2380/6250 episodes, total num timesteps 1904800/5000000, FPS 72.

incre win rate is 0.018072289156626505.

 Map 5m_vs_6m Algo r_drbfn_v3 Exp v3_5m_vs_6m_5M_seed2 updates 2385/6250 episodes, total num timesteps 1908800/5000000, FPS 72.

incre win rate is 0.041916167664670656.
[v3 step=2390] R_mean=0.3892 | G_n_mean=4.9533 (n=5) | q_tot_pred_mean=5.0750 | drbfn_loss=0.0093, qi_loss=0.0104, qtot_loss=1.2523

 Map 5m_vs_6m Algo r_drbfn_v3 Exp v3_5m_vs_6m_5M_seed2 updates 2390/6250 episodes, total num timesteps 1912800/5000000, FPS 72.

incre win rate is 0.04878048780487805.

 Map 5m_vs_6m Algo r_drbfn_v3 Exp v3_5m_vs_6m_5M_seed2 updates 2395/6250 episodes, total num timesteps 1916800/5000000, FPS 72.

incre win rate is 0.07975460122699386.
[v3 step=2400] R_mean=0.4025 | G_n_mean=5.0577 (n=5) | q_tot_pred_mean=5.1183 | drbfn_loss=0.0097, qi_loss=0.0128, qtot_loss=1.1293

 Map 5m_vs_6m Algo r_drbfn_v3 Exp v3_5m_vs_6m_5M_seed2 updates 2400/6250 episodes, total num timesteps 1920800/5000000, FPS 72.

incre win rate is 0.030303030303030304.
eval win rate is 0.0625.

 Map 5m_vs_6m Algo r_drbfn_v3 Exp v3_5m_vs_6m_5M_seed2 updates 2405/6250 episodes, total num timesteps 1924800/5000000, FPS 72.

incre win rate is 0.04242424242424243.
[v3 step=2410] R_mean=0.3910 | G_n_mean=4.9566 (n=5) | q_tot_pred_mean=5.0253 | drbfn_loss=0.0085, qi_loss=0.0090, qtot_loss=0.7220

 Map 5m_vs_6m Algo r_drbfn_v3 Exp v3_5m_vs_6m_5M_seed2 updates 2410/6250 episodes, total num timesteps 1928800/5000000, FPS 72.

incre win rate is 0.04790419161676647.

 Map 5m_vs_6m Algo r_drbfn_v3 Exp v3_5m_vs_6m_5M_seed2 updates 2415/6250 episodes, total num timesteps 1932800/5000000, FPS 72.

incre win rate is 0.060240963855421686.
[v3 step=2420] R_mean=0.3779 | G_n_mean=4.9218 (n=5) | q_tot_pred_mean=5.0850 | drbfn_loss=0.0097, qi_loss=0.0113, qtot_loss=1.2275

 Map 5m_vs_6m Algo r_drbfn_v3 Exp v3_5m_vs_6m_5M_seed2 updates 2420/6250 episodes, total num timesteps 1936800/5000000, FPS 72.

incre win rate is 0.04819277108433735.

 Map 5m_vs_6m Algo r_drbfn_v3 Exp v3_5m_vs_6m_5M_seed2 updates 2425/6250 episodes, total num timesteps 1940800/5000000, FPS 72.

incre win rate is 0.05389221556886228.
eval win rate is 0.0625.
[v3 step=2430] R_mean=0.3764 | G_n_mean=4.8967 (n=5) | q_tot_pred_mean=4.7700 | drbfn_loss=0.0100, qi_loss=0.0098, qtot_loss=1.3011

 Map 5m_vs_6m Algo r_drbfn_v3 Exp v3_5m_vs_6m_5M_seed2 updates 2430/6250 episodes, total num timesteps 1944800/5000000, FPS 72.

incre win rate is 0.011560693641618497.

 Map 5m_vs_6m Algo r_drbfn_v3 Exp v3_5m_vs_6m_5M_seed2 updates 2435/6250 episodes, total num timesteps 1948800/5000000, FPS 72.

incre win rate is 0.023391812865497075.
[v3 step=2440] R_mean=0.3776 | G_n_mean=4.8405 (n=5) | q_tot_pred_mean=4.8908 | drbfn_loss=0.0107, qi_loss=0.0104, qtot_loss=1.4073

 Map 5m_vs_6m Algo r_drbfn_v3 Exp v3_5m_vs_6m_5M_seed2 updates 2440/6250 episodes, total num timesteps 1952800/5000000, FPS 72.

incre win rate is 0.01744186046511628.

 Map 5m_vs_6m Algo r_drbfn_v3 Exp v3_5m_vs_6m_5M_seed2 updates 2445/6250 episodes, total num timesteps 1956800/5000000, FPS 72.

incre win rate is 0.028901734104046242.
[v3 step=2450] R_mean=0.4142 | G_n_mean=5.0862 (n=5) | q_tot_pred_mean=4.9855 | drbfn_loss=0.0093, qi_loss=0.0116, qtot_loss=1.4022

 Map 5m_vs_6m Algo r_drbfn_v3 Exp v3_5m_vs_6m_5M_seed2 updates 2450/6250 episodes, total num timesteps 1960800/5000000, FPS 72.

incre win rate is 0.029411764705882353.
eval win rate is 0.0625.

 Map 5m_vs_6m Algo r_drbfn_v3 Exp v3_5m_vs_6m_5M_seed2 updates 2455/6250 episodes, total num timesteps 1964800/5000000, FPS 72.

incre win rate is 0.023121387283236993.
[v3 step=2460] R_mean=0.3825 | G_n_mean=4.8743 (n=5) | q_tot_pred_mean=4.8659 | drbfn_loss=0.0088, qi_loss=0.0096, qtot_loss=0.8800

 Map 5m_vs_6m Algo r_drbfn_v3 Exp v3_5m_vs_6m_5M_seed2 updates 2460/6250 episodes, total num timesteps 1968800/5000000, FPS 72.

incre win rate is 0.011834319526627219.

 Map 5m_vs_6m Algo r_drbfn_v3 Exp v3_5m_vs_6m_5M_seed2 updates 2465/6250 episodes, total num timesteps 1972800/5000000, FPS 72.

incre win rate is 0.08333333333333333.
[v3 step=2470] R_mean=0.4405 | G_n_mean=5.3941 (n=5) | q_tot_pred_mean=5.1277 | drbfn_loss=0.0097, qi_loss=0.0159, qtot_loss=1.9939

 Map 5m_vs_6m Algo r_drbfn_v3 Exp v3_5m_vs_6m_5M_seed2 updates 2470/6250 episodes, total num timesteps 1976800/5000000, FPS 72.

incre win rate is 0.07100591715976332.

 Map 5m_vs_6m Algo r_drbfn_v3 Exp v3_5m_vs_6m_5M_seed2 updates 2475/6250 episodes, total num timesteps 1980800/5000000, FPS 72.

incre win rate is 0.04790419161676647.
eval win rate is 0.0625.
[v3 step=2480] R_mean=0.4058 | G_n_mean=4.9995 (n=5) | q_tot_pred_mean=5.0202 | drbfn_loss=0.0087, qi_loss=0.0122, qtot_loss=1.4557

 Map 5m_vs_6m Algo r_drbfn_v3 Exp v3_5m_vs_6m_5M_seed2 updates 2480/6250 episodes, total num timesteps 1984800/5000000, FPS 72.

incre win rate is 0.036585365853658534.

 Map 5m_vs_6m Algo r_drbfn_v3 Exp v3_5m_vs_6m_5M_seed2 updates 2485/6250 episodes, total num timesteps 1988800/5000000, FPS 72.

incre win rate is 0.0783132530120482.
[v3 step=2490] R_mean=0.4045 | G_n_mean=5.1062 (n=5) | q_tot_pred_mean=5.1251 | drbfn_loss=0.0098, qi_loss=0.0138, qtot_loss=1.6906

 Map 5m_vs_6m Algo r_drbfn_v3 Exp v3_5m_vs_6m_5M_seed2 updates 2490/6250 episodes, total num timesteps 1992800/5000000, FPS 72.

incre win rate is 0.07272727272727272.

 Map 5m_vs_6m Algo r_drbfn_v3 Exp v3_5m_vs_6m_5M_seed2 updates 2495/6250 episodes, total num timesteps 1996800/5000000, FPS 72.

incre win rate is 0.029940119760479042.
[v3 step=2500] R_mean=0.3747 | G_n_mean=4.7807 (n=5) | q_tot_pred_mean=4.8495 | drbfn_loss=0.0107, qi_loss=0.0149, qtot_loss=1.6149

 Map 5m_vs_6m Algo r_drbfn_v3 Exp v3_5m_vs_6m_5M_seed2 updates 2500/6250 episodes, total num timesteps 2000800/5000000, FPS 72.

incre win rate is 0.06748466257668712.
eval win rate is 0.0625.

 Map 5m_vs_6m Algo r_drbfn_v3 Exp v3_5m_vs_6m_5M_seed2 updates 2505/6250 episodes, total num timesteps 2004800/5000000, FPS 72.

incre win rate is 0.06060606060606061.
[v3 step=2510] R_mean=0.4032 | G_n_mean=5.0420 (n=5) | q_tot_pred_mean=4.8608 | drbfn_loss=0.0097, qi_loss=0.0122, qtot_loss=1.4987

 Map 5m_vs_6m Algo r_drbfn_v3 Exp v3_5m_vs_6m_5M_seed2 updates 2510/6250 episodes, total num timesteps 2008800/5000000, FPS 72.

incre win rate is 0.04819277108433735.

 Map 5m_vs_6m Algo r_drbfn_v3 Exp v3_5m_vs_6m_5M_seed2 updates 2515/6250 episodes, total num timesteps 2012800/5000000, FPS 72.

incre win rate is 0.02976190476190476.
[v3 step=2520] R_mean=0.3852 | G_n_mean=4.8430 (n=5) | q_tot_pred_mean=4.9079 | drbfn_loss=0.0099, qi_loss=0.0115, qtot_loss=1.5120

 Map 5m_vs_6m Algo r_drbfn_v3 Exp v3_5m_vs_6m_5M_seed2 updates 2520/6250 episodes, total num timesteps 2016800/5000000, FPS 72.

incre win rate is 0.03529411764705882.

 Map 5m_vs_6m Algo r_drbfn_v3 Exp v3_5m_vs_6m_5M_seed2 updates 2525/6250 episodes, total num timesteps 2020800/5000000, FPS 72.

incre win rate is 0.023668639053254437.
eval win rate is 0.0625.
[v3 step=2530] R_mean=0.4063 | G_n_mean=5.0132 (n=5) | q_tot_pred_mean=5.1026 | drbfn_loss=0.0089, qi_loss=0.0160, qtot_loss=1.2610

 Map 5m_vs_6m Algo r_drbfn_v3 Exp v3_5m_vs_6m_5M_seed2 updates 2530/6250 episodes, total num timesteps 2024800/5000000, FPS 72.

incre win rate is 0.05357142857142857.

 Map 5m_vs_6m Algo r_drbfn_v3 Exp v3_5m_vs_6m_5M_seed2 updates 2535/6250 episodes, total num timesteps 2028800/5000000, FPS 72.

incre win rate is 0.04142011834319527.
[v3 step=2540] R_mean=0.4125 | G_n_mean=5.0812 (n=5) | q_tot_pred_mean=4.9197 | drbfn_loss=0.0086, qi_loss=0.0247, qtot_loss=1.7949

 Map 5m_vs_6m Algo r_drbfn_v3 Exp v3_5m_vs_6m_5M_seed2 updates 2540/6250 episodes, total num timesteps 2032800/5000000, FPS 72.

incre win rate is 0.03067484662576687.

 Map 5m_vs_6m Algo r_drbfn_v3 Exp v3_5m_vs_6m_5M_seed2 updates 2545/6250 episodes, total num timesteps 2036800/5000000, FPS 72.

incre win rate is 0.03067484662576687.
[v3 step=2550] R_mean=0.4008 | G_n_mean=5.0737 (n=5) | q_tot_pred_mean=4.9154 | drbfn_loss=0.0099, qi_loss=0.0143, qtot_loss=1.6400

 Map 5m_vs_6m Algo r_drbfn_v3 Exp v3_5m_vs_6m_5M_seed2 updates 2550/6250 episodes, total num timesteps 2040800/5000000, FPS 72.

incre win rate is 0.023952095808383235.
eval win rate is 0.03125.

 Map 5m_vs_6m Algo r_drbfn_v3 Exp v3_5m_vs_6m_5M_seed2 updates 2555/6250 episodes, total num timesteps 2044800/5000000, FPS 72.

incre win rate is 0.041176470588235294.
[v3 step=2560] R_mean=0.3506 | G_n_mean=4.4595 (n=5) | q_tot_pred_mean=4.5606 | drbfn_loss=0.0121, qi_loss=0.0130, qtot_loss=1.6520

 Map 5m_vs_6m Algo r_drbfn_v3 Exp v3_5m_vs_6m_5M_seed2 updates 2560/6250 episodes, total num timesteps 2048800/5000000, FPS 72.

incre win rate is 0.011904761904761904.

 Map 5m_vs_6m Algo r_drbfn_v3 Exp v3_5m_vs_6m_5M_seed2 updates 2565/6250 episodes, total num timesteps 2052800/5000000, FPS 72.

incre win rate is 0.0.
[v3 step=2570] R_mean=0.4185 | G_n_mean=5.1389 (n=5) | q_tot_pred_mean=5.1135 | drbfn_loss=0.0100, qi_loss=0.0162, qtot_loss=1.5340

 Map 5m_vs_6m Algo r_drbfn_v3 Exp v3_5m_vs_6m_5M_seed2 updates 2570/6250 episodes, total num timesteps 2056800/5000000, FPS 72.

incre win rate is 0.06060606060606061.

 Map 5m_vs_6m Algo r_drbfn_v3 Exp v3_5m_vs_6m_5M_seed2 updates 2575/6250 episodes, total num timesteps 2060800/5000000, FPS 72.

incre win rate is 0.041666666666666664.
eval win rate is 0.0625.
[v3 step=2580] R_mean=0.3828 | G_n_mean=4.8350 (n=5) | q_tot_pred_mean=4.8405 | drbfn_loss=0.0097, qi_loss=0.0117, qtot_loss=1.0640

 Map 5m_vs_6m Algo r_drbfn_v3 Exp v3_5m_vs_6m_5M_seed2 updates 2580/6250 episodes, total num timesteps 2064800/5000000, FPS 72.

incre win rate is 0.04819277108433735.

 Map 5m_vs_6m Algo r_drbfn_v3 Exp v3_5m_vs_6m_5M_seed2 updates 2585/6250 episodes, total num timesteps 2068800/5000000, FPS 72.

incre win rate is 0.005847953216374269.
[v3 step=2590] R_mean=0.4107 | G_n_mean=5.0002 (n=5) | q_tot_pred_mean=4.8249 | drbfn_loss=0.0097, qi_loss=0.0169, qtot_loss=1.6296

 Map 5m_vs_6m Algo r_drbfn_v3 Exp v3_5m_vs_6m_5M_seed2 updates 2590/6250 episodes, total num timesteps 2072800/5000000, FPS 73.

incre win rate is 0.03592814371257485.

 Map 5m_vs_6m Algo r_drbfn_v3 Exp v3_5m_vs_6m_5M_seed2 updates 2595/6250 episodes, total num timesteps 2076800/5000000, FPS 72.

incre win rate is 0.011904761904761904.
[v3 step=2600] R_mean=0.3972 | G_n_mean=5.0888 (n=5) | q_tot_pred_mean=5.0478 | drbfn_loss=0.0095, qi_loss=0.0119, qtot_loss=0.9343

 Map 5m_vs_6m Algo r_drbfn_v3 Exp v3_5m_vs_6m_5M_seed2 updates 2600/6250 episodes, total num timesteps 2080800/5000000, FPS 72.

incre win rate is 0.029940119760479042.
eval win rate is 0.0625.

 Map 5m_vs_6m Algo r_drbfn_v3 Exp v3_5m_vs_6m_5M_seed2 updates 2605/6250 episodes, total num timesteps 2084800/5000000, FPS 72.

incre win rate is 0.03592814371257485.
[v3 step=2610] R_mean=0.4228 | G_n_mean=5.1382 (n=5) | q_tot_pred_mean=4.9075 | drbfn_loss=0.0091, qi_loss=0.0152, qtot_loss=1.2352

 Map 5m_vs_6m Algo r_drbfn_v3 Exp v3_5m_vs_6m_5M_seed2 updates 2610/6250 episodes, total num timesteps 2088800/5000000, FPS 72.

incre win rate is 0.047619047619047616.

 Map 5m_vs_6m Algo r_drbfn_v3 Exp v3_5m_vs_6m_5M_seed2 updates 2615/6250 episodes, total num timesteps 2092800/5000000, FPS 73.

incre win rate is 0.04819277108433735.
[v3 step=2620] R_mean=0.3917 | G_n_mean=4.9054 (n=5) | q_tot_pred_mean=5.0297 | drbfn_loss=0.0094, qi_loss=0.0131, qtot_loss=1.3606

 Map 5m_vs_6m Algo r_drbfn_v3 Exp v3_5m_vs_6m_5M_seed2 updates 2620/6250 episodes, total num timesteps 2096800/5000000, FPS 73.

incre win rate is 0.029411764705882353.

 Map 5m_vs_6m Algo r_drbfn_v3 Exp v3_5m_vs_6m_5M_seed2 updates 2625/6250 episodes, total num timesteps 2100800/5000000, FPS 73.

incre win rate is 0.017341040462427744.
eval win rate is 0.0.
[v3 step=2630] R_mean=0.3908 | G_n_mean=4.9375 (n=5) | q_tot_pred_mean=4.9884 | drbfn_loss=0.0098, qi_loss=0.0126, qtot_loss=1.5805

 Map 5m_vs_6m Algo r_drbfn_v3 Exp v3_5m_vs_6m_5M_seed2 updates 2630/6250 episodes, total num timesteps 2104800/5000000, FPS 73.

incre win rate is 0.023255813953488372.

 Map 5m_vs_6m Algo r_drbfn_v3 Exp v3_5m_vs_6m_5M_seed2 updates 2635/6250 episodes, total num timesteps 2108800/5000000, FPS 73.

incre win rate is 0.011834319526627219.
[v3 step=2640] R_mean=0.3891 | G_n_mean=4.9227 (n=5) | q_tot_pred_mean=4.8802 | drbfn_loss=0.0095, qi_loss=0.0144, qtot_loss=1.0529

 Map 5m_vs_6m Algo r_drbfn_v3 Exp v3_5m_vs_6m_5M_seed2 updates 2640/6250 episodes, total num timesteps 2112800/5000000, FPS 73.

incre win rate is 0.03428571428571429.

 Map 5m_vs_6m Algo r_drbfn_v3 Exp v3_5m_vs_6m_5M_seed2 updates 2645/6250 episodes, total num timesteps 2116800/5000000, FPS 73.

incre win rate is 0.023809523809523808.
[v3 step=2650] R_mean=0.3990 | G_n_mean=4.9135 (n=5) | q_tot_pred_mean=5.0282 | drbfn_loss=0.0093, qi_loss=0.0174, qtot_loss=1.6345

 Map 5m_vs_6m Algo r_drbfn_v3 Exp v3_5m_vs_6m_5M_seed2 updates 2650/6250 episodes, total num timesteps 2120800/5000000, FPS 73.

incre win rate is 0.07142857142857142.
eval win rate is 0.09375.

 Map 5m_vs_6m Algo r_drbfn_v3 Exp v3_5m_vs_6m_5M_seed2 updates 2655/6250 episodes, total num timesteps 2124800/5000000, FPS 73.

incre win rate is 0.04142011834319527.
[v3 step=2660] R_mean=0.3907 | G_n_mean=4.9923 (n=5) | q_tot_pred_mean=5.0787 | drbfn_loss=0.0088, qi_loss=0.0134, qtot_loss=1.1243

 Map 5m_vs_6m Algo r_drbfn_v3 Exp v3_5m_vs_6m_5M_seed2 updates 2660/6250 episodes, total num timesteps 2128800/5000000, FPS 73.

incre win rate is 0.05325443786982249.

 Map 5m_vs_6m Algo r_drbfn_v3 Exp v3_5m_vs_6m_5M_seed2 updates 2665/6250 episodes, total num timesteps 2132800/5000000, FPS 73.

incre win rate is 0.03488372093023256.
[v3 step=2670] R_mean=0.4091 | G_n_mean=5.0474 (n=5) | q_tot_pred_mean=5.0007 | drbfn_loss=0.0087, qi_loss=0.0162, qtot_loss=1.3134

 Map 5m_vs_6m Algo r_drbfn_v3 Exp v3_5m_vs_6m_5M_seed2 updates 2670/6250 episodes, total num timesteps 2136800/5000000, FPS 73.

incre win rate is 0.047058823529411764.

 Map 5m_vs_6m Algo r_drbfn_v3 Exp v3_5m_vs_6m_5M_seed2 updates 2675/6250 episodes, total num timesteps 2140800/5000000, FPS 73.

incre win rate is 0.04093567251461988.
eval win rate is 0.0.
[v3 step=2680] R_mean=0.3825 | G_n_mean=4.8768 (n=5) | q_tot_pred_mean=4.9860 | drbfn_loss=0.0091, qi_loss=0.0120, qtot_loss=0.9472

 Map 5m_vs_6m Algo r_drbfn_v3 Exp v3_5m_vs_6m_5M_seed2 updates 2680/6250 episodes, total num timesteps 2144800/5000000, FPS 73.

incre win rate is 0.029239766081871343.

 Map 5m_vs_6m Algo r_drbfn_v3 Exp v3_5m_vs_6m_5M_seed2 updates 2685/6250 episodes, total num timesteps 2148800/5000000, FPS 73.

incre win rate is 0.03614457831325301.
[v3 step=2690] R_mean=0.4008 | G_n_mean=5.0225 (n=5) | q_tot_pred_mean=5.0720 | drbfn_loss=0.0082, qi_loss=0.0131, qtot_loss=1.0962

 Map 5m_vs_6m Algo r_drbfn_v3 Exp v3_5m_vs_6m_5M_seed2 updates 2690/6250 episodes, total num timesteps 2152800/5000000, FPS 73.

incre win rate is 0.048484848484848485.

 Map 5m_vs_6m Algo r_drbfn_v3 Exp v3_5m_vs_6m_5M_seed2 updates 2695/6250 episodes, total num timesteps 2156800/5000000, FPS 73.

incre win rate is 0.03571428571428571.
[v3 step=2700] R_mean=0.3878 | G_n_mean=4.9629 (n=5) | q_tot_pred_mean=4.8953 | drbfn_loss=0.0100, qi_loss=0.0143, qtot_loss=1.4953

 Map 5m_vs_6m Algo r_drbfn_v3 Exp v3_5m_vs_6m_5M_seed2 updates 2700/6250 episodes, total num timesteps 2160800/5000000, FPS 73.

incre win rate is 0.030120481927710843.
eval win rate is 0.15625.

 Map 5m_vs_6m Algo r_drbfn_v3 Exp v3_5m_vs_6m_5M_seed2 updates 2705/6250 episodes, total num timesteps 2164800/5000000, FPS 73.

incre win rate is 0.08074534161490683.
[v3 step=2710] R_mean=0.3603 | G_n_mean=4.5823 (n=5) | q_tot_pred_mean=4.6207 | drbfn_loss=0.0106, qi_loss=0.0140, qtot_loss=0.7019

 Map 5m_vs_6m Algo r_drbfn_v3 Exp v3_5m_vs_6m_5M_seed2 updates 2710/6250 episodes, total num timesteps 2168800/5000000, FPS 73.

incre win rate is 0.030864197530864196.

 Map 5m_vs_6m Algo r_drbfn_v3 Exp v3_5m_vs_6m_5M_seed2 updates 2715/6250 episodes, total num timesteps 2172800/5000000, FPS 73.

incre win rate is 0.041176470588235294.
[v3 step=2720] R_mean=0.4198 | G_n_mean=5.2399 (n=5) | q_tot_pred_mean=5.3367 | drbfn_loss=0.0101, qi_loss=0.0151, qtot_loss=1.7994

 Map 5m_vs_6m Algo r_drbfn_v3 Exp v3_5m_vs_6m_5M_seed2 updates 2720/6250 episodes, total num timesteps 2176800/5000000, FPS 73.

incre win rate is 0.10493827160493827.

 Map 5m_vs_6m Algo r_drbfn_v3 Exp v3_5m_vs_6m_5M_seed2 updates 2725/6250 episodes, total num timesteps 2180800/5000000, FPS 73.

incre win rate is 0.03592814371257485.
eval win rate is 0.09375.
[v3 step=2730] R_mean=0.4368 | G_n_mean=5.3157 (n=5) | q_tot_pred_mean=4.9964 | drbfn_loss=0.0109, qi_loss=0.0237, qtot_loss=2.5119

 Map 5m_vs_6m Algo r_drbfn_v3 Exp v3_5m_vs_6m_5M_seed2 updates 2730/6250 episodes, total num timesteps 2184800/5000000, FPS 73.

incre win rate is 0.09036144578313253.

 Map 5m_vs_6m Algo r_drbfn_v3 Exp v3_5m_vs_6m_5M_seed2 updates 2735/6250 episodes, total num timesteps 2188800/5000000, FPS 73.

incre win rate is 0.06832298136645963.
[v3 step=2740] R_mean=0.4177 | G_n_mean=5.1960 (n=5) | q_tot_pred_mean=5.0493 | drbfn_loss=0.0098, qi_loss=0.0202, qtot_loss=2.0356

 Map 5m_vs_6m Algo r_drbfn_v3 Exp v3_5m_vs_6m_5M_seed2 updates 2740/6250 episodes, total num timesteps 2192800/5000000, FPS 73.

incre win rate is 0.024096385542168676.

 Map 5m_vs_6m Algo r_drbfn_v3 Exp v3_5m_vs_6m_5M_seed2 updates 2745/6250 episodes, total num timesteps 2196800/5000000, FPS 73.

incre win rate is 0.07878787878787878.
[v3 step=2750] R_mean=0.4145 | G_n_mean=5.1825 (n=5) | q_tot_pred_mean=5.1649 | drbfn_loss=0.0098, qi_loss=0.0187, qtot_loss=1.6947

 Map 5m_vs_6m Algo r_drbfn_v3 Exp v3_5m_vs_6m_5M_seed2 updates 2750/6250 episodes, total num timesteps 2200800/5000000, FPS 73.

incre win rate is 0.04294478527607362.
eval win rate is 0.0625.

 Map 5m_vs_6m Algo r_drbfn_v3 Exp v3_5m_vs_6m_5M_seed2 updates 2755/6250 episodes, total num timesteps 2204800/5000000, FPS 73.

incre win rate is 0.05952380952380952.
[v3 step=2760] R_mean=0.4273 | G_n_mean=5.3221 (n=5) | q_tot_pred_mean=5.2805 | drbfn_loss=0.0095, qi_loss=0.0155, qtot_loss=2.0575

 Map 5m_vs_6m Algo r_drbfn_v3 Exp v3_5m_vs_6m_5M_seed2 updates 2760/6250 episodes, total num timesteps 2208800/5000000, FPS 73.

incre win rate is 0.07272727272727272.

 Map 5m_vs_6m Algo r_drbfn_v3 Exp v3_5m_vs_6m_5M_seed2 updates 2765/6250 episodes, total num timesteps 2212800/5000000, FPS 73.

incre win rate is 0.06790123456790123.
[v3 step=2770] R_mean=0.4168 | G_n_mean=5.1174 (n=5) | q_tot_pred_mean=4.9956 | drbfn_loss=0.0092, qi_loss=0.0163, qtot_loss=2.0403

 Map 5m_vs_6m Algo r_drbfn_v3 Exp v3_5m_vs_6m_5M_seed2 updates 2770/6250 episodes, total num timesteps 2216800/5000000, FPS 73.

incre win rate is 0.04294478527607362.

 Map 5m_vs_6m Algo r_drbfn_v3 Exp v3_5m_vs_6m_5M_seed2 updates 2775/6250 episodes, total num timesteps 2220800/5000000, FPS 73.

incre win rate is 0.0625.
eval win rate is 0.09375.
[v3 step=2780] R_mean=0.4564 | G_n_mean=5.3449 (n=5) | q_tot_pred_mean=5.2212 | drbfn_loss=0.0095, qi_loss=0.0278, qtot_loss=2.1901

 Map 5m_vs_6m Algo r_drbfn_v3 Exp v3_5m_vs_6m_5M_seed2 updates 2780/6250 episodes, total num timesteps 2224800/5000000, FPS 73.

incre win rate is 0.07317073170731707.

 Map 5m_vs_6m Algo r_drbfn_v3 Exp v3_5m_vs_6m_5M_seed2 updates 2785/6250 episodes, total num timesteps 2228800/5000000, FPS 73.

incre win rate is 0.10303030303030303.
[v3 step=2790] R_mean=0.4392 | G_n_mean=5.4648 (n=5) | q_tot_pred_mean=5.3242 | drbfn_loss=0.0106, qi_loss=0.0154, qtot_loss=2.4175

 Map 5m_vs_6m Algo r_drbfn_v3 Exp v3_5m_vs_6m_5M_seed2 updates 2790/6250 episodes, total num timesteps 2232800/5000000, FPS 73.

incre win rate is 0.07272727272727272.

 Map 5m_vs_6m Algo r_drbfn_v3 Exp v3_5m_vs_6m_5M_seed2 updates 2795/6250 episodes, total num timesteps 2236800/5000000, FPS 73.

incre win rate is 0.10365853658536585.
[v3 step=2800] R_mean=0.4466 | G_n_mean=5.4698 (n=5) | q_tot_pred_mean=5.3439 | drbfn_loss=0.0089, qi_loss=0.0254, qtot_loss=2.1230

 Map 5m_vs_6m Algo r_drbfn_v3 Exp v3_5m_vs_6m_5M_seed2 updates 2800/6250 episodes, total num timesteps 2240800/5000000, FPS 73.

incre win rate is 0.10429447852760736.
eval win rate is 0.0625.

 Map 5m_vs_6m Algo r_drbfn_v3 Exp v3_5m_vs_6m_5M_seed2 updates 2805/6250 episodes, total num timesteps 2244800/5000000, FPS 73.

incre win rate is 0.05421686746987952.
[v3 step=2810] R_mean=0.4185 | G_n_mean=5.2192 (n=5) | q_tot_pred_mean=5.0317 | drbfn_loss=0.0089, qi_loss=0.0182, qtot_loss=1.6126

 Map 5m_vs_6m Algo r_drbfn_v3 Exp v3_5m_vs_6m_5M_seed2 updates 2810/6250 episodes, total num timesteps 2248800/5000000, FPS 73.

incre win rate is 0.029411764705882353.

 Map 5m_vs_6m Algo r_drbfn_v3 Exp v3_5m_vs_6m_5M_seed2 updates 2815/6250 episodes, total num timesteps 2252800/5000000, FPS 73.

incre win rate is 0.06748466257668712.
[v3 step=2820] R_mean=0.3971 | G_n_mean=4.9822 (n=5) | q_tot_pred_mean=5.2045 | drbfn_loss=0.0098, qi_loss=0.0169, qtot_loss=2.1598

 Map 5m_vs_6m Algo r_drbfn_v3 Exp v3_5m_vs_6m_5M_seed2 updates 2820/6250 episodes, total num timesteps 2256800/5000000, FPS 73.

incre win rate is 0.06626506024096386.

 Map 5m_vs_6m Algo r_drbfn_v3 Exp v3_5m_vs_6m_5M_seed2 updates 2825/6250 episodes, total num timesteps 2260800/5000000, FPS 73.

incre win rate is 0.05421686746987952.
eval win rate is 0.15625.
[v3 step=2830] R_mean=0.3945 | G_n_mean=4.9731 (n=5) | q_tot_pred_mean=5.1643 | drbfn_loss=0.0100, qi_loss=0.0147, qtot_loss=1.4771

 Map 5m_vs_6m Algo r_drbfn_v3 Exp v3_5m_vs_6m_5M_seed2 updates 2830/6250 episodes, total num timesteps 2264800/5000000, FPS 73.

incre win rate is 0.09090909090909091.

 Map 5m_vs_6m Algo r_drbfn_v3 Exp v3_5m_vs_6m_5M_seed2 updates 2835/6250 episodes, total num timesteps 2268800/5000000, FPS 73.

incre win rate is 0.05389221556886228.
[v3 step=2840] R_mean=0.3984 | G_n_mean=4.9804 (n=5) | q_tot_pred_mean=4.9241 | drbfn_loss=0.0109, qi_loss=0.0197, qtot_loss=1.9032

 Map 5m_vs_6m Algo r_drbfn_v3 Exp v3_5m_vs_6m_5M_seed2 updates 2840/6250 episodes, total num timesteps 2272800/5000000, FPS 73.

incre win rate is 0.09090909090909091.

 Map 5m_vs_6m Algo r_drbfn_v3 Exp v3_5m_vs_6m_5M_seed2 updates 2845/6250 episodes, total num timesteps 2276800/5000000, FPS 73.

incre win rate is 0.08333333333333333.
[v3 step=2850] R_mean=0.3679 | G_n_mean=4.6524 (n=5) | q_tot_pred_mean=4.7525 | drbfn_loss=0.0108, qi_loss=0.0163, qtot_loss=1.2004

 Map 5m_vs_6m Algo r_drbfn_v3 Exp v3_5m_vs_6m_5M_seed2 updates 2850/6250 episodes, total num timesteps 2280800/5000000, FPS 31.

incre win rate is 0.06060606060606061.
eval win rate is 0.0625.

 Map 5m_vs_6m Algo r_drbfn_v3 Exp v3_5m_vs_6m_5M_seed2 updates 2855/6250 episodes, total num timesteps 2284800/5000000, FPS 31.

incre win rate is 0.054878048780487805.
[v3 step=2860] R_mean=0.4276 | G_n_mean=5.3006 (n=5) | q_tot_pred_mean=5.2602 | drbfn_loss=0.0090, qi_loss=0.0182, qtot_loss=2.0508

 Map 5m_vs_6m Algo r_drbfn_v3 Exp v3_5m_vs_6m_5M_seed2 updates 2860/6250 episodes, total num timesteps 2288800/5000000, FPS 31.

incre win rate is 0.06707317073170732.

 Map 5m_vs_6m Algo r_drbfn_v3 Exp v3_5m_vs_6m_5M_seed2 updates 2865/6250 episodes, total num timesteps 2292800/5000000, FPS 31.

incre win rate is 0.06097560975609756.
[v3 step=2870] R_mean=0.3957 | G_n_mean=4.9411 (n=5) | q_tot_pred_mean=4.9613 | drbfn_loss=0.0112, qi_loss=0.0280, qtot_loss=2.2628

 Map 5m_vs_6m Algo r_drbfn_v3 Exp v3_5m_vs_6m_5M_seed2 updates 2870/6250 episodes, total num timesteps 2296800/5000000, FPS 31.

incre win rate is 0.07453416149068323.

 Map 5m_vs_6m Algo r_drbfn_v3 Exp v3_5m_vs_6m_5M_seed2 updates 2875/6250 episodes, total num timesteps 2300800/5000000, FPS 31.

incre win rate is 0.075.
eval win rate is 0.1875.
[v3 step=2880] R_mean=0.3927 | G_n_mean=5.1790 (n=5) | q_tot_pred_mean=5.1331 | drbfn_loss=0.0089, qi_loss=0.0162, qtot_loss=1.4447

 Map 5m_vs_6m Algo r_drbfn_v3 Exp v3_5m_vs_6m_5M_seed2 updates 2880/6250 episodes, total num timesteps 2304800/5000000, FPS 32.

incre win rate is 0.054878048780487805.

 Map 5m_vs_6m Algo r_drbfn_v3 Exp v3_5m_vs_6m_5M_seed2 updates 2885/6250 episodes, total num timesteps 2308800/5000000, FPS 32.

incre win rate is 0.09036144578313253.
[v3 step=2890] R_mean=0.4035 | G_n_mean=5.1063 (n=5) | q_tot_pred_mean=4.8995 | drbfn_loss=0.0124, qi_loss=0.0206, qtot_loss=2.3554

 Map 5m_vs_6m Algo r_drbfn_v3 Exp v3_5m_vs_6m_5M_seed2 updates 2890/6250 episodes, total num timesteps 2312800/5000000, FPS 32.

incre win rate is 0.07407407407407407.

 Map 5m_vs_6m Algo r_drbfn_v3 Exp v3_5m_vs_6m_5M_seed2 updates 2895/6250 episodes, total num timesteps 2316800/5000000, FPS 32.

incre win rate is 0.03529411764705882.
[v3 step=2900] R_mean=0.3885 | G_n_mean=5.0338 (n=5) | q_tot_pred_mean=5.0397 | drbfn_loss=0.0108, qi_loss=0.0240, qtot_loss=1.7346

 Map 5m_vs_6m Algo r_drbfn_v3 Exp v3_5m_vs_6m_5M_seed2 updates 2900/6250 episodes, total num timesteps 2320800/5000000, FPS 32.

incre win rate is 0.05555555555555555.
eval win rate is 0.1875.

 Map 5m_vs_6m Algo r_drbfn_v3 Exp v3_5m_vs_6m_5M_seed2 updates 2905/6250 episodes, total num timesteps 2324800/5000000, FPS 32.

incre win rate is 0.05454545454545454.
[v3 step=2910] R_mean=0.3725 | G_n_mean=4.8980 (n=5) | q_tot_pred_mean=5.0065 | drbfn_loss=0.0084, qi_loss=0.0127, qtot_loss=0.9681

 Map 5m_vs_6m Algo r_drbfn_v3 Exp v3_5m_vs_6m_5M_seed2 updates 2910/6250 episodes, total num timesteps 2328800/5000000, FPS 32.

incre win rate is 0.03614457831325301.

 Map 5m_vs_6m Algo r_drbfn_v3 Exp v3_5m_vs_6m_5M_seed2 updates 2915/6250 episodes, total num timesteps 2332800/5000000, FPS 32.

incre win rate is 0.06060606060606061.
[v3 step=2920] R_mean=0.3867 | G_n_mean=4.9735 (n=5) | q_tot_pred_mean=4.9343 | drbfn_loss=0.0093, qi_loss=0.0225, qtot_loss=1.2087

 Map 5m_vs_6m Algo r_drbfn_v3 Exp v3_5m_vs_6m_5M_seed2 updates 2920/6250 episodes, total num timesteps 2336800/5000000, FPS 32.

incre win rate is 0.024539877300613498.

 Map 5m_vs_6m Algo r_drbfn_v3 Exp v3_5m_vs_6m_5M_seed2 updates 2925/6250 episodes, total num timesteps 2340800/5000000, FPS 32.

incre win rate is 0.054878048780487805.
eval win rate is 0.03125.
[v3 step=2930] R_mean=0.4188 | G_n_mean=5.1759 (n=5) | q_tot_pred_mean=5.1395 | drbfn_loss=0.0095, qi_loss=0.0177, qtot_loss=1.4853

 Map 5m_vs_6m Algo r_drbfn_v3 Exp v3_5m_vs_6m_5M_seed2 updates 2930/6250 episodes, total num timesteps 2344800/5000000, FPS 32.

incre win rate is 0.0736196319018405.

 Map 5m_vs_6m Algo r_drbfn_v3 Exp v3_5m_vs_6m_5M_seed2 updates 2935/6250 episodes, total num timesteps 2348800/5000000, FPS 32.

incre win rate is 0.06172839506172839.
[v3 step=2940] R_mean=0.4018 | G_n_mean=4.9899 (n=5) | q_tot_pred_mean=4.8438 | drbfn_loss=0.0100, qi_loss=0.0267, qtot_loss=1.8960

 Map 5m_vs_6m Algo r_drbfn_v3 Exp v3_5m_vs_6m_5M_seed2 updates 2940/6250 episodes, total num timesteps 2352800/5000000, FPS 32.

incre win rate is 0.06289308176100629.

 Map 5m_vs_6m Algo r_drbfn_v3 Exp v3_5m_vs_6m_5M_seed2 updates 2945/6250 episodes, total num timesteps 2356800/5000000, FPS 32.

incre win rate is 0.06172839506172839.
[v3 step=2950] R_mean=0.4072 | G_n_mean=5.1702 (n=5) | q_tot_pred_mean=5.1105 | drbfn_loss=0.0098, qi_loss=0.0176, qtot_loss=1.8760

 Map 5m_vs_6m Algo r_drbfn_v3 Exp v3_5m_vs_6m_5M_seed2 updates 2950/6250 episodes, total num timesteps 2360800/5000000, FPS 32.

incre win rate is 0.06060606060606061.
eval win rate is 0.03125.

 Map 5m_vs_6m Algo r_drbfn_v3 Exp v3_5m_vs_6m_5M_seed2 updates 2955/6250 episodes, total num timesteps 2364800/5000000, FPS 32.

incre win rate is 0.08484848484848485.
[v3 step=2960] R_mean=0.4097 | G_n_mean=5.1485 (n=5) | q_tot_pred_mean=5.1411 | drbfn_loss=0.0120, qi_loss=0.0199, qtot_loss=2.0015

 Map 5m_vs_6m Algo r_drbfn_v3 Exp v3_5m_vs_6m_5M_seed2 updates 2960/6250 episodes, total num timesteps 2368800/5000000, FPS 32.

incre win rate is 0.054878048780487805.

 Map 5m_vs_6m Algo r_drbfn_v3 Exp v3_5m_vs_6m_5M_seed2 updates 2965/6250 episodes, total num timesteps 2372800/5000000, FPS 32.

incre win rate is 0.07878787878787878.
[v3 step=2970] R_mean=0.3901 | G_n_mean=5.0067 (n=5) | q_tot_pred_mean=5.1654 | drbfn_loss=0.0096, qi_loss=0.0166, qtot_loss=1.5775

 Map 5m_vs_6m Algo r_drbfn_v3 Exp v3_5m_vs_6m_5M_seed2 updates 2970/6250 episodes, total num timesteps 2376800/5000000, FPS 32.

incre win rate is 0.0658682634730539.

 Map 5m_vs_6m Algo r_drbfn_v3 Exp v3_5m_vs_6m_5M_seed2 updates 2975/6250 episodes, total num timesteps 2380800/5000000, FPS 32.

incre win rate is 0.04216867469879518.
eval win rate is 0.03125.
[v3 step=2980] R_mean=0.3712 | G_n_mean=4.8566 (n=5) | q_tot_pred_mean=5.2095 | drbfn_loss=0.0095, qi_loss=0.0163, qtot_loss=1.1627

 Map 5m_vs_6m Algo r_drbfn_v3 Exp v3_5m_vs_6m_5M_seed2 updates 2980/6250 episodes, total num timesteps 2384800/5000000, FPS 32.

incre win rate is 0.06707317073170732.

 Map 5m_vs_6m Algo r_drbfn_v3 Exp v3_5m_vs_6m_5M_seed2 updates 2985/6250 episodes, total num timesteps 2388800/5000000, FPS 32.

incre win rate is 0.036585365853658534.
[v3 step=2990] R_mean=0.3891 | G_n_mean=4.9667 (n=5) | q_tot_pred_mean=4.9041 | drbfn_loss=0.0104, qi_loss=0.0197, qtot_loss=1.6253

 Map 5m_vs_6m Algo r_drbfn_v3 Exp v3_5m_vs_6m_5M_seed2 updates 2990/6250 episodes, total num timesteps 2392800/5000000, FPS 32.

incre win rate is 0.06134969325153374.

 Map 5m_vs_6m Algo r_drbfn_v3 Exp v3_5m_vs_6m_5M_seed2 updates 2995/6250 episodes, total num timesteps 2396800/5000000, FPS 32.

incre win rate is 0.011976047904191617.
[v3 step=3000] R_mean=0.3732 | G_n_mean=4.8848 (n=5) | q_tot_pred_mean=4.8695 | drbfn_loss=0.0098, qi_loss=0.0164, qtot_loss=0.8136

 Map 5m_vs_6m Algo r_drbfn_v3 Exp v3_5m_vs_6m_5M_seed2 updates 3000/6250 episodes, total num timesteps 2400800/5000000, FPS 32.

incre win rate is 0.01818181818181818.
eval win rate is 0.03125.

 Map 5m_vs_6m Algo r_drbfn_v3 Exp v3_5m_vs_6m_5M_seed2 updates 3005/6250 episodes, total num timesteps 2404800/5000000, FPS 32.

incre win rate is 0.01818181818181818.
[v3 step=3010] R_mean=0.3850 | G_n_mean=4.9798 (n=5) | q_tot_pred_mean=5.0705 | drbfn_loss=0.0109, qi_loss=0.0186, qtot_loss=1.6515

 Map 5m_vs_6m Algo r_drbfn_v3 Exp v3_5m_vs_6m_5M_seed2 updates 3010/6250 episodes, total num timesteps 2408800/5000000, FPS 32.

incre win rate is 0.03636363636363636.

 Map 5m_vs_6m Algo r_drbfn_v3 Exp v3_5m_vs_6m_5M_seed2 updates 3015/6250 episodes, total num timesteps 2412800/5000000, FPS 32.

incre win rate is 0.04938271604938271.
[v3 step=3020] R_mean=0.3839 | G_n_mean=4.9015 (n=5) | q_tot_pred_mean=4.9436 | drbfn_loss=0.0103, qi_loss=0.0176, qtot_loss=1.4561

 Map 5m_vs_6m Algo r_drbfn_v3 Exp v3_5m_vs_6m_5M_seed2 updates 3020/6250 episodes, total num timesteps 2416800/5000000, FPS 32.

incre win rate is 0.06060606060606061.

 Map 5m_vs_6m Algo r_drbfn_v3 Exp v3_5m_vs_6m_5M_seed2 updates 3025/6250 episodes, total num timesteps 2420800/5000000, FPS 32.

incre win rate is 0.048484848484848485.
eval win rate is 0.15625.
[v3 step=3030] R_mean=0.4019 | G_n_mean=5.1329 (n=5) | q_tot_pred_mean=5.1087 | drbfn_loss=0.0102, qi_loss=0.0203, qtot_loss=1.8624

 Map 5m_vs_6m Algo r_drbfn_v3 Exp v3_5m_vs_6m_5M_seed2 updates 3030/6250 episodes, total num timesteps 2424800/5000000, FPS 32.

incre win rate is 0.049079754601226995.

 Map 5m_vs_6m Algo r_drbfn_v3 Exp v3_5m_vs_6m_5M_seed2 updates 3035/6250 episodes, total num timesteps 2428800/5000000, FPS 32.

incre win rate is 0.030303030303030304.
[v3 step=3040] R_mean=0.3757 | G_n_mean=4.9200 (n=5) | q_tot_pred_mean=4.9658 | drbfn_loss=0.0107, qi_loss=0.0164, qtot_loss=0.7762

 Map 5m_vs_6m Algo r_drbfn_v3 Exp v3_5m_vs_6m_5M_seed2 updates 3040/6250 episodes, total num timesteps 2432800/5000000, FPS 32.

incre win rate is 0.03636363636363636.

 Map 5m_vs_6m Algo r_drbfn_v3 Exp v3_5m_vs_6m_5M_seed2 updates 3045/6250 episodes, total num timesteps 2436800/5000000, FPS 33.

incre win rate is 0.036585365853658534.
[v3 step=3050] R_mean=0.3976 | G_n_mean=5.0395 (n=5) | q_tot_pred_mean=4.9914 | drbfn_loss=0.0099, qi_loss=0.0199, qtot_loss=1.8649

 Map 5m_vs_6m Algo r_drbfn_v3 Exp v3_5m_vs_6m_5M_seed2 updates 3050/6250 episodes, total num timesteps 2440800/5000000, FPS 33.

incre win rate is 0.030303030303030304.
eval win rate is 0.0625.

 Map 5m_vs_6m Algo r_drbfn_v3 Exp v3_5m_vs_6m_5M_seed2 updates 3055/6250 episodes, total num timesteps 2444800/5000000, FPS 33.

incre win rate is 0.049079754601226995.
[v3 step=3060] R_mean=0.3996 | G_n_mean=5.0155 (n=5) | q_tot_pred_mean=5.0053 | drbfn_loss=0.0103, qi_loss=0.0228, qtot_loss=1.9109

 Map 5m_vs_6m Algo r_drbfn_v3 Exp v3_5m_vs_6m_5M_seed2 updates 3060/6250 episodes, total num timesteps 2448800/5000000, FPS 33.

incre win rate is 0.042682926829268296.

 Map 5m_vs_6m Algo r_drbfn_v3 Exp v3_5m_vs_6m_5M_seed2 updates 3065/6250 episodes, total num timesteps 2452800/5000000, FPS 33.

incre win rate is 0.07272727272727272.
[v3 step=3070] R_mean=0.4037 | G_n_mean=5.1533 (n=5) | q_tot_pred_mean=5.2714 | drbfn_loss=0.0105, qi_loss=0.0168, qtot_loss=1.6175

 Map 5m_vs_6m Algo r_drbfn_v3 Exp v3_5m_vs_6m_5M_seed2 updates 3070/6250 episodes, total num timesteps 2456800/5000000, FPS 33.

incre win rate is 0.09146341463414634.

 Map 5m_vs_6m Algo r_drbfn_v3 Exp v3_5m_vs_6m_5M_seed2 updates 3075/6250 episodes, total num timesteps 2460800/5000000, FPS 33.

incre win rate is 0.04878048780487805.
eval win rate is 0.125.
[v3 step=3080] R_mean=0.3780 | G_n_mean=4.9020 (n=5) | q_tot_pred_mean=5.1294 | drbfn_loss=0.0083, qi_loss=0.0174, qtot_loss=1.3400

 Map 5m_vs_6m Algo r_drbfn_v3 Exp v3_5m_vs_6m_5M_seed2 updates 3080/6250 episodes, total num timesteps 2464800/5000000, FPS 33.

incre win rate is 0.05952380952380952.

 Map 5m_vs_6m Algo r_drbfn_v3 Exp v3_5m_vs_6m_5M_seed2 updates 3085/6250 episodes, total num timesteps 2468800/5000000, FPS 33.

incre win rate is 0.03614457831325301.
[v3 step=3090] R_mean=0.3783 | G_n_mean=4.9676 (n=5) | q_tot_pred_mean=5.1157 | drbfn_loss=0.0090, qi_loss=0.0145, qtot_loss=1.4246

 Map 5m_vs_6m Algo r_drbfn_v3 Exp v3_5m_vs_6m_5M_seed2 updates 3090/6250 episodes, total num timesteps 2472800/5000000, FPS 33.

incre win rate is 0.012121212121212121.

 Map 5m_vs_6m Algo r_drbfn_v3 Exp v3_5m_vs_6m_5M_seed2 updates 3095/6250 episodes, total num timesteps 2476800/5000000, FPS 33.

incre win rate is 0.011695906432748537.
[v3 step=3100] R_mean=0.3721 | G_n_mean=4.9257 (n=5) | q_tot_pred_mean=4.9900 | drbfn_loss=0.0097, qi_loss=0.0129, qtot_loss=1.5061

 Map 5m_vs_6m Algo r_drbfn_v3 Exp v3_5m_vs_6m_5M_seed2 updates 3100/6250 episodes, total num timesteps 2480800/5000000, FPS 33.

incre win rate is 0.03614457831325301.
eval win rate is 0.0625.

 Map 5m_vs_6m Algo r_drbfn_v3 Exp v3_5m_vs_6m_5M_seed2 updates 3105/6250 episodes, total num timesteps 2484800/5000000, FPS 33.

incre win rate is 0.06748466257668712.
[v3 step=3110] R_mean=0.3652 | G_n_mean=4.7710 (n=5) | q_tot_pred_mean=4.7254 | drbfn_loss=0.0100, qi_loss=0.0165, qtot_loss=0.8191

 Map 5m_vs_6m Algo r_drbfn_v3 Exp v3_5m_vs_6m_5M_seed2 updates 3110/6250 episodes, total num timesteps 2488800/5000000, FPS 33.

incre win rate is 0.024691358024691357.

 Map 5m_vs_6m Algo r_drbfn_v3 Exp v3_5m_vs_6m_5M_seed2 updates 3115/6250 episodes, total num timesteps 2492800/5000000, FPS 33.

incre win rate is 0.03680981595092025.
[v3 step=3120] R_mean=0.4074 | G_n_mean=5.1959 (n=5) | q_tot_pred_mean=5.1606 | drbfn_loss=0.0111, qi_loss=0.0162, qtot_loss=1.7166

 Map 5m_vs_6m Algo r_drbfn_v3 Exp v3_5m_vs_6m_5M_seed2 updates 3120/6250 episodes, total num timesteps 2496800/5000000, FPS 33.

incre win rate is 0.030303030303030304.

 Map 5m_vs_6m Algo r_drbfn_v3 Exp v3_5m_vs_6m_5M_seed2 updates 3125/6250 episodes, total num timesteps 2500800/5000000, FPS 33.

incre win rate is 0.049079754601226995.
eval win rate is 0.09375.
[v3 step=3130] R_mean=0.3855 | G_n_mean=5.0134 (n=5) | q_tot_pred_mean=5.0618 | drbfn_loss=0.0099, qi_loss=0.0176, qtot_loss=1.2573

 Map 5m_vs_6m Algo r_drbfn_v3 Exp v3_5m_vs_6m_5M_seed2 updates 3130/6250 episodes, total num timesteps 2504800/5000000, FPS 33.

incre win rate is 0.059880239520958084.

 Map 5m_vs_6m Algo r_drbfn_v3 Exp v3_5m_vs_6m_5M_seed2 updates 3135/6250 episodes, total num timesteps 2508800/5000000, FPS 33.

incre win rate is 0.036585365853658534.
[v3 step=3140] R_mean=0.3954 | G_n_mean=5.0879 (n=5) | q_tot_pred_mean=5.1583 | drbfn_loss=0.0084, qi_loss=0.0167, qtot_loss=1.3554

 Map 5m_vs_6m Algo r_drbfn_v3 Exp v3_5m_vs_6m_5M_seed2 updates 3140/6250 episodes, total num timesteps 2512800/5000000, FPS 33.

incre win rate is 0.06097560975609756.

 Map 5m_vs_6m Algo r_drbfn_v3 Exp v3_5m_vs_6m_5M_seed2 updates 3145/6250 episodes, total num timesteps 2516800/5000000, FPS 33.

incre win rate is 0.08074534161490683.
[v3 step=3150] R_mean=0.4002 | G_n_mean=5.1236 (n=5) | q_tot_pred_mean=5.2657 | drbfn_loss=0.0110, qi_loss=0.0202, qtot_loss=2.0666

 Map 5m_vs_6m Algo r_drbfn_v3 Exp v3_5m_vs_6m_5M_seed2 updates 3150/6250 episodes, total num timesteps 2520800/5000000, FPS 33.

incre win rate is 0.06626506024096386.
eval win rate is 0.15625.

 Map 5m_vs_6m Algo r_drbfn_v3 Exp v3_5m_vs_6m_5M_seed2 updates 3155/6250 episodes, total num timesteps 2524800/5000000, FPS 33.

incre win rate is 0.05421686746987952.
[v3 step=3160] R_mean=0.4210 | G_n_mean=5.2579 (n=5) | q_tot_pred_mean=5.3127 | drbfn_loss=0.0094, qi_loss=0.0210, qtot_loss=2.0425

 Map 5m_vs_6m Algo r_drbfn_v3 Exp v3_5m_vs_6m_5M_seed2 updates 3160/6250 episodes, total num timesteps 2528800/5000000, FPS 33.

incre win rate is 0.10062893081761007.

 Map 5m_vs_6m Algo r_drbfn_v3 Exp v3_5m_vs_6m_5M_seed2 updates 3165/6250 episodes, total num timesteps 2532800/5000000, FPS 33.

incre win rate is 0.018404907975460124.
[v3 step=3170] R_mean=0.4071 | G_n_mean=5.1309 (n=5) | q_tot_pred_mean=5.0308 | drbfn_loss=0.0106, qi_loss=0.0216, qtot_loss=1.5710

 Map 5m_vs_6m Algo r_drbfn_v3 Exp v3_5m_vs_6m_5M_seed2 updates 3170/6250 episodes, total num timesteps 2536800/5000000, FPS 33.

incre win rate is 0.0736196319018405.

 Map 5m_vs_6m Algo r_drbfn_v3 Exp v3_5m_vs_6m_5M_seed2 updates 3175/6250 episodes, total num timesteps 2540800/5000000, FPS 33.

incre win rate is 0.06097560975609756.
eval win rate is 0.0625.
[v3 step=3180] R_mean=0.4089 | G_n_mean=5.2986 (n=5) | q_tot_pred_mean=5.0563 | drbfn_loss=0.0106, qi_loss=0.0228, qtot_loss=2.1042

 Map 5m_vs_6m Algo r_drbfn_v3 Exp v3_5m_vs_6m_5M_seed2 updates 3180/6250 episodes, total num timesteps 2544800/5000000, FPS 33.

incre win rate is 0.04294478527607362.

 Map 5m_vs_6m Algo r_drbfn_v3 Exp v3_5m_vs_6m_5M_seed2 updates 3185/6250 episodes, total num timesteps 2548800/5000000, FPS 33.

incre win rate is 0.08074534161490683.
[v3 step=3190] R_mean=0.3792 | G_n_mean=4.9441 (n=5) | q_tot_pred_mean=5.0380 | drbfn_loss=0.0103, qi_loss=0.0224, qtot_loss=1.5046

 Map 5m_vs_6m Algo r_drbfn_v3 Exp v3_5m_vs_6m_5M_seed2 updates 3190/6250 episodes, total num timesteps 2552800/5000000, FPS 33.

incre win rate is 0.024691358024691357.

 Map 5m_vs_6m Algo r_drbfn_v3 Exp v3_5m_vs_6m_5M_seed2 updates 3195/6250 episodes, total num timesteps 2556800/5000000, FPS 33.

incre win rate is 0.03508771929824561.
[v3 step=3200] R_mean=0.3931 | G_n_mean=5.0330 (n=5) | q_tot_pred_mean=4.9553 | drbfn_loss=0.0102, qi_loss=0.0180, qtot_loss=1.7395

 Map 5m_vs_6m Algo r_drbfn_v3 Exp v3_5m_vs_6m_5M_seed2 updates 3200/6250 episodes, total num timesteps 2560800/5000000, FPS 34.

incre win rate is 0.03571428571428571.
eval win rate is 0.0625.

 Map 5m_vs_6m Algo r_drbfn_v3 Exp v3_5m_vs_6m_5M_seed2 updates 3205/6250 episodes, total num timesteps 2564800/5000000, FPS 34.

incre win rate is 0.047619047619047616.
[v3 step=3210] R_mean=0.4073 | G_n_mean=5.1805 (n=5) | q_tot_pred_mean=4.9924 | drbfn_loss=0.0098, qi_loss=0.0199, qtot_loss=1.2880

 Map 5m_vs_6m Algo r_drbfn_v3 Exp v3_5m_vs_6m_5M_seed2 updates 3210/6250 episodes, total num timesteps 2568800/5000000, FPS 34.

incre win rate is 0.037037037037037035.

 Map 5m_vs_6m Algo r_drbfn_v3 Exp v3_5m_vs_6m_5M_seed2 updates 3215/6250 episodes, total num timesteps 2572800/5000000, FPS 34.

incre win rate is 0.0783132530120482.
[v3 step=3220] R_mean=0.4093 | G_n_mean=5.2230 (n=5) | q_tot_pred_mean=5.3043 | drbfn_loss=0.0097, qi_loss=0.0199, qtot_loss=2.0614

 Map 5m_vs_6m Algo r_drbfn_v3 Exp v3_5m_vs_6m_5M_seed2 updates 3220/6250 episodes, total num timesteps 2576800/5000000, FPS 34.

incre win rate is 0.049079754601226995.

 Map 5m_vs_6m Algo r_drbfn_v3 Exp v3_5m_vs_6m_5M_seed2 updates 3225/6250 episodes, total num timesteps 2580800/5000000, FPS 34.

incre win rate is 0.05625.
eval win rate is 0.125.
[v3 step=3230] R_mean=0.3970 | G_n_mean=5.0618 (n=5) | q_tot_pred_mean=5.2150 | drbfn_loss=0.0107, qi_loss=0.0224, qtot_loss=1.7710

 Map 5m_vs_6m Algo r_drbfn_v3 Exp v3_5m_vs_6m_5M_seed2 updates 3230/6250 episodes, total num timesteps 2584800/5000000, FPS 34.

incre win rate is 0.0736196319018405.

 Map 5m_vs_6m Algo r_drbfn_v3 Exp v3_5m_vs_6m_5M_seed2 updates 3235/6250 episodes, total num timesteps 2588800/5000000, FPS 34.

incre win rate is 0.050314465408805034.
[v3 step=3240] R_mean=0.3873 | G_n_mean=5.0512 (n=5) | q_tot_pred_mean=5.2880 | drbfn_loss=0.0090, qi_loss=0.0148, qtot_loss=0.8084

 Map 5m_vs_6m Algo r_drbfn_v3 Exp v3_5m_vs_6m_5M_seed2 updates 3240/6250 episodes, total num timesteps 2592800/5000000, FPS 34.

incre win rate is 0.0625.

 Map 5m_vs_6m Algo r_drbfn_v3 Exp v3_5m_vs_6m_5M_seed2 updates 3245/6250 episodes, total num timesteps 2596800/5000000, FPS 34.

incre win rate is 0.08227848101265822.
[v3 step=3250] R_mean=0.4329 | G_n_mean=5.3902 (n=5) | q_tot_pred_mean=5.0933 | drbfn_loss=0.0108, qi_loss=0.0233, qtot_loss=2.2076

 Map 5m_vs_6m Algo r_drbfn_v3 Exp v3_5m_vs_6m_5M_seed2 updates 3250/6250 episodes, total num timesteps 2600800/5000000, FPS 34.

incre win rate is 0.062111801242236024.
eval win rate is 0.125.

 Map 5m_vs_6m Algo r_drbfn_v3 Exp v3_5m_vs_6m_5M_seed2 updates 3255/6250 episodes, total num timesteps 2604800/5000000, FPS 34.

incre win rate is 0.1111111111111111.
[v3 step=3260] R_mean=0.4108 | G_n_mean=5.1424 (n=5) | q_tot_pred_mean=5.3342 | drbfn_loss=0.0100, qi_loss=0.0233, qtot_loss=2.0937

 Map 5m_vs_6m Algo r_drbfn_v3 Exp v3_5m_vs_6m_5M_seed2 updates 3260/6250 episodes, total num timesteps 2608800/5000000, FPS 34.

incre win rate is 0.125.

 Map 5m_vs_6m Algo r_drbfn_v3 Exp v3_5m_vs_6m_5M_seed2 updates 3265/6250 episodes, total num timesteps 2612800/5000000, FPS 34.

incre win rate is 0.12658227848101267.
[v3 step=3270] R_mean=0.4405 | G_n_mean=5.3654 (n=5) | q_tot_pred_mean=5.4332 | drbfn_loss=0.0103, qi_loss=0.0258, qtot_loss=2.4071

 Map 5m_vs_6m Algo r_drbfn_v3 Exp v3_5m_vs_6m_5M_seed2 updates 3270/6250 episodes, total num timesteps 2616800/5000000, FPS 34.

incre win rate is 0.11728395061728394.

 Map 5m_vs_6m Algo r_drbfn_v3 Exp v3_5m_vs_6m_5M_seed2 updates 3275/6250 episodes, total num timesteps 2620800/5000000, FPS 34.

incre win rate is 0.0641025641025641.
eval win rate is 0.0625.
[v3 step=3280] R_mean=0.4615 | G_n_mean=5.5977 (n=5) | q_tot_pred_mean=5.3455 | drbfn_loss=0.0097, qi_loss=0.0249, qtot_loss=2.3169

 Map 5m_vs_6m Algo r_drbfn_v3 Exp v3_5m_vs_6m_5M_seed2 updates 3280/6250 episodes, total num timesteps 2624800/5000000, FPS 34.

incre win rate is 0.09316770186335403.

 Map 5m_vs_6m Algo r_drbfn_v3 Exp v3_5m_vs_6m_5M_seed2 updates 3285/6250 episodes, total num timesteps 2628800/5000000, FPS 34.

incre win rate is 0.1111111111111111.
[v3 step=3290] R_mean=0.4039 | G_n_mean=5.2331 (n=5) | q_tot_pred_mean=5.2564 | drbfn_loss=0.0115, qi_loss=0.0221, qtot_loss=2.1770

 Map 5m_vs_6m Algo r_drbfn_v3 Exp v3_5m_vs_6m_5M_seed2 updates 3290/6250 episodes, total num timesteps 2632800/5000000, FPS 34.

incre win rate is 0.0625.

 Map 5m_vs_6m Algo r_drbfn_v3 Exp v3_5m_vs_6m_5M_seed2 updates 3295/6250 episodes, total num timesteps 2636800/5000000, FPS 34.

incre win rate is 0.13125.
[v3 step=3300] R_mean=0.4578 | G_n_mean=5.4949 (n=5) | q_tot_pred_mean=5.2225 | drbfn_loss=0.0102, qi_loss=0.0409, qtot_loss=2.7184

 Map 5m_vs_6m Algo r_drbfn_v3 Exp v3_5m_vs_6m_5M_seed2 updates 3300/6250 episodes, total num timesteps 2640800/5000000, FPS 34.

incre win rate is 0.08484848484848485.
eval win rate is 0.3125.

 Map 5m_vs_6m Algo r_drbfn_v3 Exp v3_5m_vs_6m_5M_seed2 updates 3305/6250 episodes, total num timesteps 2644800/5000000, FPS 34.

incre win rate is 0.12025316455696203.
[v3 step=3310] R_mean=0.4558 | G_n_mean=5.5394 (n=5) | q_tot_pred_mean=5.4569 | drbfn_loss=0.0112, qi_loss=0.0245, qtot_loss=3.3278

 Map 5m_vs_6m Algo r_drbfn_v3 Exp v3_5m_vs_6m_5M_seed2 updates 3310/6250 episodes, total num timesteps 2648800/5000000, FPS 34.

incre win rate is 0.10365853658536585.

 Map 5m_vs_6m Algo r_drbfn_v3 Exp v3_5m_vs_6m_5M_seed2 updates 3315/6250 episodes, total num timesteps 2652800/5000000, FPS 34.

incre win rate is 0.09876543209876543.
[v3 step=3320] R_mean=0.4029 | G_n_mean=5.2626 (n=5) | q_tot_pred_mean=5.3541 | drbfn_loss=0.0094, qi_loss=0.0182, qtot_loss=1.1234

 Map 5m_vs_6m Algo r_drbfn_v3 Exp v3_5m_vs_6m_5M_seed2 updates 3320/6250 episodes, total num timesteps 2656800/5000000, FPS 34.

incre win rate is 0.06172839506172839.

 Map 5m_vs_6m Algo r_drbfn_v3 Exp v3_5m_vs_6m_5M_seed2 updates 3325/6250 episodes, total num timesteps 2660800/5000000, FPS 34.

incre win rate is 0.041666666666666664.
eval win rate is 0.125.
[v3 step=3330] R_mean=0.3942 | G_n_mean=4.9759 (n=5) | q_tot_pred_mean=5.1300 | drbfn_loss=0.0112, qi_loss=0.0247, qtot_loss=2.0199

 Map 5m_vs_6m Algo r_drbfn_v3 Exp v3_5m_vs_6m_5M_seed2 updates 3330/6250 episodes, total num timesteps 2664800/5000000, FPS 34.

incre win rate is 0.08695652173913043.

 Map 5m_vs_6m Algo r_drbfn_v3 Exp v3_5m_vs_6m_5M_seed2 updates 3335/6250 episodes, total num timesteps 2668800/5000000, FPS 34.

incre win rate is 0.04938271604938271.
[v3 step=3340] R_mean=0.4123 | G_n_mean=5.3682 (n=5) | q_tot_pred_mean=5.3347 | drbfn_loss=0.0094, qi_loss=0.0205, qtot_loss=1.3448

 Map 5m_vs_6m Algo r_drbfn_v3 Exp v3_5m_vs_6m_5M_seed2 updates 3340/6250 episodes, total num timesteps 2672800/5000000, FPS 34.

incre win rate is 0.11042944785276074.

 Map 5m_vs_6m Algo r_drbfn_v3 Exp v3_5m_vs_6m_5M_seed2 updates 3345/6250 episodes, total num timesteps 2676800/5000000, FPS 34.

incre win rate is 0.07453416149068323.
[v3 step=3350] R_mean=0.4099 | G_n_mean=5.2897 (n=5) | q_tot_pred_mean=5.2872 | drbfn_loss=0.0108, qi_loss=0.0219, qtot_loss=1.8770

 Map 5m_vs_6m Algo r_drbfn_v3 Exp v3_5m_vs_6m_5M_seed2 updates 3350/6250 episodes, total num timesteps 2680800/5000000, FPS 34.

incre win rate is 0.08588957055214724.
eval win rate is 0.125.

 Map 5m_vs_6m Algo r_drbfn_v3 Exp v3_5m_vs_6m_5M_seed2 updates 3355/6250 episodes, total num timesteps 2684800/5000000, FPS 34.

incre win rate is 0.08588957055214724.
[v3 step=3360] R_mean=0.3691 | G_n_mean=4.9044 (n=5) | q_tot_pred_mean=5.0439 | drbfn_loss=0.0110, qi_loss=0.0197, qtot_loss=2.2030

 Map 5m_vs_6m Algo r_drbfn_v3 Exp v3_5m_vs_6m_5M_seed2 updates 3360/6250 episodes, total num timesteps 2688800/5000000, FPS 34.

incre win rate is 0.05555555555555555.

 Map 5m_vs_6m Algo r_drbfn_v3 Exp v3_5m_vs_6m_5M_seed2 updates 3365/6250 episodes, total num timesteps 2692800/5000000, FPS 34.

incre win rate is 0.08588957055214724.
[v3 step=3370] R_mean=0.4156 | G_n_mean=5.3351 (n=5) | q_tot_pred_mean=5.2580 | drbfn_loss=0.0099, qi_loss=0.0240, qtot_loss=1.9365

 Map 5m_vs_6m Algo r_drbfn_v3 Exp v3_5m_vs_6m_5M_seed2 updates 3370/6250 episodes, total num timesteps 2696800/5000000, FPS 34.

incre win rate is 0.05389221556886228.

 Map 5m_vs_6m Algo r_drbfn_v3 Exp v3_5m_vs_6m_5M_seed2 updates 3375/6250 episodes, total num timesteps 2700800/5000000, FPS 34.

incre win rate is 0.09375.
eval win rate is 0.125.
[v3 step=3380] R_mean=0.3999 | G_n_mean=5.1360 (n=5) | q_tot_pred_mean=5.1312 | drbfn_loss=0.0099, qi_loss=0.0252, qtot_loss=1.3571

 Map 5m_vs_6m Algo r_drbfn_v3 Exp v3_5m_vs_6m_5M_seed2 updates 3380/6250 episodes, total num timesteps 2704800/5000000, FPS 35.

incre win rate is 0.09316770186335403.

 Map 5m_vs_6m Algo r_drbfn_v3 Exp v3_5m_vs_6m_5M_seed2 updates 3385/6250 episodes, total num timesteps 2708800/5000000, FPS 35.

incre win rate is 0.1111111111111111.
[v3 step=3390] R_mean=0.4186 | G_n_mean=5.3539 (n=5) | q_tot_pred_mean=5.3666 | drbfn_loss=0.0096, qi_loss=0.0221, qtot_loss=2.1442

 Map 5m_vs_6m Algo r_drbfn_v3 Exp v3_5m_vs_6m_5M_seed2 updates 3390/6250 episodes, total num timesteps 2712800/5000000, FPS 35.

incre win rate is 0.08176100628930817.

 Map 5m_vs_6m Algo r_drbfn_v3 Exp v3_5m_vs_6m_5M_seed2 updates 3395/6250 episodes, total num timesteps 2716800/5000000, FPS 35.

incre win rate is 0.10493827160493827.
[v3 step=3400] R_mean=0.3818 | G_n_mean=5.0274 (n=5) | q_tot_pred_mean=5.2397 | drbfn_loss=0.0109, qi_loss=0.0250, qtot_loss=1.7225

 Map 5m_vs_6m Algo r_drbfn_v3 Exp v3_5m_vs_6m_5M_seed2 updates 3400/6250 episodes, total num timesteps 2720800/5000000, FPS 35.

incre win rate is 0.08641975308641975.
eval win rate is 0.09375.

 Map 5m_vs_6m Algo r_drbfn_v3 Exp v3_5m_vs_6m_5M_seed2 updates 3405/6250 episodes, total num timesteps 2724800/5000000, FPS 35.

incre win rate is 0.06918238993710692.
[v3 step=3410] R_mean=0.3923 | G_n_mean=5.0118 (n=5) | q_tot_pred_mean=4.9364 | drbfn_loss=0.0099, qi_loss=0.0263, qtot_loss=1.4755

 Map 5m_vs_6m Algo r_drbfn_v3 Exp v3_5m_vs_6m_5M_seed2 updates 3410/6250 episodes, total num timesteps 2728800/5000000, FPS 35.

incre win rate is 0.10625.

 Map 5m_vs_6m Algo r_drbfn_v3 Exp v3_5m_vs_6m_5M_seed2 updates 3415/6250 episodes, total num timesteps 2732800/5000000, FPS 35.

incre win rate is 0.08695652173913043.
[v3 step=3420] R_mean=0.4167 | G_n_mean=5.4913 (n=5) | q_tot_pred_mean=5.5656 | drbfn_loss=0.0107, qi_loss=0.0203, qtot_loss=1.8528

 Map 5m_vs_6m Algo r_drbfn_v3 Exp v3_5m_vs_6m_5M_seed2 updates 3420/6250 episodes, total num timesteps 2736800/5000000, FPS 35.

incre win rate is 0.10625.

 Map 5m_vs_6m Algo r_drbfn_v3 Exp v3_5m_vs_6m_5M_seed2 updates 3425/6250 episodes, total num timesteps 2740800/5000000, FPS 35.

incre win rate is 0.07407407407407407.
eval win rate is 0.09375.
[v3 step=3430] R_mean=0.4250 | G_n_mean=5.3775 (n=5) | q_tot_pred_mean=5.2634 | drbfn_loss=0.0119, qi_loss=0.0332, qtot_loss=2.6818

 Map 5m_vs_6m Algo r_drbfn_v3 Exp v3_5m_vs_6m_5M_seed2 updates 3430/6250 episodes, total num timesteps 2744800/5000000, FPS 35.

incre win rate is 0.07692307692307693.

 Map 5m_vs_6m Algo r_drbfn_v3 Exp v3_5m_vs_6m_5M_seed2 updates 3435/6250 episodes, total num timesteps 2748800/5000000, FPS 35.

incre win rate is 0.11764705882352941.
[v3 step=3440] R_mean=0.4294 | G_n_mean=5.3711 (n=5) | q_tot_pred_mean=5.3395 | drbfn_loss=0.0111, qi_loss=0.0297, qtot_loss=2.6358

 Map 5m_vs_6m Algo r_drbfn_v3 Exp v3_5m_vs_6m_5M_seed2 updates 3440/6250 episodes, total num timesteps 2752800/5000000, FPS 35.

incre win rate is 0.14743589743589744.

 Map 5m_vs_6m Algo r_drbfn_v3 Exp v3_5m_vs_6m_5M_seed2 updates 3445/6250 episodes, total num timesteps 2756800/5000000, FPS 35.

incre win rate is 0.08280254777070063.
[v3 step=3450] R_mean=0.4250 | G_n_mean=5.5281 (n=5) | q_tot_pred_mean=5.4956 | drbfn_loss=0.0096, qi_loss=0.0292, qtot_loss=2.2164

 Map 5m_vs_6m Algo r_drbfn_v3 Exp v3_5m_vs_6m_5M_seed2 updates 3450/6250 episodes, total num timesteps 2760800/5000000, FPS 35.

incre win rate is 0.09615384615384616.
eval win rate is 0.15625.

 Map 5m_vs_6m Algo r_drbfn_v3 Exp v3_5m_vs_6m_5M_seed2 updates 3455/6250 episodes, total num timesteps 2764800/5000000, FPS 35.

incre win rate is 0.11612903225806452.
[v3 step=3460] R_mean=0.4163 | G_n_mean=5.3963 (n=5) | q_tot_pred_mean=5.3184 | drbfn_loss=0.0112, qi_loss=0.0252, qtot_loss=1.7102

 Map 5m_vs_6m Algo r_drbfn_v3 Exp v3_5m_vs_6m_5M_seed2 updates 3460/6250 episodes, total num timesteps 2768800/5000000, FPS 35.

incre win rate is 0.10967741935483871.

 Map 5m_vs_6m Algo r_drbfn_v3 Exp v3_5m_vs_6m_5M_seed2 updates 3465/6250 episodes, total num timesteps 2772800/5000000, FPS 35.

incre win rate is 0.11320754716981132.
[v3 step=3470] R_mean=0.3955 | G_n_mean=5.1695 (n=5) | q_tot_pred_mean=5.2869 | drbfn_loss=0.0114, qi_loss=0.0205, qtot_loss=2.0009

 Map 5m_vs_6m Algo r_drbfn_v3 Exp v3_5m_vs_6m_5M_seed2 updates 3470/6250 episodes, total num timesteps 2776800/5000000, FPS 35.

incre win rate is 0.12258064516129032.

 Map 5m_vs_6m Algo r_drbfn_v3 Exp v3_5m_vs_6m_5M_seed2 updates 3475/6250 episodes, total num timesteps 2780800/5000000, FPS 35.

incre win rate is 0.16883116883116883.
eval win rate is 0.15625.
[v3 step=3480] R_mean=0.3739 | G_n_mean=4.9429 (n=5) | q_tot_pred_mean=5.1207 | drbfn_loss=0.0122, qi_loss=0.0273, qtot_loss=2.1711

 Map 5m_vs_6m Algo r_drbfn_v3 Exp v3_5m_vs_6m_5M_seed2 updates 3480/6250 episodes, total num timesteps 2784800/5000000, FPS 35.

incre win rate is 0.125.

 Map 5m_vs_6m Algo r_drbfn_v3 Exp v3_5m_vs_6m_5M_seed2 updates 3485/6250 episodes, total num timesteps 2788800/5000000, FPS 35.

incre win rate is 0.055900621118012424.
[v3 step=3490] R_mean=0.3953 | G_n_mean=5.2436 (n=5) | q_tot_pred_mean=5.2437 | drbfn_loss=0.0111, qi_loss=0.0273, qtot_loss=1.5246

 Map 5m_vs_6m Algo r_drbfn_v3 Exp v3_5m_vs_6m_5M_seed2 updates 3490/6250 episodes, total num timesteps 2792800/5000000, FPS 35.

incre win rate is 0.0875.

 Map 5m_vs_6m Algo r_drbfn_v3 Exp v3_5m_vs_6m_5M_seed2 updates 3495/6250 episodes, total num timesteps 2796800/5000000, FPS 35.

incre win rate is 0.050314465408805034.
[v3 step=3500] R_mean=0.3887 | G_n_mean=5.1042 (n=5) | q_tot_pred_mean=5.1085 | drbfn_loss=0.0109, qi_loss=0.0276, qtot_loss=1.7792

 Map 5m_vs_6m Algo r_drbfn_v3 Exp v3_5m_vs_6m_5M_seed2 updates 3500/6250 episodes, total num timesteps 2800800/5000000, FPS 35.

incre win rate is 0.06832298136645963.
eval win rate is 0.0625.

 Map 5m_vs_6m Algo r_drbfn_v3 Exp v3_5m_vs_6m_5M_seed2 updates 3505/6250 episodes, total num timesteps 2804800/5000000, FPS 35.

incre win rate is 0.0949367088607595.
[v3 step=3510] R_mean=0.4393 | G_n_mean=5.5964 (n=5) | q_tot_pred_mean=5.4178 | drbfn_loss=0.0106, qi_loss=0.0388, qtot_loss=2.4831

 Map 5m_vs_6m Algo r_drbfn_v3 Exp v3_5m_vs_6m_5M_seed2 updates 3510/6250 episodes, total num timesteps 2808800/5000000, FPS 35.

incre win rate is 0.11875.

 Map 5m_vs_6m Algo r_drbfn_v3 Exp v3_5m_vs_6m_5M_seed2 updates 3515/6250 episodes, total num timesteps 2812800/5000000, FPS 35.

incre win rate is 0.08695652173913043.
[v3 step=3520] R_mean=0.4158 | G_n_mean=5.2950 (n=5) | q_tot_pred_mean=5.3611 | drbfn_loss=0.0108, qi_loss=0.0222, qtot_loss=1.7243

 Map 5m_vs_6m Algo r_drbfn_v3 Exp v3_5m_vs_6m_5M_seed2 updates 3520/6250 episodes, total num timesteps 2816800/5000000, FPS 35.

incre win rate is 0.08641975308641975.

 Map 5m_vs_6m Algo r_drbfn_v3 Exp v3_5m_vs_6m_5M_seed2 updates 3525/6250 episodes, total num timesteps 2820800/5000000, FPS 35.

incre win rate is 0.17834394904458598.
eval win rate is 0.1875.
[v3 step=3530] R_mean=0.3866 | G_n_mean=5.0861 (n=5) | q_tot_pred_mean=5.4102 | drbfn_loss=0.0098, qi_loss=0.0216, qtot_loss=1.2634

 Map 5m_vs_6m Algo r_drbfn_v3 Exp v3_5m_vs_6m_5M_seed2 updates 3530/6250 episodes, total num timesteps 2824800/5000000, FPS 35.

incre win rate is 0.11464968152866242.

 Map 5m_vs_6m Algo r_drbfn_v3 Exp v3_5m_vs_6m_5M_seed2 updates 3535/6250 episodes, total num timesteps 2828800/5000000, FPS 35.

incre win rate is 0.16560509554140126.
[v3 step=3540] R_mean=0.4254 | G_n_mean=5.3906 (n=5) | q_tot_pred_mean=5.4776 | drbfn_loss=0.0104, qi_loss=0.0280, qtot_loss=2.3149

 Map 5m_vs_6m Algo r_drbfn_v3 Exp v3_5m_vs_6m_5M_seed2 updates 3540/6250 episodes, total num timesteps 2832800/5000000, FPS 35.

incre win rate is 0.13125.

 Map 5m_vs_6m Algo r_drbfn_v3 Exp v3_5m_vs_6m_5M_seed2 updates 3545/6250 episodes, total num timesteps 2836800/5000000, FPS 36.

incre win rate is 0.10493827160493827.
[v3 step=3550] R_mean=0.3857 | G_n_mean=5.1096 (n=5) | q_tot_pred_mean=5.2602 | drbfn_loss=0.0106, qi_loss=0.0253, qtot_loss=1.4508

 Map 5m_vs_6m Algo r_drbfn_v3 Exp v3_5m_vs_6m_5M_seed2 updates 3550/6250 episodes, total num timesteps 2840800/5000000, FPS 36.

incre win rate is 0.13043478260869565.
eval win rate is 0.1875.

 Map 5m_vs_6m Algo r_drbfn_v3 Exp v3_5m_vs_6m_5M_seed2 updates 3555/6250 episodes, total num timesteps 2844800/5000000, FPS 36.

incre win rate is 0.08024691358024691.
[v3 step=3560] R_mean=0.4200 | G_n_mean=5.5080 (n=5) | q_tot_pred_mean=5.4434 | drbfn_loss=0.0106, qi_loss=0.0271, qtot_loss=2.0832

 Map 5m_vs_6m Algo r_drbfn_v3 Exp v3_5m_vs_6m_5M_seed2 updates 3560/6250 episodes, total num timesteps 2848800/5000000, FPS 36.

incre win rate is 0.09202453987730061.

 Map 5m_vs_6m Algo r_drbfn_v3 Exp v3_5m_vs_6m_5M_seed2 updates 3565/6250 episodes, total num timesteps 2852800/5000000, FPS 36.

incre win rate is 0.10625.
[v3 step=3570] R_mean=0.3963 | G_n_mean=5.1951 (n=5) | q_tot_pred_mean=5.3434 | drbfn_loss=0.0102, qi_loss=0.0261, qtot_loss=1.8104

 Map 5m_vs_6m Algo r_drbfn_v3 Exp v3_5m_vs_6m_5M_seed2 updates 3570/6250 episodes, total num timesteps 2856800/5000000, FPS 36.

incre win rate is 0.09375.

 Map 5m_vs_6m Algo r_drbfn_v3 Exp v3_5m_vs_6m_5M_seed2 updates 3575/6250 episodes, total num timesteps 2860800/5000000, FPS 36.

incre win rate is 0.07878787878787878.
eval win rate is 0.09375.
[v3 step=3580] R_mean=0.3920 | G_n_mean=5.1504 (n=5) | q_tot_pred_mean=5.4135 | drbfn_loss=0.0119, qi_loss=0.0238, qtot_loss=2.2924

 Map 5m_vs_6m Algo r_drbfn_v3 Exp v3_5m_vs_6m_5M_seed2 updates 3580/6250 episodes, total num timesteps 2864800/5000000, FPS 36.

incre win rate is 0.10559006211180125.

 Map 5m_vs_6m Algo r_drbfn_v3 Exp v3_5m_vs_6m_5M_seed2 updates 3585/6250 episodes, total num timesteps 2868800/5000000, FPS 36.

incre win rate is 0.05555555555555555.
[v3 step=3590] R_mean=0.3754 | G_n_mean=5.0185 (n=5) | q_tot_pred_mean=5.1504 | drbfn_loss=0.0104, qi_loss=0.0211, qtot_loss=1.0375

 Map 5m_vs_6m Algo r_drbfn_v3 Exp v3_5m_vs_6m_5M_seed2 updates 3590/6250 episodes, total num timesteps 2872800/5000000, FPS 36.

incre win rate is 0.075.

 Map 5m_vs_6m Algo r_drbfn_v3 Exp v3_5m_vs_6m_5M_seed2 updates 3595/6250 episodes, total num timesteps 2876800/5000000, FPS 36.

incre win rate is 0.07407407407407407.
[v3 step=3600] R_mean=0.3612 | G_n_mean=4.8019 (n=5) | q_tot_pred_mean=5.0266 | drbfn_loss=0.0108, qi_loss=0.0213, qtot_loss=1.6391

 Map 5m_vs_6m Algo r_drbfn_v3 Exp v3_5m_vs_6m_5M_seed2 updates 3600/6250 episodes, total num timesteps 2880800/5000000, FPS 36.

incre win rate is 0.06060606060606061.
eval win rate is 0.0625.

 Map 5m_vs_6m Algo r_drbfn_v3 Exp v3_5m_vs_6m_5M_seed2 updates 3605/6250 episodes, total num timesteps 2884800/5000000, FPS 36.

incre win rate is 0.054878048780487805.
[v3 step=3610] R_mean=0.4195 | G_n_mean=5.3450 (n=5) | q_tot_pred_mean=5.4696 | drbfn_loss=0.0129, qi_loss=0.0319, qtot_loss=2.5901

 Map 5m_vs_6m Algo r_drbfn_v3 Exp v3_5m_vs_6m_5M_seed2 updates 3610/6250 episodes, total num timesteps 2888800/5000000, FPS 36.

incre win rate is 0.08641975308641975.

 Map 5m_vs_6m Algo r_drbfn_v3 Exp v3_5m_vs_6m_5M_seed2 updates 3615/6250 episodes, total num timesteps 2892800/5000000, FPS 36.

incre win rate is 0.09202453987730061.
[v3 step=3620] R_mean=0.3920 | G_n_mean=5.2027 (n=5) | q_tot_pred_mean=5.1106 | drbfn_loss=0.0119, qi_loss=0.0295, qtot_loss=2.2927

 Map 5m_vs_6m Algo r_drbfn_v3 Exp v3_5m_vs_6m_5M_seed2 updates 3620/6250 episodes, total num timesteps 2896800/5000000, FPS 36.

incre win rate is 0.06329113924050633.

 Map 5m_vs_6m Algo r_drbfn_v3 Exp v3_5m_vs_6m_5M_seed2 updates 3625/6250 episodes, total num timesteps 2900800/5000000, FPS 36.

incre win rate is 0.07228915662650602.
eval win rate is 0.09375.
[v3 step=3630] R_mean=0.4247 | G_n_mean=5.4517 (n=5) | q_tot_pred_mean=5.4938 | drbfn_loss=0.0118, qi_loss=0.0258, qtot_loss=3.0697

 Map 5m_vs_6m Algo r_drbfn_v3 Exp v3_5m_vs_6m_5M_seed2 updates 3630/6250 episodes, total num timesteps 2904800/5000000, FPS 36.

incre win rate is 0.10559006211180125.

 Map 5m_vs_6m Algo r_drbfn_v3 Exp v3_5m_vs_6m_5M_seed2 updates 3635/6250 episodes, total num timesteps 2908800/5000000, FPS 36.

incre win rate is 0.08695652173913043.
[v3 step=3640] R_mean=0.3833 | G_n_mean=5.0333 (n=5) | q_tot_pred_mean=5.1054 | drbfn_loss=0.0123, qi_loss=0.0338, qtot_loss=1.9287

 Map 5m_vs_6m Algo r_drbfn_v3 Exp v3_5m_vs_6m_5M_seed2 updates 3640/6250 episodes, total num timesteps 2912800/5000000, FPS 36.

incre win rate is 0.09615384615384616.

 Map 5m_vs_6m Algo r_drbfn_v3 Exp v3_5m_vs_6m_5M_seed2 updates 3645/6250 episodes, total num timesteps 2916800/5000000, FPS 36.

incre win rate is 0.05555555555555555.
[v3 step=3650] R_mean=0.4446 | G_n_mean=5.6533 (n=5) | q_tot_pred_mean=5.4801 | drbfn_loss=0.0116, qi_loss=0.0418, qtot_loss=2.9546

 Map 5m_vs_6m Algo r_drbfn_v3 Exp v3_5m_vs_6m_5M_seed2 updates 3650/6250 episodes, total num timesteps 2920800/5000000, FPS 36.

incre win rate is 0.13043478260869565.
eval win rate is 0.0625.

 Map 5m_vs_6m Algo r_drbfn_v3 Exp v3_5m_vs_6m_5M_seed2 updates 3655/6250 episodes, total num timesteps 2924800/5000000, FPS 36.

incre win rate is 0.14285714285714285.
[v3 step=3660] R_mean=0.4122 | G_n_mean=5.2936 (n=5) | q_tot_pred_mean=5.1500 | drbfn_loss=0.0131, qi_loss=0.0365, qtot_loss=2.6597

 Map 5m_vs_6m Algo r_drbfn_v3 Exp v3_5m_vs_6m_5M_seed2 updates 3660/6250 episodes, total num timesteps 2928800/5000000, FPS 36.

incre win rate is 0.08974358974358974.

 Map 5m_vs_6m Algo r_drbfn_v3 Exp v3_5m_vs_6m_5M_seed2 updates 3665/6250 episodes, total num timesteps 2932800/5000000, FPS 36.

incre win rate is 0.0949367088607595.
[v3 step=3670] R_mean=0.4082 | G_n_mean=5.4045 (n=5) | q_tot_pred_mean=5.3842 | drbfn_loss=0.0122, qi_loss=0.0227, qtot_loss=1.8859

 Map 5m_vs_6m Algo r_drbfn_v3 Exp v3_5m_vs_6m_5M_seed2 updates 3670/6250 episodes, total num timesteps 2936800/5000000, FPS 36.

incre win rate is 0.0875.

 Map 5m_vs_6m Algo r_drbfn_v3 Exp v3_5m_vs_6m_5M_seed2 updates 3675/6250 episodes, total num timesteps 2940800/5000000, FPS 36.

incre win rate is 0.0736196319018405.
eval win rate is 0.125.
[v3 step=3680] R_mean=0.4267 | G_n_mean=5.5451 (n=5) | q_tot_pred_mean=5.3792 | drbfn_loss=0.0115, qi_loss=0.0275, qtot_loss=2.3790

 Map 5m_vs_6m Algo r_drbfn_v3 Exp v3_5m_vs_6m_5M_seed2 updates 3680/6250 episodes, total num timesteps 2944800/5000000, FPS 36.

incre win rate is 0.08024691358024691.

 Map 5m_vs_6m Algo r_drbfn_v3 Exp v3_5m_vs_6m_5M_seed2 updates 3685/6250 episodes, total num timesteps 2948800/5000000, FPS 36.

incre win rate is 0.13924050632911392.
[v3 step=3690] R_mean=0.4212 | G_n_mean=5.4351 (n=5) | q_tot_pred_mean=5.5406 | drbfn_loss=0.0122, qi_loss=0.0250, qtot_loss=1.8025

 Map 5m_vs_6m Algo r_drbfn_v3 Exp v3_5m_vs_6m_5M_seed2 updates 3690/6250 episodes, total num timesteps 2952800/5000000, FPS 36.

incre win rate is 0.08074534161490683.

 Map 5m_vs_6m Algo r_drbfn_v3 Exp v3_5m_vs_6m_5M_seed2 updates 3695/6250 episodes, total num timesteps 2956800/5000000, FPS 36.

incre win rate is 0.08176100628930817.
[v3 step=3700] R_mean=0.3650 | G_n_mean=4.7835 (n=5) | q_tot_pred_mean=5.0985 | drbfn_loss=0.0124, qi_loss=0.0244, qtot_loss=2.3258

 Map 5m_vs_6m Algo r_drbfn_v3 Exp v3_5m_vs_6m_5M_seed2 updates 3700/6250 episodes, total num timesteps 2960800/5000000, FPS 36.

incre win rate is 0.05660377358490566.
eval win rate is 0.1875.

 Map 5m_vs_6m Algo r_drbfn_v3 Exp v3_5m_vs_6m_5M_seed2 updates 3705/6250 episodes, total num timesteps 2964800/5000000, FPS 36.

incre win rate is 0.09433962264150944.
[v3 step=3710] R_mean=0.3850 | G_n_mean=5.0939 (n=5) | q_tot_pred_mean=5.0917 | drbfn_loss=0.0106, qi_loss=0.0228, qtot_loss=1.9136

 Map 5m_vs_6m Algo r_drbfn_v3 Exp v3_5m_vs_6m_5M_seed2 updates 3710/6250 episodes, total num timesteps 2968800/5000000, FPS 36.

incre win rate is 0.05357142857142857.

 Map 5m_vs_6m Algo r_drbfn_v3 Exp v3_5m_vs_6m_5M_seed2 updates 3715/6250 episodes, total num timesteps 2972800/5000000, FPS 37.

incre win rate is 0.04878048780487805.
[v3 step=3720] R_mean=0.3835 | G_n_mean=5.0333 (n=5) | q_tot_pred_mean=5.1186 | drbfn_loss=0.0121, qi_loss=0.0311, qtot_loss=1.2960

 Map 5m_vs_6m Algo r_drbfn_v3 Exp v3_5m_vs_6m_5M_seed2 updates 3720/6250 episodes, total num timesteps 2976800/5000000, FPS 37.

incre win rate is 0.04375.

 Map 5m_vs_6m Algo r_drbfn_v3 Exp v3_5m_vs_6m_5M_seed2 updates 3725/6250 episodes, total num timesteps 2980800/5000000, FPS 37.

incre win rate is 0.06832298136645963.
eval win rate is 0.09375.
[v3 step=3730] R_mean=0.4041 | G_n_mean=5.4278 (n=5) | q_tot_pred_mean=5.4532 | drbfn_loss=0.0112, qi_loss=0.0269, qtot_loss=2.2305

 Map 5m_vs_6m Algo r_drbfn_v3 Exp v3_5m_vs_6m_5M_seed2 updates 3730/6250 episodes, total num timesteps 2984800/5000000, FPS 37.

incre win rate is 0.075.

 Map 5m_vs_6m Algo r_drbfn_v3 Exp v3_5m_vs_6m_5M_seed2 updates 3735/6250 episodes, total num timesteps 2988800/5000000, FPS 37.

incre win rate is 0.13125.
[v3 step=3740] R_mean=0.4498 | G_n_mean=5.6639 (n=5) | q_tot_pred_mean=5.3314 | drbfn_loss=0.0127, qi_loss=0.0409, qtot_loss=2.5367

 Map 5m_vs_6m Algo r_drbfn_v3 Exp v3_5m_vs_6m_5M_seed2 updates 3740/6250 episodes, total num timesteps 2992800/5000000, FPS 37.

incre win rate is 0.10559006211180125.

 Map 5m_vs_6m Algo r_drbfn_v3 Exp v3_5m_vs_6m_5M_seed2 updates 3745/6250 episodes, total num timesteps 2996800/5000000, FPS 37.

incre win rate is 0.09259259259259259.
[v3 step=3750] R_mean=0.3886 | G_n_mean=5.1142 (n=5) | q_tot_pred_mean=5.1292 | drbfn_loss=0.0127, qi_loss=0.0308, qtot_loss=2.3633

 Map 5m_vs_6m Algo r_drbfn_v3 Exp v3_5m_vs_6m_5M_seed2 updates 3750/6250 episodes, total num timesteps 3000800/5000000, FPS 37.

incre win rate is 0.11801242236024845.
eval win rate is 0.0625.

 Map 5m_vs_6m Algo r_drbfn_v3 Exp v3_5m_vs_6m_5M_seed2 updates 3755/6250 episodes, total num timesteps 3004800/5000000, FPS 37.

incre win rate is 0.1375.
[v3 step=3760] R_mean=0.3811 | G_n_mean=5.1031 (n=5) | q_tot_pred_mean=5.2311 | drbfn_loss=0.0118, qi_loss=0.0294, qtot_loss=2.1821

 Map 5m_vs_6m Algo r_drbfn_v3 Exp v3_5m_vs_6m_5M_seed2 updates 3760/6250 episodes, total num timesteps 3008800/5000000, FPS 37.

incre win rate is 0.11392405063291139.

 Map 5m_vs_6m Algo r_drbfn_v3 Exp v3_5m_vs_6m_5M_seed2 updates 3765/6250 episodes, total num timesteps 3012800/5000000, FPS 37.

incre win rate is 0.11612903225806452.
[v3 step=3770] R_mean=0.4147 | G_n_mean=5.4222 (n=5) | q_tot_pred_mean=5.4918 | drbfn_loss=0.0120, qi_loss=0.0362, qtot_loss=2.3141

 Map 5m_vs_6m Algo r_drbfn_v3 Exp v3_5m_vs_6m_5M_seed2 updates 3770/6250 episodes, total num timesteps 3016800/5000000, FPS 37.

incre win rate is 0.1069182389937107.

 Map 5m_vs_6m Algo r_drbfn_v3 Exp v3_5m_vs_6m_5M_seed2 updates 3775/6250 episodes, total num timesteps 3020800/5000000, FPS 37.

incre win rate is 0.08974358974358974.
eval win rate is 0.125.
[v3 step=3780] R_mean=0.4129 | G_n_mean=5.4443 (n=5) | q_tot_pred_mean=5.5950 | drbfn_loss=0.0125, qi_loss=0.0299, qtot_loss=2.4928

 Map 5m_vs_6m Algo r_drbfn_v3 Exp v3_5m_vs_6m_5M_seed2 updates 3780/6250 episodes, total num timesteps 3024800/5000000, FPS 37.

incre win rate is 0.1518987341772152.

 Map 5m_vs_6m Algo r_drbfn_v3 Exp v3_5m_vs_6m_5M_seed2 updates 3785/6250 episodes, total num timesteps 3028800/5000000, FPS 37.

incre win rate is 0.16025641025641027.
[v3 step=3790] R_mean=0.3999 | G_n_mean=5.4293 (n=5) | q_tot_pred_mean=5.5918 | drbfn_loss=0.0112, qi_loss=0.0293, qtot_loss=1.8861

 Map 5m_vs_6m Algo r_drbfn_v3 Exp v3_5m_vs_6m_5M_seed2 updates 3790/6250 episodes, total num timesteps 3032800/5000000, FPS 37.

incre win rate is 0.1069182389937107.

 Map 5m_vs_6m Algo r_drbfn_v3 Exp v3_5m_vs_6m_5M_seed2 updates 3795/6250 episodes, total num timesteps 3036800/5000000, FPS 37.

incre win rate is 0.14285714285714285.
[v3 step=3800] R_mean=0.4051 | G_n_mean=5.4319 (n=5) | q_tot_pred_mean=5.7561 | drbfn_loss=0.0120, qi_loss=0.0301, qtot_loss=2.9616

 Map 5m_vs_6m Algo r_drbfn_v3 Exp v3_5m_vs_6m_5M_seed2 updates 3800/6250 episodes, total num timesteps 3040800/5000000, FPS 37.

incre win rate is 0.14556962025316456.
eval win rate is 0.125.

 Map 5m_vs_6m Algo r_drbfn_v3 Exp v3_5m_vs_6m_5M_seed2 updates 3805/6250 episodes, total num timesteps 3044800/5000000, FPS 37.

incre win rate is 0.14743589743589744.
[v3 step=3810] R_mean=0.4143 | G_n_mean=5.4138 (n=5) | q_tot_pred_mean=5.5451 | drbfn_loss=0.0120, qi_loss=0.0405, qtot_loss=2.2578

 Map 5m_vs_6m Algo r_drbfn_v3 Exp v3_5m_vs_6m_5M_seed2 updates 3810/6250 episodes, total num timesteps 3048800/5000000, FPS 37.

incre win rate is 0.1069182389937107.

 Map 5m_vs_6m Algo r_drbfn_v3 Exp v3_5m_vs_6m_5M_seed2 updates 3815/6250 episodes, total num timesteps 3052800/5000000, FPS 37.

incre win rate is 0.11464968152866242.
[v3 step=3820] R_mean=0.4172 | G_n_mean=5.4651 (n=5) | q_tot_pred_mean=5.4890 | drbfn_loss=0.0105, qi_loss=0.0323, qtot_loss=2.3104

 Map 5m_vs_6m Algo r_drbfn_v3 Exp v3_5m_vs_6m_5M_seed2 updates 3820/6250 episodes, total num timesteps 3056800/5000000, FPS 37.

incre win rate is 0.07407407407407407.

 Map 5m_vs_6m Algo r_drbfn_v3 Exp v3_5m_vs_6m_5M_seed2 updates 3825/6250 episodes, total num timesteps 3060800/5000000, FPS 37.

incre win rate is 0.06962025316455696.
eval win rate is 0.28125.
[v3 step=3830] R_mean=0.4266 | G_n_mean=5.4851 (n=5) | q_tot_pred_mean=5.3729 | drbfn_loss=0.0122, qi_loss=0.0432, qtot_loss=2.4071

 Map 5m_vs_6m Algo r_drbfn_v3 Exp v3_5m_vs_6m_5M_seed2 updates 3830/6250 episodes, total num timesteps 3064800/5000000, FPS 37.

incre win rate is 0.09316770186335403.

 Map 5m_vs_6m Algo r_drbfn_v3 Exp v3_5m_vs_6m_5M_seed2 updates 3835/6250 episodes, total num timesteps 3068800/5000000, FPS 37.

incre win rate is 0.07317073170731707.
[v3 step=3840] R_mean=0.4009 | G_n_mean=5.3561 (n=5) | q_tot_pred_mean=5.3939 | drbfn_loss=0.0113, qi_loss=0.0273, qtot_loss=1.5044

 Map 5m_vs_6m Algo r_drbfn_v3 Exp v3_5m_vs_6m_5M_seed2 updates 3840/6250 episodes, total num timesteps 3072800/5000000, FPS 37.

incre win rate is 0.08024691358024691.

 Map 5m_vs_6m Algo r_drbfn_v3 Exp v3_5m_vs_6m_5M_seed2 updates 3845/6250 episodes, total num timesteps 3076800/5000000, FPS 37.

incre win rate is 0.08125.
[v3 step=3850] R_mean=0.3948 | G_n_mean=5.3950 (n=5) | q_tot_pred_mean=5.4069 | drbfn_loss=0.0128, qi_loss=0.0313, qtot_loss=2.3477

 Map 5m_vs_6m Algo r_drbfn_v3 Exp v3_5m_vs_6m_5M_seed2 updates 3850/6250 episodes, total num timesteps 3080800/5000000, FPS 37.

incre win rate is 0.030303030303030304.
eval win rate is 0.03125.

 Map 5m_vs_6m Algo r_drbfn_v3 Exp v3_5m_vs_6m_5M_seed2 updates 3855/6250 episodes, total num timesteps 3084800/5000000, FPS 37.

incre win rate is 0.07926829268292683.
[v3 step=3860] R_mean=0.3883 | G_n_mean=5.1946 (n=5) | q_tot_pred_mean=5.2759 | drbfn_loss=0.0105, qi_loss=0.0251, qtot_loss=1.3264

 Map 5m_vs_6m Algo r_drbfn_v3 Exp v3_5m_vs_6m_5M_seed2 updates 3860/6250 episodes, total num timesteps 3088800/5000000, FPS 37.

incre win rate is 0.03592814371257485.

 Map 5m_vs_6m Algo r_drbfn_v3 Exp v3_5m_vs_6m_5M_seed2 updates 3865/6250 episodes, total num timesteps 3092800/5000000, FPS 37.

incre win rate is 0.030120481927710843.
[v3 step=3870] R_mean=0.3892 | G_n_mean=5.2970 (n=5) | q_tot_pred_mean=5.4088 | drbfn_loss=0.0111, qi_loss=0.0274, qtot_loss=2.1465

 Map 5m_vs_6m Algo r_drbfn_v3 Exp v3_5m_vs_6m_5M_seed2 updates 3870/6250 episodes, total num timesteps 3096800/5000000, FPS 37.

incre win rate is 0.04216867469879518.

 Map 5m_vs_6m Algo r_drbfn_v3 Exp v3_5m_vs_6m_5M_seed2 updates 3875/6250 episodes, total num timesteps 3100800/5000000, FPS 37.

incre win rate is 0.0658682634730539.
eval win rate is 0.03125.
[v3 step=3880] R_mean=0.3842 | G_n_mean=5.2142 (n=5) | q_tot_pred_mean=5.2773 | drbfn_loss=0.0118, qi_loss=0.0243, qtot_loss=1.2927

 Map 5m_vs_6m Algo r_drbfn_v3 Exp v3_5m_vs_6m_5M_seed2 updates 3880/6250 episodes, total num timesteps 3104800/5000000, FPS 37.

incre win rate is 0.006134969325153374.

 Map 5m_vs_6m Algo r_drbfn_v3 Exp v3_5m_vs_6m_5M_seed2 updates 3885/6250 episodes, total num timesteps 3108800/5000000, FPS 37.

incre win rate is 0.06666666666666667.
[v3 step=3890] R_mean=0.4100 | G_n_mean=5.3662 (n=5) | q_tot_pred_mean=5.3932 | drbfn_loss=0.0108, qi_loss=0.0315, qtot_loss=2.6559

 Map 5m_vs_6m Algo r_drbfn_v3 Exp v3_5m_vs_6m_5M_seed2 updates 3890/6250 episodes, total num timesteps 3112800/5000000, FPS 37.

incre win rate is 0.05454545454545454.

 Map 5m_vs_6m Algo r_drbfn_v3 Exp v3_5m_vs_6m_5M_seed2 updates 3895/6250 episodes, total num timesteps 3116800/5000000, FPS 37.

incre win rate is 0.055900621118012424.
[v3 step=3900] R_mean=0.4057 | G_n_mean=5.3503 (n=5) | q_tot_pred_mean=5.4182 | drbfn_loss=0.0110, qi_loss=0.0340, qtot_loss=2.0266

 Map 5m_vs_6m Algo r_drbfn_v3 Exp v3_5m_vs_6m_5M_seed2 updates 3900/6250 episodes, total num timesteps 3120800/5000000, FPS 37.

incre win rate is 0.03048780487804878.
eval win rate is 0.03125.

 Map 5m_vs_6m Algo r_drbfn_v3 Exp v3_5m_vs_6m_5M_seed2 updates 3905/6250 episodes, total num timesteps 3124800/5000000, FPS 37.

incre win rate is 0.08125.
[v3 step=3910] R_mean=0.3929 | G_n_mean=5.1170 (n=5) | q_tot_pred_mean=5.0942 | drbfn_loss=0.0127, qi_loss=0.0414, qtot_loss=1.7944

 Map 5m_vs_6m Algo r_drbfn_v3 Exp v3_5m_vs_6m_5M_seed2 updates 3910/6250 episodes, total num timesteps 3128800/5000000, FPS 37.

incre win rate is 0.08695652173913043.

 Map 5m_vs_6m Algo r_drbfn_v3 Exp v3_5m_vs_6m_5M_seed2 updates 3915/6250 episodes, total num timesteps 3132800/5000000, FPS 37.

incre win rate is 0.08125.
[v3 step=3920] R_mean=0.4256 | G_n_mean=5.4764 (n=5) | q_tot_pred_mean=5.4827 | drbfn_loss=0.0104, qi_loss=0.0275, qtot_loss=2.0683

 Map 5m_vs_6m Algo r_drbfn_v3 Exp v3_5m_vs_6m_5M_seed2 updates 3920/6250 episodes, total num timesteps 3136800/5000000, FPS 37.

incre win rate is 0.0875.

 Map 5m_vs_6m Algo r_drbfn_v3 Exp v3_5m_vs_6m_5M_seed2 updates 3925/6250 episodes, total num timesteps 3140800/5000000, FPS 37.

incre win rate is 0.062111801242236024.
eval win rate is 0.03125.
[v3 step=3930] R_mean=0.3932 | G_n_mean=5.1724 (n=5) | q_tot_pred_mean=5.1210 | drbfn_loss=0.0112, qi_loss=0.0259, qtot_loss=1.2998

 Map 5m_vs_6m Algo r_drbfn_v3 Exp v3_5m_vs_6m_5M_seed2 updates 3930/6250 episodes, total num timesteps 3144800/5000000, FPS 37.

incre win rate is 0.05454545454545454.

 Map 5m_vs_6m Algo r_drbfn_v3 Exp v3_5m_vs_6m_5M_seed2 updates 3935/6250 episodes, total num timesteps 3148800/5000000, FPS 37.

incre win rate is 0.04790419161676647.
[v3 step=3940] R_mean=0.3884 | G_n_mean=5.2146 (n=5) | q_tot_pred_mean=5.3315 | drbfn_loss=0.0123, qi_loss=0.0317, qtot_loss=2.2497

 Map 5m_vs_6m Algo r_drbfn_v3 Exp v3_5m_vs_6m_5M_seed2 updates 3940/6250 episodes, total num timesteps 3152800/5000000, FPS 37.

incre win rate is 0.05555555555555555.

 Map 5m_vs_6m Algo r_drbfn_v3 Exp v3_5m_vs_6m_5M_seed2 updates 3945/6250 episodes, total num timesteps 3156800/5000000, FPS 38.

incre win rate is 0.08695652173913043.
[v3 step=3950] R_mean=0.4469 | G_n_mean=5.6769 (n=5) | q_tot_pred_mean=5.5876 | drbfn_loss=0.0117, qi_loss=0.0401, qtot_loss=3.0966

 Map 5m_vs_6m Algo r_drbfn_v3 Exp v3_5m_vs_6m_5M_seed2 updates 3950/6250 episodes, total num timesteps 3160800/5000000, FPS 38.

incre win rate is 0.10493827160493827.
eval win rate is 0.21875.

 Map 5m_vs_6m Algo r_drbfn_v3 Exp v3_5m_vs_6m_5M_seed2 updates 3955/6250 episodes, total num timesteps 3164800/5000000, FPS 38.

incre win rate is 0.06962025316455696.
[v3 step=3960] R_mean=0.3852 | G_n_mean=4.9985 (n=5) | q_tot_pred_mean=5.1319 | drbfn_loss=0.0131, qi_loss=0.0308, qtot_loss=2.6400

 Map 5m_vs_6m Algo r_drbfn_v3 Exp v3_5m_vs_6m_5M_seed2 updates 3960/6250 episodes, total num timesteps 3168800/5000000, FPS 38.

incre win rate is 0.11392405063291139.

 Map 5m_vs_6m Algo r_drbfn_v3 Exp v3_5m_vs_6m_5M_seed2 updates 3965/6250 episodes, total num timesteps 3172800/5000000, FPS 38.

incre win rate is 0.1464968152866242.
[v3 step=3970] R_mean=0.4504 | G_n_mean=5.7934 (n=5) | q_tot_pred_mean=5.6692 | drbfn_loss=0.0115, qi_loss=0.0348, qtot_loss=1.9631

 Map 5m_vs_6m Algo r_drbfn_v3 Exp v3_5m_vs_6m_5M_seed2 updates 3970/6250 episodes, total num timesteps 3176800/5000000, FPS 38.

incre win rate is 0.1346153846153846.

 Map 5m_vs_6m Algo r_drbfn_v3 Exp v3_5m_vs_6m_5M_seed2 updates 3975/6250 episodes, total num timesteps 3180800/5000000, FPS 38.

incre win rate is 0.11801242236024845.
eval win rate is 0.03125.
[v3 step=3980] R_mean=0.4271 | G_n_mean=5.5574 (n=5) | q_tot_pred_mean=5.4944 | drbfn_loss=0.0118, qi_loss=0.0355, qtot_loss=2.1479

 Map 5m_vs_6m Algo r_drbfn_v3 Exp v3_5m_vs_6m_5M_seed2 updates 3980/6250 episodes, total num timesteps 3184800/5000000, FPS 38.

incre win rate is 0.10759493670886076.

 Map 5m_vs_6m Algo r_drbfn_v3 Exp v3_5m_vs_6m_5M_seed2 updates 3985/6250 episodes, total num timesteps 3188800/5000000, FPS 38.

incre win rate is 0.09375.
[v3 step=3990] R_mean=0.4545 | G_n_mean=5.7785 (n=5) | q_tot_pred_mean=5.6984 | drbfn_loss=0.0119, qi_loss=0.0338, qtot_loss=2.5512

 Map 5m_vs_6m Algo r_drbfn_v3 Exp v3_5m_vs_6m_5M_seed2 updates 3990/6250 episodes, total num timesteps 3192800/5000000, FPS 38.

incre win rate is 0.12962962962962962.

 Map 5m_vs_6m Algo r_drbfn_v3 Exp v3_5m_vs_6m_5M_seed2 updates 3995/6250 episodes, total num timesteps 3196800/5000000, FPS 38.

incre win rate is 0.11875.
[v3 step=4000] R_mean=0.4182 | G_n_mean=5.4751 (n=5) | q_tot_pred_mean=5.3671 | drbfn_loss=0.0107, qi_loss=0.0406, qtot_loss=2.1560

 Map 5m_vs_6m Algo r_drbfn_v3 Exp v3_5m_vs_6m_5M_seed2 updates 4000/6250 episodes, total num timesteps 3200800/5000000, FPS 38.

incre win rate is 0.125.
eval win rate is 0.15625.

 Map 5m_vs_6m Algo r_drbfn_v3 Exp v3_5m_vs_6m_5M_seed2 updates 4005/6250 episodes, total num timesteps 3204800/5000000, FPS 38.

incre win rate is 0.12658227848101267.
[v3 step=4010] R_mean=0.4553 | G_n_mean=5.9712 (n=5) | q_tot_pred_mean=5.8333 | drbfn_loss=0.0122, qi_loss=0.0409, qtot_loss=2.6913

 Map 5m_vs_6m Algo r_drbfn_v3 Exp v3_5m_vs_6m_5M_seed2 updates 4010/6250 episodes, total num timesteps 3208800/5000000, FPS 38.

incre win rate is 0.11464968152866242.

 Map 5m_vs_6m Algo r_drbfn_v3 Exp v3_5m_vs_6m_5M_seed2 updates 4015/6250 episodes, total num timesteps 3212800/5000000, FPS 38.

incre win rate is 0.13043478260869565.
[v3 step=4020] R_mean=0.4582 | G_n_mean=5.8947 (n=5) | q_tot_pred_mean=5.9744 | drbfn_loss=0.0114, qi_loss=0.0399, qtot_loss=2.9350

 Map 5m_vs_6m Algo r_drbfn_v3 Exp v3_5m_vs_6m_5M_seed2 updates 4020/6250 episodes, total num timesteps 3216800/5000000, FPS 38.

incre win rate is 0.18867924528301888.

 Map 5m_vs_6m Algo r_drbfn_v3 Exp v3_5m_vs_6m_5M_seed2 updates 4025/6250 episodes, total num timesteps 3220800/5000000, FPS 38.

incre win rate is 0.13924050632911392.
eval win rate is 0.15625.
[v3 step=4030] R_mean=0.4418 | G_n_mean=5.8902 (n=5) | q_tot_pred_mean=5.7936 | drbfn_loss=0.0105, qi_loss=0.0366, qtot_loss=2.4821

 Map 5m_vs_6m Algo r_drbfn_v3 Exp v3_5m_vs_6m_5M_seed2 updates 4030/6250 episodes, total num timesteps 3224800/5000000, FPS 38.

incre win rate is 0.16149068322981366.

 Map 5m_vs_6m Algo r_drbfn_v3 Exp v3_5m_vs_6m_5M_seed2 updates 4035/6250 episodes, total num timesteps 3228800/5000000, FPS 38.

incre win rate is 0.1.
[v3 step=4040] R_mean=0.4266 | G_n_mean=5.6527 (n=5) | q_tot_pred_mean=5.6581 | drbfn_loss=0.0106, qi_loss=0.0369, qtot_loss=1.8296

 Map 5m_vs_6m Algo r_drbfn_v3 Exp v3_5m_vs_6m_5M_seed2 updates 4040/6250 episodes, total num timesteps 3232800/5000000, FPS 38.

incre win rate is 0.15432098765432098.

 Map 5m_vs_6m Algo r_drbfn_v3 Exp v3_5m_vs_6m_5M_seed2 updates 4045/6250 episodes, total num timesteps 3236800/5000000, FPS 38.

incre win rate is 0.08536585365853659.
[v3 step=4050] R_mean=0.4103 | G_n_mean=5.3359 (n=5) | q_tot_pred_mean=5.4396 | drbfn_loss=0.0103, qi_loss=0.0364, qtot_loss=1.4703

 Map 5m_vs_6m Algo r_drbfn_v3 Exp v3_5m_vs_6m_5M_seed2 updates 4050/6250 episodes, total num timesteps 3240800/5000000, FPS 38.

incre win rate is 0.12121212121212122.
eval win rate is 0.21875.

 Map 5m_vs_6m Algo r_drbfn_v3 Exp v3_5m_vs_6m_5M_seed2 updates 4055/6250 episodes, total num timesteps 3244800/5000000, FPS 38.

incre win rate is 0.09815950920245399.
[v3 step=4060] R_mean=0.4049 | G_n_mean=5.4818 (n=5) | q_tot_pred_mean=5.4247 | drbfn_loss=0.0122, qi_loss=0.0369, qtot_loss=2.1642

 Map 5m_vs_6m Algo r_drbfn_v3 Exp v3_5m_vs_6m_5M_seed2 updates 4060/6250 episodes, total num timesteps 3248800/5000000, FPS 38.

incre win rate is 0.09696969696969697.

 Map 5m_vs_6m Algo r_drbfn_v3 Exp v3_5m_vs_6m_5M_seed2 updates 4065/6250 episodes, total num timesteps 3252800/5000000, FPS 38.

incre win rate is 0.0736196319018405.
[v3 step=4070] R_mean=0.3997 | G_n_mean=5.3704 (n=5) | q_tot_pred_mean=5.5275 | drbfn_loss=0.0107, qi_loss=0.0353, qtot_loss=2.0451

 Map 5m_vs_6m Algo r_drbfn_v3 Exp v3_5m_vs_6m_5M_seed2 updates 4070/6250 episodes, total num timesteps 3256800/5000000, FPS 38.

incre win rate is 0.11515151515151516.

 Map 5m_vs_6m Algo r_drbfn_v3 Exp v3_5m_vs_6m_5M_seed2 updates 4075/6250 episodes, total num timesteps 3260800/5000000, FPS 38.

incre win rate is 0.1625.
eval win rate is 0.0625.
[v3 step=4080] R_mean=0.4073 | G_n_mean=5.4978 (n=5) | q_tot_pred_mean=5.6022 | drbfn_loss=0.0109, qi_loss=0.0340, qtot_loss=2.2797

 Map 5m_vs_6m Algo r_drbfn_v3 Exp v3_5m_vs_6m_5M_seed2 updates 4080/6250 episodes, total num timesteps 3264800/5000000, FPS 38.

incre win rate is 0.07272727272727272.

 Map 5m_vs_6m Algo r_drbfn_v3 Exp v3_5m_vs_6m_5M_seed2 updates 4085/6250 episodes, total num timesteps 3268800/5000000, FPS 38.

incre win rate is 0.15723270440251572.
[v3 step=4090] R_mean=0.4572 | G_n_mean=5.8483 (n=5) | q_tot_pred_mean=5.7876 | drbfn_loss=0.0119, qi_loss=0.0428, qtot_loss=2.6262

 Map 5m_vs_6m Algo r_drbfn_v3 Exp v3_5m_vs_6m_5M_seed2 updates 4090/6250 episodes, total num timesteps 3272800/5000000, FPS 38.

incre win rate is 0.12345679012345678.

 Map 5m_vs_6m Algo r_drbfn_v3 Exp v3_5m_vs_6m_5M_seed2 updates 4095/6250 episodes, total num timesteps 3276800/5000000, FPS 38.

incre win rate is 0.12422360248447205.
[v3 step=4100] R_mean=0.4137 | G_n_mean=5.5794 (n=5) | q_tot_pred_mean=5.7287 | drbfn_loss=0.0107, qi_loss=0.0327, qtot_loss=1.5113

 Map 5m_vs_6m Algo r_drbfn_v3 Exp v3_5m_vs_6m_5M_seed2 updates 4100/6250 episodes, total num timesteps 3280800/5000000, FPS 38.

incre win rate is 0.1503267973856209.
eval win rate is 0.1875.

 Map 5m_vs_6m Algo r_drbfn_v3 Exp v3_5m_vs_6m_5M_seed2 updates 4105/6250 episodes, total num timesteps 3284800/5000000, FPS 38.

incre win rate is 0.16025641025641027.
[v3 step=4110] R_mean=0.4121 | G_n_mean=5.3431 (n=5) | q_tot_pred_mean=5.3551 | drbfn_loss=0.0112, qi_loss=0.0449, qtot_loss=2.4066

 Map 5m_vs_6m Algo r_drbfn_v3 Exp v3_5m_vs_6m_5M_seed2 updates 4110/6250 episodes, total num timesteps 3288800/5000000, FPS 38.

incre win rate is 0.15527950310559005.

 Map 5m_vs_6m Algo r_drbfn_v3 Exp v3_5m_vs_6m_5M_seed2 updates 4115/6250 episodes, total num timesteps 3292800/5000000, FPS 38.

incre win rate is 0.16352201257861634.
[v3 step=4120] R_mean=0.4408 | G_n_mean=5.6163 (n=5) | q_tot_pred_mean=5.7378 | drbfn_loss=0.0107, qi_loss=0.0387, qtot_loss=2.4118

 Map 5m_vs_6m Algo r_drbfn_v3 Exp v3_5m_vs_6m_5M_seed2 updates 4120/6250 episodes, total num timesteps 3296800/5000000, FPS 38.

incre win rate is 0.17073170731707318.

 Map 5m_vs_6m Algo r_drbfn_v3 Exp v3_5m_vs_6m_5M_seed2 updates 4125/6250 episodes, total num timesteps 3300800/5000000, FPS 38.

incre win rate is 0.147239263803681.
eval win rate is 0.09375.
[v3 step=4130] R_mean=0.4433 | G_n_mean=5.6631 (n=5) | q_tot_pred_mean=5.7819 | drbfn_loss=0.0109, qi_loss=0.0358, qtot_loss=2.0082

 Map 5m_vs_6m Algo r_drbfn_v3 Exp v3_5m_vs_6m_5M_seed2 updates 4130/6250 episodes, total num timesteps 3304800/5000000, FPS 38.

incre win rate is 0.1962025316455696.

 Map 5m_vs_6m Algo r_drbfn_v3 Exp v3_5m_vs_6m_5M_seed2 updates 4135/6250 episodes, total num timesteps 3308800/5000000, FPS 38.

incre win rate is 0.10975609756097561.
[v3 step=4140] R_mean=0.4508 | G_n_mean=5.8456 (n=5) | q_tot_pred_mean=5.5168 | drbfn_loss=0.0115, qi_loss=0.0440, qtot_loss=2.7979

 Map 5m_vs_6m Algo r_drbfn_v3 Exp v3_5m_vs_6m_5M_seed2 updates 4140/6250 episodes, total num timesteps 3312800/5000000, FPS 38.

incre win rate is 0.07407407407407407.

 Map 5m_vs_6m Algo r_drbfn_v3 Exp v3_5m_vs_6m_5M_seed2 updates 4145/6250 episodes, total num timesteps 3316800/5000000, FPS 38.

incre win rate is 0.12195121951219512.
[v3 step=4150] R_mean=0.4737 | G_n_mean=5.9358 (n=5) | q_tot_pred_mean=5.5797 | drbfn_loss=0.0117, qi_loss=0.0543, qtot_loss=3.3594

 Map 5m_vs_6m Algo r_drbfn_v3 Exp v3_5m_vs_6m_5M_seed2 updates 4150/6250 episodes, total num timesteps 3320800/5000000, FPS 38.

incre win rate is 0.14906832298136646.
eval win rate is 0.1875.

 Map 5m_vs_6m Algo r_drbfn_v3 Exp v3_5m_vs_6m_5M_seed2 updates 4155/6250 episodes, total num timesteps 3324800/5000000, FPS 38.

incre win rate is 0.147239263803681.
[v3 step=4160] R_mean=0.4369 | G_n_mean=5.6728 (n=5) | q_tot_pred_mean=5.6662 | drbfn_loss=0.0112, qi_loss=0.0411, qtot_loss=2.4876

 Map 5m_vs_6m Algo r_drbfn_v3 Exp v3_5m_vs_6m_5M_seed2 updates 4160/6250 episodes, total num timesteps 3328800/5000000, FPS 38.

incre win rate is 0.10559006211180125.

 Map 5m_vs_6m Algo r_drbfn_v3 Exp v3_5m_vs_6m_5M_seed2 updates 4165/6250 episodes, total num timesteps 3332800/5000000, FPS 38.

incre win rate is 0.16455696202531644.
[v3 step=4170] R_mean=0.4425 | G_n_mean=5.9465 (n=5) | q_tot_pred_mean=6.0501 | drbfn_loss=0.0116, qi_loss=0.0400, qtot_loss=1.9668

 Map 5m_vs_6m Algo r_drbfn_v3 Exp v3_5m_vs_6m_5M_seed2 updates 4170/6250 episodes, total num timesteps 3336800/5000000, FPS 38.

incre win rate is 0.14193548387096774.

 Map 5m_vs_6m Algo r_drbfn_v3 Exp v3_5m_vs_6m_5M_seed2 updates 4175/6250 episodes, total num timesteps 3340800/5000000, FPS 38.

incre win rate is 0.1949685534591195.
eval win rate is 0.25.
[v3 step=4180] R_mean=0.4280 | G_n_mean=5.6497 (n=5) | q_tot_pred_mean=5.6181 | drbfn_loss=0.0114, qi_loss=0.0366, qtot_loss=2.2961

 Map 5m_vs_6m Algo r_drbfn_v3 Exp v3_5m_vs_6m_5M_seed2 updates 4180/6250 episodes, total num timesteps 3344800/5000000, FPS 38.

incre win rate is 0.11801242236024845.

 Map 5m_vs_6m Algo r_drbfn_v3 Exp v3_5m_vs_6m_5M_seed2 updates 4185/6250 episodes, total num timesteps 3348800/5000000, FPS 38.

incre win rate is 0.12962962962962962.
[v3 step=4190] R_mean=0.4233 | G_n_mean=5.6947 (n=5) | q_tot_pred_mean=5.9451 | drbfn_loss=0.0112, qi_loss=0.0310, qtot_loss=2.3243

 Map 5m_vs_6m Algo r_drbfn_v3 Exp v3_5m_vs_6m_5M_seed2 updates 4190/6250 episodes, total num timesteps 3352800/5000000, FPS 38.

incre win rate is 0.13580246913580246.

 Map 5m_vs_6m Algo r_drbfn_v3 Exp v3_5m_vs_6m_5M_seed2 updates 4195/6250 episodes, total num timesteps 3356800/5000000, FPS 38.

incre win rate is 0.1402439024390244.
[v3 step=4200] R_mean=0.4014 | G_n_mean=5.4139 (n=5) | q_tot_pred_mean=5.6486 | drbfn_loss=0.0111, qi_loss=0.0383, qtot_loss=1.8843

 Map 5m_vs_6m Algo r_drbfn_v3 Exp v3_5m_vs_6m_5M_seed2 updates 4200/6250 episodes, total num timesteps 3360800/5000000, FPS 39.

incre win rate is 0.12422360248447205.
eval win rate is 0.21875.

 Map 5m_vs_6m Algo r_drbfn_v3 Exp v3_5m_vs_6m_5M_seed2 updates 4205/6250 episodes, total num timesteps 3364800/5000000, FPS 39.

incre win rate is 0.15527950310559005.
[v3 step=4210] R_mean=0.4013 | G_n_mean=5.4639 (n=5) | q_tot_pred_mean=5.7129 | drbfn_loss=0.0118, qi_loss=0.0369, qtot_loss=2.3191

 Map 5m_vs_6m Algo r_drbfn_v3 Exp v3_5m_vs_6m_5M_seed2 updates 4210/6250 episodes, total num timesteps 3368800/5000000, FPS 39.

incre win rate is 0.10493827160493827.

 Map 5m_vs_6m Algo r_drbfn_v3 Exp v3_5m_vs_6m_5M_seed2 updates 4215/6250 episodes, total num timesteps 3372800/5000000, FPS 39.

incre win rate is 0.13836477987421383.
[v3 step=4220] R_mean=0.4580 | G_n_mean=6.0124 (n=5) | q_tot_pred_mean=5.8960 | drbfn_loss=0.0127, qi_loss=0.0387, qtot_loss=2.7519

 Map 5m_vs_6m Algo r_drbfn_v3 Exp v3_5m_vs_6m_5M_seed2 updates 4220/6250 episodes, total num timesteps 3376800/5000000, FPS 39.

incre win rate is 0.1411042944785276.

 Map 5m_vs_6m Algo r_drbfn_v3 Exp v3_5m_vs_6m_5M_seed2 updates 4225/6250 episodes, total num timesteps 3380800/5000000, FPS 39.

incre win rate is 0.15151515151515152.
eval win rate is 0.21875.
[v3 step=4230] R_mean=0.4464 | G_n_mean=5.8181 (n=5) | q_tot_pred_mean=5.9451 | drbfn_loss=0.0129, qi_loss=0.0409, qtot_loss=3.5009

 Map 5m_vs_6m Algo r_drbfn_v3 Exp v3_5m_vs_6m_5M_seed2 updates 4230/6250 episodes, total num timesteps 3384800/5000000, FPS 39.

incre win rate is 0.19875776397515527.

 Map 5m_vs_6m Algo r_drbfn_v3 Exp v3_5m_vs_6m_5M_seed2 updates 4235/6250 episodes, total num timesteps 3388800/5000000, FPS 39.

incre win rate is 0.13664596273291926.
[v3 step=4240] R_mean=0.4339 | G_n_mean=5.8271 (n=5) | q_tot_pred_mean=5.7295 | drbfn_loss=0.0139, qi_loss=0.0407, qtot_loss=2.2827

 Map 5m_vs_6m Algo r_drbfn_v3 Exp v3_5m_vs_6m_5M_seed2 updates 4240/6250 episodes, total num timesteps 3392800/5000000, FPS 39.

incre win rate is 0.11585365853658537.

 Map 5m_vs_6m Algo r_drbfn_v3 Exp v3_5m_vs_6m_5M_seed2 updates 4245/6250 episodes, total num timesteps 3396800/5000000, FPS 39.

incre win rate is 0.15432098765432098.
[v3 step=4250] R_mean=0.4083 | G_n_mean=5.5575 (n=5) | q_tot_pred_mean=5.7778 | drbfn_loss=0.0119, qi_loss=0.0317, qtot_loss=2.4905

 Map 5m_vs_6m Algo r_drbfn_v3 Exp v3_5m_vs_6m_5M_seed2 updates 4250/6250 episodes, total num timesteps 3400800/5000000, FPS 39.

incre win rate is 0.09316770186335403.
eval win rate is 0.15625.

 Map 5m_vs_6m Algo r_drbfn_v3 Exp v3_5m_vs_6m_5M_seed2 updates 4255/6250 episodes, total num timesteps 3404800/5000000, FPS 39.

incre win rate is 0.08982035928143713.
[v3 step=4260] R_mean=0.4717 | G_n_mean=5.9956 (n=5) | q_tot_pred_mean=5.6334 | drbfn_loss=0.0124, qi_loss=0.0480, qtot_loss=3.0825

 Map 5m_vs_6m Algo r_drbfn_v3 Exp v3_5m_vs_6m_5M_seed2 updates 4260/6250 episodes, total num timesteps 3408800/5000000, FPS 39.

incre win rate is 0.16666666666666666.

 Map 5m_vs_6m Algo r_drbfn_v3 Exp v3_5m_vs_6m_5M_seed2 updates 4265/6250 episodes, total num timesteps 3412800/5000000, FPS 39.

incre win rate is 0.18012422360248448.
[v3 step=4270] R_mean=0.4075 | G_n_mean=5.4746 (n=5) | q_tot_pred_mean=5.4942 | drbfn_loss=0.0130, qi_loss=0.0376, qtot_loss=1.8161

 Map 5m_vs_6m Algo r_drbfn_v3 Exp v3_5m_vs_6m_5M_seed2 updates 4270/6250 episodes, total num timesteps 3416800/5000000, FPS 39.

incre win rate is 0.12883435582822086.

 Map 5m_vs_6m Algo r_drbfn_v3 Exp v3_5m_vs_6m_5M_seed2 updates 4275/6250 episodes, total num timesteps 3420800/5000000, FPS 39.

incre win rate is 0.20382165605095542.
eval win rate is 0.15625.
[v3 step=4280] R_mean=0.4470 | G_n_mean=6.0003 (n=5) | q_tot_pred_mean=6.1484 | drbfn_loss=0.0126, qi_loss=0.0411, qtot_loss=2.0675

 Map 5m_vs_6m Algo r_drbfn_v3 Exp v3_5m_vs_6m_5M_seed2 updates 4280/6250 episodes, total num timesteps 3424800/5000000, FPS 39.

incre win rate is 0.10365853658536585.

 Map 5m_vs_6m Algo r_drbfn_v3 Exp v3_5m_vs_6m_5M_seed2 updates 4285/6250 episodes, total num timesteps 3428800/5000000, FPS 39.

incre win rate is 0.17575757575757575.
[v3 step=4290] R_mean=0.4514 | G_n_mean=6.0754 (n=5) | q_tot_pred_mean=6.0213 | drbfn_loss=0.0122, qi_loss=0.0438, qtot_loss=2.8887

 Map 5m_vs_6m Algo r_drbfn_v3 Exp v3_5m_vs_6m_5M_seed2 updates 4290/6250 episodes, total num timesteps 3432800/5000000, FPS 39.

incre win rate is 0.16149068322981366.

 Map 5m_vs_6m Algo r_drbfn_v3 Exp v3_5m_vs_6m_5M_seed2 updates 4295/6250 episodes, total num timesteps 3436800/5000000, FPS 39.

incre win rate is 0.15.
[v3 step=4300] R_mean=0.4151 | G_n_mean=5.4666 (n=5) | q_tot_pred_mean=5.5869 | drbfn_loss=0.0110, qi_loss=0.0387, qtot_loss=2.0009

 Map 5m_vs_6m Algo r_drbfn_v3 Exp v3_5m_vs_6m_5M_seed2 updates 4300/6250 episodes, total num timesteps 3440800/5000000, FPS 39.

incre win rate is 0.13664596273291926.
eval win rate is 0.125.

 Map 5m_vs_6m Algo r_drbfn_v3 Exp v3_5m_vs_6m_5M_seed2 updates 4305/6250 episodes, total num timesteps 3444800/5000000, FPS 39.

incre win rate is 0.06285714285714286.
[v3 step=4310] R_mean=0.3960 | G_n_mean=5.3731 (n=5) | q_tot_pred_mean=5.1768 | drbfn_loss=0.0115, qi_loss=0.0409, qtot_loss=2.4825

 Map 5m_vs_6m Algo r_drbfn_v3 Exp v3_5m_vs_6m_5M_seed2 updates 4310/6250 episodes, total num timesteps 3448800/5000000, FPS 39.

incre win rate is 0.05714285714285714.

 Map 5m_vs_6m Algo r_drbfn_v3 Exp v3_5m_vs_6m_5M_seed2 updates 4315/6250 episodes, total num timesteps 3452800/5000000, FPS 39.

incre win rate is 0.147239263803681.
[v3 step=4320] R_mean=0.4425 | G_n_mean=5.9404 (n=5) | q_tot_pred_mean=6.1539 | drbfn_loss=0.0130, qi_loss=0.0501, qtot_loss=2.7201

 Map 5m_vs_6m Algo r_drbfn_v3 Exp v3_5m_vs_6m_5M_seed2 updates 4320/6250 episodes, total num timesteps 3456800/5000000, FPS 39.

incre win rate is 0.16352201257861634.

 Map 5m_vs_6m Algo r_drbfn_v3 Exp v3_5m_vs_6m_5M_seed2 updates 4325/6250 episodes, total num timesteps 3460800/5000000, FPS 39.

incre win rate is 0.1320754716981132.
eval win rate is 0.09375.
[v3 step=4330] R_mean=0.4127 | G_n_mean=5.5022 (n=5) | q_tot_pred_mean=5.4863 | drbfn_loss=0.0137, qi_loss=0.0469, qtot_loss=2.4869

 Map 5m_vs_6m Algo r_drbfn_v3 Exp v3_5m_vs_6m_5M_seed2 updates 4330/6250 episodes, total num timesteps 3464800/5000000, FPS 39.

incre win rate is 0.10828025477707007.

 Map 5m_vs_6m Algo r_drbfn_v3 Exp v3_5m_vs_6m_5M_seed2 updates 4335/6250 episodes, total num timesteps 3468800/5000000, FPS 39.

incre win rate is 0.12422360248447205.
[v3 step=4340] R_mean=0.4487 | G_n_mean=5.8198 (n=5) | q_tot_pred_mean=5.6255 | drbfn_loss=0.0115, qi_loss=0.0462, qtot_loss=2.2852

 Map 5m_vs_6m Algo r_drbfn_v3 Exp v3_5m_vs_6m_5M_seed2 updates 4340/6250 episodes, total num timesteps 3472800/5000000, FPS 39.

incre win rate is 0.11728395061728394.

 Map 5m_vs_6m Algo r_drbfn_v3 Exp v3_5m_vs_6m_5M_seed2 updates 4345/6250 episodes, total num timesteps 3476800/5000000, FPS 39.

incre win rate is 0.07317073170731707.
[v3 step=4350] R_mean=0.4282 | G_n_mean=5.7514 (n=5) | q_tot_pred_mean=5.9294 | drbfn_loss=0.0121, qi_loss=0.0472, qtot_loss=2.6561

 Map 5m_vs_6m Algo r_drbfn_v3 Exp v3_5m_vs_6m_5M_seed2 updates 4350/6250 episodes, total num timesteps 3480800/5000000, FPS 39.

incre win rate is 0.16149068322981366.
eval win rate is 0.25.

 Map 5m_vs_6m Algo r_drbfn_v3 Exp v3_5m_vs_6m_5M_seed2 updates 4355/6250 episodes, total num timesteps 3484800/5000000, FPS 39.

incre win rate is 0.08588957055214724.
[v3 step=4360] R_mean=0.4048 | G_n_mean=5.3345 (n=5) | q_tot_pred_mean=5.2988 | drbfn_loss=0.0121, qi_loss=0.0398, qtot_loss=1.7124

 Map 5m_vs_6m Algo r_drbfn_v3 Exp v3_5m_vs_6m_5M_seed2 updates 4360/6250 episodes, total num timesteps 3488800/5000000, FPS 39.

incre win rate is 0.07317073170731707.

 Map 5m_vs_6m Algo r_drbfn_v3 Exp v3_5m_vs_6m_5M_seed2 updates 4365/6250 episodes, total num timesteps 3492800/5000000, FPS 39.

incre win rate is 0.1111111111111111.
[v3 step=4370] R_mean=0.4406 | G_n_mean=5.8313 (n=5) | q_tot_pred_mean=5.7817 | drbfn_loss=0.0130, qi_loss=0.0463, qtot_loss=3.0731

 Map 5m_vs_6m Algo r_drbfn_v3 Exp v3_5m_vs_6m_5M_seed2 updates 4370/6250 episodes, total num timesteps 3496800/5000000, FPS 39.

incre win rate is 0.08536585365853659.

 Map 5m_vs_6m Algo r_drbfn_v3 Exp v3_5m_vs_6m_5M_seed2 updates 4375/6250 episodes, total num timesteps 3500800/5000000, FPS 39.

incre win rate is 0.09036144578313253.
eval win rate is 0.1875.
[v3 step=4380] R_mean=0.4022 | G_n_mean=5.5240 (n=5) | q_tot_pred_mean=5.5368 | drbfn_loss=0.0112, qi_loss=0.0407, qtot_loss=2.7250

 Map 5m_vs_6m Algo r_drbfn_v3 Exp v3_5m_vs_6m_5M_seed2 updates 4380/6250 episodes, total num timesteps 3504800/5000000, FPS 39.

incre win rate is 0.09815950920245399.

 Map 5m_vs_6m Algo r_drbfn_v3 Exp v3_5m_vs_6m_5M_seed2 updates 4385/6250 episodes, total num timesteps 3508800/5000000, FPS 39.

incre win rate is 0.15.
[v3 step=4390] R_mean=0.4184 | G_n_mean=5.6407 (n=5) | q_tot_pred_mean=5.6779 | drbfn_loss=0.0124, qi_loss=0.0484, qtot_loss=1.7046

 Map 5m_vs_6m Algo r_drbfn_v3 Exp v3_5m_vs_6m_5M_seed2 updates 4390/6250 episodes, total num timesteps 3512800/5000000, FPS 39.

incre win rate is 0.12422360248447205.

 Map 5m_vs_6m Algo r_drbfn_v3 Exp v3_5m_vs_6m_5M_seed2 updates 4395/6250 episodes, total num timesteps 3516800/5000000, FPS 39.

incre win rate is 0.13664596273291926.
[v3 step=4400] R_mean=0.4127 | G_n_mean=5.5290 (n=5) | q_tot_pred_mean=5.6068 | drbfn_loss=0.0121, qi_loss=0.0455, qtot_loss=2.3532

 Map 5m_vs_6m Algo r_drbfn_v3 Exp v3_5m_vs_6m_5M_seed2 updates 4400/6250 episodes, total num timesteps 3520800/5000000, FPS 39.

incre win rate is 0.11801242236024845.
eval win rate is 0.0625.

 Map 5m_vs_6m Algo r_drbfn_v3 Exp v3_5m_vs_6m_5M_seed2 updates 4405/6250 episodes, total num timesteps 3524800/5000000, FPS 39.

incre win rate is 0.09202453987730061.
[v3 step=4410] R_mean=0.4307 | G_n_mean=5.8304 (n=5) | q_tot_pred_mean=5.8381 | drbfn_loss=0.0134, qi_loss=0.0538, qtot_loss=2.8490

 Map 5m_vs_6m Algo r_drbfn_v3 Exp v3_5m_vs_6m_5M_seed2 updates 4410/6250 episodes, total num timesteps 3528800/5000000, FPS 39.

incre win rate is 0.12345679012345678.

 Map 5m_vs_6m Algo r_drbfn_v3 Exp v3_5m_vs_6m_5M_seed2 updates 4415/6250 episodes, total num timesteps 3532800/5000000, FPS 39.

incre win rate is 0.1069182389937107.
[v3 step=4420] R_mean=0.4947 | G_n_mean=6.3211 (n=5) | q_tot_pred_mean=5.7512 | drbfn_loss=0.0137, qi_loss=0.0481, qtot_loss=2.9762

 Map 5m_vs_6m Algo r_drbfn_v3 Exp v3_5m_vs_6m_5M_seed2 updates 4420/6250 episodes, total num timesteps 3536800/5000000, FPS 39.

incre win rate is 0.12195121951219512.

 Map 5m_vs_6m Algo r_drbfn_v3 Exp v3_5m_vs_6m_5M_seed2 updates 4425/6250 episodes, total num timesteps 3540800/5000000, FPS 39.

incre win rate is 0.09090909090909091.
eval win rate is 0.25.
[v3 step=4430] R_mean=0.4658 | G_n_mean=6.0491 (n=5) | q_tot_pred_mean=5.8900 | drbfn_loss=0.0146, qi_loss=0.0597, qtot_loss=3.3692

 Map 5m_vs_6m Algo r_drbfn_v3 Exp v3_5m_vs_6m_5M_seed2 updates 4430/6250 episodes, total num timesteps 3544800/5000000, FPS 39.

incre win rate is 0.1411042944785276.

 Map 5m_vs_6m Algo r_drbfn_v3 Exp v3_5m_vs_6m_5M_seed2 updates 4435/6250 episodes, total num timesteps 3548800/5000000, FPS 40.

incre win rate is 0.13580246913580246.
[v3 step=4440] R_mean=0.3674 | G_n_mean=4.9615 (n=5) | q_tot_pred_mean=5.1051 | drbfn_loss=0.0123, qi_loss=0.0404, qtot_loss=2.1455

 Map 5m_vs_6m Algo r_drbfn_v3 Exp v3_5m_vs_6m_5M_seed2 updates 4440/6250 episodes, total num timesteps 3552800/5000000, FPS 40.

incre win rate is 0.07926829268292683.

 Map 5m_vs_6m Algo r_drbfn_v3 Exp v3_5m_vs_6m_5M_seed2 updates 4445/6250 episodes, total num timesteps 3556800/5000000, FPS 40.

incre win rate is 0.1464968152866242.
[v3 step=4450] R_mean=0.4531 | G_n_mean=5.9470 (n=5) | q_tot_pred_mean=6.1669 | drbfn_loss=0.0125, qi_loss=0.0553, qtot_loss=2.8062

 Map 5m_vs_6m Algo r_drbfn_v3 Exp v3_5m_vs_6m_5M_seed2 updates 4450/6250 episodes, total num timesteps 3560800/5000000, FPS 40.

incre win rate is 0.1568627450980392.
eval win rate is 0.125.

 Map 5m_vs_6m Algo r_drbfn_v3 Exp v3_5m_vs_6m_5M_seed2 updates 4455/6250 episodes, total num timesteps 3564800/5000000, FPS 40.

incre win rate is 0.18633540372670807.
[v3 step=4460] R_mean=0.3949 | G_n_mean=5.4978 (n=5) | q_tot_pred_mean=5.6623 | drbfn_loss=0.0130, qi_loss=0.0410, qtot_loss=1.7634

 Map 5m_vs_6m Algo r_drbfn_v3 Exp v3_5m_vs_6m_5M_seed2 updates 4460/6250 episodes, total num timesteps 3568800/5000000, FPS 40.

incre win rate is 0.13125.

 Map 5m_vs_6m Algo r_drbfn_v3 Exp v3_5m_vs_6m_5M_seed2 updates 4465/6250 episodes, total num timesteps 3572800/5000000, FPS 40.

incre win rate is 0.13496932515337423.
[v3 step=4470] R_mean=0.4376 | G_n_mean=5.8262 (n=5) | q_tot_pred_mean=5.8372 | drbfn_loss=0.0139, qi_loss=0.0484, qtot_loss=2.3091

 Map 5m_vs_6m Algo r_drbfn_v3 Exp v3_5m_vs_6m_5M_seed2 updates 4470/6250 episodes, total num timesteps 3576800/5000000, FPS 40.

incre win rate is 0.09316770186335403.

 Map 5m_vs_6m Algo r_drbfn_v3 Exp v3_5m_vs_6m_5M_seed2 updates 4475/6250 episodes, total num timesteps 3580800/5000000, FPS 40.

incre win rate is 0.15432098765432098.
eval win rate is 0.15625.
[v3 step=4480] R_mean=0.4650 | G_n_mean=6.1653 (n=5) | q_tot_pred_mean=6.0908 | drbfn_loss=0.0134, qi_loss=0.0513, qtot_loss=2.6179

 Map 5m_vs_6m Algo r_drbfn_v3 Exp v3_5m_vs_6m_5M_seed2 updates 4480/6250 episodes, total num timesteps 3584800/5000000, FPS 40.

incre win rate is 0.1320754716981132.

 Map 5m_vs_6m Algo r_drbfn_v3 Exp v3_5m_vs_6m_5M_seed2 updates 4485/6250 episodes, total num timesteps 3588800/5000000, FPS 40.

incre win rate is 0.17791411042944785.
[v3 step=4490] R_mean=0.4269 | G_n_mean=5.7791 (n=5) | q_tot_pred_mean=5.7279 | drbfn_loss=0.0133, qi_loss=0.0608, qtot_loss=2.6674

 Map 5m_vs_6m Algo r_drbfn_v3 Exp v3_5m_vs_6m_5M_seed2 updates 4490/6250 episodes, total num timesteps 3592800/5000000, FPS 40.

incre win rate is 0.12883435582822086.

 Map 5m_vs_6m Algo r_drbfn_v3 Exp v3_5m_vs_6m_5M_seed2 updates 4495/6250 episodes, total num timesteps 3596800/5000000, FPS 40.

incre win rate is 0.1656441717791411.
[v3 step=4500] R_mean=0.4252 | G_n_mean=5.8619 (n=5) | q_tot_pred_mean=5.9089 | drbfn_loss=0.0130, qi_loss=0.0543, qtot_loss=2.0506

 Map 5m_vs_6m Algo r_drbfn_v3 Exp v3_5m_vs_6m_5M_seed2 updates 4500/6250 episodes, total num timesteps 3600800/5000000, FPS 40.

incre win rate is 0.125.
eval win rate is 0.15625.

 Map 5m_vs_6m Algo r_drbfn_v3 Exp v3_5m_vs_6m_5M_seed2 updates 4505/6250 episodes, total num timesteps 3604800/5000000, FPS 40.

incre win rate is 0.189873417721519.
[v3 step=4510] R_mean=0.4279 | G_n_mean=5.7572 (n=5) | q_tot_pred_mean=5.6357 | drbfn_loss=0.0132, qi_loss=0.0591, qtot_loss=2.6636

 Map 5m_vs_6m Algo r_drbfn_v3 Exp v3_5m_vs_6m_5M_seed2 updates 4510/6250 episodes, total num timesteps 3608800/5000000, FPS 40.

incre win rate is 0.1165644171779141.

 Map 5m_vs_6m Algo r_drbfn_v3 Exp v3_5m_vs_6m_5M_seed2 updates 4515/6250 episodes, total num timesteps 3612800/5000000, FPS 40.

incre win rate is 0.11801242236024845.
[v3 step=4520] R_mean=0.4692 | G_n_mean=5.9937 (n=5) | q_tot_pred_mean=5.8516 | drbfn_loss=0.0130, qi_loss=0.0517, qtot_loss=2.7200

 Map 5m_vs_6m Algo r_drbfn_v3 Exp v3_5m_vs_6m_5M_seed2 updates 4520/6250 episodes, total num timesteps 3616800/5000000, FPS 40.

incre win rate is 0.11949685534591195.

 Map 5m_vs_6m Algo r_drbfn_v3 Exp v3_5m_vs_6m_5M_seed2 updates 4525/6250 episodes, total num timesteps 3620800/5000000, FPS 40.

incre win rate is 0.1125.
eval win rate is 0.1875.
[v3 step=4530] R_mean=0.4302 | G_n_mean=5.7114 (n=5) | q_tot_pred_mean=5.7130 | drbfn_loss=0.0128, qi_loss=0.0589, qtot_loss=2.6965

 Map 5m_vs_6m Algo r_drbfn_v3 Exp v3_5m_vs_6m_5M_seed2 updates 4530/6250 episodes, total num timesteps 3624800/5000000, FPS 40.

incre win rate is 0.1518987341772152.

 Map 5m_vs_6m Algo r_drbfn_v3 Exp v3_5m_vs_6m_5M_seed2 updates 4535/6250 episodes, total num timesteps 3628800/5000000, FPS 40.

incre win rate is 0.11180124223602485.
[v3 step=4540] R_mean=0.4144 | G_n_mean=5.6912 (n=5) | q_tot_pred_mean=5.8246 | drbfn_loss=0.0143, qi_loss=0.1062, qtot_loss=3.8305

 Map 5m_vs_6m Algo r_drbfn_v3 Exp v3_5m_vs_6m_5M_seed2 updates 4540/6250 episodes, total num timesteps 3632800/5000000, FPS 40.

incre win rate is 0.11949685534591195.

 Map 5m_vs_6m Algo r_drbfn_v3 Exp v3_5m_vs_6m_5M_seed2 updates 4545/6250 episodes, total num timesteps 3636800/5000000, FPS 40.

incre win rate is 0.16352201257861634.
[v3 step=4550] R_mean=0.4140 | G_n_mean=5.4693 (n=5) | q_tot_pred_mean=5.5666 | drbfn_loss=0.0138, qi_loss=0.0535, qtot_loss=2.4723

 Map 5m_vs_6m Algo r_drbfn_v3 Exp v3_5m_vs_6m_5M_seed2 updates 4550/6250 episodes, total num timesteps 3640800/5000000, FPS 40.

incre win rate is 0.1125.
eval win rate is 0.09375.

 Map 5m_vs_6m Algo r_drbfn_v3 Exp v3_5m_vs_6m_5M_seed2 updates 4555/6250 episodes, total num timesteps 3644800/5000000, FPS 40.

incre win rate is 0.08125.
[v3 step=4560] R_mean=0.3833 | G_n_mean=5.0333 (n=5) | q_tot_pred_mean=5.5112 | drbfn_loss=0.0118, qi_loss=0.0521, qtot_loss=2.1598

 Map 5m_vs_6m Algo r_drbfn_v3 Exp v3_5m_vs_6m_5M_seed2 updates 4560/6250 episodes, total num timesteps 3648800/5000000, FPS 40.

incre win rate is 0.1320754716981132.

 Map 5m_vs_6m Algo r_drbfn_v3 Exp v3_5m_vs_6m_5M_seed2 updates 4565/6250 episodes, total num timesteps 3652800/5000000, FPS 40.

incre win rate is 0.12804878048780488.
[v3 step=4570] R_mean=0.4248 | G_n_mean=5.7521 (n=5) | q_tot_pred_mean=5.6945 | drbfn_loss=0.0136, qi_loss=0.0466, qtot_loss=2.1021

 Map 5m_vs_6m Algo r_drbfn_v3 Exp v3_5m_vs_6m_5M_seed2 updates 4570/6250 episodes, total num timesteps 3656800/5000000, FPS 40.

incre win rate is 0.12578616352201258.

 Map 5m_vs_6m Algo r_drbfn_v3 Exp v3_5m_vs_6m_5M_seed2 updates 4575/6250 episodes, total num timesteps 3660800/5000000, FPS 40.

incre win rate is 0.13125.
eval win rate is 0.28125.
[v3 step=4580] R_mean=0.4285 | G_n_mean=5.7281 (n=5) | q_tot_pred_mean=5.5717 | drbfn_loss=0.0144, qi_loss=0.0598, qtot_loss=2.3936

 Map 5m_vs_6m Algo r_drbfn_v3 Exp v3_5m_vs_6m_5M_seed2 updates 4580/6250 episodes, total num timesteps 3664800/5000000, FPS 40.

incre win rate is 0.08484848484848485.

 Map 5m_vs_6m Algo r_drbfn_v3 Exp v3_5m_vs_6m_5M_seed2 updates 4585/6250 episodes, total num timesteps 3668800/5000000, FPS 40.

incre win rate is 0.10625.
[v3 step=4590] R_mean=0.3854 | G_n_mean=5.2605 (n=5) | q_tot_pred_mean=5.5577 | drbfn_loss=0.0150, qi_loss=0.0531, qtot_loss=2.2549

 Map 5m_vs_6m Algo r_drbfn_v3 Exp v3_5m_vs_6m_5M_seed2 updates 4590/6250 episodes, total num timesteps 3672800/5000000, FPS 40.

incre win rate is 0.11464968152866242.

 Map 5m_vs_6m Algo r_drbfn_v3 Exp v3_5m_vs_6m_5M_seed2 updates 4595/6250 episodes, total num timesteps 3676800/5000000, FPS 40.

incre win rate is 0.13924050632911392.
[v3 step=4600] R_mean=0.4269 | G_n_mean=5.7685 (n=5) | q_tot_pred_mean=5.6023 | drbfn_loss=0.0130, qi_loss=0.0492, qtot_loss=2.5325

 Map 5m_vs_6m Algo r_drbfn_v3 Exp v3_5m_vs_6m_5M_seed2 updates 4600/6250 episodes, total num timesteps 3680800/5000000, FPS 40.

incre win rate is 0.12422360248447205.
eval win rate is 0.03125.

 Map 5m_vs_6m Algo r_drbfn_v3 Exp v3_5m_vs_6m_5M_seed2 updates 4605/6250 episodes, total num timesteps 3684800/5000000, FPS 40.

incre win rate is 0.14556962025316456.
[v3 step=4610] R_mean=0.4157 | G_n_mean=5.5349 (n=5) | q_tot_pred_mean=5.6039 | drbfn_loss=0.0129, qi_loss=0.0562, qtot_loss=2.6645

 Map 5m_vs_6m Algo r_drbfn_v3 Exp v3_5m_vs_6m_5M_seed2 updates 4610/6250 episodes, total num timesteps 3688800/5000000, FPS 40.

incre win rate is 0.09202453987730061.

 Map 5m_vs_6m Algo r_drbfn_v3 Exp v3_5m_vs_6m_5M_seed2 updates 4615/6250 episodes, total num timesteps 3692800/5000000, FPS 40.

incre win rate is 0.04597701149425287.
[v3 step=4620] R_mean=0.3768 | G_n_mean=4.6830 (n=5) | q_tot_pred_mean=4.3029 | drbfn_loss=0.0109, qi_loss=0.0519, qtot_loss=1.8694

 Map 5m_vs_6m Algo r_drbfn_v3 Exp v3_5m_vs_6m_5M_seed2 updates 4620/6250 episodes, total num timesteps 3696800/5000000, FPS 40.

incre win rate is 0.010752688172043012.

 Map 5m_vs_6m Algo r_drbfn_v3 Exp v3_5m_vs_6m_5M_seed2 updates 4625/6250 episodes, total num timesteps 3700800/5000000, FPS 40.

incre win rate is 0.0.
eval win rate is 0.0.
[v3 step=4630] R_mean=0.3764 | G_n_mean=4.5685 (n=5) | q_tot_pred_mean=4.8769 | drbfn_loss=0.0105, qi_loss=0.0436, qtot_loss=1.9249

 Map 5m_vs_6m Algo r_drbfn_v3 Exp v3_5m_vs_6m_5M_seed2 updates 4630/6250 episodes, total num timesteps 3704800/5000000, FPS 40.

incre win rate is 0.005405405405405406.

 Map 5m_vs_6m Algo r_drbfn_v3 Exp v3_5m_vs_6m_5M_seed2 updates 4635/6250 episodes, total num timesteps 3708800/5000000, FPS 40.

incre win rate is 0.005434782608695652.
[v3 step=4640] R_mean=0.3908 | G_n_mean=4.8848 (n=5) | q_tot_pred_mean=4.8073 | drbfn_loss=0.0115, qi_loss=0.0446, qtot_loss=2.2957

 Map 5m_vs_6m Algo r_drbfn_v3 Exp v3_5m_vs_6m_5M_seed2 updates 4640/6250 episodes, total num timesteps 3712800/5000000, FPS 40.

incre win rate is 0.022598870056497175.

 Map 5m_vs_6m Algo r_drbfn_v3 Exp v3_5m_vs_6m_5M_seed2 updates 4645/6250 episodes, total num timesteps 3716800/5000000, FPS 40.

incre win rate is 0.011363636363636364.
[v3 step=4650] R_mean=0.3744 | G_n_mean=4.6622 (n=5) | q_tot_pred_mean=4.7720 | drbfn_loss=0.0122, qi_loss=0.0444, qtot_loss=1.9708

 Map 5m_vs_6m Algo r_drbfn_v3 Exp v3_5m_vs_6m_5M_seed2 updates 4650/6250 episodes, total num timesteps 3720800/5000000, FPS 40.

incre win rate is 0.05232558139534884.
eval win rate is 0.0.

 Map 5m_vs_6m Algo r_drbfn_v3 Exp v3_5m_vs_6m_5M_seed2 updates 4655/6250 episodes, total num timesteps 3724800/5000000, FPS 40.

incre win rate is 0.029069767441860465.
[v3 step=4660] R_mean=0.4306 | G_n_mean=5.3142 (n=5) | q_tot_pred_mean=5.1175 | drbfn_loss=0.0124, qi_loss=0.0525, qtot_loss=2.0817

 Map 5m_vs_6m Algo r_drbfn_v3 Exp v3_5m_vs_6m_5M_seed2 updates 4660/6250 episodes, total num timesteps 3728800/5000000, FPS 40.

incre win rate is 0.04597701149425287.

 Map 5m_vs_6m Algo r_drbfn_v3 Exp v3_5m_vs_6m_5M_seed2 updates 4665/6250 episodes, total num timesteps 3732800/5000000, FPS 40.

incre win rate is 0.056818181818181816.
[v3 step=4670] R_mean=0.4155 | G_n_mean=5.1605 (n=5) | q_tot_pred_mean=5.0822 | drbfn_loss=0.0130, qi_loss=0.0426, qtot_loss=2.3114

 Map 5m_vs_6m Algo r_drbfn_v3 Exp v3_5m_vs_6m_5M_seed2 updates 4670/6250 episodes, total num timesteps 3736800/5000000, FPS 40.

incre win rate is 0.046511627906976744.

 Map 5m_vs_6m Algo r_drbfn_v3 Exp v3_5m_vs_6m_5M_seed2 updates 4675/6250 episodes, total num timesteps 3740800/5000000, FPS 40.

incre win rate is 0.07017543859649122.
eval win rate is 0.09375.
[v3 step=4680] R_mean=0.4416 | G_n_mean=5.4461 (n=5) | q_tot_pred_mean=5.5411 | drbfn_loss=0.0123, qi_loss=0.0510, qtot_loss=2.4665

 Map 5m_vs_6m Algo r_drbfn_v3 Exp v3_5m_vs_6m_5M_seed2 updates 4680/6250 episodes, total num timesteps 3744800/5000000, FPS 40.

incre win rate is 0.11242603550295859.

 Map 5m_vs_6m Algo r_drbfn_v3 Exp v3_5m_vs_6m_5M_seed2 updates 4685/6250 episodes, total num timesteps 3748800/5000000, FPS 40.

incre win rate is 0.041176470588235294.
[v3 step=4690] R_mean=0.4124 | G_n_mean=5.1284 (n=5) | q_tot_pred_mean=5.1015 | drbfn_loss=0.0124, qi_loss=0.0414, qtot_loss=1.6981

 Map 5m_vs_6m Algo r_drbfn_v3 Exp v3_5m_vs_6m_5M_seed2 updates 4690/6250 episodes, total num timesteps 3752800/5000000, FPS 40.

incre win rate is 0.0872093023255814.

 Map 5m_vs_6m Algo r_drbfn_v3 Exp v3_5m_vs_6m_5M_seed2 updates 4695/6250 episodes, total num timesteps 3756800/5000000, FPS 40.

incre win rate is 0.08284023668639054.
[v3 step=4700] R_mean=0.4230 | G_n_mean=5.1726 (n=5) | q_tot_pred_mean=5.1355 | drbfn_loss=0.0118, qi_loss=0.0469, qtot_loss=2.0483

 Map 5m_vs_6m Algo r_drbfn_v3 Exp v3_5m_vs_6m_5M_seed2 updates 4700/6250 episodes, total num timesteps 3760800/5000000, FPS 41.

incre win rate is 0.10526315789473684.
eval win rate is 0.15625.

 Map 5m_vs_6m Algo r_drbfn_v3 Exp v3_5m_vs_6m_5M_seed2 updates 4705/6250 episodes, total num timesteps 3764800/5000000, FPS 41.

incre win rate is 0.10240963855421686.
[v3 step=4710] R_mean=0.4429 | G_n_mean=5.3977 (n=5) | q_tot_pred_mean=5.3648 | drbfn_loss=0.0127, qi_loss=0.0572, qtot_loss=3.2337

 Map 5m_vs_6m Algo r_drbfn_v3 Exp v3_5m_vs_6m_5M_seed2 updates 4710/6250 episodes, total num timesteps 3768800/5000000, FPS 41.

incre win rate is 0.11176470588235295.

 Map 5m_vs_6m Algo r_drbfn_v3 Exp v3_5m_vs_6m_5M_seed2 updates 4715/6250 episodes, total num timesteps 3772800/5000000, FPS 41.

incre win rate is 0.09523809523809523.
[v3 step=4720] R_mean=0.4176 | G_n_mean=5.3022 (n=5) | q_tot_pred_mean=5.3417 | drbfn_loss=0.0112, qi_loss=0.0463, qtot_loss=2.0294

 Map 5m_vs_6m Algo r_drbfn_v3 Exp v3_5m_vs_6m_5M_seed2 updates 4720/6250 episodes, total num timesteps 3776800/5000000, FPS 41.

incre win rate is 0.1.

 Map 5m_vs_6m Algo r_drbfn_v3 Exp v3_5m_vs_6m_5M_seed2 updates 4725/6250 episodes, total num timesteps 3780800/5000000, FPS 41.

incre win rate is 0.10588235294117647.
eval win rate is 0.03125.
[v3 step=4730] R_mean=0.4480 | G_n_mean=5.4600 (n=5) | q_tot_pred_mean=5.4099 | drbfn_loss=0.0120, qi_loss=0.0490, qtot_loss=2.4456

 Map 5m_vs_6m Algo r_drbfn_v3 Exp v3_5m_vs_6m_5M_seed2 updates 4730/6250 episodes, total num timesteps 3784800/5000000, FPS 41.

incre win rate is 0.13095238095238096.

 Map 5m_vs_6m Algo r_drbfn_v3 Exp v3_5m_vs_6m_5M_seed2 updates 4735/6250 episodes, total num timesteps 3788800/5000000, FPS 41.

incre win rate is 0.10714285714285714.
[v3 step=4740] R_mean=0.4613 | G_n_mean=5.6300 (n=5) | q_tot_pred_mean=5.4733 | drbfn_loss=0.0125, qi_loss=0.0480, qtot_loss=2.5130

 Map 5m_vs_6m Algo r_drbfn_v3 Exp v3_5m_vs_6m_5M_seed2 updates 4740/6250 episodes, total num timesteps 3792800/5000000, FPS 41.

incre win rate is 0.11904761904761904.

 Map 5m_vs_6m Algo r_drbfn_v3 Exp v3_5m_vs_6m_5M_seed2 updates 4745/6250 episodes, total num timesteps 3796800/5000000, FPS 41.

incre win rate is 0.10778443113772455.
[v3 step=4750] R_mean=0.4118 | G_n_mean=5.2044 (n=5) | q_tot_pred_mean=5.2984 | drbfn_loss=0.0126, qi_loss=0.0468, qtot_loss=1.8679

 Map 5m_vs_6m Algo r_drbfn_v3 Exp v3_5m_vs_6m_5M_seed2 updates 4750/6250 episodes, total num timesteps 3800800/5000000, FPS 41.

incre win rate is 0.08484848484848485.
eval win rate is 0.1875.

 Map 5m_vs_6m Algo r_drbfn_v3 Exp v3_5m_vs_6m_5M_seed2 updates 4755/6250 episodes, total num timesteps 3804800/5000000, FPS 41.

incre win rate is 0.12121212121212122.
[v3 step=4760] R_mean=0.4258 | G_n_mean=5.3443 (n=5) | q_tot_pred_mean=5.5655 | drbfn_loss=0.0106, qi_loss=0.0492, qtot_loss=2.2055

 Map 5m_vs_6m Algo r_drbfn_v3 Exp v3_5m_vs_6m_5M_seed2 updates 4760/6250 episodes, total num timesteps 3808800/5000000, FPS 41.

incre win rate is 0.147239263803681.

 Map 5m_vs_6m Algo r_drbfn_v3 Exp v3_5m_vs_6m_5M_seed2 updates 4765/6250 episodes, total num timesteps 3812800/5000000, FPS 41.

incre win rate is 0.08536585365853659.
[v3 step=4770] R_mean=0.4197 | G_n_mean=5.4045 (n=5) | q_tot_pred_mean=5.3948 | drbfn_loss=0.0119, qi_loss=0.0532, qtot_loss=2.0509

 Map 5m_vs_6m Algo r_drbfn_v3 Exp v3_5m_vs_6m_5M_seed2 updates 4770/6250 episodes, total num timesteps 3816800/5000000, FPS 41.

incre win rate is 0.11042944785276074.

 Map 5m_vs_6m Algo r_drbfn_v3 Exp v3_5m_vs_6m_5M_seed2 updates 4775/6250 episodes, total num timesteps 3820800/5000000, FPS 41.

incre win rate is 0.17901234567901234.
eval win rate is 0.03125.
[v3 step=4780] R_mean=0.4897 | G_n_mean=5.9640 (n=5) | q_tot_pred_mean=5.7990 | drbfn_loss=0.0126, qi_loss=0.0597, qtot_loss=2.5970

 Map 5m_vs_6m Algo r_drbfn_v3 Exp v3_5m_vs_6m_5M_seed2 updates 4780/6250 episodes, total num timesteps 3824800/5000000, FPS 41.

incre win rate is 0.17177914110429449.

 Map 5m_vs_6m Algo r_drbfn_v3 Exp v3_5m_vs_6m_5M_seed2 updates 4785/6250 episodes, total num timesteps 3828800/5000000, FPS 41.

incre win rate is 0.10909090909090909.
[v3 step=4790] R_mean=0.4806 | G_n_mean=5.9508 (n=5) | q_tot_pred_mean=5.7404 | drbfn_loss=0.0129, qi_loss=0.0574, qtot_loss=2.9983

 Map 5m_vs_6m Algo r_drbfn_v3 Exp v3_5m_vs_6m_5M_seed2 updates 4790/6250 episodes, total num timesteps 3832800/5000000, FPS 41.

incre win rate is 0.11515151515151516.

 Map 5m_vs_6m Algo r_drbfn_v3 Exp v3_5m_vs_6m_5M_seed2 updates 4795/6250 episodes, total num timesteps 3836800/5000000, FPS 41.

incre win rate is 0.12650602409638553.
[v3 step=4800] R_mean=0.4423 | G_n_mean=5.4570 (n=5) | q_tot_pred_mean=5.4882 | drbfn_loss=0.0120, qi_loss=0.0506, qtot_loss=2.5741

 Map 5m_vs_6m Algo r_drbfn_v3 Exp v3_5m_vs_6m_5M_seed2 updates 4800/6250 episodes, total num timesteps 3840800/5000000, FPS 41.

incre win rate is 0.14545454545454545.
eval win rate is 0.3125.

 Map 5m_vs_6m Algo r_drbfn_v3 Exp v3_5m_vs_6m_5M_seed2 updates 4805/6250 episodes, total num timesteps 3844800/5000000, FPS 41.

incre win rate is 0.1524390243902439.
[v3 step=4810] R_mean=0.4340 | G_n_mean=5.3901 (n=5) | q_tot_pred_mean=5.4147 | drbfn_loss=0.0125, qi_loss=0.0469, qtot_loss=2.4380

 Map 5m_vs_6m Algo r_drbfn_v3 Exp v3_5m_vs_6m_5M_seed2 updates 4810/6250 episodes, total num timesteps 3848800/5000000, FPS 41.

incre win rate is 0.11585365853658537.

 Map 5m_vs_6m Algo r_drbfn_v3 Exp v3_5m_vs_6m_5M_seed2 updates 4815/6250 episodes, total num timesteps 3852800/5000000, FPS 41.

incre win rate is 0.12048192771084337.
[v3 step=4820] R_mean=0.4104 | G_n_mean=5.2315 (n=5) | q_tot_pred_mean=5.4481 | drbfn_loss=0.0114, qi_loss=0.0440, qtot_loss=2.6747

 Map 5m_vs_6m Algo r_drbfn_v3 Exp v3_5m_vs_6m_5M_seed2 updates 4820/6250 episodes, total num timesteps 3856800/5000000, FPS 41.

incre win rate is 0.10179640718562874.

 Map 5m_vs_6m Algo r_drbfn_v3 Exp v3_5m_vs_6m_5M_seed2 updates 4825/6250 episodes, total num timesteps 3860800/5000000, FPS 41.

incre win rate is 0.08928571428571429.
eval win rate is 0.3125.
[v3 step=4830] R_mean=0.4526 | G_n_mean=5.5598 (n=5) | q_tot_pred_mean=5.5834 | drbfn_loss=0.0126, qi_loss=0.0658, qtot_loss=3.4941

 Map 5m_vs_6m Algo r_drbfn_v3 Exp v3_5m_vs_6m_5M_seed2 updates 4830/6250 episodes, total num timesteps 3864800/5000000, FPS 41.

incre win rate is 0.15337423312883436.

 Map 5m_vs_6m Algo r_drbfn_v3 Exp v3_5m_vs_6m_5M_seed2 updates 4835/6250 episodes, total num timesteps 3868800/5000000, FPS 41.

incre win rate is 0.12727272727272726.
[v3 step=4840] R_mean=0.4021 | G_n_mean=5.0229 (n=5) | q_tot_pred_mean=5.2049 | drbfn_loss=0.0123, qi_loss=0.0511, qtot_loss=2.4832

 Map 5m_vs_6m Algo r_drbfn_v3 Exp v3_5m_vs_6m_5M_seed2 updates 4840/6250 episodes, total num timesteps 3872800/5000000, FPS 41.

incre win rate is 0.12121212121212122.

 Map 5m_vs_6m Algo r_drbfn_v3 Exp v3_5m_vs_6m_5M_seed2 updates 4845/6250 episodes, total num timesteps 3876800/5000000, FPS 41.

incre win rate is 0.10909090909090909.
[v3 step=4850] R_mean=0.4382 | G_n_mean=5.3538 (n=5) | q_tot_pred_mean=5.4360 | drbfn_loss=0.0112, qi_loss=0.0571, qtot_loss=3.1649

 Map 5m_vs_6m Algo r_drbfn_v3 Exp v3_5m_vs_6m_5M_seed2 updates 4850/6250 episodes, total num timesteps 3880800/5000000, FPS 41.

incre win rate is 0.0975609756097561.
eval win rate is 0.15625.

 Map 5m_vs_6m Algo r_drbfn_v3 Exp v3_5m_vs_6m_5M_seed2 updates 4855/6250 episodes, total num timesteps 3884800/5000000, FPS 41.

incre win rate is 0.14634146341463414.
[v3 step=4860] R_mean=0.4468 | G_n_mean=5.5839 (n=5) | q_tot_pred_mean=5.6027 | drbfn_loss=0.0118, qi_loss=0.0537, qtot_loss=2.0029

 Map 5m_vs_6m Algo r_drbfn_v3 Exp v3_5m_vs_6m_5M_seed2 updates 4860/6250 episodes, total num timesteps 3888800/5000000, FPS 41.

incre win rate is 0.12727272727272726.

 Map 5m_vs_6m Algo r_drbfn_v3 Exp v3_5m_vs_6m_5M_seed2 updates 4865/6250 episodes, total num timesteps 3892800/5000000, FPS 41.

incre win rate is 0.14375.
[v3 step=4870] R_mean=0.4425 | G_n_mean=5.6258 (n=5) | q_tot_pred_mean=5.6470 | drbfn_loss=0.0134, qi_loss=0.0583, qtot_loss=2.6403

 Map 5m_vs_6m Algo r_drbfn_v3 Exp v3_5m_vs_6m_5M_seed2 updates 4870/6250 episodes, total num timesteps 3896800/5000000, FPS 41.

incre win rate is 0.1165644171779141.

 Map 5m_vs_6m Algo r_drbfn_v3 Exp v3_5m_vs_6m_5M_seed2 updates 4875/6250 episodes, total num timesteps 3900800/5000000, FPS 41.

incre win rate is 0.11585365853658537.
eval win rate is 0.09375.
[v3 step=4880] R_mean=0.4889 | G_n_mean=5.9566 (n=5) | q_tot_pred_mean=5.8786 | drbfn_loss=0.0129, qi_loss=0.0591, qtot_loss=2.7187

 Map 5m_vs_6m Algo r_drbfn_v3 Exp v3_5m_vs_6m_5M_seed2 updates 4880/6250 episodes, total num timesteps 3904800/5000000, FPS 41.

incre win rate is 0.17901234567901234.

 Map 5m_vs_6m Algo r_drbfn_v3 Exp v3_5m_vs_6m_5M_seed2 updates 4885/6250 episodes, total num timesteps 3908800/5000000, FPS 41.

incre win rate is 0.1524390243902439.
[v3 step=4890] R_mean=0.4732 | G_n_mean=5.9805 (n=5) | q_tot_pred_mean=5.7372 | drbfn_loss=0.0139, qi_loss=0.0703, qtot_loss=2.8026

 Map 5m_vs_6m Algo r_drbfn_v3 Exp v3_5m_vs_6m_5M_seed2 updates 4890/6250 episodes, total num timesteps 3912800/5000000, FPS 41.

incre win rate is 0.1656441717791411.

 Map 5m_vs_6m Algo r_drbfn_v3 Exp v3_5m_vs_6m_5M_seed2 updates 4895/6250 episodes, total num timesteps 3916800/5000000, FPS 41.

incre win rate is 0.147239263803681.
[v3 step=4900] R_mean=0.4558 | G_n_mean=5.8167 (n=5) | q_tot_pred_mean=5.7273 | drbfn_loss=0.0127, qi_loss=0.0598, qtot_loss=2.7610

 Map 5m_vs_6m Algo r_drbfn_v3 Exp v3_5m_vs_6m_5M_seed2 updates 4900/6250 episodes, total num timesteps 3920800/5000000, FPS 41.

incre win rate is 0.16875.
eval win rate is 0.25.

 Map 5m_vs_6m Algo r_drbfn_v3 Exp v3_5m_vs_6m_5M_seed2 updates 4905/6250 episodes, total num timesteps 3924800/5000000, FPS 41.

incre win rate is 0.14634146341463414.
[v3 step=4910] R_mean=0.4420 | G_n_mean=5.5966 (n=5) | q_tot_pred_mean=5.5188 | drbfn_loss=0.0138, qi_loss=0.0586, qtot_loss=2.1389

 Map 5m_vs_6m Algo r_drbfn_v3 Exp v3_5m_vs_6m_5M_seed2 updates 4910/6250 episodes, total num timesteps 3928800/5000000, FPS 41.

incre win rate is 0.10975609756097561.

 Map 5m_vs_6m Algo r_drbfn_v3 Exp v3_5m_vs_6m_5M_seed2 updates 4915/6250 episodes, total num timesteps 3932800/5000000, FPS 41.

incre win rate is 0.15950920245398773.
[v3 step=4920] R_mean=0.4541 | G_n_mean=5.5930 (n=5) | q_tot_pred_mean=5.5743 | drbfn_loss=0.0122, qi_loss=0.0574, qtot_loss=2.5210

 Map 5m_vs_6m Algo r_drbfn_v3 Exp v3_5m_vs_6m_5M_seed2 updates 4920/6250 episodes, total num timesteps 3936800/5000000, FPS 41.

incre win rate is 0.12650602409638553.

 Map 5m_vs_6m Algo r_drbfn_v3 Exp v3_5m_vs_6m_5M_seed2 updates 4925/6250 episodes, total num timesteps 3940800/5000000, FPS 42.

incre win rate is 0.10179640718562874.
eval win rate is 0.09375.
[v3 step=4930] R_mean=0.4942 | G_n_mean=6.0034 (n=5) | q_tot_pred_mean=5.8146 | drbfn_loss=0.0129, qi_loss=0.0754, qtot_loss=3.5525

 Map 5m_vs_6m Algo r_drbfn_v3 Exp v3_5m_vs_6m_5M_seed2 updates 4930/6250 episodes, total num timesteps 3944800/5000000, FPS 42.

incre win rate is 0.19393939393939394.

 Map 5m_vs_6m Algo r_drbfn_v3 Exp v3_5m_vs_6m_5M_seed2 updates 4935/6250 episodes, total num timesteps 3948800/5000000, FPS 42.

incre win rate is 0.1566265060240964.
[v3 step=4940] R_mean=0.4712 | G_n_mean=5.7770 (n=5) | q_tot_pred_mean=5.5738 | drbfn_loss=0.0129, qi_loss=0.0715, qtot_loss=3.3767

 Map 5m_vs_6m Algo r_drbfn_v3 Exp v3_5m_vs_6m_5M_seed2 updates 4940/6250 episodes, total num timesteps 3952800/5000000, FPS 42.

incre win rate is 0.17261904761904762.

 Map 5m_vs_6m Algo r_drbfn_v3 Exp v3_5m_vs_6m_5M_seed2 updates 4945/6250 episodes, total num timesteps 3956800/5000000, FPS 42.

incre win rate is 0.11242603550295859.
[v3 step=4950] R_mean=0.4596 | G_n_mean=5.6483 (n=5) | q_tot_pred_mean=5.5297 | drbfn_loss=0.0136, qi_loss=0.0621, qtot_loss=2.4612

 Map 5m_vs_6m Algo r_drbfn_v3 Exp v3_5m_vs_6m_5M_seed2 updates 4950/6250 episodes, total num timesteps 3960800/5000000, FPS 42.

incre win rate is 0.125.
eval win rate is 0.15625.

 Map 5m_vs_6m Algo r_drbfn_v3 Exp v3_5m_vs_6m_5M_seed2 updates 4955/6250 episodes, total num timesteps 3964800/5000000, FPS 42.

incre win rate is 0.14457831325301204.
[v3 step=4960] R_mean=0.4354 | G_n_mean=5.5463 (n=5) | q_tot_pred_mean=5.4943 | drbfn_loss=0.0121, qi_loss=0.0574, qtot_loss=2.6122

 Map 5m_vs_6m Algo r_drbfn_v3 Exp v3_5m_vs_6m_5M_seed2 updates 4960/6250 episodes, total num timesteps 3968800/5000000, FPS 42.

incre win rate is 0.07471264367816093.

 Map 5m_vs_6m Algo r_drbfn_v3 Exp v3_5m_vs_6m_5M_seed2 updates 4965/6250 episodes, total num timesteps 3972800/5000000, FPS 42.

incre win rate is 0.08284023668639054.
[v3 step=4970] R_mean=0.4126 | G_n_mean=5.3366 (n=5) | q_tot_pred_mean=5.5080 | drbfn_loss=0.0117, qi_loss=0.0513, qtot_loss=1.8504

 Map 5m_vs_6m Algo r_drbfn_v3 Exp v3_5m_vs_6m_5M_seed2 updates 4970/6250 episodes, total num timesteps 3976800/5000000, FPS 42.

incre win rate is 0.10365853658536585.

 Map 5m_vs_6m Algo r_drbfn_v3 Exp v3_5m_vs_6m_5M_seed2 updates 4975/6250 episodes, total num timesteps 3980800/5000000, FPS 42.

incre win rate is 0.10429447852760736.
eval win rate is 0.1875.
[v3 step=4980] R_mean=0.4267 | G_n_mean=5.4554 (n=5) | q_tot_pred_mean=5.5401 | drbfn_loss=0.0115, qi_loss=0.0603, qtot_loss=2.3908

 Map 5m_vs_6m Algo r_drbfn_v3 Exp v3_5m_vs_6m_5M_seed2 updates 4980/6250 episodes, total num timesteps 3984800/5000000, FPS 42.

incre win rate is 0.10650887573964497.

 Map 5m_vs_6m Algo r_drbfn_v3 Exp v3_5m_vs_6m_5M_seed2 updates 4985/6250 episodes, total num timesteps 3988800/5000000, FPS 42.

incre win rate is 0.14457831325301204.
[v3 step=4990] R_mean=0.4422 | G_n_mean=5.4709 (n=5) | q_tot_pred_mean=5.5660 | drbfn_loss=0.0116, qi_loss=0.0634, qtot_loss=2.7716

 Map 5m_vs_6m Algo r_drbfn_v3 Exp v3_5m_vs_6m_5M_seed2 updates 4990/6250 episodes, total num timesteps 3992800/5000000, FPS 42.

incre win rate is 0.13253012048192772.

 Map 5m_vs_6m Algo r_drbfn_v3 Exp v3_5m_vs_6m_5M_seed2 updates 4995/6250 episodes, total num timesteps 3996800/5000000, FPS 42.

incre win rate is 0.13855421686746988.
[v3 step=5000] R_mean=0.4554 | G_n_mean=5.7069 (n=5) | q_tot_pred_mean=5.6796 | drbfn_loss=0.0135, qi_loss=0.0612, qtot_loss=1.9943

 Map 5m_vs_6m Algo r_drbfn_v3 Exp v3_5m_vs_6m_5M_seed2 updates 5000/6250 episodes, total num timesteps 4000800/5000000, FPS 42.

incre win rate is 0.11976047904191617.
eval win rate is 0.21875.

 Map 5m_vs_6m Algo r_drbfn_v3 Exp v3_5m_vs_6m_5M_seed2 updates 5005/6250 episodes, total num timesteps 4004800/5000000, FPS 42.

incre win rate is 0.1377245508982036.
[v3 step=5010] R_mean=0.4388 | G_n_mean=5.6109 (n=5) | q_tot_pred_mean=5.4916 | drbfn_loss=0.0128, qi_loss=0.0638, qtot_loss=2.3652

 Map 5m_vs_6m Algo r_drbfn_v3 Exp v3_5m_vs_6m_5M_seed2 updates 5010/6250 episodes, total num timesteps 4008800/5000000, FPS 42.

incre win rate is 0.12650602409638553.

 Map 5m_vs_6m Algo r_drbfn_v3 Exp v3_5m_vs_6m_5M_seed2 updates 5015/6250 episodes, total num timesteps 4012800/5000000, FPS 42.

incre win rate is 0.11976047904191617.
[v3 step=5020] R_mean=0.4260 | G_n_mean=5.3152 (n=5) | q_tot_pred_mean=5.5643 | drbfn_loss=0.0117, qi_loss=0.0514, qtot_loss=2.3186

 Map 5m_vs_6m Algo r_drbfn_v3 Exp v3_5m_vs_6m_5M_seed2 updates 5020/6250 episodes, total num timesteps 4016800/5000000, FPS 42.

incre win rate is 0.1696969696969697.

 Map 5m_vs_6m Algo r_drbfn_v3 Exp v3_5m_vs_6m_5M_seed2 updates 5025/6250 episodes, total num timesteps 4020800/5000000, FPS 42.

incre win rate is 0.10714285714285714.
eval win rate is 0.28125.
[v3 step=5030] R_mean=0.4653 | G_n_mean=5.7343 (n=5) | q_tot_pred_mean=5.6896 | drbfn_loss=0.0117, qi_loss=0.0630, qtot_loss=2.3832

 Map 5m_vs_6m Algo r_drbfn_v3 Exp v3_5m_vs_6m_5M_seed2 updates 5030/6250 episodes, total num timesteps 4024800/5000000, FPS 42.

incre win rate is 0.12727272727272726.

 Map 5m_vs_6m Algo r_drbfn_v3 Exp v3_5m_vs_6m_5M_seed2 updates 5035/6250 episodes, total num timesteps 4028800/5000000, FPS 42.

incre win rate is 0.16167664670658682.
[v3 step=5040] R_mean=0.4510 | G_n_mean=5.8281 (n=5) | q_tot_pred_mean=5.6433 | drbfn_loss=0.0146, qi_loss=0.0595, qtot_loss=3.0799

 Map 5m_vs_6m Algo r_drbfn_v3 Exp v3_5m_vs_6m_5M_seed2 updates 5040/6250 episodes, total num timesteps 4032800/5000000, FPS 42.

incre win rate is 0.10909090909090909.

 Map 5m_vs_6m Algo r_drbfn_v3 Exp v3_5m_vs_6m_5M_seed2 updates 5045/6250 episodes, total num timesteps 4036800/5000000, FPS 42.

incre win rate is 0.18181818181818182.
[v3 step=5050] R_mean=0.4693 | G_n_mean=5.7661 (n=5) | q_tot_pred_mean=5.7882 | drbfn_loss=0.0129, qi_loss=0.0564, qtot_loss=2.9908

 Map 5m_vs_6m Algo r_drbfn_v3 Exp v3_5m_vs_6m_5M_seed2 updates 5050/6250 episodes, total num timesteps 4040800/5000000, FPS 42.

incre win rate is 0.15568862275449102.
eval win rate is 0.1875.

 Map 5m_vs_6m Algo r_drbfn_v3 Exp v3_5m_vs_6m_5M_seed2 updates 5055/6250 episodes, total num timesteps 4044800/5000000, FPS 42.

incre win rate is 0.12048192771084337.
[v3 step=5060] R_mean=0.4555 | G_n_mean=5.6448 (n=5) | q_tot_pred_mean=5.6160 | drbfn_loss=0.0120, qi_loss=0.0651, qtot_loss=3.1842

 Map 5m_vs_6m Algo r_drbfn_v3 Exp v3_5m_vs_6m_5M_seed2 updates 5060/6250 episodes, total num timesteps 4048800/5000000, FPS 42.

incre win rate is 0.09411764705882353.

 Map 5m_vs_6m Algo r_drbfn_v3 Exp v3_5m_vs_6m_5M_seed2 updates 5065/6250 episodes, total num timesteps 4052800/5000000, FPS 42.

incre win rate is 0.0872093023255814.
[v3 step=5070] R_mean=0.4780 | G_n_mean=5.9839 (n=5) | q_tot_pred_mean=5.7890 | drbfn_loss=0.0136, qi_loss=0.0647, qtot_loss=3.4126

 Map 5m_vs_6m Algo r_drbfn_v3 Exp v3_5m_vs_6m_5M_seed2 updates 5070/6250 episodes, total num timesteps 4056800/5000000, FPS 42.

incre win rate is 0.12727272727272726.

 Map 5m_vs_6m Algo r_drbfn_v3 Exp v3_5m_vs_6m_5M_seed2 updates 5075/6250 episodes, total num timesteps 4060800/5000000, FPS 42.

incre win rate is 0.060240963855421686.
eval win rate is 0.1875.
[v3 step=5080] R_mean=0.4330 | G_n_mean=5.5372 (n=5) | q_tot_pred_mean=5.3399 | drbfn_loss=0.0111, qi_loss=0.0574, qtot_loss=2.6398

 Map 5m_vs_6m Algo r_drbfn_v3 Exp v3_5m_vs_6m_5M_seed2 updates 5080/6250 episodes, total num timesteps 4064800/5000000, FPS 42.

incre win rate is 0.09523809523809523.

 Map 5m_vs_6m Algo r_drbfn_v3 Exp v3_5m_vs_6m_5M_seed2 updates 5085/6250 episodes, total num timesteps 4068800/5000000, FPS 42.

incre win rate is 0.10843373493975904.
[v3 step=5090] R_mean=0.4328 | G_n_mean=5.4173 (n=5) | q_tot_pred_mean=5.5158 | drbfn_loss=0.0122, qi_loss=0.0573, qtot_loss=2.3753

 Map 5m_vs_6m Algo r_drbfn_v3 Exp v3_5m_vs_6m_5M_seed2 updates 5090/6250 episodes, total num timesteps 4072800/5000000, FPS 42.

incre win rate is 0.08333333333333333.

 Map 5m_vs_6m Algo r_drbfn_v3 Exp v3_5m_vs_6m_5M_seed2 updates 5095/6250 episodes, total num timesteps 4076800/5000000, FPS 42.

incre win rate is 0.1377245508982036.
[v3 step=5100] R_mean=0.4370 | G_n_mean=5.4470 (n=5) | q_tot_pred_mean=5.6161 | drbfn_loss=0.0119, qi_loss=0.0517, qtot_loss=2.1734

 Map 5m_vs_6m Algo r_drbfn_v3 Exp v3_5m_vs_6m_5M_seed2 updates 5100/6250 episodes, total num timesteps 4080800/5000000, FPS 42.

incre win rate is 0.13095238095238096.
eval win rate is 0.15625.

 Map 5m_vs_6m Algo r_drbfn_v3 Exp v3_5m_vs_6m_5M_seed2 updates 5105/6250 episodes, total num timesteps 4084800/5000000, FPS 42.

incre win rate is 0.08928571428571429.
[v3 step=5110] R_mean=0.4653 | G_n_mean=5.8387 (n=5) | q_tot_pred_mean=5.6632 | drbfn_loss=0.0127, qi_loss=0.0685, qtot_loss=3.0317

 Map 5m_vs_6m Algo r_drbfn_v3 Exp v3_5m_vs_6m_5M_seed2 updates 5110/6250 episodes, total num timesteps 4088800/5000000, FPS 42.

incre win rate is 0.1488095238095238.

 Map 5m_vs_6m Algo r_drbfn_v3 Exp v3_5m_vs_6m_5M_seed2 updates 5115/6250 episodes, total num timesteps 4092800/5000000, FPS 42.

incre win rate is 0.09146341463414634.
[v3 step=5120] R_mean=0.4569 | G_n_mean=5.7408 (n=5) | q_tot_pred_mean=5.6485 | drbfn_loss=0.0125, qi_loss=0.0828, qtot_loss=2.7391

 Map 5m_vs_6m Algo r_drbfn_v3 Exp v3_5m_vs_6m_5M_seed2 updates 5120/6250 episodes, total num timesteps 4096800/5000000, FPS 42.

incre win rate is 0.11904761904761904.

 Map 5m_vs_6m Algo r_drbfn_v3 Exp v3_5m_vs_6m_5M_seed2 updates 5125/6250 episodes, total num timesteps 4100800/5000000, FPS 42.

incre win rate is 0.1242603550295858.
eval win rate is 0.03125.
[v3 step=5130] R_mean=0.4466 | G_n_mean=5.8710 (n=5) | q_tot_pred_mean=5.7213 | drbfn_loss=0.0120, qi_loss=0.0604, qtot_loss=2.8304

 Map 5m_vs_6m Algo r_drbfn_v3 Exp v3_5m_vs_6m_5M_seed2 updates 5130/6250 episodes, total num timesteps 4104800/5000000, FPS 42.

incre win rate is 0.05813953488372093.

 Map 5m_vs_6m Algo r_drbfn_v3 Exp v3_5m_vs_6m_5M_seed2 updates 5135/6250 episodes, total num timesteps 4108800/5000000, FPS 42.

incre win rate is 0.0650887573964497.
[v3 step=5140] R_mean=0.4267 | G_n_mean=5.4073 (n=5) | q_tot_pred_mean=5.3133 | drbfn_loss=0.0116, qi_loss=0.0597, qtot_loss=2.1881

 Map 5m_vs_6m Algo r_drbfn_v3 Exp v3_5m_vs_6m_5M_seed2 updates 5140/6250 episodes, total num timesteps 4112800/5000000, FPS 42.

incre win rate is 0.05202312138728324.

 Map 5m_vs_6m Algo r_drbfn_v3 Exp v3_5m_vs_6m_5M_seed2 updates 5145/6250 episodes, total num timesteps 4116800/5000000, FPS 42.

incre win rate is 0.09696969696969697.
[v3 step=5150] R_mean=0.4180 | G_n_mean=5.2681 (n=5) | q_tot_pred_mean=5.4019 | drbfn_loss=0.0125, qi_loss=0.0580, qtot_loss=2.0925

 Map 5m_vs_6m Algo r_drbfn_v3 Exp v3_5m_vs_6m_5M_seed2 updates 5150/6250 episodes, total num timesteps 4120800/5000000, FPS 42.

incre win rate is 0.07926829268292683.
eval win rate is 0.15625.

 Map 5m_vs_6m Algo r_drbfn_v3 Exp v3_5m_vs_6m_5M_seed2 updates 5155/6250 episodes, total num timesteps 4124800/5000000, FPS 42.

incre win rate is 0.10843373493975904.
[v3 step=5160] R_mean=0.4245 | G_n_mean=5.3859 (n=5) | q_tot_pred_mean=5.5808 | drbfn_loss=0.0111, qi_loss=0.0573, qtot_loss=2.6271

 Map 5m_vs_6m Algo r_drbfn_v3 Exp v3_5m_vs_6m_5M_seed2 updates 5160/6250 episodes, total num timesteps 4128800/5000000, FPS 42.

incre win rate is 0.13414634146341464.

 Map 5m_vs_6m Algo r_drbfn_v3 Exp v3_5m_vs_6m_5M_seed2 updates 5165/6250 episodes, total num timesteps 4132800/5000000, FPS 42.

incre win rate is 0.08284023668639054.
[v3 step=5170] R_mean=0.4670 | G_n_mean=5.8884 (n=5) | q_tot_pred_mean=5.7442 | drbfn_loss=0.0135, qi_loss=0.0806, qtot_loss=3.4305

 Map 5m_vs_6m Algo r_drbfn_v3 Exp v3_5m_vs_6m_5M_seed2 updates 5170/6250 episodes, total num timesteps 4136800/5000000, FPS 42.

incre win rate is 0.16568047337278108.

 Map 5m_vs_6m Algo r_drbfn_v3 Exp v3_5m_vs_6m_5M_seed2 updates 5175/6250 episodes, total num timesteps 4140800/5000000, FPS 43.

incre win rate is 0.12048192771084337.
eval win rate is 0.15625.
[v3 step=5180] R_mean=0.4129 | G_n_mean=5.2638 (n=5) | q_tot_pred_mean=5.2374 | drbfn_loss=0.0133, qi_loss=0.0515, qtot_loss=2.5473

 Map 5m_vs_6m Algo r_drbfn_v3 Exp v3_5m_vs_6m_5M_seed2 updates 5180/6250 episodes, total num timesteps 4144800/5000000, FPS 43.

incre win rate is 0.05325443786982249.

 Map 5m_vs_6m Algo r_drbfn_v3 Exp v3_5m_vs_6m_5M_seed2 updates 5185/6250 episodes, total num timesteps 4148800/5000000, FPS 43.

incre win rate is 0.10365853658536585.
[v3 step=5190] R_mean=0.4368 | G_n_mean=5.5417 (n=5) | q_tot_pred_mean=5.7050 | drbfn_loss=0.0117, qi_loss=0.0642, qtot_loss=2.3162

 Map 5m_vs_6m Algo r_drbfn_v3 Exp v3_5m_vs_6m_5M_seed2 updates 5190/6250 episodes, total num timesteps 4152800/5000000, FPS 43.

incre win rate is 0.1111111111111111.

 Map 5m_vs_6m Algo r_drbfn_v3 Exp v3_5m_vs_6m_5M_seed2 updates 5195/6250 episodes, total num timesteps 4156800/5000000, FPS 43.

incre win rate is 0.1728395061728395.
[v3 step=5200] R_mean=0.4683 | G_n_mean=5.8697 (n=5) | q_tot_pred_mean=5.7505 | drbfn_loss=0.0135, qi_loss=0.0807, qtot_loss=3.5416

 Map 5m_vs_6m Algo r_drbfn_v3 Exp v3_5m_vs_6m_5M_seed2 updates 5200/6250 episodes, total num timesteps 4160800/5000000, FPS 43.

incre win rate is 0.14705882352941177.
eval win rate is 0.1875.

 Map 5m_vs_6m Algo r_drbfn_v3 Exp v3_5m_vs_6m_5M_seed2 updates 5205/6250 episodes, total num timesteps 4164800/5000000, FPS 43.

incre win rate is 0.10843373493975904.
[v3 step=5210] R_mean=0.4426 | G_n_mean=5.7041 (n=5) | q_tot_pred_mean=5.7821 | drbfn_loss=0.0124, qi_loss=0.0651, qtot_loss=2.2210

 Map 5m_vs_6m Algo r_drbfn_v3 Exp v3_5m_vs_6m_5M_seed2 updates 5210/6250 episodes, total num timesteps 4168800/5000000, FPS 43.

incre win rate is 0.12650602409638553.

 Map 5m_vs_6m Algo r_drbfn_v3 Exp v3_5m_vs_6m_5M_seed2 updates 5215/6250 episodes, total num timesteps 4172800/5000000, FPS 43.

incre win rate is 0.10179640718562874.
[v3 step=5220] R_mean=0.4762 | G_n_mean=5.9001 (n=5) | q_tot_pred_mean=5.5951 | drbfn_loss=0.0122, qi_loss=0.0819, qtot_loss=3.0780

 Map 5m_vs_6m Algo r_drbfn_v3 Exp v3_5m_vs_6m_5M_seed2 updates 5220/6250 episodes, total num timesteps 4176800/5000000, FPS 43.

incre win rate is 0.10119047619047619.

 Map 5m_vs_6m Algo r_drbfn_v3 Exp v3_5m_vs_6m_5M_seed2 updates 5225/6250 episodes, total num timesteps 4180800/5000000, FPS 43.

incre win rate is 0.1437125748502994.
eval win rate is 0.09375.
[v3 step=5230] R_mean=0.4194 | G_n_mean=5.3289 (n=5) | q_tot_pred_mean=5.5273 | drbfn_loss=0.0105, qi_loss=0.0663, qtot_loss=1.8999

 Map 5m_vs_6m Algo r_drbfn_v3 Exp v3_5m_vs_6m_5M_seed2 updates 5230/6250 episodes, total num timesteps 4184800/5000000, FPS 43.

incre win rate is 0.11377245508982035.

 Map 5m_vs_6m Algo r_drbfn_v3 Exp v3_5m_vs_6m_5M_seed2 updates 5235/6250 episodes, total num timesteps 4188800/5000000, FPS 43.

incre win rate is 0.11515151515151516.
[v3 step=5240] R_mean=0.4568 | G_n_mean=5.8032 (n=5) | q_tot_pred_mean=5.6833 | drbfn_loss=0.0134, qi_loss=0.0709, qtot_loss=2.7496

 Map 5m_vs_6m Algo r_drbfn_v3 Exp v3_5m_vs_6m_5M_seed2 updates 5240/6250 episodes, total num timesteps 4192800/5000000, FPS 43.

incre win rate is 0.12804878048780488.

 Map 5m_vs_6m Algo r_drbfn_v3 Exp v3_5m_vs_6m_5M_seed2 updates 5245/6250 episodes, total num timesteps 4196800/5000000, FPS 43.

incre win rate is 0.10365853658536585.
[v3 step=5250] R_mean=0.4213 | G_n_mean=5.4037 (n=5) | q_tot_pred_mean=5.2909 | drbfn_loss=0.0118, qi_loss=0.0627, qtot_loss=2.1770

 Map 5m_vs_6m Algo r_drbfn_v3 Exp v3_5m_vs_6m_5M_seed2 updates 5250/6250 episodes, total num timesteps 4200800/5000000, FPS 43.

incre win rate is 0.0658682634730539.
eval win rate is 0.0625.

 Map 5m_vs_6m Algo r_drbfn_v3 Exp v3_5m_vs_6m_5M_seed2 updates 5255/6250 episodes, total num timesteps 4204800/5000000, FPS 43.

incre win rate is 0.10714285714285714.
[v3 step=5260] R_mean=0.4153 | G_n_mean=5.4449 (n=5) | q_tot_pred_mean=5.4667 | drbfn_loss=0.0112, qi_loss=0.0591, qtot_loss=1.8019

 Map 5m_vs_6m Algo r_drbfn_v3 Exp v3_5m_vs_6m_5M_seed2 updates 5260/6250 episodes, total num timesteps 4208800/5000000, FPS 43.

incre win rate is 0.05454545454545454.

 Map 5m_vs_6m Algo r_drbfn_v3 Exp v3_5m_vs_6m_5M_seed2 updates 5265/6250 episodes, total num timesteps 4212800/5000000, FPS 43.

incre win rate is 0.10909090909090909.
[v3 step=5270] R_mean=0.4060 | G_n_mean=5.4456 (n=5) | q_tot_pred_mean=5.5529 | drbfn_loss=0.0126, qi_loss=0.0627, qtot_loss=3.0334

 Map 5m_vs_6m Algo r_drbfn_v3 Exp v3_5m_vs_6m_5M_seed2 updates 5270/6250 episodes, total num timesteps 4216800/5000000, FPS 43.

incre win rate is 0.0718562874251497.

 Map 5m_vs_6m Algo r_drbfn_v3 Exp v3_5m_vs_6m_5M_seed2 updates 5275/6250 episodes, total num timesteps 4220800/5000000, FPS 43.

incre win rate is 0.07228915662650602.
eval win rate is 0.09375.
[v3 step=5280] R_mean=0.4398 | G_n_mean=5.6228 (n=5) | q_tot_pred_mean=5.5528 | drbfn_loss=0.0123, qi_loss=0.0696, qtot_loss=2.4233

 Map 5m_vs_6m Algo r_drbfn_v3 Exp v3_5m_vs_6m_5M_seed2 updates 5280/6250 episodes, total num timesteps 4224800/5000000, FPS 43.

incre win rate is 0.12804878048780488.

 Map 5m_vs_6m Algo r_drbfn_v3 Exp v3_5m_vs_6m_5M_seed2 updates 5285/6250 episodes, total num timesteps 4228800/5000000, FPS 43.

incre win rate is 0.10240963855421686.
[v3 step=5290] R_mean=0.4653 | G_n_mean=5.9340 (n=5) | q_tot_pred_mean=5.6538 | drbfn_loss=0.0133, qi_loss=0.0827, qtot_loss=3.4101

 Map 5m_vs_6m Algo r_drbfn_v3 Exp v3_5m_vs_6m_5M_seed2 updates 5290/6250 episodes, total num timesteps 4232800/5000000, FPS 43.

incre win rate is 0.09146341463414634.

 Map 5m_vs_6m Algo r_drbfn_v3 Exp v3_5m_vs_6m_5M_seed2 updates 5295/6250 episodes, total num timesteps 4236800/5000000, FPS 43.

incre win rate is 0.08284023668639054.
[v3 step=5300] R_mean=0.4565 | G_n_mean=5.5439 (n=5) | q_tot_pred_mean=5.4452 | drbfn_loss=0.0115, qi_loss=0.0782, qtot_loss=2.7990

 Map 5m_vs_6m Algo r_drbfn_v3 Exp v3_5m_vs_6m_5M_seed2 updates 5300/6250 episodes, total num timesteps 4240800/5000000, FPS 43.

incre win rate is 0.12727272727272726.
eval win rate is 0.21875.

 Map 5m_vs_6m Algo r_drbfn_v3 Exp v3_5m_vs_6m_5M_seed2 updates 5305/6250 episodes, total num timesteps 4244800/5000000, FPS 43.

incre win rate is 0.13414634146341464.
[v3 step=5310] R_mean=0.4262 | G_n_mean=5.4840 (n=5) | q_tot_pred_mean=5.5940 | drbfn_loss=0.0115, qi_loss=0.0710, qtot_loss=2.4587

 Map 5m_vs_6m Algo r_drbfn_v3 Exp v3_5m_vs_6m_5M_seed2 updates 5310/6250 episodes, total num timesteps 4248800/5000000, FPS 43.

incre win rate is 0.10909090909090909.

 Map 5m_vs_6m Algo r_drbfn_v3 Exp v3_5m_vs_6m_5M_seed2 updates 5315/6250 episodes, total num timesteps 4252800/5000000, FPS 43.

incre win rate is 0.09146341463414634.
[v3 step=5320] R_mean=0.3997 | G_n_mean=5.2656 (n=5) | q_tot_pred_mean=5.5464 | drbfn_loss=0.0110, qi_loss=0.0582, qtot_loss=1.4515

 Map 5m_vs_6m Algo r_drbfn_v3 Exp v3_5m_vs_6m_5M_seed2 updates 5320/6250 episodes, total num timesteps 4256800/5000000, FPS 43.

incre win rate is 0.1165644171779141.

 Map 5m_vs_6m Algo r_drbfn_v3 Exp v3_5m_vs_6m_5M_seed2 updates 5325/6250 episodes, total num timesteps 4260800/5000000, FPS 43.

incre win rate is 0.1.
eval win rate is 0.0625.
[v3 step=5330] R_mean=0.4638 | G_n_mean=5.8065 (n=5) | q_tot_pred_mean=5.5583 | drbfn_loss=0.0131, qi_loss=0.0844, qtot_loss=3.0525

 Map 5m_vs_6m Algo r_drbfn_v3 Exp v3_5m_vs_6m_5M_seed2 updates 5330/6250 episodes, total num timesteps 4264800/5000000, FPS 43.

incre win rate is 0.12121212121212122.

 Map 5m_vs_6m Algo r_drbfn_v3 Exp v3_5m_vs_6m_5M_seed2 updates 5335/6250 episodes, total num timesteps 4268800/5000000, FPS 43.

incre win rate is 0.08875739644970414.
[v3 step=5340] R_mean=0.4180 | G_n_mean=5.5604 (n=5) | q_tot_pred_mean=5.4322 | drbfn_loss=0.0109, qi_loss=0.0722, qtot_loss=2.2175

 Map 5m_vs_6m Algo r_drbfn_v3 Exp v3_5m_vs_6m_5M_seed2 updates 5340/6250 episodes, total num timesteps 4272800/5000000, FPS 43.

incre win rate is 0.08187134502923976.

 Map 5m_vs_6m Algo r_drbfn_v3 Exp v3_5m_vs_6m_5M_seed2 updates 5345/6250 episodes, total num timesteps 4276800/5000000, FPS 43.

incre win rate is 0.11976047904191617.
[v3 step=5350] R_mean=0.4544 | G_n_mean=5.7902 (n=5) | q_tot_pred_mean=5.8232 | drbfn_loss=0.0118, qi_loss=0.0842, qtot_loss=3.7735

 Map 5m_vs_6m Algo r_drbfn_v3 Exp v3_5m_vs_6m_5M_seed2 updates 5350/6250 episodes, total num timesteps 4280800/5000000, FPS 43.

incre win rate is 0.11515151515151516.
eval win rate is 0.1875.

 Map 5m_vs_6m Algo r_drbfn_v3 Exp v3_5m_vs_6m_5M_seed2 updates 5355/6250 episodes, total num timesteps 4284800/5000000, FPS 43.

incre win rate is 0.14457831325301204.
[v3 step=5360] R_mean=0.4449 | G_n_mean=5.8072 (n=5) | q_tot_pred_mean=5.7916 | drbfn_loss=0.0126, qi_loss=0.0786, qtot_loss=2.8218

 Map 5m_vs_6m Algo r_drbfn_v3 Exp v3_5m_vs_6m_5M_seed2 updates 5360/6250 episodes, total num timesteps 4288800/5000000, FPS 43.

incre win rate is 0.07100591715976332.

 Map 5m_vs_6m Algo r_drbfn_v3 Exp v3_5m_vs_6m_5M_seed2 updates 5365/6250 episodes, total num timesteps 4292800/5000000, FPS 43.

incre win rate is 0.08383233532934131.
[v3 step=5370] R_mean=0.4340 | G_n_mean=5.6562 (n=5) | q_tot_pred_mean=5.5643 | drbfn_loss=0.0121, qi_loss=0.0756, qtot_loss=2.6557

 Map 5m_vs_6m Algo r_drbfn_v3 Exp v3_5m_vs_6m_5M_seed2 updates 5370/6250 episodes, total num timesteps 4296800/5000000, FPS 43.

incre win rate is 0.09036144578313253.

 Map 5m_vs_6m Algo r_drbfn_v3 Exp v3_5m_vs_6m_5M_seed2 updates 5375/6250 episodes, total num timesteps 4300800/5000000, FPS 43.

incre win rate is 0.10119047619047619.
eval win rate is 0.21875.
[v3 step=5380] R_mean=0.4413 | G_n_mean=5.7977 (n=5) | q_tot_pred_mean=5.6900 | drbfn_loss=0.0111, qi_loss=0.0702, qtot_loss=2.7061

 Map 5m_vs_6m Algo r_drbfn_v3 Exp v3_5m_vs_6m_5M_seed2 updates 5380/6250 episodes, total num timesteps 4304800/5000000, FPS 43.

incre win rate is 0.11904761904761904.

 Map 5m_vs_6m Algo r_drbfn_v3 Exp v3_5m_vs_6m_5M_seed2 updates 5385/6250 episodes, total num timesteps 4308800/5000000, FPS 43.

incre win rate is 0.09090909090909091.
[v3 step=5390] R_mean=0.4413 | G_n_mean=5.8330 (n=5) | q_tot_pred_mean=5.6992 | drbfn_loss=0.0127, qi_loss=0.0815, qtot_loss=2.5296

 Map 5m_vs_6m Algo r_drbfn_v3 Exp v3_5m_vs_6m_5M_seed2 updates 5390/6250 episodes, total num timesteps 4312800/5000000, FPS 43.

incre win rate is 0.11042944785276074.

 Map 5m_vs_6m Algo r_drbfn_v3 Exp v3_5m_vs_6m_5M_seed2 updates 5395/6250 episodes, total num timesteps 4316800/5000000, FPS 43.

incre win rate is 0.12962962962962962.
[v3 step=5400] R_mean=0.4046 | G_n_mean=5.3386 (n=5) | q_tot_pred_mean=5.5986 | drbfn_loss=0.0116, qi_loss=0.0746, qtot_loss=2.1964

 Map 5m_vs_6m Algo r_drbfn_v3 Exp v3_5m_vs_6m_5M_seed2 updates 5400/6250 episodes, total num timesteps 4320800/5000000, FPS 43.

incre win rate is 0.10429447852760736.
eval win rate is 0.21875.

 Map 5m_vs_6m Algo r_drbfn_v3 Exp v3_5m_vs_6m_5M_seed2 updates 5405/6250 episodes, total num timesteps 4324800/5000000, FPS 43.

incre win rate is 0.11042944785276074.
[v3 step=5410] R_mean=0.4248 | G_n_mean=5.5885 (n=5) | q_tot_pred_mean=5.6778 | drbfn_loss=0.0130, qi_loss=0.0754, qtot_loss=2.9557

 Map 5m_vs_6m Algo r_drbfn_v3 Exp v3_5m_vs_6m_5M_seed2 updates 5410/6250 episodes, total num timesteps 4328800/5000000, FPS 43.

incre win rate is 0.1320754716981132.

 Map 5m_vs_6m Algo r_drbfn_v3 Exp v3_5m_vs_6m_5M_seed2 updates 5415/6250 episodes, total num timesteps 4332800/5000000, FPS 43.

incre win rate is 0.1509433962264151.
[v3 step=5420] R_mean=0.4545 | G_n_mean=6.0002 (n=5) | q_tot_pred_mean=5.7990 | drbfn_loss=0.0129, qi_loss=0.0868, qtot_loss=2.8032

 Map 5m_vs_6m Algo r_drbfn_v3 Exp v3_5m_vs_6m_5M_seed2 updates 5420/6250 episodes, total num timesteps 4336800/5000000, FPS 43.

incre win rate is 0.17088607594936708.

 Map 5m_vs_6m Algo r_drbfn_v3 Exp v3_5m_vs_6m_5M_seed2 updates 5425/6250 episodes, total num timesteps 4340800/5000000, FPS 44.

incre win rate is 0.1144578313253012.
eval win rate is 0.125.
[v3 step=5430] R_mean=0.4514 | G_n_mean=5.7834 (n=5) | q_tot_pred_mean=5.6926 | drbfn_loss=0.0118, qi_loss=0.0793, qtot_loss=3.2874

 Map 5m_vs_6m Algo r_drbfn_v3 Exp v3_5m_vs_6m_5M_seed2 updates 5430/6250 episodes, total num timesteps 4344800/5000000, FPS 44.

incre win rate is 0.16770186335403728.

 Map 5m_vs_6m Algo r_drbfn_v3 Exp v3_5m_vs_6m_5M_seed2 updates 5435/6250 episodes, total num timesteps 4348800/5000000, FPS 44.

incre win rate is 0.16875.
[v3 step=5440] R_mean=0.4221 | G_n_mean=5.6822 (n=5) | q_tot_pred_mean=5.8906 | drbfn_loss=0.0141, qi_loss=0.0760, qtot_loss=2.4123

 Map 5m_vs_6m Algo r_drbfn_v3 Exp v3_5m_vs_6m_5M_seed2 updates 5440/6250 episodes, total num timesteps 4352800/5000000, FPS 44.

incre win rate is 0.15384615384615385.

 Map 5m_vs_6m Algo r_drbfn_v3 Exp v3_5m_vs_6m_5M_seed2 updates 5445/6250 episodes, total num timesteps 4356800/5000000, FPS 44.

incre win rate is 0.147239263803681.
[v3 step=5450] R_mean=0.4281 | G_n_mean=5.6405 (n=5) | q_tot_pred_mean=5.5950 | drbfn_loss=0.0128, qi_loss=0.0757, qtot_loss=2.4003

 Map 5m_vs_6m Algo r_drbfn_v3 Exp v3_5m_vs_6m_5M_seed2 updates 5450/6250 episodes, total num timesteps 4360800/5000000, FPS 44.

incre win rate is 0.09815950920245399.
eval win rate is 0.1875.

 Map 5m_vs_6m Algo r_drbfn_v3 Exp v3_5m_vs_6m_5M_seed2 updates 5455/6250 episodes, total num timesteps 4364800/5000000, FPS 44.

incre win rate is 0.1402439024390244.
[v3 step=5460] R_mean=0.4197 | G_n_mean=5.5625 (n=5) | q_tot_pred_mean=5.7149 | drbfn_loss=0.0128, qi_loss=0.0817, qtot_loss=2.3191

 Map 5m_vs_6m Algo r_drbfn_v3 Exp v3_5m_vs_6m_5M_seed2 updates 5460/6250 episodes, total num timesteps 4368800/5000000, FPS 44.

incre win rate is 0.09316770186335403.

 Map 5m_vs_6m Algo r_drbfn_v3 Exp v3_5m_vs_6m_5M_seed2 updates 5465/6250 episodes, total num timesteps 4372800/5000000, FPS 44.

incre win rate is 0.16363636363636364.
[v3 step=5470] R_mean=0.4300 | G_n_mean=5.5930 (n=5) | q_tot_pred_mean=5.8587 | drbfn_loss=0.0106, qi_loss=0.0836, qtot_loss=2.2897

 Map 5m_vs_6m Algo r_drbfn_v3 Exp v3_5m_vs_6m_5M_seed2 updates 5470/6250 episodes, total num timesteps 4376800/5000000, FPS 44.

incre win rate is 0.17391304347826086.

 Map 5m_vs_6m Algo r_drbfn_v3 Exp v3_5m_vs_6m_5M_seed2 updates 5475/6250 episodes, total num timesteps 4380800/5000000, FPS 44.

incre win rate is 0.1125.
eval win rate is 0.1875.
[v3 step=5480] R_mean=0.4152 | G_n_mean=5.6104 (n=5) | q_tot_pred_mean=5.6128 | drbfn_loss=0.0118, qi_loss=0.0796, qtot_loss=2.0861

 Map 5m_vs_6m Algo r_drbfn_v3 Exp v3_5m_vs_6m_5M_seed2 updates 5480/6250 episodes, total num timesteps 4384800/5000000, FPS 44.

incre win rate is 0.10429447852760736.

 Map 5m_vs_6m Algo r_drbfn_v3 Exp v3_5m_vs_6m_5M_seed2 updates 5485/6250 episodes, total num timesteps 4388800/5000000, FPS 44.

incre win rate is 0.1625.
[v3 step=5490] R_mean=0.5443 | G_n_mean=6.7226 (n=5) | q_tot_pred_mean=6.3787 | drbfn_loss=0.0139, qi_loss=0.0997, qtot_loss=4.1867

 Map 5m_vs_6m Algo r_drbfn_v3 Exp v3_5m_vs_6m_5M_seed2 updates 5490/6250 episodes, total num timesteps 4392800/5000000, FPS 44.

incre win rate is 0.2360248447204969.

 Map 5m_vs_6m Algo r_drbfn_v3 Exp v3_5m_vs_6m_5M_seed2 updates 5495/6250 episodes, total num timesteps 4396800/5000000, FPS 44.

incre win rate is 0.14375.
[v3 step=5500] R_mean=0.5279 | G_n_mean=6.6379 (n=5) | q_tot_pred_mean=6.3485 | drbfn_loss=0.0142, qi_loss=0.1091, qtot_loss=3.7163

 Map 5m_vs_6m Algo r_drbfn_v3 Exp v3_5m_vs_6m_5M_seed2 updates 5500/6250 episodes, total num timesteps 4400800/5000000, FPS 44.

incre win rate is 0.21518987341772153.
eval win rate is 0.34375.

 Map 5m_vs_6m Algo r_drbfn_v3 Exp v3_5m_vs_6m_5M_seed2 updates 5505/6250 episodes, total num timesteps 4404800/5000000, FPS 44.

incre win rate is 0.1875.
[v3 step=5510] R_mean=0.4729 | G_n_mean=5.9113 (n=5) | q_tot_pred_mean=5.9096 | drbfn_loss=0.0126, qi_loss=0.0834, qtot_loss=2.9820

 Map 5m_vs_6m Algo r_drbfn_v3 Exp v3_5m_vs_6m_5M_seed2 updates 5510/6250 episodes, total num timesteps 4408800/5000000, FPS 44.

incre win rate is 0.267515923566879.

 Map 5m_vs_6m Algo r_drbfn_v3 Exp v3_5m_vs_6m_5M_seed2 updates 5515/6250 episodes, total num timesteps 4412800/5000000, FPS 44.

incre win rate is 0.17834394904458598.
[v3 step=5520] R_mean=0.4360 | G_n_mean=5.7319 (n=5) | q_tot_pred_mean=6.0493 | drbfn_loss=0.0125, qi_loss=0.0837, qtot_loss=2.7843

 Map 5m_vs_6m Algo r_drbfn_v3 Exp v3_5m_vs_6m_5M_seed2 updates 5520/6250 episodes, total num timesteps 4416800/5000000, FPS 44.

incre win rate is 0.21153846153846154.

 Map 5m_vs_6m Algo r_drbfn_v3 Exp v3_5m_vs_6m_5M_seed2 updates 5525/6250 episodes, total num timesteps 4420800/5000000, FPS 44.

incre win rate is 0.16352201257861634.
eval win rate is 0.21875.
[v3 step=5530] R_mean=0.4545 | G_n_mean=5.9343 (n=5) | q_tot_pred_mean=5.9433 | drbfn_loss=0.0125, qi_loss=0.0839, qtot_loss=2.2905

 Map 5m_vs_6m Algo r_drbfn_v3 Exp v3_5m_vs_6m_5M_seed2 updates 5530/6250 episodes, total num timesteps 4424800/5000000, FPS 44.

incre win rate is 0.20125786163522014.

 Map 5m_vs_6m Algo r_drbfn_v3 Exp v3_5m_vs_6m_5M_seed2 updates 5535/6250 episodes, total num timesteps 4428800/5000000, FPS 44.

incre win rate is 0.30434782608695654.
[v3 step=5540] R_mean=0.4467 | G_n_mean=5.8309 (n=5) | q_tot_pred_mean=5.8675 | drbfn_loss=0.0123, qi_loss=0.0885, qtot_loss=2.6698

 Map 5m_vs_6m Algo r_drbfn_v3 Exp v3_5m_vs_6m_5M_seed2 updates 5540/6250 episodes, total num timesteps 4432800/5000000, FPS 44.

incre win rate is 0.19375.

 Map 5m_vs_6m Algo r_drbfn_v3 Exp v3_5m_vs_6m_5M_seed2 updates 5545/6250 episodes, total num timesteps 4436800/5000000, FPS 44.

incre win rate is 0.33116883116883117.
[v3 step=5550] R_mean=0.4732 | G_n_mean=5.9997 (n=5) | q_tot_pred_mean=6.2096 | drbfn_loss=0.0113, qi_loss=0.0863, qtot_loss=3.0169

 Map 5m_vs_6m Algo r_drbfn_v3 Exp v3_5m_vs_6m_5M_seed2 updates 5550/6250 episodes, total num timesteps 4440800/5000000, FPS 44.

incre win rate is 0.2138364779874214.
eval win rate is 0.3125.

 Map 5m_vs_6m Algo r_drbfn_v3 Exp v3_5m_vs_6m_5M_seed2 updates 5555/6250 episodes, total num timesteps 4444800/5000000, FPS 44.

incre win rate is 0.28846153846153844.
[v3 step=5560] R_mean=0.4803 | G_n_mean=6.2784 (n=5) | q_tot_pred_mean=6.3162 | drbfn_loss=0.0119, qi_loss=0.1128, qtot_loss=2.7351

 Map 5m_vs_6m Algo r_drbfn_v3 Exp v3_5m_vs_6m_5M_seed2 updates 5560/6250 episodes, total num timesteps 4448800/5000000, FPS 44.

incre win rate is 0.22641509433962265.

 Map 5m_vs_6m Algo r_drbfn_v3 Exp v3_5m_vs_6m_5M_seed2 updates 5565/6250 episodes, total num timesteps 4452800/5000000, FPS 44.

incre win rate is 0.1949685534591195.
[v3 step=5570] R_mean=0.4315 | G_n_mean=5.8163 (n=5) | q_tot_pred_mean=5.9824 | drbfn_loss=0.0134, qi_loss=0.0911, qtot_loss=2.6807

 Map 5m_vs_6m Algo r_drbfn_v3 Exp v3_5m_vs_6m_5M_seed2 updates 5570/6250 episodes, total num timesteps 4456800/5000000, FPS 44.

incre win rate is 0.17721518987341772.

 Map 5m_vs_6m Algo r_drbfn_v3 Exp v3_5m_vs_6m_5M_seed2 updates 5575/6250 episodes, total num timesteps 4460800/5000000, FPS 44.

incre win rate is 0.189873417721519.
eval win rate is 0.1875.
[v3 step=5580] R_mean=0.4520 | G_n_mean=6.0245 (n=5) | q_tot_pred_mean=6.0506 | drbfn_loss=0.0129, qi_loss=0.0879, qtot_loss=2.7450

 Map 5m_vs_6m Algo r_drbfn_v3 Exp v3_5m_vs_6m_5M_seed2 updates 5580/6250 episodes, total num timesteps 4464800/5000000, FPS 44.

incre win rate is 0.21019108280254778.

 Map 5m_vs_6m Algo r_drbfn_v3 Exp v3_5m_vs_6m_5M_seed2 updates 5585/6250 episodes, total num timesteps 4468800/5000000, FPS 44.

incre win rate is 0.19745222929936307.
[v3 step=5590] R_mean=0.4496 | G_n_mean=5.9680 (n=5) | q_tot_pred_mean=6.1801 | drbfn_loss=0.0115, qi_loss=0.0973, qtot_loss=2.6155

 Map 5m_vs_6m Algo r_drbfn_v3 Exp v3_5m_vs_6m_5M_seed2 updates 5590/6250 episodes, total num timesteps 4472800/5000000, FPS 44.

incre win rate is 0.24203821656050956.

 Map 5m_vs_6m Algo r_drbfn_v3 Exp v3_5m_vs_6m_5M_seed2 updates 5595/6250 episodes, total num timesteps 4476800/5000000, FPS 44.

incre win rate is 0.1962025316455696.
[v3 step=5600] R_mean=0.4588 | G_n_mean=6.0113 (n=5) | q_tot_pred_mean=5.7121 | drbfn_loss=0.0143, qi_loss=0.1079, qtot_loss=3.8637

 Map 5m_vs_6m Algo r_drbfn_v3 Exp v3_5m_vs_6m_5M_seed2 updates 5600/6250 episodes, total num timesteps 4480800/5000000, FPS 44.

incre win rate is 0.17901234567901234.
eval win rate is 0.40625.

 Map 5m_vs_6m Algo r_drbfn_v3 Exp v3_5m_vs_6m_5M_seed2 updates 5605/6250 episodes, total num timesteps 4484800/5000000, FPS 44.

incre win rate is 0.2709677419354839.
[v3 step=5610] R_mean=0.5252 | G_n_mean=6.8531 (n=5) | q_tot_pred_mean=7.1181 | drbfn_loss=0.0132, qi_loss=0.1073, qtot_loss=3.4021

 Map 5m_vs_6m Algo r_drbfn_v3 Exp v3_5m_vs_6m_5M_seed2 updates 5610/6250 episodes, total num timesteps 4488800/5000000, FPS 44.

incre win rate is 0.27848101265822783.

 Map 5m_vs_6m Algo r_drbfn_v3 Exp v3_5m_vs_6m_5M_seed2 updates 5615/6250 episodes, total num timesteps 4492800/5000000, FPS 44.

incre win rate is 0.30718954248366015.
[v3 step=5620] R_mean=0.4753 | G_n_mean=6.5231 (n=5) | q_tot_pred_mean=6.5607 | drbfn_loss=0.0142, qi_loss=0.1121, qtot_loss=3.0857

 Map 5m_vs_6m Algo r_drbfn_v3 Exp v3_5m_vs_6m_5M_seed2 updates 5620/6250 episodes, total num timesteps 4496800/5000000, FPS 44.

incre win rate is 0.2645161290322581.

 Map 5m_vs_6m Algo r_drbfn_v3 Exp v3_5m_vs_6m_5M_seed2 updates 5625/6250 episodes, total num timesteps 4500800/5000000, FPS 44.

incre win rate is 0.27741935483870966.
eval win rate is 0.21875.
[v3 step=5630] R_mean=0.4858 | G_n_mean=6.5770 (n=5) | q_tot_pred_mean=6.4964 | drbfn_loss=0.0131, qi_loss=0.1077, qtot_loss=3.2812

 Map 5m_vs_6m Algo r_drbfn_v3 Exp v3_5m_vs_6m_5M_seed2 updates 5630/6250 episodes, total num timesteps 4504800/5000000, FPS 44.

incre win rate is 0.32679738562091504.

 Map 5m_vs_6m Algo r_drbfn_v3 Exp v3_5m_vs_6m_5M_seed2 updates 5635/6250 episodes, total num timesteps 4508800/5000000, FPS 44.

incre win rate is 0.4025974025974026.
[v3 step=5640] R_mean=0.4796 | G_n_mean=6.4535 (n=5) | q_tot_pred_mean=6.6388 | drbfn_loss=0.0134, qi_loss=0.1068, qtot_loss=3.3018

 Map 5m_vs_6m Algo r_drbfn_v3 Exp v3_5m_vs_6m_5M_seed2 updates 5640/6250 episodes, total num timesteps 4512800/5000000, FPS 44.

incre win rate is 0.2903225806451613.

 Map 5m_vs_6m Algo r_drbfn_v3 Exp v3_5m_vs_6m_5M_seed2 updates 5645/6250 episodes, total num timesteps 4516800/5000000, FPS 44.

incre win rate is 0.3184713375796178.
[v3 step=5650] R_mean=0.5499 | G_n_mean=7.0939 (n=5) | q_tot_pred_mean=6.9702 | drbfn_loss=0.0141, qi_loss=0.1218, qtot_loss=4.3793

 Map 5m_vs_6m Algo r_drbfn_v3 Exp v3_5m_vs_6m_5M_seed2 updates 5650/6250 episodes, total num timesteps 4520800/5000000, FPS 44.

incre win rate is 0.3525641025641026.
eval win rate is 0.5.

 Map 5m_vs_6m Algo r_drbfn_v3 Exp v3_5m_vs_6m_5M_seed2 updates 5655/6250 episodes, total num timesteps 4524800/5000000, FPS 44.

incre win rate is 0.32903225806451614.
[v3 step=5660] R_mean=0.5015 | G_n_mean=6.5552 (n=5) | q_tot_pred_mean=6.6754 | drbfn_loss=0.0154, qi_loss=0.1085, qtot_loss=3.8008

 Map 5m_vs_6m Algo r_drbfn_v3 Exp v3_5m_vs_6m_5M_seed2 updates 5660/6250 episodes, total num timesteps 4528800/5000000, FPS 44.

incre win rate is 0.3269230769230769.

 Map 5m_vs_6m Algo r_drbfn_v3 Exp v3_5m_vs_6m_5M_seed2 updates 5665/6250 episodes, total num timesteps 4532800/5000000, FPS 44.

incre win rate is 0.33986928104575165.
[v3 step=5670] R_mean=0.5092 | G_n_mean=6.8560 (n=5) | q_tot_pred_mean=6.9246 | drbfn_loss=0.0134, qi_loss=0.1133, qtot_loss=4.7277

 Map 5m_vs_6m Algo r_drbfn_v3 Exp v3_5m_vs_6m_5M_seed2 updates 5670/6250 episodes, total num timesteps 4536800/5000000, FPS 44.

incre win rate is 0.2967741935483871.

 Map 5m_vs_6m Algo r_drbfn_v3 Exp v3_5m_vs_6m_5M_seed2 updates 5675/6250 episodes, total num timesteps 4540800/5000000, FPS 44.

incre win rate is 0.25.
eval win rate is 0.34375.
[v3 step=5680] R_mean=0.4210 | G_n_mean=5.6593 (n=5) | q_tot_pred_mean=5.9127 | drbfn_loss=0.0114, qi_loss=0.1096, qtot_loss=2.7194

 Map 5m_vs_6m Algo r_drbfn_v3 Exp v3_5m_vs_6m_5M_seed2 updates 5680/6250 episodes, total num timesteps 4544800/5000000, FPS 44.

incre win rate is 0.17073170731707318.

 Map 5m_vs_6m Algo r_drbfn_v3 Exp v3_5m_vs_6m_5M_seed2 updates 5685/6250 episodes, total num timesteps 4548800/5000000, FPS 44.

incre win rate is 0.3051948051948052.
[v3 step=5690] R_mean=0.5059 | G_n_mean=6.5600 (n=5) | q_tot_pred_mean=6.5514 | drbfn_loss=0.0138, qi_loss=0.1149, qtot_loss=4.2459

 Map 5m_vs_6m Algo r_drbfn_v3 Exp v3_5m_vs_6m_5M_seed2 updates 5690/6250 episodes, total num timesteps 4552800/5000000, FPS 44.

incre win rate is 0.25477707006369427.

 Map 5m_vs_6m Algo r_drbfn_v3 Exp v3_5m_vs_6m_5M_seed2 updates 5695/6250 episodes, total num timesteps 4556800/5000000, FPS 44.

incre win rate is 0.25.
[v3 step=5700] R_mean=0.4746 | G_n_mean=6.5030 (n=5) | q_tot_pred_mean=6.7879 | drbfn_loss=0.0128, qi_loss=0.1159, qtot_loss=3.6679

 Map 5m_vs_6m Algo r_drbfn_v3 Exp v3_5m_vs_6m_5M_seed2 updates 5700/6250 episodes, total num timesteps 4560800/5000000, FPS 44.

incre win rate is 0.3225806451612903.
eval win rate is 0.21875.

 Map 5m_vs_6m Algo r_drbfn_v3 Exp v3_5m_vs_6m_5M_seed2 updates 5705/6250 episodes, total num timesteps 4564800/5000000, FPS 44.

incre win rate is 0.3096774193548387.
[v3 step=5710] R_mean=0.5067 | G_n_mean=6.9194 (n=5) | q_tot_pred_mean=7.0060 | drbfn_loss=0.0144, qi_loss=0.1120, qtot_loss=3.7828

 Map 5m_vs_6m Algo r_drbfn_v3 Exp v3_5m_vs_6m_5M_seed2 updates 5710/6250 episodes, total num timesteps 4568800/5000000, FPS 44.

incre win rate is 0.32.

 Map 5m_vs_6m Algo r_drbfn_v3 Exp v3_5m_vs_6m_5M_seed2 updates 5715/6250 episodes, total num timesteps 4572800/5000000, FPS 44.

incre win rate is 0.3076923076923077.
[v3 step=5720] R_mean=0.5332 | G_n_mean=7.1758 (n=5) | q_tot_pred_mean=6.7067 | drbfn_loss=0.0140, qi_loss=0.1326, qtot_loss=3.9257

 Map 5m_vs_6m Algo r_drbfn_v3 Exp v3_5m_vs_6m_5M_seed2 updates 5720/6250 episodes, total num timesteps 4576800/5000000, FPS 44.

incre win rate is 0.28104575163398693.

 Map 5m_vs_6m Algo r_drbfn_v3 Exp v3_5m_vs_6m_5M_seed2 updates 5725/6250 episodes, total num timesteps 4580800/5000000, FPS 44.

incre win rate is 0.271523178807947.
eval win rate is 0.25.
[v3 step=5730] R_mean=0.5007 | G_n_mean=6.6413 (n=5) | q_tot_pred_mean=6.7357 | drbfn_loss=0.0153, qi_loss=0.1138, qtot_loss=3.3290

 Map 5m_vs_6m Algo r_drbfn_v3 Exp v3_5m_vs_6m_5M_seed2 updates 5730/6250 episodes, total num timesteps 4584800/5000000, FPS 44.

incre win rate is 0.33766233766233766.

 Map 5m_vs_6m Algo r_drbfn_v3 Exp v3_5m_vs_6m_5M_seed2 updates 5735/6250 episodes, total num timesteps 4588800/5000000, FPS 44.

incre win rate is 0.2662337662337662.
[v3 step=5740] R_mean=0.4824 | G_n_mean=6.4276 (n=5) | q_tot_pred_mean=6.2849 | drbfn_loss=0.0148, qi_loss=0.1284, qtot_loss=3.0823

 Map 5m_vs_6m Algo r_drbfn_v3 Exp v3_5m_vs_6m_5M_seed2 updates 5740/6250 episodes, total num timesteps 4592800/5000000, FPS 44.

incre win rate is 0.2532467532467532.

 Map 5m_vs_6m Algo r_drbfn_v3 Exp v3_5m_vs_6m_5M_seed2 updates 5745/6250 episodes, total num timesteps 4596800/5000000, FPS 44.

incre win rate is 0.3375796178343949.
[v3 step=5750] R_mean=0.5136 | G_n_mean=6.8456 (n=5) | q_tot_pred_mean=6.8513 | drbfn_loss=0.0145, qi_loss=0.1139, qtot_loss=3.9988

 Map 5m_vs_6m Algo r_drbfn_v3 Exp v3_5m_vs_6m_5M_seed2 updates 5750/6250 episodes, total num timesteps 4600800/5000000, FPS 44.

incre win rate is 0.29605263157894735.
eval win rate is 0.34375.

 Map 5m_vs_6m Algo r_drbfn_v3 Exp v3_5m_vs_6m_5M_seed2 updates 5755/6250 episodes, total num timesteps 4604800/5000000, FPS 44.

incre win rate is 0.2866666666666667.
[v3 step=5760] R_mean=0.4760 | G_n_mean=6.4822 (n=5) | q_tot_pred_mean=6.7629 | drbfn_loss=0.0121, qi_loss=0.0918, qtot_loss=3.2702

 Map 5m_vs_6m Algo r_drbfn_v3 Exp v3_5m_vs_6m_5M_seed2 updates 5760/6250 episodes, total num timesteps 4608800/5000000, FPS 44.

incre win rate is 0.27631578947368424.

 Map 5m_vs_6m Algo r_drbfn_v3 Exp v3_5m_vs_6m_5M_seed2 updates 5765/6250 episodes, total num timesteps 4612800/5000000, FPS 44.

incre win rate is 0.3096774193548387.
[v3 step=5770] R_mean=0.5813 | G_n_mean=7.5754 (n=5) | q_tot_pred_mean=7.0659 | drbfn_loss=0.0142, qi_loss=0.1485, qtot_loss=4.5207

 Map 5m_vs_6m Algo r_drbfn_v3 Exp v3_5m_vs_6m_5M_seed2 updates 5770/6250 episodes, total num timesteps 4616800/5000000, FPS 44.

incre win rate is 0.3815789473684211.

 Map 5m_vs_6m Algo r_drbfn_v3 Exp v3_5m_vs_6m_5M_seed2 updates 5775/6250 episodes, total num timesteps 4620800/5000000, FPS 44.

incre win rate is 0.27388535031847133.
eval win rate is 0.34375.
[v3 step=5780] R_mean=0.5131 | G_n_mean=6.8668 (n=5) | q_tot_pred_mean=6.9328 | drbfn_loss=0.0140, qi_loss=0.1110, qtot_loss=3.8407

 Map 5m_vs_6m Algo r_drbfn_v3 Exp v3_5m_vs_6m_5M_seed2 updates 5780/6250 episodes, total num timesteps 4624800/5000000, FPS 44.

incre win rate is 0.34415584415584416.

 Map 5m_vs_6m Algo r_drbfn_v3 Exp v3_5m_vs_6m_5M_seed2 updates 5785/6250 episodes, total num timesteps 4628800/5000000, FPS 44.

incre win rate is 0.2802547770700637.
[v3 step=5790] R_mean=0.4849 | G_n_mean=6.5220 (n=5) | q_tot_pred_mean=6.5688 | drbfn_loss=0.0134, qi_loss=0.1208, qtot_loss=3.5822

 Map 5m_vs_6m Algo r_drbfn_v3 Exp v3_5m_vs_6m_5M_seed2 updates 5790/6250 episodes, total num timesteps 4632800/5000000, FPS 44.

incre win rate is 0.24528301886792453.

 Map 5m_vs_6m Algo r_drbfn_v3 Exp v3_5m_vs_6m_5M_seed2 updates 5795/6250 episodes, total num timesteps 4636800/5000000, FPS 44.

incre win rate is 0.33766233766233766.
[v3 step=5800] R_mean=0.4876 | G_n_mean=6.7165 (n=5) | q_tot_pred_mean=6.9360 | drbfn_loss=0.0153, qi_loss=0.1249, qtot_loss=4.1792

 Map 5m_vs_6m Algo r_drbfn_v3 Exp v3_5m_vs_6m_5M_seed2 updates 5800/6250 episodes, total num timesteps 4640800/5000000, FPS 44.

incre win rate is 0.2903225806451613.
eval win rate is 0.25.

 Map 5m_vs_6m Algo r_drbfn_v3 Exp v3_5m_vs_6m_5M_seed2 updates 5805/6250 episodes, total num timesteps 4644800/5000000, FPS 44.

incre win rate is 0.3271604938271605.
[v3 step=5810] R_mean=0.5274 | G_n_mean=7.0168 (n=5) | q_tot_pred_mean=6.7081 | drbfn_loss=0.0148, qi_loss=0.1362, qtot_loss=3.9377

 Map 5m_vs_6m Algo r_drbfn_v3 Exp v3_5m_vs_6m_5M_seed2 updates 5810/6250 episodes, total num timesteps 4648800/5000000, FPS 44.

incre win rate is 0.28205128205128205.

 Map 5m_vs_6m Algo r_drbfn_v3 Exp v3_5m_vs_6m_5M_seed2 updates 5815/6250 episodes, total num timesteps 4652800/5000000, FPS 44.

incre win rate is 0.27672955974842767.
[v3 step=5820] R_mean=0.4543 | G_n_mean=6.1438 (n=5) | q_tot_pred_mean=6.3870 | drbfn_loss=0.0145, qi_loss=0.1106, qtot_loss=3.3895

 Map 5m_vs_6m Algo r_drbfn_v3 Exp v3_5m_vs_6m_5M_seed2 updates 5820/6250 episodes, total num timesteps 4656800/5000000, FPS 44.

incre win rate is 0.23270440251572327.

 Map 5m_vs_6m Algo r_drbfn_v3 Exp v3_5m_vs_6m_5M_seed2 updates 5825/6250 episodes, total num timesteps 4660800/5000000, FPS 44.

incre win rate is 0.3885350318471338.
eval win rate is 0.40625.
[v3 step=5830] R_mean=0.4935 | G_n_mean=6.6297 (n=5) | q_tot_pred_mean=6.6654 | drbfn_loss=0.0167, qi_loss=0.1097, qtot_loss=3.5053

 Map 5m_vs_6m Algo r_drbfn_v3 Exp v3_5m_vs_6m_5M_seed2 updates 5830/6250 episodes, total num timesteps 4664800/5000000, FPS 44.

incre win rate is 0.29411764705882354.

 Map 5m_vs_6m Algo r_drbfn_v3 Exp v3_5m_vs_6m_5M_seed2 updates 5835/6250 episodes, total num timesteps 4668800/5000000, FPS 44.

incre win rate is 0.30718954248366015.
[v3 step=5840] R_mean=0.4918 | G_n_mean=6.5260 (n=5) | q_tot_pred_mean=6.6777 | drbfn_loss=0.0141, qi_loss=0.1269, qtot_loss=4.3166

 Map 5m_vs_6m Algo r_drbfn_v3 Exp v3_5m_vs_6m_5M_seed2 updates 5840/6250 episodes, total num timesteps 4672800/5000000, FPS 44.

incre win rate is 0.3096774193548387.

 Map 5m_vs_6m Algo r_drbfn_v3 Exp v3_5m_vs_6m_5M_seed2 updates 5845/6250 episodes, total num timesteps 4676800/5000000, FPS 44.

incre win rate is 0.3225806451612903.
[v3 step=5850] R_mean=0.4817 | G_n_mean=6.6790 (n=5) | q_tot_pred_mean=6.6542 | drbfn_loss=0.0133, qi_loss=0.1131, qtot_loss=2.8608

 Map 5m_vs_6m Algo r_drbfn_v3 Exp v3_5m_vs_6m_5M_seed2 updates 5850/6250 episodes, total num timesteps 4680800/5000000, FPS 44.

incre win rate is 0.2709677419354839.
eval win rate is 0.4375.

 Map 5m_vs_6m Algo r_drbfn_v3 Exp v3_5m_vs_6m_5M_seed2 updates 5855/6250 episodes, total num timesteps 4684800/5000000, FPS 44.

incre win rate is 0.3670886075949367.
[v3 step=5860] R_mean=0.5147 | G_n_mean=6.8230 (n=5) | q_tot_pred_mean=6.9085 | drbfn_loss=0.0149, qi_loss=0.1526, qtot_loss=4.3949

 Map 5m_vs_6m Algo r_drbfn_v3 Exp v3_5m_vs_6m_5M_seed2 updates 5860/6250 episodes, total num timesteps 4688800/5000000, FPS 44.

incre win rate is 0.3269230769230769.

 Map 5m_vs_6m Algo r_drbfn_v3 Exp v3_5m_vs_6m_5M_seed2 updates 5865/6250 episodes, total num timesteps 4692800/5000000, FPS 45.

incre win rate is 0.27741935483870966.
[v3 step=5870] R_mean=0.5216 | G_n_mean=7.3336 (n=5) | q_tot_pred_mean=7.3037 | drbfn_loss=0.0138, qi_loss=0.1182, qtot_loss=4.1725

 Map 5m_vs_6m Algo r_drbfn_v3 Exp v3_5m_vs_6m_5M_seed2 updates 5870/6250 episodes, total num timesteps 4696800/5000000, FPS 45.

incre win rate is 0.28662420382165604.

 Map 5m_vs_6m Algo r_drbfn_v3 Exp v3_5m_vs_6m_5M_seed2 updates 5875/6250 episodes, total num timesteps 4700800/5000000, FPS 45.

incre win rate is 0.2922077922077922.
eval win rate is 0.375.
[v3 step=5880] R_mean=0.4870 | G_n_mean=6.7530 (n=5) | q_tot_pred_mean=6.6157 | drbfn_loss=0.0152, qi_loss=0.1147, qtot_loss=2.8522

 Map 5m_vs_6m Algo r_drbfn_v3 Exp v3_5m_vs_6m_5M_seed2 updates 5880/6250 episodes, total num timesteps 4704800/5000000, FPS 45.

incre win rate is 0.2792207792207792.

 Map 5m_vs_6m Algo r_drbfn_v3 Exp v3_5m_vs_6m_5M_seed2 updates 5885/6250 episodes, total num timesteps 4708800/5000000, FPS 45.

incre win rate is 0.28125.
[v3 step=5890] R_mean=0.5329 | G_n_mean=7.1807 (n=5) | q_tot_pred_mean=7.0255 | drbfn_loss=0.0147, qi_loss=0.1365, qtot_loss=3.6731

 Map 5m_vs_6m Algo r_drbfn_v3 Exp v3_5m_vs_6m_5M_seed2 updates 5890/6250 episodes, total num timesteps 4712800/5000000, FPS 45.

incre win rate is 0.3161290322580645.

 Map 5m_vs_6m Algo r_drbfn_v3 Exp v3_5m_vs_6m_5M_seed2 updates 5895/6250 episodes, total num timesteps 4716800/5000000, FPS 45.

incre win rate is 0.34177215189873417.
[v3 step=5900] R_mean=0.4775 | G_n_mean=6.6570 (n=5) | q_tot_pred_mean=6.7999 | drbfn_loss=0.0139, qi_loss=0.1201, qtot_loss=3.9069

 Map 5m_vs_6m Algo r_drbfn_v3 Exp v3_5m_vs_6m_5M_seed2 updates 5900/6250 episodes, total num timesteps 4720800/5000000, FPS 45.

incre win rate is 0.2848101265822785.
eval win rate is 0.15625.

 Map 5m_vs_6m Algo r_drbfn_v3 Exp v3_5m_vs_6m_5M_seed2 updates 5905/6250 episodes, total num timesteps 4724800/5000000, FPS 45.

incre win rate is 0.3141025641025641.
[v3 step=5910] R_mean=0.4754 | G_n_mean=6.4695 (n=5) | q_tot_pred_mean=6.2681 | drbfn_loss=0.0136, qi_loss=0.1059, qtot_loss=2.8317

 Map 5m_vs_6m Algo r_drbfn_v3 Exp v3_5m_vs_6m_5M_seed2 updates 5910/6250 episodes, total num timesteps 4728800/5000000, FPS 45.

incre win rate is 0.2088607594936709.

 Map 5m_vs_6m Algo r_drbfn_v3 Exp v3_5m_vs_6m_5M_seed2 updates 5915/6250 episodes, total num timesteps 4732800/5000000, FPS 45.

incre win rate is 0.23076923076923078.
[v3 step=5920] R_mean=0.5055 | G_n_mean=6.8207 (n=5) | q_tot_pred_mean=6.8547 | drbfn_loss=0.0143, qi_loss=0.1610, qtot_loss=4.0553

 Map 5m_vs_6m Algo r_drbfn_v3 Exp v3_5m_vs_6m_5M_seed2 updates 5920/6250 episodes, total num timesteps 4736800/5000000, FPS 45.

incre win rate is 0.27450980392156865.

 Map 5m_vs_6m Algo r_drbfn_v3 Exp v3_5m_vs_6m_5M_seed2 updates 5925/6250 episodes, total num timesteps 4740800/5000000, FPS 45.

incre win rate is 0.2356687898089172.
eval win rate is 0.3125.
[v3 step=5930] R_mean=0.4788 | G_n_mean=6.7510 (n=5) | q_tot_pred_mean=6.8062 | drbfn_loss=0.0125, qi_loss=0.1265, qtot_loss=3.0742

 Map 5m_vs_6m Algo r_drbfn_v3 Exp v3_5m_vs_6m_5M_seed2 updates 5930/6250 episodes, total num timesteps 4744800/5000000, FPS 45.

incre win rate is 0.26582278481012656.

 Map 5m_vs_6m Algo r_drbfn_v3 Exp v3_5m_vs_6m_5M_seed2 updates 5935/6250 episodes, total num timesteps 4748800/5000000, FPS 45.

incre win rate is 0.2077922077922078.
[v3 step=5940] R_mean=0.4497 | G_n_mean=6.2992 (n=5) | q_tot_pred_mean=6.4132 | drbfn_loss=0.0163, qi_loss=0.1321, qtot_loss=3.8421

 Map 5m_vs_6m Algo r_drbfn_v3 Exp v3_5m_vs_6m_5M_seed2 updates 5940/6250 episodes, total num timesteps 4752800/5000000, FPS 45.

incre win rate is 0.2546583850931677.

 Map 5m_vs_6m Algo r_drbfn_v3 Exp v3_5m_vs_6m_5M_seed2 updates 5945/6250 episodes, total num timesteps 4756800/5000000, FPS 45.

incre win rate is 0.28662420382165604.
[v3 step=5950] R_mean=0.4988 | G_n_mean=6.7182 (n=5) | q_tot_pred_mean=6.7335 | drbfn_loss=0.0143, qi_loss=0.1156, qtot_loss=3.6276

 Map 5m_vs_6m Algo r_drbfn_v3 Exp v3_5m_vs_6m_5M_seed2 updates 5950/6250 episodes, total num timesteps 4760800/5000000, FPS 45.

incre win rate is 0.3225806451612903.
eval win rate is 0.40625.

 Map 5m_vs_6m Algo r_drbfn_v3 Exp v3_5m_vs_6m_5M_seed2 updates 5955/6250 episodes, total num timesteps 4764800/5000000, FPS 45.

incre win rate is 0.3246753246753247.
[v3 step=5960] R_mean=0.5153 | G_n_mean=7.1571 (n=5) | q_tot_pred_mean=6.9128 | drbfn_loss=0.0164, qi_loss=0.1568, qtot_loss=4.0423

 Map 5m_vs_6m Algo r_drbfn_v3 Exp v3_5m_vs_6m_5M_seed2 updates 5960/6250 episodes, total num timesteps 4768800/5000000, FPS 45.

incre win rate is 0.24675324675324675.

 Map 5m_vs_6m Algo r_drbfn_v3 Exp v3_5m_vs_6m_5M_seed2 updates 5965/6250 episodes, total num timesteps 4772800/5000000, FPS 45.

incre win rate is 0.2709677419354839.
[v3 step=5970] R_mean=0.5099 | G_n_mean=7.0018 (n=5) | q_tot_pred_mean=6.8850 | drbfn_loss=0.0138, qi_loss=0.1604, qtot_loss=3.8095

 Map 5m_vs_6m Algo r_drbfn_v3 Exp v3_5m_vs_6m_5M_seed2 updates 5970/6250 episodes, total num timesteps 4776800/5000000, FPS 45.

incre win rate is 0.25806451612903225.

 Map 5m_vs_6m Algo r_drbfn_v3 Exp v3_5m_vs_6m_5M_seed2 updates 5975/6250 episodes, total num timesteps 4780800/5000000, FPS 45.

incre win rate is 0.33974358974358976.
eval win rate is 0.3125.
[v3 step=5980] R_mean=0.4833 | G_n_mean=6.9035 (n=5) | q_tot_pred_mean=7.0342 | drbfn_loss=0.0137, qi_loss=0.1328, qtot_loss=4.1403

 Map 5m_vs_6m Algo r_drbfn_v3 Exp v3_5m_vs_6m_5M_seed2 updates 5980/6250 episodes, total num timesteps 4784800/5000000, FPS 45.

incre win rate is 0.27450980392156865.

 Map 5m_vs_6m Algo r_drbfn_v3 Exp v3_5m_vs_6m_5M_seed2 updates 5985/6250 episodes, total num timesteps 4788800/5000000, FPS 45.

incre win rate is 0.3660130718954248.
[v3 step=5990] R_mean=0.4832 | G_n_mean=6.7808 (n=5) | q_tot_pred_mean=7.0644 | drbfn_loss=0.0156, qi_loss=0.1275, qtot_loss=3.7827

 Map 5m_vs_6m Algo r_drbfn_v3 Exp v3_5m_vs_6m_5M_seed2 updates 5990/6250 episodes, total num timesteps 4792800/5000000, FPS 45.

incre win rate is 0.3355263157894737.

 Map 5m_vs_6m Algo r_drbfn_v3 Exp v3_5m_vs_6m_5M_seed2 updates 5995/6250 episodes, total num timesteps 4796800/5000000, FPS 45.

incre win rate is 0.27450980392156865.
[v3 step=6000] R_mean=0.4670 | G_n_mean=6.2665 (n=5) | q_tot_pred_mean=6.4481 | drbfn_loss=0.0149, qi_loss=0.1224, qtot_loss=3.1779

 Map 5m_vs_6m Algo r_drbfn_v3 Exp v3_5m_vs_6m_5M_seed2 updates 6000/6250 episodes, total num timesteps 4800800/5000000, FPS 45.

incre win rate is 0.2967741935483871.
eval win rate is 0.1875.

 Map 5m_vs_6m Algo r_drbfn_v3 Exp v3_5m_vs_6m_5M_seed2 updates 6005/6250 episodes, total num timesteps 4804800/5000000, FPS 45.

incre win rate is 0.28104575163398693.
[v3 step=6010] R_mean=0.5291 | G_n_mean=7.3127 (n=5) | q_tot_pred_mean=6.9476 | drbfn_loss=0.0147, qi_loss=0.1447, qtot_loss=3.4599

 Map 5m_vs_6m Algo r_drbfn_v3 Exp v3_5m_vs_6m_5M_seed2 updates 6010/6250 episodes, total num timesteps 4808800/5000000, FPS 45.

incre win rate is 0.28104575163398693.

 Map 5m_vs_6m Algo r_drbfn_v3 Exp v3_5m_vs_6m_5M_seed2 updates 6015/6250 episodes, total num timesteps 4812800/5000000, FPS 45.

incre win rate is 0.26282051282051283.
[v3 step=6020] R_mean=0.5348 | G_n_mean=7.1512 (n=5) | q_tot_pred_mean=7.0061 | drbfn_loss=0.0145, qi_loss=0.1468, qtot_loss=3.5329

 Map 5m_vs_6m Algo r_drbfn_v3 Exp v3_5m_vs_6m_5M_seed2 updates 6020/6250 episodes, total num timesteps 4816800/5000000, FPS 45.

incre win rate is 0.2987012987012987.

 Map 5m_vs_6m Algo r_drbfn_v3 Exp v3_5m_vs_6m_5M_seed2 updates 6025/6250 episodes, total num timesteps 4820800/5000000, FPS 45.

incre win rate is 0.3051948051948052.
eval win rate is 0.28125.
[v3 step=6030] R_mean=0.5320 | G_n_mean=7.1430 (n=5) | q_tot_pred_mean=6.8668 | drbfn_loss=0.0191, qi_loss=0.1702, qtot_loss=4.5497

 Map 5m_vs_6m Algo r_drbfn_v3 Exp v3_5m_vs_6m_5M_seed2 updates 6030/6250 episodes, total num timesteps 4824800/5000000, FPS 45.

incre win rate is 0.30718954248366015.

 Map 5m_vs_6m Algo r_drbfn_v3 Exp v3_5m_vs_6m_5M_seed2 updates 6035/6250 episodes, total num timesteps 4828800/5000000, FPS 45.

incre win rate is 0.3125.
[v3 step=6040] R_mean=0.5262 | G_n_mean=7.1224 (n=5) | q_tot_pred_mean=7.0212 | drbfn_loss=0.0150, qi_loss=0.1523, qtot_loss=4.6543

 Map 5m_vs_6m Algo r_drbfn_v3 Exp v3_5m_vs_6m_5M_seed2 updates 6040/6250 episodes, total num timesteps 4832800/5000000, FPS 45.

incre win rate is 0.2692307692307692.

 Map 5m_vs_6m Algo r_drbfn_v3 Exp v3_5m_vs_6m_5M_seed2 updates 6045/6250 episodes, total num timesteps 4836800/5000000, FPS 45.

incre win rate is 0.3225806451612903.
[v3 step=6050] R_mean=0.4813 | G_n_mean=6.7571 (n=5) | q_tot_pred_mean=6.9214 | drbfn_loss=0.0154, qi_loss=0.1273, qtot_loss=3.3908

 Map 5m_vs_6m Algo r_drbfn_v3 Exp v3_5m_vs_6m_5M_seed2 updates 6050/6250 episodes, total num timesteps 4840800/5000000, FPS 45.

incre win rate is 0.3161290322580645.
eval win rate is 0.28125.

 Map 5m_vs_6m Algo r_drbfn_v3 Exp v3_5m_vs_6m_5M_seed2 updates 6055/6250 episodes, total num timesteps 4844800/5000000, FPS 45.

incre win rate is 0.3269230769230769.
[v3 step=6060] R_mean=0.5220 | G_n_mean=7.1922 (n=5) | q_tot_pred_mean=6.9522 | drbfn_loss=0.0169, qi_loss=0.1413, qtot_loss=4.0510

 Map 5m_vs_6m Algo r_drbfn_v3 Exp v3_5m_vs_6m_5M_seed2 updates 6060/6250 episodes, total num timesteps 4848800/5000000, FPS 45.

incre win rate is 0.24675324675324675.

 Map 5m_vs_6m Algo r_drbfn_v3 Exp v3_5m_vs_6m_5M_seed2 updates 6065/6250 episodes, total num timesteps 4852800/5000000, FPS 45.

incre win rate is 0.2802547770700637.
[v3 step=6070] R_mean=0.4662 | G_n_mean=6.3978 (n=5) | q_tot_pred_mean=6.5469 | drbfn_loss=0.0158, qi_loss=0.1360, qtot_loss=3.8793

 Map 5m_vs_6m Algo r_drbfn_v3 Exp v3_5m_vs_6m_5M_seed2 updates 6070/6250 episodes, total num timesteps 4856800/5000000, FPS 45.

incre win rate is 0.2422360248447205.

 Map 5m_vs_6m Algo r_drbfn_v3 Exp v3_5m_vs_6m_5M_seed2 updates 6075/6250 episodes, total num timesteps 4860800/5000000, FPS 45.

incre win rate is 0.42953020134228187.
eval win rate is 0.4375.
[v3 step=6080] R_mean=0.4848 | G_n_mean=6.7060 (n=5) | q_tot_pred_mean=7.0383 | drbfn_loss=0.0137, qi_loss=0.1331, qtot_loss=4.2184

 Map 5m_vs_6m Algo r_drbfn_v3 Exp v3_5m_vs_6m_5M_seed2 updates 6080/6250 episodes, total num timesteps 4864800/5000000, FPS 45.

incre win rate is 0.3057324840764331.

 Map 5m_vs_6m Algo r_drbfn_v3 Exp v3_5m_vs_6m_5M_seed2 updates 6085/6250 episodes, total num timesteps 4868800/5000000, FPS 45.

incre win rate is 0.35526315789473684.
[v3 step=6090] R_mean=0.4925 | G_n_mean=6.8535 (n=5) | q_tot_pred_mean=6.9657 | drbfn_loss=0.0166, qi_loss=0.1542, qtot_loss=3.9262

 Map 5m_vs_6m Algo r_drbfn_v3 Exp v3_5m_vs_6m_5M_seed2 updates 6090/6250 episodes, total num timesteps 4872800/5000000, FPS 45.

incre win rate is 0.30718954248366015.

 Map 5m_vs_6m Algo r_drbfn_v3 Exp v3_5m_vs_6m_5M_seed2 updates 6095/6250 episodes, total num timesteps 4876800/5000000, FPS 45.

incre win rate is 0.32903225806451614.
[v3 step=6100] R_mean=0.5183 | G_n_mean=7.3253 (n=5) | q_tot_pred_mean=7.3354 | drbfn_loss=0.0149, qi_loss=0.1633, qtot_loss=4.4586

 Map 5m_vs_6m Algo r_drbfn_v3 Exp v3_5m_vs_6m_5M_seed2 updates 6100/6250 episodes, total num timesteps 4880800/5000000, FPS 45.

incre win rate is 0.35526315789473684.
eval win rate is 0.40625.

 Map 5m_vs_6m Algo r_drbfn_v3 Exp v3_5m_vs_6m_5M_seed2 updates 6105/6250 episodes, total num timesteps 4884800/5000000, FPS 45.

incre win rate is 0.3509933774834437.
[v3 step=6110] R_mean=0.4858 | G_n_mean=6.9143 (n=5) | q_tot_pred_mean=7.2294 | drbfn_loss=0.0155, qi_loss=0.1384, qtot_loss=3.3895

 Map 5m_vs_6m Algo r_drbfn_v3 Exp v3_5m_vs_6m_5M_seed2 updates 6110/6250 episodes, total num timesteps 4888800/5000000, FPS 45.

incre win rate is 0.36666666666666664.

 Map 5m_vs_6m Algo r_drbfn_v3 Exp v3_5m_vs_6m_5M_seed2 updates 6115/6250 episodes, total num timesteps 4892800/5000000, FPS 45.

incre win rate is 0.40939597315436244.
[v3 step=6120] R_mean=0.5251 | G_n_mean=7.2828 (n=5) | q_tot_pred_mean=7.1042 | drbfn_loss=0.0167, qi_loss=0.1407, qtot_loss=3.8144

 Map 5m_vs_6m Algo r_drbfn_v3 Exp v3_5m_vs_6m_5M_seed2 updates 6120/6250 episodes, total num timesteps 4896800/5000000, FPS 45.

incre win rate is 0.3333333333333333.

 Map 5m_vs_6m Algo r_drbfn_v3 Exp v3_5m_vs_6m_5M_seed2 updates 6125/6250 episodes, total num timesteps 4900800/5000000, FPS 45.

incre win rate is 0.3223684210526316.
eval win rate is 0.5.
[v3 step=6130] R_mean=0.4432 | G_n_mean=6.5904 (n=5) | q_tot_pred_mean=6.6919 | drbfn_loss=0.0185, qi_loss=0.1278, qtot_loss=4.4001

 Map 5m_vs_6m Algo r_drbfn_v3 Exp v3_5m_vs_6m_5M_seed2 updates 6130/6250 episodes, total num timesteps 4904800/5000000, FPS 45.

incre win rate is 0.25675675675675674.

 Map 5m_vs_6m Algo r_drbfn_v3 Exp v3_5m_vs_6m_5M_seed2 updates 6135/6250 episodes, total num timesteps 4908800/5000000, FPS 45.

incre win rate is 0.3466666666666667.
[v3 step=6140] R_mean=0.4925 | G_n_mean=6.9819 (n=5) | q_tot_pred_mean=7.1982 | drbfn_loss=0.0158, qi_loss=0.1379, qtot_loss=4.2299

 Map 5m_vs_6m Algo r_drbfn_v3 Exp v3_5m_vs_6m_5M_seed2 updates 6140/6250 episodes, total num timesteps 4912800/5000000, FPS 45.

incre win rate is 0.3443708609271523.

 Map 5m_vs_6m Algo r_drbfn_v3 Exp v3_5m_vs_6m_5M_seed2 updates 6145/6250 episodes, total num timesteps 4916800/5000000, FPS 45.

incre win rate is 0.3877551020408163.
[v3 step=6150] R_mean=0.5187 | G_n_mean=7.2704 (n=5) | q_tot_pred_mean=7.1319 | drbfn_loss=0.0165, qi_loss=0.1686, qtot_loss=4.6644

 Map 5m_vs_6m Algo r_drbfn_v3 Exp v3_5m_vs_6m_5M_seed2 updates 6150/6250 episodes, total num timesteps 4920800/5000000, FPS 45.

incre win rate is 0.36.
eval win rate is 0.4375.

 Map 5m_vs_6m Algo r_drbfn_v3 Exp v3_5m_vs_6m_5M_seed2 updates 6155/6250 episodes, total num timesteps 4924800/5000000, FPS 45.

incre win rate is 0.3767123287671233.
[v3 step=6160] R_mean=0.5526 | G_n_mean=7.4997 (n=5) | q_tot_pred_mean=7.4632 | drbfn_loss=0.0163, qi_loss=0.1661, qtot_loss=4.3954

 Map 5m_vs_6m Algo r_drbfn_v3 Exp v3_5m_vs_6m_5M_seed2 updates 6160/6250 episodes, total num timesteps 4928800/5000000, FPS 45.

incre win rate is 0.40131578947368424.

 Map 5m_vs_6m Algo r_drbfn_v3 Exp v3_5m_vs_6m_5M_seed2 updates 6165/6250 episodes, total num timesteps 4932800/5000000, FPS 45.

incre win rate is 0.273972602739726.
[v3 step=6170] R_mean=0.5190 | G_n_mean=7.4017 (n=5) | q_tot_pred_mean=7.0580 | drbfn_loss=0.0158, qi_loss=0.1554, qtot_loss=4.3919

 Map 5m_vs_6m Algo r_drbfn_v3 Exp v3_5m_vs_6m_5M_seed2 updates 6170/6250 episodes, total num timesteps 4936800/5000000, FPS 45.

incre win rate is 0.3108108108108108.

 Map 5m_vs_6m Algo r_drbfn_v3 Exp v3_5m_vs_6m_5M_seed2 updates 6175/6250 episodes, total num timesteps 4940800/5000000, FPS 45.

incre win rate is 0.3202614379084967.
eval win rate is 0.46875.
[v3 step=6180] R_mean=0.4992 | G_n_mean=7.1331 (n=5) | q_tot_pred_mean=7.0428 | drbfn_loss=0.0152, qi_loss=0.1451, qtot_loss=3.2545

 Map 5m_vs_6m Algo r_drbfn_v3 Exp v3_5m_vs_6m_5M_seed2 updates 6180/6250 episodes, total num timesteps 4944800/5000000, FPS 45.

incre win rate is 0.348993288590604.

 Map 5m_vs_6m Algo r_drbfn_v3 Exp v3_5m_vs_6m_5M_seed2 updates 6185/6250 episodes, total num timesteps 4948800/5000000, FPS 45.

incre win rate is 0.3815789473684211.
[v3 step=6190] R_mean=0.5334 | G_n_mean=7.2993 (n=5) | q_tot_pred_mean=7.1236 | drbfn_loss=0.0154, qi_loss=0.1670, qtot_loss=5.2828

 Map 5m_vs_6m Algo r_drbfn_v3 Exp v3_5m_vs_6m_5M_seed2 updates 6190/6250 episodes, total num timesteps 4952800/5000000, FPS 45.

incre win rate is 0.29411764705882354.

 Map 5m_vs_6m Algo r_drbfn_v3 Exp v3_5m_vs_6m_5M_seed2 updates 6195/6250 episodes, total num timesteps 4956800/5000000, FPS 45.

incre win rate is 0.3841059602649007.
[v3 step=6200] R_mean=0.5375 | G_n_mean=7.4735 (n=5) | q_tot_pred_mean=7.2194 | drbfn_loss=0.0167, qi_loss=0.1634, qtot_loss=4.3815

 Map 5m_vs_6m Algo r_drbfn_v3 Exp v3_5m_vs_6m_5M_seed2 updates 6200/6250 episodes, total num timesteps 4960800/5000000, FPS 45.

incre win rate is 0.32666666666666666.
eval win rate is 0.375.

 Map 5m_vs_6m Algo r_drbfn_v3 Exp v3_5m_vs_6m_5M_seed2 updates 6205/6250 episodes, total num timesteps 4964800/5000000, FPS 45.

incre win rate is 0.28378378378378377.
[v3 step=6210] R_mean=0.4975 | G_n_mean=7.0744 (n=5) | q_tot_pred_mean=7.0532 | drbfn_loss=0.0160, qi_loss=0.1415, qtot_loss=3.8570

 Map 5m_vs_6m Algo r_drbfn_v3 Exp v3_5m_vs_6m_5M_seed2 updates 6210/6250 episodes, total num timesteps 4968800/5000000, FPS 45.

incre win rate is 0.2987012987012987.

 Map 5m_vs_6m Algo r_drbfn_v3 Exp v3_5m_vs_6m_5M_seed2 updates 6215/6250 episodes, total num timesteps 4972800/5000000, FPS 45.

incre win rate is 0.3443708609271523.
[v3 step=6220] R_mean=0.5245 | G_n_mean=7.1568 (n=5) | q_tot_pred_mean=7.1382 | drbfn_loss=0.0161, qi_loss=0.1664, qtot_loss=4.5229

 Map 5m_vs_6m Algo r_drbfn_v3 Exp v3_5m_vs_6m_5M_seed2 updates 6220/6250 episodes, total num timesteps 4976800/5000000, FPS 45.

incre win rate is 0.35714285714285715.

 Map 5m_vs_6m Algo r_drbfn_v3 Exp v3_5m_vs_6m_5M_seed2 updates 6225/6250 episodes, total num timesteps 4980800/5000000, FPS 45.

incre win rate is 0.3333333333333333.
eval win rate is 0.5.
[v3 step=6230] R_mean=0.5046 | G_n_mean=7.0806 (n=5) | q_tot_pred_mean=7.0239 | drbfn_loss=0.0147, qi_loss=0.1523, qtot_loss=3.4691

 Map 5m_vs_6m Algo r_drbfn_v3 Exp v3_5m_vs_6m_5M_seed2 updates 6230/6250 episodes, total num timesteps 4984800/5000000, FPS 45.

incre win rate is 0.3026315789473684.

 Map 5m_vs_6m Algo r_drbfn_v3 Exp v3_5m_vs_6m_5M_seed2 updates 6235/6250 episodes, total num timesteps 4988800/5000000, FPS 45.

incre win rate is 0.3443708609271523.
[v3 step=6240] R_mean=0.5266 | G_n_mean=7.4163 (n=5) | q_tot_pred_mean=7.1965 | drbfn_loss=0.0150, qi_loss=0.1862, qtot_loss=4.2792

 Map 5m_vs_6m Algo r_drbfn_v3 Exp v3_5m_vs_6m_5M_seed2 updates 6240/6250 episodes, total num timesteps 4992800/5000000, FPS 45.

incre win rate is 0.37254901960784315.

 Map 5m_vs_6m Algo r_drbfn_v3 Exp v3_5m_vs_6m_5M_seed2 updates 6245/6250 episodes, total num timesteps 4996800/5000000, FPS 45.

incre win rate is 0.26143790849673204.
