u are choosing to use r_drbfn_v3 (n-step + counterfactual), keeping use_centralized_V = True
choose to use gpu...
D:\conda\Lib\site-packages\requests\__init__.py:113: RequestsDependencyWarning: urllib3 (2.2.3) or chardet (7.4.3)/charset_normalizer (3.3.2) doesn't match a supported version!
  warnings.warn(
obs_space:  [[370, [9, 26], [12, 8], [1, 4], [1, 36]], [370, [9, 26], [12, 8], [1, 4], [1, 36]], [370, [9, 26], [12, 8], [1, 4], [1, 36]], [370, [9, 26], [12, 8], [1, 4], [1, 36]], [370, [9, 26], [12, 8], [1, 4], [1, 36]], [370, [9, 26], [12, 8], [1, 4], [1, 36]], [370, [9, 26], [12, 8], [1, 4], [1, 36]], [370, [9, 26], [12, 8], [1, 4], [1, 36]], [370, [9, 26], [12, 8], [1, 4], [1, 36]], [370, [9, 26], [12, 8], [1, 4], [1, 36]]]
share_obs_space:  [[435, [9, 29], [12, 11], [1, 4], [1, 38]], [435, [9, 29], [12, 11], [1, 4], [1, 38]], [435, [9, 29], [12, 11], [1, 4], [1, 38]], [435, [9, 29], [12, 11], [1, 4], [1, 38]], [435, [9, 29], [12, 11], [1, 4], [1, 38]], [435, [9, 29], [12, 11], [1, 4], [1, 38]], [435, [9, 29], [12, 11], [1, 4], [1, 38]], [435, [9, 29], [12, 11], [1, 4], [1, 38]], [435, [9, 29], [12, 11], [1, 4], [1, 38]], [435, [9, 29], [12, 11], [1, 4], [1, 38]]]
act_space:  [Discrete(18), Discrete(18), Discrete(18), Discrete(18), Discrete(18), Discrete(18), Discrete(18), Discrete(18), Discrete(18), Discrete(18)]

 Map MMM2 Algo r_drbfn_v3 Exp v3_MMM2_5M_beta0 updates 0/3125 episodes, total num timesteps 1600/5000000, FPS 62.

incre win rate is 0.0.
eval win rate is 0.0.

 Map MMM2 Algo r_drbfn_v3 Exp v3_MMM2_5M_beta0 updates 5/3125 episodes, total num timesteps 9600/5000000, FPS 55.

incre win rate is 0.0.

 Map MMM2 Algo r_drbfn_v3 Exp v3_MMM2_5M_beta0 updates 10/3125 episodes, total num timesteps 17600/5000000, FPS 61.

incre win rate is 0.0.

 Map MMM2 Algo r_drbfn_v3 Exp v3_MMM2_5M_beta0 updates 15/3125 episodes, total num timesteps 25600/5000000, FPS 65.

incre win rate is 0.0.

 Map MMM2 Algo r_drbfn_v3 Exp v3_MMM2_5M_beta0 updates 20/3125 episodes, total num timesteps 33600/5000000, FPS 68.

incre win rate is 0.0.

 Map MMM2 Algo r_drbfn_v3 Exp v3_MMM2_5M_beta0 updates 25/3125 episodes, total num timesteps 41600/5000000, FPS 70.

incre win rate is 0.0.
eval win rate is 0.0.

 Map MMM2 Algo r_drbfn_v3 Exp v3_MMM2_5M_beta0 updates 30/3125 episodes, total num timesteps 49600/5000000, FPS 65.

incre win rate is 0.0.

 Map MMM2 Algo r_drbfn_v3 Exp v3_MMM2_5M_beta0 updates 35/3125 episodes, total num timesteps 57600/5000000, FPS 67.

incre win rate is 0.0.
[v3 step=40] R_mean=0.0491 | G_n_mean=0.3242 (n=5) | q_tot_pred_mean=0.2136 | drbfn_loss=0.6928, qi_loss=0.0062, qtot_loss=0.0958

 Map MMM2 Algo r_drbfn_v3 Exp v3_MMM2_5M_beta0 updates 40/3125 episodes, total num timesteps 65600/5000000, FPS 68.

incre win rate is 0.0.

 Map MMM2 Algo r_drbfn_v3 Exp v3_MMM2_5M_beta0 updates 45/3125 episodes, total num timesteps 73600/5000000, FPS 68.

incre win rate is 0.0.
[v3 step=50] R_mean=0.0525 | G_n_mean=0.3480 (n=5) | q_tot_pred_mean=0.3581 | drbfn_loss=0.6732, qi_loss=0.0021, qtot_loss=0.0734

 Map MMM2 Algo r_drbfn_v3 Exp v3_MMM2_5M_beta0 updates 50/3125 episodes, total num timesteps 81600/5000000, FPS 69.

incre win rate is 0.0.
eval win rate is 0.0.

 Map MMM2 Algo r_drbfn_v3 Exp v3_MMM2_5M_beta0 updates 55/3125 episodes, total num timesteps 89600/5000000, FPS 66.

incre win rate is 0.0.
[v3 step=60] R_mean=0.0535 | G_n_mean=0.3574 (n=5) | q_tot_pred_mean=0.3336 | drbfn_loss=0.6628, qi_loss=0.0019, qtot_loss=0.0703

 Map MMM2 Algo r_drbfn_v3 Exp v3_MMM2_5M_beta0 updates 60/3125 episodes, total num timesteps 97600/5000000, FPS 66.

incre win rate is 0.0.

 Map MMM2 Algo r_drbfn_v3 Exp v3_MMM2_5M_beta0 updates 65/3125 episodes, total num timesteps 105600/5000000, FPS 67.

incre win rate is 0.0.
[v3 step=70] R_mean=0.0645 | G_n_mean=0.4187 (n=5) | q_tot_pred_mean=0.3816 | drbfn_loss=0.6474, qi_loss=0.0017, qtot_loss=0.0842

 Map MMM2 Algo r_drbfn_v3 Exp v3_MMM2_5M_beta0 updates 70/3125 episodes, total num timesteps 113600/5000000, FPS 67.

incre win rate is 0.0.

 Map MMM2 Algo r_drbfn_v3 Exp v3_MMM2_5M_beta0 updates 75/3125 episodes, total num timesteps 121600/5000000, FPS 68.

incre win rate is 0.0.
eval win rate is 0.0.
[v3 step=80] R_mean=0.0881 | G_n_mean=0.5487 (n=5) | q_tot_pred_mean=0.5022 | drbfn_loss=0.6313, qi_loss=0.0018, qtot_loss=0.0935

 Map MMM2 Algo r_drbfn_v3 Exp v3_MMM2_5M_beta0 updates 80/3125 episodes, total num timesteps 129600/5000000, FPS 66.

incre win rate is 0.0.

 Map MMM2 Algo r_drbfn_v3 Exp v3_MMM2_5M_beta0 updates 85/3125 episodes, total num timesteps 137600/5000000, FPS 66.

incre win rate is 0.0.
[v3 step=90] R_mean=0.1004 | G_n_mean=0.6196 (n=5) | q_tot_pred_mean=0.5771 | drbfn_loss=0.6150, qi_loss=0.0018, qtot_loss=0.0694

 Map MMM2 Algo r_drbfn_v3 Exp v3_MMM2_5M_beta0 updates 90/3125 episodes, total num timesteps 145600/5000000, FPS 67.

incre win rate is 0.0.

 Map MMM2 Algo r_drbfn_v3 Exp v3_MMM2_5M_beta0 updates 95/3125 episodes, total num timesteps 153600/5000000, FPS 67.

incre win rate is 0.0.
[v3 step=100] R_mean=0.0908 | G_n_mean=0.5734 (n=5) | q_tot_pred_mean=0.5456 | drbfn_loss=0.6012, qi_loss=0.0014, qtot_loss=0.0587

 Map MMM2 Algo r_drbfn_v3 Exp v3_MMM2_5M_beta0 updates 100/3125 episodes, total num timesteps 161600/5000000, FPS 67.

incre win rate is 0.0.
eval win rate is 0.0.

 Map MMM2 Algo r_drbfn_v3 Exp v3_MMM2_5M_beta0 updates 105/3125 episodes, total num timesteps 169600/5000000, FPS 66.

incre win rate is 0.0.
[v3 step=110] R_mean=0.0893 | G_n_mean=0.5756 (n=5) | q_tot_pred_mean=0.5459 | drbfn_loss=0.5852, qi_loss=0.0013, qtot_loss=0.0455

 Map MMM2 Algo r_drbfn_v3 Exp v3_MMM2_5M_beta0 updates 110/3125 episodes, total num timesteps 177600/5000000, FPS 67.

incre win rate is 0.0.

 Map MMM2 Algo r_drbfn_v3 Exp v3_MMM2_5M_beta0 updates 115/3125 episodes, total num timesteps 185600/5000000, FPS 67.

incre win rate is 0.0.
[v3 step=120] R_mean=0.1017 | G_n_mean=0.6466 (n=5) | q_tot_pred_mean=0.6806 | drbfn_loss=0.5698, qi_loss=0.0014, qtot_loss=0.0567

 Map MMM2 Algo r_drbfn_v3 Exp v3_MMM2_5M_beta0 updates 120/3125 episodes, total num timesteps 193600/5000000, FPS 67.

incre win rate is 0.0.

 Map MMM2 Algo r_drbfn_v3 Exp v3_MMM2_5M_beta0 updates 125/3125 episodes, total num timesteps 201600/5000000, FPS 67.

incre win rate is 0.0.
eval win rate is 0.0.
[v3 step=130] R_mean=0.0995 | G_n_mean=0.6515 (n=5) | q_tot_pred_mean=0.6339 | drbfn_loss=0.5525, qi_loss=0.0014, qtot_loss=0.0489

 Map MMM2 Algo r_drbfn_v3 Exp v3_MMM2_5M_beta0 updates 130/3125 episodes, total num timesteps 209600/5000000, FPS 67.

incre win rate is 0.0.

 Map MMM2 Algo r_drbfn_v3 Exp v3_MMM2_5M_beta0 updates 135/3125 episodes, total num timesteps 217600/5000000, FPS 67.

incre win rate is 0.0.
[v3 step=140] R_mean=0.0929 | G_n_mean=0.6214 (n=5) | q_tot_pred_mean=0.5920 | drbfn_loss=0.5330, qi_loss=0.0011, qtot_loss=0.0488

 Map MMM2 Algo r_drbfn_v3 Exp v3_MMM2_5M_beta0 updates 140/3125 episodes, total num timesteps 225600/5000000, FPS 67.

incre win rate is 0.0.

 Map MMM2 Algo r_drbfn_v3 Exp v3_MMM2_5M_beta0 updates 145/3125 episodes, total num timesteps 233600/5000000, FPS 67.

incre win rate is 0.0.
[v3 step=150] R_mean=0.1094 | G_n_mean=0.7195 (n=5) | q_tot_pred_mean=0.7139 | drbfn_loss=0.5073, qi_loss=0.0014, qtot_loss=0.0586

 Map MMM2 Algo r_drbfn_v3 Exp v3_MMM2_5M_beta0 updates 150/3125 episodes, total num timesteps 241600/5000000, FPS 68.

incre win rate is 0.0.
eval win rate is 0.0.

 Map MMM2 Algo r_drbfn_v3 Exp v3_MMM2_5M_beta0 updates 155/3125 episodes, total num timesteps 249600/5000000, FPS 67.

incre win rate is 0.0.
[v3 step=160] R_mean=0.0867 | G_n_mean=0.6028 (n=5) | q_tot_pred_mean=0.6158 | drbfn_loss=0.4898, qi_loss=0.0011, qtot_loss=0.0431

 Map MMM2 Algo r_drbfn_v3 Exp v3_MMM2_5M_beta0 updates 160/3125 episodes, total num timesteps 257600/5000000, FPS 67.

incre win rate is 0.0.

 Map MMM2 Algo r_drbfn_v3 Exp v3_MMM2_5M_beta0 updates 165/3125 episodes, total num timesteps 265600/5000000, FPS 67.

incre win rate is 0.0.
[v3 step=170] R_mean=0.0668 | G_n_mean=0.4979 (n=5) | q_tot_pred_mean=0.4911 | drbfn_loss=0.4682, qi_loss=0.0008, qtot_loss=0.0313

 Map MMM2 Algo r_drbfn_v3 Exp v3_MMM2_5M_beta0 updates 170/3125 episodes, total num timesteps 273600/5000000, FPS 67.

incre win rate is 0.0.

 Map MMM2 Algo r_drbfn_v3 Exp v3_MMM2_5M_beta0 updates 175/3125 episodes, total num timesteps 281600/5000000, FPS 67.

incre win rate is 0.0.
eval win rate is 0.0.
[v3 step=180] R_mean=0.0643 | G_n_mean=0.4807 (n=5) | q_tot_pred_mean=0.4748 | drbfn_loss=0.4372, qi_loss=0.0006, qtot_loss=0.0336

 Map MMM2 Algo r_drbfn_v3 Exp v3_MMM2_5M_beta0 updates 180/3125 episodes, total num timesteps 289600/5000000, FPS 66.

incre win rate is 0.0.

 Map MMM2 Algo r_drbfn_v3 Exp v3_MMM2_5M_beta0 updates 185/3125 episodes, total num timesteps 297600/5000000, FPS 67.

incre win rate is 0.0.
[v3 step=190] R_mean=0.0703 | G_n_mean=0.5230 (n=5) | q_tot_pred_mean=0.5196 | drbfn_loss=0.4075, qi_loss=0.0007, qtot_loss=0.0340

 Map MMM2 Algo r_drbfn_v3 Exp v3_MMM2_5M_beta0 updates 190/3125 episodes, total num timesteps 305600/5000000, FPS 67.

incre win rate is 0.0.

 Map MMM2 Algo r_drbfn_v3 Exp v3_MMM2_5M_beta0 updates 195/3125 episodes, total num timesteps 313600/5000000, FPS 67.

incre win rate is 0.0.
[v3 step=200] R_mean=0.0786 | G_n_mean=0.5981 (n=5) | q_tot_pred_mean=0.6031 | drbfn_loss=0.3615, qi_loss=0.0007, qtot_loss=0.0392

 Map MMM2 Algo r_drbfn_v3 Exp v3_MMM2_5M_beta0 updates 200/3125 episodes, total num timesteps 321600/5000000, FPS 67.

incre win rate is 0.0.
eval win rate is 0.0.

 Map MMM2 Algo r_drbfn_v3 Exp v3_MMM2_5M_beta0 updates 205/3125 episodes, total num timesteps 329600/5000000, FPS 66.

incre win rate is 0.0.
[v3 step=210] R_mean=0.0834 | G_n_mean=0.6396 (n=5) | q_tot_pred_mean=0.6517 | drbfn_loss=0.3173, qi_loss=0.0008, qtot_loss=0.0526

 Map MMM2 Algo r_drbfn_v3 Exp v3_MMM2_5M_beta0 updates 210/3125 episodes, total num timesteps 337600/5000000, FPS 67.

incre win rate is 0.0.

 Map MMM2 Algo r_drbfn_v3 Exp v3_MMM2_5M_beta0 updates 215/3125 episodes, total num timesteps 345600/5000000, FPS 67.

incre win rate is 0.0.
[v3 step=220] R_mean=0.0992 | G_n_mean=0.7386 (n=5) | q_tot_pred_mean=0.7309 | drbfn_loss=0.2701, qi_loss=0.0009, qtot_loss=0.0583

 Map MMM2 Algo r_drbfn_v3 Exp v3_MMM2_5M_beta0 updates 220/3125 episodes, total num timesteps 353600/5000000, FPS 67.

incre win rate is 0.0.

 Map MMM2 Algo r_drbfn_v3 Exp v3_MMM2_5M_beta0 updates 225/3125 episodes, total num timesteps 361600/5000000, FPS 67.

incre win rate is 0.0.
eval win rate is 0.0.
[v3 step=230] R_mean=0.0727 | G_n_mean=0.5814 (n=5) | q_tot_pred_mean=0.6068 | drbfn_loss=0.2377, qi_loss=0.0007, qtot_loss=0.0432

 Map MMM2 Algo r_drbfn_v3 Exp v3_MMM2_5M_beta0 updates 230/3125 episodes, total num timesteps 369600/5000000, FPS 67.

incre win rate is 0.0.

 Map MMM2 Algo r_drbfn_v3 Exp v3_MMM2_5M_beta0 updates 235/3125 episodes, total num timesteps 377600/5000000, FPS 67.

incre win rate is 0.0.
[v3 step=240] R_mean=0.1066 | G_n_mean=0.8122 (n=5) | q_tot_pred_mean=0.8534 | drbfn_loss=0.1829, qi_loss=0.0012, qtot_loss=0.0622

 Map MMM2 Algo r_drbfn_v3 Exp v3_MMM2_5M_beta0 updates 240/3125 episodes, total num timesteps 385600/5000000, FPS 67.

incre win rate is 0.0.

 Map MMM2 Algo r_drbfn_v3 Exp v3_MMM2_5M_beta0 updates 245/3125 episodes, total num timesteps 393600/5000000, FPS 67.

incre win rate is 0.0.
[v3 step=250] R_mean=0.0750 | G_n_mean=0.6123 (n=5) | q_tot_pred_mean=0.6318 | drbfn_loss=0.1702, qi_loss=0.0011, qtot_loss=0.0399

 Map MMM2 Algo r_drbfn_v3 Exp v3_MMM2_5M_beta0 updates 250/3125 episodes, total num timesteps 401600/5000000, FPS 67.

incre win rate is 0.0.
eval win rate is 0.0.

 Map MMM2 Algo r_drbfn_v3 Exp v3_MMM2_5M_beta0 updates 255/3125 episodes, total num timesteps 409600/5000000, FPS 67.

incre win rate is 0.0.
[v3 step=260] R_mean=0.0861 | G_n_mean=0.6979 (n=5) | q_tot_pred_mean=0.7075 | drbfn_loss=0.1420, qi_loss=0.0017, qtot_loss=0.0477

 Map MMM2 Algo r_drbfn_v3 Exp v3_MMM2_5M_beta0 updates 260/3125 episodes, total num timesteps 417600/5000000, FPS 67.

incre win rate is 0.0.

 Map MMM2 Algo r_drbfn_v3 Exp v3_MMM2_5M_beta0 updates 265/3125 episodes, total num timesteps 425600/5000000, FPS 67.

incre win rate is 0.0.
[v3 step=270] R_mean=0.0946 | G_n_mean=0.7610 (n=5) | q_tot_pred_mean=0.7613 | drbfn_loss=0.1237, qi_loss=0.0022, qtot_loss=0.0529

 Map MMM2 Algo r_drbfn_v3 Exp v3_MMM2_5M_beta0 updates 270/3125 episodes, total num timesteps 433600/5000000, FPS 67.

incre win rate is 0.0.

 Map MMM2 Algo r_drbfn_v3 Exp v3_MMM2_5M_beta0 updates 275/3125 episodes, total num timesteps 441600/5000000, FPS 67.

incre win rate is 0.0.
eval win rate is 0.0.
[v3 step=280] R_mean=0.1000 | G_n_mean=0.8313 (n=5) | q_tot_pred_mean=0.8656 | drbfn_loss=0.1108, qi_loss=0.0025, qtot_loss=0.0769

 Map MMM2 Algo r_drbfn_v3 Exp v3_MMM2_5M_beta0 updates 280/3125 episodes, total num timesteps 449600/5000000, FPS 67.

incre win rate is 0.0.

 Map MMM2 Algo r_drbfn_v3 Exp v3_MMM2_5M_beta0 updates 285/3125 episodes, total num timesteps 457600/5000000, FPS 67.

incre win rate is 0.0.
[v3 step=290] R_mean=0.0672 | G_n_mean=0.5746 (n=5) | q_tot_pred_mean=0.5527 | drbfn_loss=0.0790, qi_loss=0.0013, qtot_loss=0.0355

 Map MMM2 Algo r_drbfn_v3 Exp v3_MMM2_5M_beta0 updates 290/3125 episodes, total num timesteps 465600/5000000, FPS 67.

incre win rate is 0.0.

 Map MMM2 Algo r_drbfn_v3 Exp v3_MMM2_5M_beta0 updates 295/3125 episodes, total num timesteps 473600/5000000, FPS 67.

incre win rate is 0.0.
[v3 step=300] R_mean=0.0917 | G_n_mean=0.7700 (n=5) | q_tot_pred_mean=0.7602 | drbfn_loss=0.0684, qi_loss=0.0021, qtot_loss=0.0770

 Map MMM2 Algo r_drbfn_v3 Exp v3_MMM2_5M_beta0 updates 300/3125 episodes, total num timesteps 481600/5000000, FPS 67.

incre win rate is 0.0.
eval win rate is 0.0.

 Map MMM2 Algo r_drbfn_v3 Exp v3_MMM2_5M_beta0 updates 305/3125 episodes, total num timesteps 489600/5000000, FPS 67.

incre win rate is 0.0.
[v3 step=310] R_mean=0.0915 | G_n_mean=0.7876 (n=5) | q_tot_pred_mean=0.7739 | drbfn_loss=0.0506, qi_loss=0.0017, qtot_loss=0.0560

 Map MMM2 Algo r_drbfn_v3 Exp v3_MMM2_5M_beta0 updates 310/3125 episodes, total num timesteps 497600/5000000, FPS 67.

incre win rate is 0.0.

 Map MMM2 Algo r_drbfn_v3 Exp v3_MMM2_5M_beta0 updates 315/3125 episodes, total num timesteps 505600/5000000, FPS 67.

incre win rate is 0.0.
[v3 step=320] R_mean=0.1280 | G_n_mean=1.0628 (n=5) | q_tot_pred_mean=1.0360 | drbfn_loss=0.0404, qi_loss=0.0026, qtot_loss=0.0733

 Map MMM2 Algo r_drbfn_v3 Exp v3_MMM2_5M_beta0 updates 320/3125 episodes, total num timesteps 513600/5000000, FPS 67.

incre win rate is 0.0.

 Map MMM2 Algo r_drbfn_v3 Exp v3_MMM2_5M_beta0 updates 325/3125 episodes, total num timesteps 521600/5000000, FPS 67.

incre win rate is 0.0.
eval win rate is 0.0.
[v3 step=330] R_mean=0.1054 | G_n_mean=0.9101 (n=5) | q_tot_pred_mean=0.9272 | drbfn_loss=0.0261, qi_loss=0.0021, qtot_loss=0.0752

 Map MMM2 Algo r_drbfn_v3 Exp v3_MMM2_5M_beta0 updates 330/3125 episodes, total num timesteps 529600/5000000, FPS 66.

incre win rate is 0.0.

 Map MMM2 Algo r_drbfn_v3 Exp v3_MMM2_5M_beta0 updates 335/3125 episodes, total num timesteps 537600/5000000, FPS 67.

incre win rate is 0.0.
[v3 step=340] R_mean=0.0901 | G_n_mean=0.7867 (n=5) | q_tot_pred_mean=0.7647 | drbfn_loss=0.0166, qi_loss=0.0016, qtot_loss=0.0536

 Map MMM2 Algo r_drbfn_v3 Exp v3_MMM2_5M_beta0 updates 340/3125 episodes, total num timesteps 545600/5000000, FPS 67.

incre win rate is 0.0.

 Map MMM2 Algo r_drbfn_v3 Exp v3_MMM2_5M_beta0 updates 345/3125 episodes, total num timesteps 553600/5000000, FPS 67.

incre win rate is 0.0.
[v3 step=350] R_mean=0.1134 | G_n_mean=1.0064 (n=5) | q_tot_pred_mean=0.9486 | drbfn_loss=0.0126, qi_loss=0.0022, qtot_loss=0.0919

 Map MMM2 Algo r_drbfn_v3 Exp v3_MMM2_5M_beta0 updates 350/3125 episodes, total num timesteps 561600/5000000, FPS 67.

incre win rate is 0.0.
eval win rate is 0.0.

 Map MMM2 Algo r_drbfn_v3 Exp v3_MMM2_5M_beta0 updates 355/3125 episodes, total num timesteps 569600/5000000, FPS 67.

incre win rate is 0.0.
[v3 step=360] R_mean=0.0625 | G_n_mean=0.6068 (n=5) | q_tot_pred_mean=0.5730 | drbfn_loss=0.0082, qi_loss=0.0010, qtot_loss=0.0453

 Map MMM2 Algo r_drbfn_v3 Exp v3_MMM2_5M_beta0 updates 360/3125 episodes, total num timesteps 577600/5000000, FPS 67.

incre win rate is 0.0.

 Map MMM2 Algo r_drbfn_v3 Exp v3_MMM2_5M_beta0 updates 365/3125 episodes, total num timesteps 585600/5000000, FPS 67.

incre win rate is 0.0.
[v3 step=370] R_mean=0.1175 | G_n_mean=1.0764 (n=5) | q_tot_pred_mean=1.0522 | drbfn_loss=0.0071, qi_loss=0.0022, qtot_loss=0.0784

 Map MMM2 Algo r_drbfn_v3 Exp v3_MMM2_5M_beta0 updates 370/3125 episodes, total num timesteps 593600/5000000, FPS 67.

incre win rate is 0.0.

 Map MMM2 Algo r_drbfn_v3 Exp v3_MMM2_5M_beta0 updates 375/3125 episodes, total num timesteps 601600/5000000, FPS 67.

incre win rate is 0.0.
eval win rate is 0.0.
[v3 step=380] R_mean=0.0959 | G_n_mean=0.8993 (n=5) | q_tot_pred_mean=0.9571 | drbfn_loss=0.0062, qi_loss=0.0016, qtot_loss=0.0775

 Map MMM2 Algo r_drbfn_v3 Exp v3_MMM2_5M_beta0 updates 380/3125 episodes, total num timesteps 609600/5000000, FPS 67.

incre win rate is 0.0.

 Map MMM2 Algo r_drbfn_v3 Exp v3_MMM2_5M_beta0 updates 385/3125 episodes, total num timesteps 617600/5000000, FPS 67.

incre win rate is 0.0.
[v3 step=390] R_mean=0.0800 | G_n_mean=0.7711 (n=5) | q_tot_pred_mean=0.7767 | drbfn_loss=0.0044, qi_loss=0.0013, qtot_loss=0.0478

 Map MMM2 Algo r_drbfn_v3 Exp v3_MMM2_5M_beta0 updates 390/3125 episodes, total num timesteps 625600/5000000, FPS 67.

incre win rate is 0.0.

 Map MMM2 Algo r_drbfn_v3 Exp v3_MMM2_5M_beta0 updates 395/3125 episodes, total num timesteps 633600/5000000, FPS 67.

incre win rate is 0.0.
[v3 step=400] R_mean=0.0810 | G_n_mean=0.7889 (n=5) | q_tot_pred_mean=0.7740 | drbfn_loss=0.0041, qi_loss=0.0013, qtot_loss=0.0509

 Map MMM2 Algo r_drbfn_v3 Exp v3_MMM2_5M_beta0 updates 400/3125 episodes, total num timesteps 641600/5000000, FPS 67.

incre win rate is 0.0.
eval win rate is 0.0.

 Map MMM2 Algo r_drbfn_v3 Exp v3_MMM2_5M_beta0 updates 405/3125 episodes, total num timesteps 649600/5000000, FPS 67.

incre win rate is 0.0.
[v3 step=410] R_mean=0.1143 | G_n_mean=1.1178 (n=5) | q_tot_pred_mean=1.1121 | drbfn_loss=0.0040, qi_loss=0.0019, qtot_loss=0.0659

 Map MMM2 Algo r_drbfn_v3 Exp v3_MMM2_5M_beta0 updates 410/3125 episodes, total num timesteps 657600/5000000, FPS 67.

incre win rate is 0.0.

 Map MMM2 Algo r_drbfn_v3 Exp v3_MMM2_5M_beta0 updates 415/3125 episodes, total num timesteps 665600/5000000, FPS 67.

incre win rate is 0.0.
[v3 step=420] R_mean=0.0978 | G_n_mean=0.9603 (n=5) | q_tot_pred_mean=0.9709 | drbfn_loss=0.0034, qi_loss=0.0018, qtot_loss=0.0686

 Map MMM2 Algo r_drbfn_v3 Exp v3_MMM2_5M_beta0 updates 420/3125 episodes, total num timesteps 673600/5000000, FPS 67.

incre win rate is 0.0.

 Map MMM2 Algo r_drbfn_v3 Exp v3_MMM2_5M_beta0 updates 425/3125 episodes, total num timesteps 681600/5000000, FPS 67.

incre win rate is 0.0.
eval win rate is 0.0.
[v3 step=430] R_mean=0.0662 | G_n_mean=0.6893 (n=5) | q_tot_pred_mean=0.6990 | drbfn_loss=0.0033, qi_loss=0.0010, qtot_loss=0.0461

 Map MMM2 Algo r_drbfn_v3 Exp v3_MMM2_5M_beta0 updates 430/3125 episodes, total num timesteps 689600/5000000, FPS 67.

incre win rate is 0.0.

 Map MMM2 Algo r_drbfn_v3 Exp v3_MMM2_5M_beta0 updates 435/3125 episodes, total num timesteps 697600/5000000, FPS 67.

incre win rate is 0.0.
[v3 step=440] R_mean=0.0808 | G_n_mean=0.8335 (n=5) | q_tot_pred_mean=0.8346 | drbfn_loss=0.0035, qi_loss=0.0013, qtot_loss=0.0515

 Map MMM2 Algo r_drbfn_v3 Exp v3_MMM2_5M_beta0 updates 440/3125 episodes, total num timesteps 705600/5000000, FPS 67.

incre win rate is 0.0.

 Map MMM2 Algo r_drbfn_v3 Exp v3_MMM2_5M_beta0 updates 445/3125 episodes, total num timesteps 713600/5000000, FPS 67.

incre win rate is 0.0.
[v3 step=450] R_mean=0.0712 | G_n_mean=0.7500 (n=5) | q_tot_pred_mean=0.7088 | drbfn_loss=0.0031, qi_loss=0.0013, qtot_loss=0.0649

 Map MMM2 Algo r_drbfn_v3 Exp v3_MMM2_5M_beta0 updates 450/3125 episodes, total num timesteps 721600/5000000, FPS 67.

incre win rate is 0.0.
eval win rate is 0.0.

 Map MMM2 Algo r_drbfn_v3 Exp v3_MMM2_5M_beta0 updates 455/3125 episodes, total num timesteps 729600/5000000, FPS 67.

incre win rate is 0.0.
[v3 step=460] R_mean=0.0802 | G_n_mean=0.8354 (n=5) | q_tot_pred_mean=0.8356 | drbfn_loss=0.0032, qi_loss=0.0013, qtot_loss=0.0756

 Map MMM2 Algo r_drbfn_v3 Exp v3_MMM2_5M_beta0 updates 460/3125 episodes, total num timesteps 737600/5000000, FPS 67.

incre win rate is 0.0.

 Map MMM2 Algo r_drbfn_v3 Exp v3_MMM2_5M_beta0 updates 465/3125 episodes, total num timesteps 745600/5000000, FPS 67.

incre win rate is 0.0.
[v3 step=470] R_mean=0.0708 | G_n_mean=0.7809 (n=5) | q_tot_pred_mean=0.8224 | drbfn_loss=0.0031, qi_loss=0.0015, qtot_loss=0.0760

 Map MMM2 Algo r_drbfn_v3 Exp v3_MMM2_5M_beta0 updates 470/3125 episodes, total num timesteps 753600/5000000, FPS 67.

incre win rate is 0.0.

 Map MMM2 Algo r_drbfn_v3 Exp v3_MMM2_5M_beta0 updates 475/3125 episodes, total num timesteps 761600/5000000, FPS 67.

incre win rate is 0.0.
eval win rate is 0.0.
[v3 step=480] R_mean=0.0623 | G_n_mean=0.6921 (n=5) | q_tot_pred_mean=0.7008 | drbfn_loss=0.0028, qi_loss=0.0010, qtot_loss=0.0599

 Map MMM2 Algo r_drbfn_v3 Exp v3_MMM2_5M_beta0 updates 480/3125 episodes, total num timesteps 769600/5000000, FPS 67.

incre win rate is 0.0.

 Map MMM2 Algo r_drbfn_v3 Exp v3_MMM2_5M_beta0 updates 485/3125 episodes, total num timesteps 777600/5000000, FPS 67.

incre win rate is 0.0.
[v3 step=490] R_mean=0.0897 | G_n_mean=0.9656 (n=5) | q_tot_pred_mean=0.9782 | drbfn_loss=0.0031, qi_loss=0.0018, qtot_loss=0.0981

 Map MMM2 Algo r_drbfn_v3 Exp v3_MMM2_5M_beta0 updates 490/3125 episodes, total num timesteps 785600/5000000, FPS 67.

incre win rate is 0.0.

 Map MMM2 Algo r_drbfn_v3 Exp v3_MMM2_5M_beta0 updates 495/3125 episodes, total num timesteps 793600/5000000, FPS 67.

incre win rate is 0.0.
[v3 step=500] R_mean=0.0761 | G_n_mean=0.8445 (n=5) | q_tot_pred_mean=0.8520 | drbfn_loss=0.0028, qi_loss=0.0013, qtot_loss=0.0475

 Map MMM2 Algo r_drbfn_v3 Exp v3_MMM2_5M_beta0 updates 500/3125 episodes, total num timesteps 801600/5000000, FPS 67.

incre win rate is 0.0.
eval win rate is 0.0.

 Map MMM2 Algo r_drbfn_v3 Exp v3_MMM2_5M_beta0 updates 505/3125 episodes, total num timesteps 809600/5000000, FPS 66.

incre win rate is 0.0.
[v3 step=510] R_mean=0.0728 | G_n_mean=0.7877 (n=5) | q_tot_pred_mean=0.7455 | drbfn_loss=0.0027, qi_loss=0.0012, qtot_loss=0.0478

 Map MMM2 Algo r_drbfn_v3 Exp v3_MMM2_5M_beta0 updates 510/3125 episodes, total num timesteps 817600/5000000, FPS 66.

incre win rate is 0.0.

 Map MMM2 Algo r_drbfn_v3 Exp v3_MMM2_5M_beta0 updates 515/3125 episodes, total num timesteps 825600/5000000, FPS 66.

incre win rate is 0.0.
[v3 step=520] R_mean=0.0656 | G_n_mean=0.7522 (n=5) | q_tot_pred_mean=0.7569 | drbfn_loss=0.0025, qi_loss=0.0012, qtot_loss=0.0762

 Map MMM2 Algo r_drbfn_v3 Exp v3_MMM2_5M_beta0 updates 520/3125 episodes, total num timesteps 833600/5000000, FPS 67.

incre win rate is 0.0.

 Map MMM2 Algo r_drbfn_v3 Exp v3_MMM2_5M_beta0 updates 525/3125 episodes, total num timesteps 841600/5000000, FPS 67.

incre win rate is 0.0.
eval win rate is 0.0.
[v3 step=530] R_mean=0.0840 | G_n_mean=0.9301 (n=5) | q_tot_pred_mean=0.9167 | drbfn_loss=0.0025, qi_loss=0.0016, qtot_loss=0.0670

 Map MMM2 Algo r_drbfn_v3 Exp v3_MMM2_5M_beta0 updates 530/3125 episodes, total num timesteps 849600/5000000, FPS 66.

incre win rate is 0.0.

 Map MMM2 Algo r_drbfn_v3 Exp v3_MMM2_5M_beta0 updates 535/3125 episodes, total num timesteps 857600/5000000, FPS 66.

incre win rate is 0.0.
[v3 step=540] R_mean=0.0745 | G_n_mean=0.8627 (n=5) | q_tot_pred_mean=0.8657 | drbfn_loss=0.0026, qi_loss=0.0016, qtot_loss=0.0623

 Map MMM2 Algo r_drbfn_v3 Exp v3_MMM2_5M_beta0 updates 540/3125 episodes, total num timesteps 865600/5000000, FPS 66.

incre win rate is 0.0.

 Map MMM2 Algo r_drbfn_v3 Exp v3_MMM2_5M_beta0 updates 545/3125 episodes, total num timesteps 873600/5000000, FPS 66.

incre win rate is 0.0.
[v3 step=550] R_mean=0.0582 | G_n_mean=0.6819 (n=5) | q_tot_pred_mean=0.7016 | drbfn_loss=0.0025, qi_loss=0.0011, qtot_loss=0.0405

 Map MMM2 Algo r_drbfn_v3 Exp v3_MMM2_5M_beta0 updates 550/3125 episodes, total num timesteps 881600/5000000, FPS 66.

incre win rate is 0.0.
eval win rate is 0.0.

 Map MMM2 Algo r_drbfn_v3 Exp v3_MMM2_5M_beta0 updates 555/3125 episodes, total num timesteps 889600/5000000, FPS 66.

incre win rate is 0.0.
[v3 step=560] R_mean=0.1613 | G_n_mean=1.7184 (n=5) | q_tot_pred_mean=1.7392 | drbfn_loss=0.0022, qi_loss=0.0038, qtot_loss=0.1032

 Map MMM2 Algo r_drbfn_v3 Exp v3_MMM2_5M_beta0 updates 560/3125 episodes, total num timesteps 897600/5000000, FPS 66.

incre win rate is 0.0.

 Map MMM2 Algo r_drbfn_v3 Exp v3_MMM2_5M_beta0 updates 565/3125 episodes, total num timesteps 905600/5000000, FPS 66.

incre win rate is 0.0.
[v3 step=570] R_mean=0.1228 | G_n_mean=1.3452 (n=5) | q_tot_pred_mean=1.3298 | drbfn_loss=0.0022, qi_loss=0.0025, qtot_loss=0.0944

 Map MMM2 Algo r_drbfn_v3 Exp v3_MMM2_5M_beta0 updates 570/3125 episodes, total num timesteps 913600/5000000, FPS 66.

incre win rate is 0.0.

 Map MMM2 Algo r_drbfn_v3 Exp v3_MMM2_5M_beta0 updates 575/3125 episodes, total num timesteps 921600/5000000, FPS 66.

incre win rate is 0.0.
eval win rate is 0.0.
[v3 step=580] R_mean=0.0992 | G_n_mean=1.1024 (n=5) | q_tot_pred_mean=1.0848 | drbfn_loss=0.0023, qi_loss=0.0020, qtot_loss=0.0661

 Map MMM2 Algo r_drbfn_v3 Exp v3_MMM2_5M_beta0 updates 580/3125 episodes, total num timesteps 929600/5000000, FPS 66.

incre win rate is 0.0.

 Map MMM2 Algo r_drbfn_v3 Exp v3_MMM2_5M_beta0 updates 585/3125 episodes, total num timesteps 937600/5000000, FPS 66.

incre win rate is 0.0.
[v3 step=590] R_mean=0.1051 | G_n_mean=1.1936 (n=5) | q_tot_pred_mean=1.1475 | drbfn_loss=0.0021, qi_loss=0.0022, qtot_loss=0.1082

 Map MMM2 Algo r_drbfn_v3 Exp v3_MMM2_5M_beta0 updates 590/3125 episodes, total num timesteps 945600/5000000, FPS 66.

incre win rate is 0.0.

 Map MMM2 Algo r_drbfn_v3 Exp v3_MMM2_5M_beta0 updates 595/3125 episodes, total num timesteps 953600/5000000, FPS 66.

incre win rate is 0.0.
[v3 step=600] R_mean=0.0932 | G_n_mean=1.0576 (n=5) | q_tot_pred_mean=1.0154 | drbfn_loss=0.0022, qi_loss=0.0020, qtot_loss=0.1207

 Map MMM2 Algo r_drbfn_v3 Exp v3_MMM2_5M_beta0 updates 600/3125 episodes, total num timesteps 961600/5000000, FPS 66.

incre win rate is 0.0.
eval win rate is 0.0.

 Map MMM2 Algo r_drbfn_v3 Exp v3_MMM2_5M_beta0 updates 605/3125 episodes, total num timesteps 969600/5000000, FPS 66.

incre win rate is 0.0.
[v3 step=610] R_mean=0.0709 | G_n_mean=0.8718 (n=5) | q_tot_pred_mean=0.9068 | drbfn_loss=0.0024, qi_loss=0.0013, qtot_loss=0.0964

 Map MMM2 Algo r_drbfn_v3 Exp v3_MMM2_5M_beta0 updates 610/3125 episodes, total num timesteps 977600/5000000, FPS 66.

incre win rate is 0.0.

 Map MMM2 Algo r_drbfn_v3 Exp v3_MMM2_5M_beta0 updates 615/3125 episodes, total num timesteps 985600/5000000, FPS 66.

incre win rate is 0.0.
[v3 step=620] R_mean=0.1064 | G_n_mean=1.2213 (n=5) | q_tot_pred_mean=1.2488 | drbfn_loss=0.0020, qi_loss=0.0024, qtot_loss=0.0872

 Map MMM2 Algo r_drbfn_v3 Exp v3_MMM2_5M_beta0 updates 620/3125 episodes, total num timesteps 993600/5000000, FPS 66.

incre win rate is 0.0.

 Map MMM2 Algo r_drbfn_v3 Exp v3_MMM2_5M_beta0 updates 625/3125 episodes, total num timesteps 1001600/5000000, FPS 66.

incre win rate is 0.0.
eval win rate is 0.0.
[v3 step=630] R_mean=0.0854 | G_n_mean=1.0663 (n=5) | q_tot_pred_mean=1.0300 | drbfn_loss=0.0020, qi_loss=0.0019, qtot_loss=0.0836

 Map MMM2 Algo r_drbfn_v3 Exp v3_MMM2_5M_beta0 updates 630/3125 episodes, total num timesteps 1009600/5000000, FPS 66.

incre win rate is 0.0.

 Map MMM2 Algo r_drbfn_v3 Exp v3_MMM2_5M_beta0 updates 635/3125 episodes, total num timesteps 1017600/5000000, FPS 66.

incre win rate is 0.0.
[v3 step=640] R_mean=0.0785 | G_n_mean=0.9731 (n=5) | q_tot_pred_mean=0.9476 | drbfn_loss=0.0019, qi_loss=0.0018, qtot_loss=0.1144

 Map MMM2 Algo r_drbfn_v3 Exp v3_MMM2_5M_beta0 updates 640/3125 episodes, total num timesteps 1025600/5000000, FPS 66.

incre win rate is 0.0.

 Map MMM2 Algo r_drbfn_v3 Exp v3_MMM2_5M_beta0 updates 645/3125 episodes, total num timesteps 1033600/5000000, FPS 66.

incre win rate is 0.0.
[v3 step=650] R_mean=0.0742 | G_n_mean=0.9148 (n=5) | q_tot_pred_mean=0.9393 | drbfn_loss=0.0019, qi_loss=0.0015, qtot_loss=0.1062

 Map MMM2 Algo r_drbfn_v3 Exp v3_MMM2_5M_beta0 updates 650/3125 episodes, total num timesteps 1041600/5000000, FPS 66.

incre win rate is 0.0.
eval win rate is 0.0.

 Map MMM2 Algo r_drbfn_v3 Exp v3_MMM2_5M_beta0 updates 655/3125 episodes, total num timesteps 1049600/5000000, FPS 66.

incre win rate is 0.0.
[v3 step=660] R_mean=0.0553 | G_n_mean=0.7839 (n=5) | q_tot_pred_mean=0.7992 | drbfn_loss=0.0022, qi_loss=0.0016, qtot_loss=0.0624

 Map MMM2 Algo r_drbfn_v3 Exp v3_MMM2_5M_beta0 updates 660/3125 episodes, total num timesteps 1057600/5000000, FPS 66.

incre win rate is 0.0.

 Map MMM2 Algo r_drbfn_v3 Exp v3_MMM2_5M_beta0 updates 665/3125 episodes, total num timesteps 1065600/5000000, FPS 66.

incre win rate is 0.0.
[v3 step=670] R_mean=0.0663 | G_n_mean=0.8455 (n=5) | q_tot_pred_mean=0.8328 | drbfn_loss=0.0018, qi_loss=0.0016, qtot_loss=0.0883

 Map MMM2 Algo r_drbfn_v3 Exp v3_MMM2_5M_beta0 updates 670/3125 episodes, total num timesteps 1073600/5000000, FPS 66.

incre win rate is 0.0.

 Map MMM2 Algo r_drbfn_v3 Exp v3_MMM2_5M_beta0 updates 675/3125 episodes, total num timesteps 1081600/5000000, FPS 66.

incre win rate is 0.0.
eval win rate is 0.0.
[v3 step=680] R_mean=0.1069 | G_n_mean=1.2894 (n=5) | q_tot_pred_mean=1.2870 | drbfn_loss=0.0020, qi_loss=0.0025, qtot_loss=0.0795

 Map MMM2 Algo r_drbfn_v3 Exp v3_MMM2_5M_beta0 updates 680/3125 episodes, total num timesteps 1089600/5000000, FPS 66.

incre win rate is 0.0.

 Map MMM2 Algo r_drbfn_v3 Exp v3_MMM2_5M_beta0 updates 685/3125 episodes, total num timesteps 1097600/5000000, FPS 66.

incre win rate is 0.0.
[v3 step=690] R_mean=0.1126 | G_n_mean=1.3529 (n=5) | q_tot_pred_mean=1.3833 | drbfn_loss=0.0016, qi_loss=0.0026, qtot_loss=0.0961

 Map MMM2 Algo r_drbfn_v3 Exp v3_MMM2_5M_beta0 updates 690/3125 episodes, total num timesteps 1105600/5000000, FPS 66.

incre win rate is 0.0.

 Map MMM2 Algo r_drbfn_v3 Exp v3_MMM2_5M_beta0 updates 695/3125 episodes, total num timesteps 1113600/5000000, FPS 66.

incre win rate is 0.0.
[v3 step=700] R_mean=0.0668 | G_n_mean=0.8887 (n=5) | q_tot_pred_mean=0.8967 | drbfn_loss=0.0018, qi_loss=0.0016, qtot_loss=0.0863

 Map MMM2 Algo r_drbfn_v3 Exp v3_MMM2_5M_beta0 updates 700/3125 episodes, total num timesteps 1121600/5000000, FPS 66.

incre win rate is 0.0.
eval win rate is 0.0.

 Map MMM2 Algo r_drbfn_v3 Exp v3_MMM2_5M_beta0 updates 705/3125 episodes, total num timesteps 1129600/5000000, FPS 66.

incre win rate is 0.0.
[v3 step=710] R_mean=0.0722 | G_n_mean=0.9258 (n=5) | q_tot_pred_mean=0.9270 | drbfn_loss=0.0017, qi_loss=0.0016, qtot_loss=0.1145

 Map MMM2 Algo r_drbfn_v3 Exp v3_MMM2_5M_beta0 updates 710/3125 episodes, total num timesteps 1137600/5000000, FPS 66.

incre win rate is 0.0.

 Map MMM2 Algo r_drbfn_v3 Exp v3_MMM2_5M_beta0 updates 715/3125 episodes, total num timesteps 1145600/5000000, FPS 66.

incre win rate is 0.0.
[v3 step=720] R_mean=0.0681 | G_n_mean=0.9011 (n=5) | q_tot_pred_mean=0.9013 | drbfn_loss=0.0017, qi_loss=0.0015, qtot_loss=0.0505

 Map MMM2 Algo r_drbfn_v3 Exp v3_MMM2_5M_beta0 updates 720/3125 episodes, total num timesteps 1153600/5000000, FPS 66.

incre win rate is 0.0.

 Map MMM2 Algo r_drbfn_v3 Exp v3_MMM2_5M_beta0 updates 725/3125 episodes, total num timesteps 1161600/5000000, FPS 66.

incre win rate is 0.0.
eval win rate is 0.0.
[v3 step=730] R_mean=0.0686 | G_n_mean=0.9344 (n=5) | q_tot_pred_mean=0.9810 | drbfn_loss=0.0015, qi_loss=0.0018, qtot_loss=0.1458

 Map MMM2 Algo r_drbfn_v3 Exp v3_MMM2_5M_beta0 updates 730/3125 episodes, total num timesteps 1169600/5000000, FPS 66.

incre win rate is 0.0.

 Map MMM2 Algo r_drbfn_v3 Exp v3_MMM2_5M_beta0 updates 735/3125 episodes, total num timesteps 1177600/5000000, FPS 66.

incre win rate is 0.0.
[v3 step=740] R_mean=0.0722 | G_n_mean=0.9987 (n=5) | q_tot_pred_mean=1.0011 | drbfn_loss=0.0017, qi_loss=0.0018, qtot_loss=0.0579

 Map MMM2 Algo r_drbfn_v3 Exp v3_MMM2_5M_beta0 updates 740/3125 episodes, total num timesteps 1185600/5000000, FPS 66.

incre win rate is 0.0.

 Map MMM2 Algo r_drbfn_v3 Exp v3_MMM2_5M_beta0 updates 745/3125 episodes, total num timesteps 1193600/5000000, FPS 66.

incre win rate is 0.0.
[v3 step=750] R_mean=0.0711 | G_n_mean=0.9429 (n=5) | q_tot_pred_mean=0.9176 | drbfn_loss=0.0016, qi_loss=0.0017, qtot_loss=0.0740

 Map MMM2 Algo r_drbfn_v3 Exp v3_MMM2_5M_beta0 updates 750/3125 episodes, total num timesteps 1201600/5000000, FPS 66.

incre win rate is 0.0.
eval win rate is 0.0.

 Map MMM2 Algo r_drbfn_v3 Exp v3_MMM2_5M_beta0 updates 755/3125 episodes, total num timesteps 1209600/5000000, FPS 66.

incre win rate is 0.0.
[v3 step=760] R_mean=0.1028 | G_n_mean=1.3719 (n=5) | q_tot_pred_mean=1.3902 | drbfn_loss=0.0015, qi_loss=0.0027, qtot_loss=0.1383

 Map MMM2 Algo r_drbfn_v3 Exp v3_MMM2_5M_beta0 updates 760/3125 episodes, total num timesteps 1217600/5000000, FPS 66.

incre win rate is 0.0.

 Map MMM2 Algo r_drbfn_v3 Exp v3_MMM2_5M_beta0 updates 765/3125 episodes, total num timesteps 1225600/5000000, FPS 66.

incre win rate is 0.0.
[v3 step=770] R_mean=0.0763 | G_n_mean=1.0315 (n=5) | q_tot_pred_mean=1.0242 | drbfn_loss=0.0017, qi_loss=0.0020, qtot_loss=0.1207

 Map MMM2 Algo r_drbfn_v3 Exp v3_MMM2_5M_beta0 updates 770/3125 episodes, total num timesteps 1233600/5000000, FPS 66.

incre win rate is 0.0.

 Map MMM2 Algo r_drbfn_v3 Exp v3_MMM2_5M_beta0 updates 775/3125 episodes, total num timesteps 1241600/5000000, FPS 66.

incre win rate is 0.0.
eval win rate is 0.0.
[v3 step=780] R_mean=0.0804 | G_n_mean=1.1042 (n=5) | q_tot_pred_mean=1.1000 | drbfn_loss=0.0016, qi_loss=0.0020, qtot_loss=0.0967

 Map MMM2 Algo r_drbfn_v3 Exp v3_MMM2_5M_beta0 updates 780/3125 episodes, total num timesteps 1249600/5000000, FPS 66.

incre win rate is 0.0.

 Map MMM2 Algo r_drbfn_v3 Exp v3_MMM2_5M_beta0 updates 785/3125 episodes, total num timesteps 1257600/5000000, FPS 66.

incre win rate is 0.0.
[v3 step=790] R_mean=0.0750 | G_n_mean=1.0731 (n=5) | q_tot_pred_mean=1.0811 | drbfn_loss=0.0017, qi_loss=0.0022, qtot_loss=0.0755

 Map MMM2 Algo r_drbfn_v3 Exp v3_MMM2_5M_beta0 updates 790/3125 episodes, total num timesteps 1265600/5000000, FPS 66.

incre win rate is 0.0.

 Map MMM2 Algo r_drbfn_v3 Exp v3_MMM2_5M_beta0 updates 795/3125 episodes, total num timesteps 1273600/5000000, FPS 66.

incre win rate is 0.0.
[v3 step=800] R_mean=0.0662 | G_n_mean=0.9693 (n=5) | q_tot_pred_mean=1.0034 | drbfn_loss=0.0016, qi_loss=0.0019, qtot_loss=0.1250

 Map MMM2 Algo r_drbfn_v3 Exp v3_MMM2_5M_beta0 updates 800/3125 episodes, total num timesteps 1281600/5000000, FPS 66.

incre win rate is 0.0.
eval win rate is 0.0.

 Map MMM2 Algo r_drbfn_v3 Exp v3_MMM2_5M_beta0 updates 805/3125 episodes, total num timesteps 1289600/5000000, FPS 66.

incre win rate is 0.0.
[v3 step=810] R_mean=0.0634 | G_n_mean=0.9306 (n=5) | q_tot_pred_mean=0.9324 | drbfn_loss=0.0016, qi_loss=0.0016, qtot_loss=0.0587

 Map MMM2 Algo r_drbfn_v3 Exp v3_MMM2_5M_beta0 updates 810/3125 episodes, total num timesteps 1297600/5000000, FPS 66.

incre win rate is 0.0.

 Map MMM2 Algo r_drbfn_v3 Exp v3_MMM2_5M_beta0 updates 815/3125 episodes, total num timesteps 1305600/5000000, FPS 66.

incre win rate is 0.0.
[v3 step=820] R_mean=0.0532 | G_n_mean=0.7863 (n=5) | q_tot_pred_mean=0.7557 | drbfn_loss=0.0018, qi_loss=0.0013, qtot_loss=0.0451

 Map MMM2 Algo r_drbfn_v3 Exp v3_MMM2_5M_beta0 updates 820/3125 episodes, total num timesteps 1313600/5000000, FPS 66.

incre win rate is 0.0.

 Map MMM2 Algo r_drbfn_v3 Exp v3_MMM2_5M_beta0 updates 825/3125 episodes, total num timesteps 1321600/5000000, FPS 66.

incre win rate is 0.0.
eval win rate is 0.0.
[v3 step=830] R_mean=0.0960 | G_n_mean=1.3530 (n=5) | q_tot_pred_mean=1.3438 | drbfn_loss=0.0017, qi_loss=0.0025, qtot_loss=0.1969

 Map MMM2 Algo r_drbfn_v3 Exp v3_MMM2_5M_beta0 updates 830/3125 episodes, total num timesteps 1329600/5000000, FPS 66.

incre win rate is 0.0.

 Map MMM2 Algo r_drbfn_v3 Exp v3_MMM2_5M_beta0 updates 835/3125 episodes, total num timesteps 1337600/5000000, FPS 66.

incre win rate is 0.0.
[v3 step=840] R_mean=0.0850 | G_n_mean=1.2585 (n=5) | q_tot_pred_mean=1.2918 | drbfn_loss=0.0017, qi_loss=0.0024, qtot_loss=0.2005

 Map MMM2 Algo r_drbfn_v3 Exp v3_MMM2_5M_beta0 updates 840/3125 episodes, total num timesteps 1345600/5000000, FPS 66.

incre win rate is 0.0.

 Map MMM2 Algo r_drbfn_v3 Exp v3_MMM2_5M_beta0 updates 845/3125 episodes, total num timesteps 1353600/5000000, FPS 66.

incre win rate is 0.0.
[v3 step=850] R_mean=0.0688 | G_n_mean=1.0378 (n=5) | q_tot_pred_mean=1.0541 | drbfn_loss=0.0016, qi_loss=0.0021, qtot_loss=0.1007

 Map MMM2 Algo r_drbfn_v3 Exp v3_MMM2_5M_beta0 updates 850/3125 episodes, total num timesteps 1361600/5000000, FPS 66.

incre win rate is 0.0.
eval win rate is 0.0.

 Map MMM2 Algo r_drbfn_v3 Exp v3_MMM2_5M_beta0 updates 855/3125 episodes, total num timesteps 1369600/5000000, FPS 66.

incre win rate is 0.0.
[v3 step=860] R_mean=0.0789 | G_n_mean=1.1292 (n=5) | q_tot_pred_mean=1.1505 | drbfn_loss=0.0014, qi_loss=0.0023, qtot_loss=0.0665

 Map MMM2 Algo r_drbfn_v3 Exp v3_MMM2_5M_beta0 updates 860/3125 episodes, total num timesteps 1377600/5000000, FPS 66.

incre win rate is 0.0.

 Map MMM2 Algo r_drbfn_v3 Exp v3_MMM2_5M_beta0 updates 865/3125 episodes, total num timesteps 1385600/5000000, FPS 66.

incre win rate is 0.0.
[v3 step=870] R_mean=0.0840 | G_n_mean=1.1947 (n=5) | q_tot_pred_mean=1.2112 | drbfn_loss=0.0016, qi_loss=0.0025, qtot_loss=0.1586

 Map MMM2 Algo r_drbfn_v3 Exp v3_MMM2_5M_beta0 updates 870/3125 episodes, total num timesteps 1393600/5000000, FPS 66.

incre win rate is 0.0.

 Map MMM2 Algo r_drbfn_v3 Exp v3_MMM2_5M_beta0 updates 875/3125 episodes, total num timesteps 1401600/5000000, FPS 66.

incre win rate is 0.0.
eval win rate is 0.0.
[v3 step=880] R_mean=0.0839 | G_n_mean=1.2398 (n=5) | q_tot_pred_mean=1.2597 | drbfn_loss=0.0015, qi_loss=0.0024, qtot_loss=0.1034

 Map MMM2 Algo r_drbfn_v3 Exp v3_MMM2_5M_beta0 updates 880/3125 episodes, total num timesteps 1409600/5000000, FPS 66.

incre win rate is 0.0.

 Map MMM2 Algo r_drbfn_v3 Exp v3_MMM2_5M_beta0 updates 885/3125 episodes, total num timesteps 1417600/5000000, FPS 66.

incre win rate is 0.0.
[v3 step=890] R_mean=0.0861 | G_n_mean=1.2841 (n=5) | q_tot_pred_mean=1.2928 | drbfn_loss=0.0016, qi_loss=0.0026, qtot_loss=0.0902

 Map MMM2 Algo r_drbfn_v3 Exp v3_MMM2_5M_beta0 updates 890/3125 episodes, total num timesteps 1425600/5000000, FPS 66.

incre win rate is 0.0.

 Map MMM2 Algo r_drbfn_v3 Exp v3_MMM2_5M_beta0 updates 895/3125 episodes, total num timesteps 1433600/5000000, FPS 66.

incre win rate is 0.0.
[v3 step=900] R_mean=0.0800 | G_n_mean=1.1905 (n=5) | q_tot_pred_mean=1.1614 | drbfn_loss=0.0014, qi_loss=0.0025, qtot_loss=0.0977

 Map MMM2 Algo r_drbfn_v3 Exp v3_MMM2_5M_beta0 updates 900/3125 episodes, total num timesteps 1441600/5000000, FPS 66.

incre win rate is 0.0.
eval win rate is 0.0.

 Map MMM2 Algo r_drbfn_v3 Exp v3_MMM2_5M_beta0 updates 905/3125 episodes, total num timesteps 1449600/5000000, FPS 66.

incre win rate is 0.0.
[v3 step=910] R_mean=0.0813 | G_n_mean=1.1836 (n=5) | q_tot_pred_mean=1.1858 | drbfn_loss=0.0014, qi_loss=0.0024, qtot_loss=0.0802

 Map MMM2 Algo r_drbfn_v3 Exp v3_MMM2_5M_beta0 updates 910/3125 episodes, total num timesteps 1457600/5000000, FPS 66.

incre win rate is 0.0.

 Map MMM2 Algo r_drbfn_v3 Exp v3_MMM2_5M_beta0 updates 915/3125 episodes, total num timesteps 1465600/5000000, FPS 66.

incre win rate is 0.0.
[v3 step=920] R_mean=0.0996 | G_n_mean=1.4031 (n=5) | q_tot_pred_mean=1.4104 | drbfn_loss=0.0014, qi_loss=0.0026, qtot_loss=0.2002

 Map MMM2 Algo r_drbfn_v3 Exp v3_MMM2_5M_beta0 updates 920/3125 episodes, total num timesteps 1473600/5000000, FPS 66.

incre win rate is 0.0.

 Map MMM2 Algo r_drbfn_v3 Exp v3_MMM2_5M_beta0 updates 925/3125 episodes, total num timesteps 1481600/5000000, FPS 67.

incre win rate is 0.0.
eval win rate is 0.0.
[v3 step=930] R_mean=0.0556 | G_n_mean=0.8953 (n=5) | q_tot_pred_mean=0.9328 | drbfn_loss=0.0014, qi_loss=0.0017, qtot_loss=0.1285

 Map MMM2 Algo r_drbfn_v3 Exp v3_MMM2_5M_beta0 updates 930/3125 episodes, total num timesteps 1489600/5000000, FPS 66.

incre win rate is 0.0.

 Map MMM2 Algo r_drbfn_v3 Exp v3_MMM2_5M_beta0 updates 935/3125 episodes, total num timesteps 1497600/5000000, FPS 66.

incre win rate is 0.0.
[v3 step=940] R_mean=0.0879 | G_n_mean=1.3255 (n=5) | q_tot_pred_mean=1.3216 | drbfn_loss=0.0015, qi_loss=0.0024, qtot_loss=0.1740

 Map MMM2 Algo r_drbfn_v3 Exp v3_MMM2_5M_beta0 updates 940/3125 episodes, total num timesteps 1505600/5000000, FPS 66.

incre win rate is 0.0.

 Map MMM2 Algo r_drbfn_v3 Exp v3_MMM2_5M_beta0 updates 945/3125 episodes, total num timesteps 1513600/5000000, FPS 66.

incre win rate is 0.0.
[v3 step=950] R_mean=0.0811 | G_n_mean=1.1378 (n=5) | q_tot_pred_mean=1.0991 | drbfn_loss=0.0016, qi_loss=0.0019, qtot_loss=0.1671

 Map MMM2 Algo r_drbfn_v3 Exp v3_MMM2_5M_beta0 updates 950/3125 episodes, total num timesteps 1521600/5000000, FPS 67.

incre win rate is 0.015873015873015872.
eval win rate is 0.0.

 Map MMM2 Algo r_drbfn_v3 Exp v3_MMM2_5M_beta0 updates 955/3125 episodes, total num timesteps 1529600/5000000, FPS 66.

incre win rate is 0.0.
[v3 step=960] R_mean=0.0953 | G_n_mean=1.3780 (n=5) | q_tot_pred_mean=1.3769 | drbfn_loss=0.0014, qi_loss=0.0027, qtot_loss=0.1090

 Map MMM2 Algo r_drbfn_v3 Exp v3_MMM2_5M_beta0 updates 960/3125 episodes, total num timesteps 1537600/5000000, FPS 66.

incre win rate is 0.0.

 Map MMM2 Algo r_drbfn_v3 Exp v3_MMM2_5M_beta0 updates 965/3125 episodes, total num timesteps 1545600/5000000, FPS 66.

incre win rate is 0.0.
[v3 step=970] R_mean=0.0922 | G_n_mean=1.3855 (n=5) | q_tot_pred_mean=1.3473 | drbfn_loss=0.0015, qi_loss=0.0027, qtot_loss=0.0991

 Map MMM2 Algo r_drbfn_v3 Exp v3_MMM2_5M_beta0 updates 970/3125 episodes, total num timesteps 1553600/5000000, FPS 67.

incre win rate is 0.014084507042253521.

 Map MMM2 Algo r_drbfn_v3 Exp v3_MMM2_5M_beta0 updates 975/3125 episodes, total num timesteps 1561600/5000000, FPS 67.

incre win rate is 0.0.
eval win rate is 0.0.
[v3 step=980] R_mean=0.1009 | G_n_mean=1.4343 (n=5) | q_tot_pred_mean=1.4141 | drbfn_loss=0.0015, qi_loss=0.0032, qtot_loss=0.2099

 Map MMM2 Algo r_drbfn_v3 Exp v3_MMM2_5M_beta0 updates 980/3125 episodes, total num timesteps 1569600/5000000, FPS 66.

incre win rate is 0.0.

 Map MMM2 Algo r_drbfn_v3 Exp v3_MMM2_5M_beta0 updates 985/3125 episodes, total num timesteps 1577600/5000000, FPS 66.

incre win rate is 0.0.
[v3 step=990] R_mean=0.0916 | G_n_mean=1.3772 (n=5) | q_tot_pred_mean=1.3556 | drbfn_loss=0.0013, qi_loss=0.0033, qtot_loss=0.1647

 Map MMM2 Algo r_drbfn_v3 Exp v3_MMM2_5M_beta0 updates 990/3125 episodes, total num timesteps 1585600/5000000, FPS 66.

incre win rate is 0.0.

 Map MMM2 Algo r_drbfn_v3 Exp v3_MMM2_5M_beta0 updates 995/3125 episodes, total num timesteps 1593600/5000000, FPS 66.

incre win rate is 0.0.
[v3 step=1000] R_mean=0.0728 | G_n_mean=1.1233 (n=5) | q_tot_pred_mean=1.1480 | drbfn_loss=0.0017, qi_loss=0.0027, qtot_loss=0.2710

 Map MMM2 Algo r_drbfn_v3 Exp v3_MMM2_5M_beta0 updates 1000/3125 episodes, total num timesteps 1601600/5000000, FPS 66.

incre win rate is 0.0.
eval win rate is 0.0.

 Map MMM2 Algo r_drbfn_v3 Exp v3_MMM2_5M_beta0 updates 1005/3125 episodes, total num timesteps 1609600/5000000, FPS 66.

incre win rate is 0.0.
[v3 step=1010] R_mean=0.0802 | G_n_mean=1.2382 (n=5) | q_tot_pred_mean=1.2121 | drbfn_loss=0.0014, qi_loss=0.0028, qtot_loss=0.0825

 Map MMM2 Algo r_drbfn_v3 Exp v3_MMM2_5M_beta0 updates 1010/3125 episodes, total num timesteps 1617600/5000000, FPS 66.

incre win rate is 0.0.

 Map MMM2 Algo r_drbfn_v3 Exp v3_MMM2_5M_beta0 updates 1015/3125 episodes, total num timesteps 1625600/5000000, FPS 66.

incre win rate is 0.0.
[v3 step=1020] R_mean=0.0846 | G_n_mean=1.2743 (n=5) | q_tot_pred_mean=1.2644 | drbfn_loss=0.0014, qi_loss=0.0029, qtot_loss=0.1506

 Map MMM2 Algo r_drbfn_v3 Exp v3_MMM2_5M_beta0 updates 1020/3125 episodes, total num timesteps 1633600/5000000, FPS 66.

incre win rate is 0.0.

 Map MMM2 Algo r_drbfn_v3 Exp v3_MMM2_5M_beta0 updates 1025/3125 episodes, total num timesteps 1641600/5000000, FPS 66.

incre win rate is 0.0.
eval win rate is 0.0.
[v3 step=1030] R_mean=0.0633 | G_n_mean=1.0096 (n=5) | q_tot_pred_mean=1.0585 | drbfn_loss=0.0016, qi_loss=0.0022, qtot_loss=0.0754

 Map MMM2 Algo r_drbfn_v3 Exp v3_MMM2_5M_beta0 updates 1030/3125 episodes, total num timesteps 1649600/5000000, FPS 66.

incre win rate is 0.0.

 Map MMM2 Algo r_drbfn_v3 Exp v3_MMM2_5M_beta0 updates 1035/3125 episodes, total num timesteps 1657600/5000000, FPS 66.

incre win rate is 0.0.
[v3 step=1040] R_mean=0.0841 | G_n_mean=1.2471 (n=5) | q_tot_pred_mean=1.2175 | drbfn_loss=0.0013, qi_loss=0.0029, qtot_loss=0.0898

 Map MMM2 Algo r_drbfn_v3 Exp v3_MMM2_5M_beta0 updates 1040/3125 episodes, total num timesteps 1665600/5000000, FPS 66.

incre win rate is 0.0.

 Map MMM2 Algo r_drbfn_v3 Exp v3_MMM2_5M_beta0 updates 1045/3125 episodes, total num timesteps 1673600/5000000, FPS 66.

incre win rate is 0.0.
[v3 step=1050] R_mean=0.0648 | G_n_mean=0.9605 (n=5) | q_tot_pred_mean=0.9010 | drbfn_loss=0.0013, qi_loss=0.0020, qtot_loss=0.0789

 Map MMM2 Algo r_drbfn_v3 Exp v3_MMM2_5M_beta0 updates 1050/3125 episodes, total num timesteps 1681600/5000000, FPS 66.

incre win rate is 0.0.
eval win rate is 0.0.

 Map MMM2 Algo r_drbfn_v3 Exp v3_MMM2_5M_beta0 updates 1055/3125 episodes, total num timesteps 1689600/5000000, FPS 66.

incre win rate is 0.0.
[v3 step=1060] R_mean=0.0840 | G_n_mean=1.3100 (n=5) | q_tot_pred_mean=1.3315 | drbfn_loss=0.0016, qi_loss=0.0029, qtot_loss=0.1223

 Map MMM2 Algo r_drbfn_v3 Exp v3_MMM2_5M_beta0 updates 1060/3125 episodes, total num timesteps 1697600/5000000, FPS 66.

incre win rate is 0.0.

 Map MMM2 Algo r_drbfn_v3 Exp v3_MMM2_5M_beta0 updates 1065/3125 episodes, total num timesteps 1705600/5000000, FPS 66.

incre win rate is 0.0.
[v3 step=1070] R_mean=0.0798 | G_n_mean=1.2451 (n=5) | q_tot_pred_mean=1.2297 | drbfn_loss=0.0015, qi_loss=0.0030, qtot_loss=0.1429

 Map MMM2 Algo r_drbfn_v3 Exp v3_MMM2_5M_beta0 updates 1070/3125 episodes, total num timesteps 1713600/5000000, FPS 66.

incre win rate is 0.0.

 Map MMM2 Algo r_drbfn_v3 Exp v3_MMM2_5M_beta0 updates 1075/3125 episodes, total num timesteps 1721600/5000000, FPS 67.

incre win rate is 0.0.
eval win rate is 0.0.
[v3 step=1080] R_mean=0.0876 | G_n_mean=1.3470 (n=5) | q_tot_pred_mean=1.3649 | drbfn_loss=0.0014, qi_loss=0.0032, qtot_loss=0.1014

 Map MMM2 Algo r_drbfn_v3 Exp v3_MMM2_5M_beta0 updates 1080/3125 episodes, total num timesteps 1729600/5000000, FPS 66.

incre win rate is 0.0.

 Map MMM2 Algo r_drbfn_v3 Exp v3_MMM2_5M_beta0 updates 1085/3125 episodes, total num timesteps 1737600/5000000, FPS 66.

incre win rate is 0.0.
[v3 step=1090] R_mean=0.0800 | G_n_mean=1.2609 (n=5) | q_tot_pred_mean=1.2213 | drbfn_loss=0.0014, qi_loss=0.0039, qtot_loss=0.1067

 Map MMM2 Algo r_drbfn_v3 Exp v3_MMM2_5M_beta0 updates 1090/3125 episodes, total num timesteps 1745600/5000000, FPS 66.

incre win rate is 0.0.

 Map MMM2 Algo r_drbfn_v3 Exp v3_MMM2_5M_beta0 updates 1095/3125 episodes, total num timesteps 1753600/5000000, FPS 66.

incre win rate is 0.0.
[v3 step=1100] R_mean=0.0714 | G_n_mean=1.1200 (n=5) | q_tot_pred_mean=1.1375 | drbfn_loss=0.0014, qi_loss=0.0024, qtot_loss=0.1216

 Map MMM2 Algo r_drbfn_v3 Exp v3_MMM2_5M_beta0 updates 1100/3125 episodes, total num timesteps 1761600/5000000, FPS 67.

incre win rate is 0.0.
eval win rate is 0.0.

 Map MMM2 Algo r_drbfn_v3 Exp v3_MMM2_5M_beta0 updates 1105/3125 episodes, total num timesteps 1769600/5000000, FPS 66.

incre win rate is 0.0.
[v3 step=1110] R_mean=0.0678 | G_n_mean=1.1186 (n=5) | q_tot_pred_mean=1.1105 | drbfn_loss=0.0013, qi_loss=0.0022, qtot_loss=0.0970

 Map MMM2 Algo r_drbfn_v3 Exp v3_MMM2_5M_beta0 updates 1110/3125 episodes, total num timesteps 1777600/5000000, FPS 66.

incre win rate is 0.0.

 Map MMM2 Algo r_drbfn_v3 Exp v3_MMM2_5M_beta0 updates 1115/3125 episodes, total num timesteps 1785600/5000000, FPS 66.

incre win rate is 0.0.
[v3 step=1120] R_mean=0.0707 | G_n_mean=1.1175 (n=5) | q_tot_pred_mean=1.1287 | drbfn_loss=0.0014, qi_loss=0.0020, qtot_loss=0.1297

 Map MMM2 Algo r_drbfn_v3 Exp v3_MMM2_5M_beta0 updates 1120/3125 episodes, total num timesteps 1793600/5000000, FPS 66.

incre win rate is 0.0.

 Map MMM2 Algo r_drbfn_v3 Exp v3_MMM2_5M_beta0 updates 1125/3125 episodes, total num timesteps 1801600/5000000, FPS 66.

incre win rate is 0.0.
eval win rate is 0.0.
[v3 step=1130] R_mean=0.0882 | G_n_mean=1.3924 (n=5) | q_tot_pred_mean=1.3974 | drbfn_loss=0.0013, qi_loss=0.0033, qtot_loss=0.0988

 Map MMM2 Algo r_drbfn_v3 Exp v3_MMM2_5M_beta0 updates 1130/3125 episodes, total num timesteps 1809600/5000000, FPS 66.

incre win rate is 0.0.

 Map MMM2 Algo r_drbfn_v3 Exp v3_MMM2_5M_beta0 updates 1135/3125 episodes, total num timesteps 1817600/5000000, FPS 66.

incre win rate is 0.0.
[v3 step=1140] R_mean=0.0904 | G_n_mean=1.3884 (n=5) | q_tot_pred_mean=1.3510 | drbfn_loss=0.0014, qi_loss=0.0028, qtot_loss=0.1705

 Map MMM2 Algo r_drbfn_v3 Exp v3_MMM2_5M_beta0 updates 1140/3125 episodes, total num timesteps 1825600/5000000, FPS 66.

incre win rate is 0.0.

 Map MMM2 Algo r_drbfn_v3 Exp v3_MMM2_5M_beta0 updates 1145/3125 episodes, total num timesteps 1833600/5000000, FPS 66.

incre win rate is 0.009708737864077669.
[v3 step=1150] R_mean=0.1227 | G_n_mean=1.8067 (n=5) | q_tot_pred_mean=1.7356 | drbfn_loss=0.0015, qi_loss=0.0034, qtot_loss=0.2185

 Map MMM2 Algo r_drbfn_v3 Exp v3_MMM2_5M_beta0 updates 1150/3125 episodes, total num timesteps 1841600/5000000, FPS 66.

incre win rate is 0.0.
eval win rate is 0.0.

 Map MMM2 Algo r_drbfn_v3 Exp v3_MMM2_5M_beta0 updates 1155/3125 episodes, total num timesteps 1849600/5000000, FPS 66.

incre win rate is 0.0.
[v3 step=1160] R_mean=0.0963 | G_n_mean=1.4698 (n=5) | q_tot_pred_mean=1.4217 | drbfn_loss=0.0016, qi_loss=0.0029, qtot_loss=0.1004

 Map MMM2 Algo r_drbfn_v3 Exp v3_MMM2_5M_beta0 updates 1160/3125 episodes, total num timesteps 1857600/5000000, FPS 66.

incre win rate is 0.0.

 Map MMM2 Algo r_drbfn_v3 Exp v3_MMM2_5M_beta0 updates 1165/3125 episodes, total num timesteps 1865600/5000000, FPS 66.

incre win rate is 0.0.
[v3 step=1170] R_mean=0.0782 | G_n_mean=1.2175 (n=5) | q_tot_pred_mean=1.2057 | drbfn_loss=0.0013, qi_loss=0.0027, qtot_loss=0.1067

 Map MMM2 Algo r_drbfn_v3 Exp v3_MMM2_5M_beta0 updates 1170/3125 episodes, total num timesteps 1873600/5000000, FPS 66.

incre win rate is 0.0.

 Map MMM2 Algo r_drbfn_v3 Exp v3_MMM2_5M_beta0 updates 1175/3125 episodes, total num timesteps 1881600/5000000, FPS 66.

incre win rate is 0.0.
eval win rate is 0.0.
[v3 step=1180] R_mean=0.0818 | G_n_mean=1.3414 (n=5) | q_tot_pred_mean=1.3544 | drbfn_loss=0.0015, qi_loss=0.0028, qtot_loss=0.0996

 Map MMM2 Algo r_drbfn_v3 Exp v3_MMM2_5M_beta0 updates 1180/3125 episodes, total num timesteps 1889600/5000000, FPS 66.

incre win rate is 0.0.

 Map MMM2 Algo r_drbfn_v3 Exp v3_MMM2_5M_beta0 updates 1185/3125 episodes, total num timesteps 1897600/5000000, FPS 66.

incre win rate is 0.0.
[v3 step=1190] R_mean=0.0785 | G_n_mean=1.2444 (n=5) | q_tot_pred_mean=1.2836 | drbfn_loss=0.0015, qi_loss=0.0025, qtot_loss=0.1095

 Map MMM2 Algo r_drbfn_v3 Exp v3_MMM2_5M_beta0 updates 1190/3125 episodes, total num timesteps 1905600/5000000, FPS 66.

incre win rate is 0.0.

 Map MMM2 Algo r_drbfn_v3 Exp v3_MMM2_5M_beta0 updates 1195/3125 episodes, total num timesteps 1913600/5000000, FPS 66.

incre win rate is 0.0.
[v3 step=1200] R_mean=0.1135 | G_n_mean=1.7022 (n=5) | q_tot_pred_mean=1.7241 | drbfn_loss=0.0015, qi_loss=0.0038, qtot_loss=0.0980

 Map MMM2 Algo r_drbfn_v3 Exp v3_MMM2_5M_beta0 updates 1200/3125 episodes, total num timesteps 1921600/5000000, FPS 66.

incre win rate is 0.011494252873563218.
eval win rate is 0.0.

 Map MMM2 Algo r_drbfn_v3 Exp v3_MMM2_5M_beta0 updates 1205/3125 episodes, total num timesteps 1929600/5000000, FPS 66.

incre win rate is 0.0.
[v3 step=1210] R_mean=0.0776 | G_n_mean=1.2544 (n=5) | q_tot_pred_mean=1.2510 | drbfn_loss=0.0015, qi_loss=0.0026, qtot_loss=0.0972

 Map MMM2 Algo r_drbfn_v3 Exp v3_MMM2_5M_beta0 updates 1210/3125 episodes, total num timesteps 1937600/5000000, FPS 66.

incre win rate is 0.0.

 Map MMM2 Algo r_drbfn_v3 Exp v3_MMM2_5M_beta0 updates 1215/3125 episodes, total num timesteps 1945600/5000000, FPS 66.

incre win rate is 0.0.
[v3 step=1220] R_mean=0.0809 | G_n_mean=1.2641 (n=5) | q_tot_pred_mean=1.2531 | drbfn_loss=0.0015, qi_loss=0.0024, qtot_loss=0.1395

 Map MMM2 Algo r_drbfn_v3 Exp v3_MMM2_5M_beta0 updates 1220/3125 episodes, total num timesteps 1953600/5000000, FPS 66.

incre win rate is 0.0.

 Map MMM2 Algo r_drbfn_v3 Exp v3_MMM2_5M_beta0 updates 1225/3125 episodes, total num timesteps 1961600/5000000, FPS 66.

incre win rate is 0.0.
eval win rate is 0.0.
[v3 step=1230] R_mean=0.0636 | G_n_mean=1.0689 (n=5) | q_tot_pred_mean=1.0606 | drbfn_loss=0.0016, qi_loss=0.0022, qtot_loss=0.0688

 Map MMM2 Algo r_drbfn_v3 Exp v3_MMM2_5M_beta0 updates 1230/3125 episodes, total num timesteps 1969600/5000000, FPS 66.

incre win rate is 0.0.

 Map MMM2 Algo r_drbfn_v3 Exp v3_MMM2_5M_beta0 updates 1235/3125 episodes, total num timesteps 1977600/5000000, FPS 66.

incre win rate is 0.0.
[v3 step=1240] R_mean=0.0951 | G_n_mean=1.5007 (n=5) | q_tot_pred_mean=1.4772 | drbfn_loss=0.0017, qi_loss=0.0032, qtot_loss=0.1041

 Map MMM2 Algo r_drbfn_v3 Exp v3_MMM2_5M_beta0 updates 1240/3125 episodes, total num timesteps 1985600/5000000, FPS 66.

incre win rate is 0.0.

 Map MMM2 Algo r_drbfn_v3 Exp v3_MMM2_5M_beta0 updates 1245/3125 episodes, total num timesteps 1993600/5000000, FPS 66.

incre win rate is 0.0.
[v3 step=1250] R_mean=0.0794 | G_n_mean=1.2576 (n=5) | q_tot_pred_mean=1.2482 | drbfn_loss=0.0017, qi_loss=0.0029, qtot_loss=0.1066

 Map MMM2 Algo r_drbfn_v3 Exp v3_MMM2_5M_beta0 updates 1250/3125 episodes, total num timesteps 2001600/5000000, FPS 66.

incre win rate is 0.0.
eval win rate is 0.0.

 Map MMM2 Algo r_drbfn_v3 Exp v3_MMM2_5M_beta0 updates 1255/3125 episodes, total num timesteps 2009600/5000000, FPS 66.

incre win rate is 0.0.
[v3 step=1260] R_mean=0.0815 | G_n_mean=1.2554 (n=5) | q_tot_pred_mean=1.1997 | drbfn_loss=0.0014, qi_loss=0.0025, qtot_loss=0.0949

 Map MMM2 Algo r_drbfn_v3 Exp v3_MMM2_5M_beta0 updates 1260/3125 episodes, total num timesteps 2017600/5000000, FPS 66.

incre win rate is 0.0.

 Map MMM2 Algo r_drbfn_v3 Exp v3_MMM2_5M_beta0 updates 1265/3125 episodes, total num timesteps 2025600/5000000, FPS 66.

incre win rate is 0.0.
[v3 step=1270] R_mean=0.0714 | G_n_mean=1.2297 (n=5) | q_tot_pred_mean=1.2512 | drbfn_loss=0.0015, qi_loss=0.0027, qtot_loss=0.1525

 Map MMM2 Algo r_drbfn_v3 Exp v3_MMM2_5M_beta0 updates 1270/3125 episodes, total num timesteps 2033600/5000000, FPS 66.

incre win rate is 0.0.

 Map MMM2 Algo r_drbfn_v3 Exp v3_MMM2_5M_beta0 updates 1275/3125 episodes, total num timesteps 2041600/5000000, FPS 66.

incre win rate is 0.0.
eval win rate is 0.0.
[v3 step=1280] R_mean=0.1014 | G_n_mean=1.6438 (n=5) | q_tot_pred_mean=1.6637 | drbfn_loss=0.0014, qi_loss=0.0039, qtot_loss=0.1249

 Map MMM2 Algo r_drbfn_v3 Exp v3_MMM2_5M_beta0 updates 1280/3125 episodes, total num timesteps 2049600/5000000, FPS 66.

incre win rate is 0.0.

 Map MMM2 Algo r_drbfn_v3 Exp v3_MMM2_5M_beta0 updates 1285/3125 episodes, total num timesteps 2057600/5000000, FPS 66.

incre win rate is 0.0.
[v3 step=1290] R_mean=0.1123 | G_n_mean=1.6916 (n=5) | q_tot_pred_mean=1.6211 | drbfn_loss=0.0017, qi_loss=0.0034, qtot_loss=0.2061

 Map MMM2 Algo r_drbfn_v3 Exp v3_MMM2_5M_beta0 updates 1290/3125 episodes, total num timesteps 2065600/5000000, FPS 66.

incre win rate is 0.0.

 Map MMM2 Algo r_drbfn_v3 Exp v3_MMM2_5M_beta0 updates 1295/3125 episodes, total num timesteps 2073600/5000000, FPS 66.

incre win rate is 0.0.
[v3 step=1300] R_mean=0.0864 | G_n_mean=1.4211 (n=5) | q_tot_pred_mean=1.4327 | drbfn_loss=0.0018, qi_loss=0.0030, qtot_loss=0.2773

 Map MMM2 Algo r_drbfn_v3 Exp v3_MMM2_5M_beta0 updates 1300/3125 episodes, total num timesteps 2081600/5000000, FPS 66.

incre win rate is 0.0.
eval win rate is 0.0.

 Map MMM2 Algo r_drbfn_v3 Exp v3_MMM2_5M_beta0 updates 1305/3125 episodes, total num timesteps 2089600/5000000, FPS 66.

incre win rate is 0.0.
[v3 step=1310] R_mean=0.0624 | G_n_mean=1.0243 (n=5) | q_tot_pred_mean=1.0190 | drbfn_loss=0.0016, qi_loss=0.0019, qtot_loss=0.1549

 Map MMM2 Algo r_drbfn_v3 Exp v3_MMM2_5M_beta0 updates 1310/3125 episodes, total num timesteps 2097600/5000000, FPS 66.

incre win rate is 0.0.

 Map MMM2 Algo r_drbfn_v3 Exp v3_MMM2_5M_beta0 updates 1315/3125 episodes, total num timesteps 2105600/5000000, FPS 66.

incre win rate is 0.0.
[v3 step=1320] R_mean=0.0842 | G_n_mean=1.4080 (n=5) | q_tot_pred_mean=1.4387 | drbfn_loss=0.0013, qi_loss=0.0030, qtot_loss=0.1436

 Map MMM2 Algo r_drbfn_v3 Exp v3_MMM2_5M_beta0 updates 1320/3125 episodes, total num timesteps 2113600/5000000, FPS 66.

incre win rate is 0.0.

 Map MMM2 Algo r_drbfn_v3 Exp v3_MMM2_5M_beta0 updates 1325/3125 episodes, total num timesteps 2121600/5000000, FPS 66.

incre win rate is 0.0.
eval win rate is 0.0.
[v3 step=1330] R_mean=0.0836 | G_n_mean=1.3705 (n=5) | q_tot_pred_mean=1.3099 | drbfn_loss=0.0016, qi_loss=0.0029, qtot_loss=0.1155

 Map MMM2 Algo r_drbfn_v3 Exp v3_MMM2_5M_beta0 updates 1330/3125 episodes, total num timesteps 2129600/5000000, FPS 66.

incre win rate is 0.0.

 Map MMM2 Algo r_drbfn_v3 Exp v3_MMM2_5M_beta0 updates 1335/3125 episodes, total num timesteps 2137600/5000000, FPS 66.

incre win rate is 0.0.
[v3 step=1340] R_mean=0.0769 | G_n_mean=1.2477 (n=5) | q_tot_pred_mean=1.1889 | drbfn_loss=0.0016, qi_loss=0.0026, qtot_loss=0.0814

 Map MMM2 Algo r_drbfn_v3 Exp v3_MMM2_5M_beta0 updates 1340/3125 episodes, total num timesteps 2145600/5000000, FPS 66.

incre win rate is 0.0.

 Map MMM2 Algo r_drbfn_v3 Exp v3_MMM2_5M_beta0 updates 1345/3125 episodes, total num timesteps 2153600/5000000, FPS 66.

incre win rate is 0.0.
[v3 step=1350] R_mean=0.0886 | G_n_mean=1.4527 (n=5) | q_tot_pred_mean=1.4690 | drbfn_loss=0.0016, qi_loss=0.0032, qtot_loss=0.1364

 Map MMM2 Algo r_drbfn_v3 Exp v3_MMM2_5M_beta0 updates 1350/3125 episodes, total num timesteps 2161600/5000000, FPS 66.

incre win rate is 0.0.
eval win rate is 0.0.

 Map MMM2 Algo r_drbfn_v3 Exp v3_MMM2_5M_beta0 updates 1355/3125 episodes, total num timesteps 2169600/5000000, FPS 66.

incre win rate is 0.0.
[v3 step=1360] R_mean=0.1010 | G_n_mean=1.5787 (n=5) | q_tot_pred_mean=1.4964 | drbfn_loss=0.0014, qi_loss=0.0035, qtot_loss=0.1188

 Map MMM2 Algo r_drbfn_v3 Exp v3_MMM2_5M_beta0 updates 1360/3125 episodes, total num timesteps 2177600/5000000, FPS 66.

incre win rate is 0.0.

 Map MMM2 Algo r_drbfn_v3 Exp v3_MMM2_5M_beta0 updates 1365/3125 episodes, total num timesteps 2185600/5000000, FPS 66.

incre win rate is 0.0.
[v3 step=1370] R_mean=0.0763 | G_n_mean=1.2802 (n=5) | q_tot_pred_mean=1.3176 | drbfn_loss=0.0016, qi_loss=0.0024, qtot_loss=0.0969

 Map MMM2 Algo r_drbfn_v3 Exp v3_MMM2_5M_beta0 updates 1370/3125 episodes, total num timesteps 2193600/5000000, FPS 66.

incre win rate is 0.0.

 Map MMM2 Algo r_drbfn_v3 Exp v3_MMM2_5M_beta0 updates 1375/3125 episodes, total num timesteps 2201600/5000000, FPS 66.

incre win rate is 0.0.
eval win rate is 0.0.
[v3 step=1380] R_mean=0.0814 | G_n_mean=1.3226 (n=5) | q_tot_pred_mean=1.3326 | drbfn_loss=0.0012, qi_loss=0.0027, qtot_loss=0.1263

 Map MMM2 Algo r_drbfn_v3 Exp v3_MMM2_5M_beta0 updates 1380/3125 episodes, total num timesteps 2209600/5000000, FPS 66.

incre win rate is 0.0.

 Map MMM2 Algo r_drbfn_v3 Exp v3_MMM2_5M_beta0 updates 1385/3125 episodes, total num timesteps 2217600/5000000, FPS 66.

incre win rate is 0.0.
[v3 step=1390] R_mean=0.0774 | G_n_mean=1.2813 (n=5) | q_tot_pred_mean=1.2506 | drbfn_loss=0.0013, qi_loss=0.0027, qtot_loss=0.0818

 Map MMM2 Algo r_drbfn_v3 Exp v3_MMM2_5M_beta0 updates 1390/3125 episodes, total num timesteps 2225600/5000000, FPS 66.

incre win rate is 0.0.

 Map MMM2 Algo r_drbfn_v3 Exp v3_MMM2_5M_beta0 updates 1395/3125 episodes, total num timesteps 2233600/5000000, FPS 66.

incre win rate is 0.0.
[v3 step=1400] R_mean=0.0653 | G_n_mean=1.1348 (n=5) | q_tot_pred_mean=1.1440 | drbfn_loss=0.0014, qi_loss=0.0022, qtot_loss=0.1374

 Map MMM2 Algo r_drbfn_v3 Exp v3_MMM2_5M_beta0 updates 1400/3125 episodes, total num timesteps 2241600/5000000, FPS 66.

incre win rate is 0.0.
eval win rate is 0.0.

 Map MMM2 Algo r_drbfn_v3 Exp v3_MMM2_5M_beta0 updates 1405/3125 episodes, total num timesteps 2249600/5000000, FPS 66.

incre win rate is 0.0.
[v3 step=1410] R_mean=0.0944 | G_n_mean=1.5162 (n=5) | q_tot_pred_mean=1.4732 | drbfn_loss=0.0017, qi_loss=0.0033, qtot_loss=0.1000

 Map MMM2 Algo r_drbfn_v3 Exp v3_MMM2_5M_beta0 updates 1410/3125 episodes, total num timesteps 2257600/5000000, FPS 66.

incre win rate is 0.0.

 Map MMM2 Algo r_drbfn_v3 Exp v3_MMM2_5M_beta0 updates 1415/3125 episodes, total num timesteps 2265600/5000000, FPS 66.

incre win rate is 0.0.
[v3 step=1420] R_mean=0.0940 | G_n_mean=1.5500 (n=5) | q_tot_pred_mean=1.5681 | drbfn_loss=0.0017, qi_loss=0.0037, qtot_loss=0.1199

 Map MMM2 Algo r_drbfn_v3 Exp v3_MMM2_5M_beta0 updates 1420/3125 episodes, total num timesteps 2273600/5000000, FPS 66.

incre win rate is 0.0.

 Map MMM2 Algo r_drbfn_v3 Exp v3_MMM2_5M_beta0 updates 1425/3125 episodes, total num timesteps 2281600/5000000, FPS 66.

incre win rate is 0.0.
eval win rate is 0.0.
[v3 step=1430] R_mean=0.0709 | G_n_mean=1.1967 (n=5) | q_tot_pred_mean=1.1956 | drbfn_loss=0.0015, qi_loss=0.0024, qtot_loss=0.0861

 Map MMM2 Algo r_drbfn_v3 Exp v3_MMM2_5M_beta0 updates 1430/3125 episodes, total num timesteps 2289600/5000000, FPS 66.

incre win rate is 0.0.

 Map MMM2 Algo r_drbfn_v3 Exp v3_MMM2_5M_beta0 updates 1435/3125 episodes, total num timesteps 2297600/5000000, FPS 66.

incre win rate is 0.0.
[v3 step=1440] R_mean=0.1186 | G_n_mean=1.8846 (n=5) | q_tot_pred_mean=1.7295 | drbfn_loss=0.0016, qi_loss=0.0043, qtot_loss=0.1948

 Map MMM2 Algo r_drbfn_v3 Exp v3_MMM2_5M_beta0 updates 1440/3125 episodes, total num timesteps 2305600/5000000, FPS 66.

incre win rate is 0.0.

 Map MMM2 Algo r_drbfn_v3 Exp v3_MMM2_5M_beta0 updates 1445/3125 episodes, total num timesteps 2313600/5000000, FPS 66.

incre win rate is 0.0.
[v3 step=1450] R_mean=0.0733 | G_n_mean=1.3018 (n=5) | q_tot_pred_mean=1.3241 | drbfn_loss=0.0014, qi_loss=0.0026, qtot_loss=0.1232

 Map MMM2 Algo r_drbfn_v3 Exp v3_MMM2_5M_beta0 updates 1450/3125 episodes, total num timesteps 2321600/5000000, FPS 66.

incre win rate is 0.0.
eval win rate is 0.0.

 Map MMM2 Algo r_drbfn_v3 Exp v3_MMM2_5M_beta0 updates 1455/3125 episodes, total num timesteps 2329600/5000000, FPS 66.

incre win rate is 0.0.
[v3 step=1460] R_mean=0.0671 | G_n_mean=1.1847 (n=5) | q_tot_pred_mean=1.1692 | drbfn_loss=0.0015, qi_loss=0.0022, qtot_loss=0.0714

 Map MMM2 Algo r_drbfn_v3 Exp v3_MMM2_5M_beta0 updates 1460/3125 episodes, total num timesteps 2337600/5000000, FPS 66.

incre win rate is 0.0.

 Map MMM2 Algo r_drbfn_v3 Exp v3_MMM2_5M_beta0 updates 1465/3125 episodes, total num timesteps 2345600/5000000, FPS 66.

incre win rate is 0.0.
[v3 step=1470] R_mean=0.1018 | G_n_mean=1.6574 (n=5) | q_tot_pred_mean=1.6659 | drbfn_loss=0.0019, qi_loss=0.0050, qtot_loss=0.4251

 Map MMM2 Algo r_drbfn_v3 Exp v3_MMM2_5M_beta0 updates 1470/3125 episodes, total num timesteps 2353600/5000000, FPS 66.

incre win rate is 0.0.

 Map MMM2 Algo r_drbfn_v3 Exp v3_MMM2_5M_beta0 updates 1475/3125 episodes, total num timesteps 2361600/5000000, FPS 66.

incre win rate is 0.0.
eval win rate is 0.0.
[v3 step=1480] R_mean=0.0868 | G_n_mean=1.4643 (n=5) | q_tot_pred_mean=1.4905 | drbfn_loss=0.0014, qi_loss=0.0030, qtot_loss=0.1949

 Map MMM2 Algo r_drbfn_v3 Exp v3_MMM2_5M_beta0 updates 1480/3125 episodes, total num timesteps 2369600/5000000, FPS 66.

incre win rate is 0.0.

 Map MMM2 Algo r_drbfn_v3 Exp v3_MMM2_5M_beta0 updates 1485/3125 episodes, total num timesteps 2377600/5000000, FPS 66.

incre win rate is 0.0.
[v3 step=1490] R_mean=0.0767 | G_n_mean=1.3092 (n=5) | q_tot_pred_mean=1.3523 | drbfn_loss=0.0015, qi_loss=0.0027, qtot_loss=0.1198

 Map MMM2 Algo r_drbfn_v3 Exp v3_MMM2_5M_beta0 updates 1490/3125 episodes, total num timesteps 2385600/5000000, FPS 66.

incre win rate is 0.0.

 Map MMM2 Algo r_drbfn_v3 Exp v3_MMM2_5M_beta0 updates 1495/3125 episodes, total num timesteps 2393600/5000000, FPS 66.

incre win rate is 0.0.
[v3 step=1500] R_mean=0.0937 | G_n_mean=1.5694 (n=5) | q_tot_pred_mean=1.5778 | drbfn_loss=0.0017, qi_loss=0.0033, qtot_loss=0.1305

 Map MMM2 Algo r_drbfn_v3 Exp v3_MMM2_5M_beta0 updates 1500/3125 episodes, total num timesteps 2401600/5000000, FPS 66.

incre win rate is 0.0.
eval win rate is 0.0.

 Map MMM2 Algo r_drbfn_v3 Exp v3_MMM2_5M_beta0 updates 1505/3125 episodes, total num timesteps 2409600/5000000, FPS 66.

incre win rate is 0.0.
[v3 step=1510] R_mean=0.0830 | G_n_mean=1.4065 (n=5) | q_tot_pred_mean=1.3803 | drbfn_loss=0.0015, qi_loss=0.0028, qtot_loss=0.1055

 Map MMM2 Algo r_drbfn_v3 Exp v3_MMM2_5M_beta0 updates 1510/3125 episodes, total num timesteps 2417600/5000000, FPS 66.

incre win rate is 0.0.

 Map MMM2 Algo r_drbfn_v3 Exp v3_MMM2_5M_beta0 updates 1515/3125 episodes, total num timesteps 2425600/5000000, FPS 66.

incre win rate is 0.0.
[v3 step=1520] R_mean=0.0641 | G_n_mean=1.1415 (n=5) | q_tot_pred_mean=1.1185 | drbfn_loss=0.0014, qi_loss=0.0024, qtot_loss=0.0722

 Map MMM2 Algo r_drbfn_v3 Exp v3_MMM2_5M_beta0 updates 1520/3125 episodes, total num timesteps 2433600/5000000, FPS 66.

incre win rate is 0.0.

 Map MMM2 Algo r_drbfn_v3 Exp v3_MMM2_5M_beta0 updates 1525/3125 episodes, total num timesteps 2441600/5000000, FPS 66.

incre win rate is 0.0.
eval win rate is 0.0.
[v3 step=1530] R_mean=0.0775 | G_n_mean=1.3605 (n=5) | q_tot_pred_mean=1.3185 | drbfn_loss=0.0015, qi_loss=0.0028, qtot_loss=0.0907

 Map MMM2 Algo r_drbfn_v3 Exp v3_MMM2_5M_beta0 updates 1530/3125 episodes, total num timesteps 2449600/5000000, FPS 66.

incre win rate is 0.0.

 Map MMM2 Algo r_drbfn_v3 Exp v3_MMM2_5M_beta0 updates 1535/3125 episodes, total num timesteps 2457600/5000000, FPS 66.

incre win rate is 0.0.
[v3 step=1540] R_mean=0.0796 | G_n_mean=1.3443 (n=5) | q_tot_pred_mean=1.3788 | drbfn_loss=0.0015, qi_loss=0.0026, qtot_loss=0.1744

 Map MMM2 Algo r_drbfn_v3 Exp v3_MMM2_5M_beta0 updates 1540/3125 episodes, total num timesteps 2465600/5000000, FPS 66.

incre win rate is 0.0.

 Map MMM2 Algo r_drbfn_v3 Exp v3_MMM2_5M_beta0 updates 1545/3125 episodes, total num timesteps 2473600/5000000, FPS 66.

incre win rate is 0.0.
[v3 step=1550] R_mean=0.0873 | G_n_mean=1.4974 (n=5) | q_tot_pred_mean=1.5035 | drbfn_loss=0.0018, qi_loss=0.0032, qtot_loss=0.0794

 Map MMM2 Algo r_drbfn_v3 Exp v3_MMM2_5M_beta0 updates 1550/3125 episodes, total num timesteps 2481600/5000000, FPS 66.

incre win rate is 0.0.
eval win rate is 0.0.

 Map MMM2 Algo r_drbfn_v3 Exp v3_MMM2_5M_beta0 updates 1555/3125 episodes, total num timesteps 2489600/5000000, FPS 66.

incre win rate is 0.0.
[v3 step=1560] R_mean=0.0683 | G_n_mean=1.2506 (n=5) | q_tot_pred_mean=1.2672 | drbfn_loss=0.0016, qi_loss=0.0027, qtot_loss=0.3369

 Map MMM2 Algo r_drbfn_v3 Exp v3_MMM2_5M_beta0 updates 1560/3125 episodes, total num timesteps 2497600/5000000, FPS 66.

incre win rate is 0.0.

 Map MMM2 Algo r_drbfn_v3 Exp v3_MMM2_5M_beta0 updates 1565/3125 episodes, total num timesteps 2505600/5000000, FPS 66.

incre win rate is 0.0.
[v3 step=1570] R_mean=0.0884 | G_n_mean=1.5361 (n=5) | q_tot_pred_mean=1.5167 | drbfn_loss=0.0017, qi_loss=0.0032, qtot_loss=0.2208

 Map MMM2 Algo r_drbfn_v3 Exp v3_MMM2_5M_beta0 updates 1570/3125 episodes, total num timesteps 2513600/5000000, FPS 66.

incre win rate is 0.0.

 Map MMM2 Algo r_drbfn_v3 Exp v3_MMM2_5M_beta0 updates 1575/3125 episodes, total num timesteps 2521600/5000000, FPS 66.

incre win rate is 0.0.
eval win rate is 0.0.
[v3 step=1580] R_mean=0.0851 | G_n_mean=1.4080 (n=5) | q_tot_pred_mean=1.3632 | drbfn_loss=0.0014, qi_loss=0.0030, qtot_loss=0.2240

 Map MMM2 Algo r_drbfn_v3 Exp v3_MMM2_5M_beta0 updates 1580/3125 episodes, total num timesteps 2529600/5000000, FPS 66.

incre win rate is 0.0.

 Map MMM2 Algo r_drbfn_v3 Exp v3_MMM2_5M_beta0 updates 1585/3125 episodes, total num timesteps 2537600/5000000, FPS 66.

incre win rate is 0.0.
[v3 step=1590] R_mean=0.0822 | G_n_mean=1.3704 (n=5) | q_tot_pred_mean=1.3482 | drbfn_loss=0.0015, qi_loss=0.0027, qtot_loss=0.0949

 Map MMM2 Algo r_drbfn_v3 Exp v3_MMM2_5M_beta0 updates 1590/3125 episodes, total num timesteps 2545600/5000000, FPS 66.

incre win rate is 0.013513513513513514.

 Map MMM2 Algo r_drbfn_v3 Exp v3_MMM2_5M_beta0 updates 1595/3125 episodes, total num timesteps 2553600/5000000, FPS 66.

incre win rate is 0.0.
[v3 step=1600] R_mean=0.0916 | G_n_mean=1.5468 (n=5) | q_tot_pred_mean=1.5129 | drbfn_loss=0.0019, qi_loss=0.0032, qtot_loss=0.1269

 Map MMM2 Algo r_drbfn_v3 Exp v3_MMM2_5M_beta0 updates 1600/3125 episodes, total num timesteps 2561600/5000000, FPS 66.

incre win rate is 0.0.
eval win rate is 0.0.

 Map MMM2 Algo r_drbfn_v3 Exp v3_MMM2_5M_beta0 updates 1605/3125 episodes, total num timesteps 2569600/5000000, FPS 66.

incre win rate is 0.0.
[v3 step=1610] R_mean=0.0933 | G_n_mean=1.5182 (n=5) | q_tot_pred_mean=1.5116 | drbfn_loss=0.0014, qi_loss=0.0032, qtot_loss=0.1161

 Map MMM2 Algo r_drbfn_v3 Exp v3_MMM2_5M_beta0 updates 1610/3125 episodes, total num timesteps 2577600/5000000, FPS 66.

incre win rate is 0.0.

 Map MMM2 Algo r_drbfn_v3 Exp v3_MMM2_5M_beta0 updates 1615/3125 episodes, total num timesteps 2585600/5000000, FPS 66.

incre win rate is 0.0.
[v3 step=1620] R_mean=0.0967 | G_n_mean=1.6001 (n=5) | q_tot_pred_mean=1.6133 | drbfn_loss=0.0016, qi_loss=0.0030, qtot_loss=0.0846

 Map MMM2 Algo r_drbfn_v3 Exp v3_MMM2_5M_beta0 updates 1620/3125 episodes, total num timesteps 2593600/5000000, FPS 66.

incre win rate is 0.0.

 Map MMM2 Algo r_drbfn_v3 Exp v3_MMM2_5M_beta0 updates 1625/3125 episodes, total num timesteps 2601600/5000000, FPS 66.

incre win rate is 0.0.
eval win rate is 0.0.
[v3 step=1630] R_mean=0.0568 | G_n_mean=1.0950 (n=5) | q_tot_pred_mean=1.0748 | drbfn_loss=0.0017, qi_loss=0.0021, qtot_loss=0.0611

 Map MMM2 Algo r_drbfn_v3 Exp v3_MMM2_5M_beta0 updates 1630/3125 episodes, total num timesteps 2609600/5000000, FPS 66.

incre win rate is 0.0.

 Map MMM2 Algo r_drbfn_v3 Exp v3_MMM2_5M_beta0 updates 1635/3125 episodes, total num timesteps 2617600/5000000, FPS 66.

incre win rate is 0.0.
[v3 step=1640] R_mean=0.0628 | G_n_mean=1.1062 (n=5) | q_tot_pred_mean=1.0769 | drbfn_loss=0.0015, qi_loss=0.0023, qtot_loss=0.1622

 Map MMM2 Algo r_drbfn_v3 Exp v3_MMM2_5M_beta0 updates 1640/3125 episodes, total num timesteps 2625600/5000000, FPS 66.

incre win rate is 0.0.

 Map MMM2 Algo r_drbfn_v3 Exp v3_MMM2_5M_beta0 updates 1645/3125 episodes, total num timesteps 2633600/5000000, FPS 66.

incre win rate is 0.0.
[v3 step=1650] R_mean=0.0866 | G_n_mean=1.4463 (n=5) | q_tot_pred_mean=1.4535 | drbfn_loss=0.0015, qi_loss=0.0030, qtot_loss=0.2762

 Map MMM2 Algo r_drbfn_v3 Exp v3_MMM2_5M_beta0 updates 1650/3125 episodes, total num timesteps 2641600/5000000, FPS 66.

incre win rate is 0.0.
eval win rate is 0.0.

 Map MMM2 Algo r_drbfn_v3 Exp v3_MMM2_5M_beta0 updates 1655/3125 episodes, total num timesteps 2649600/5000000, FPS 66.

incre win rate is 0.0.
[v3 step=1660] R_mean=0.0865 | G_n_mean=1.4257 (n=5) | q_tot_pred_mean=1.4559 | drbfn_loss=0.0014, qi_loss=0.0030, qtot_loss=0.1215

 Map MMM2 Algo r_drbfn_v3 Exp v3_MMM2_5M_beta0 updates 1660/3125 episodes, total num timesteps 2657600/5000000, FPS 66.

incre win rate is 0.0.

 Map MMM2 Algo r_drbfn_v3 Exp v3_MMM2_5M_beta0 updates 1665/3125 episodes, total num timesteps 2665600/5000000, FPS 66.

incre win rate is 0.0.
[v3 step=1670] R_mean=0.1042 | G_n_mean=1.6870 (n=5) | q_tot_pred_mean=1.6286 | drbfn_loss=0.0015, qi_loss=0.0032, qtot_loss=0.1138

 Map MMM2 Algo r_drbfn_v3 Exp v3_MMM2_5M_beta0 updates 1670/3125 episodes, total num timesteps 2673600/5000000, FPS 66.

incre win rate is 0.0.

 Map MMM2 Algo r_drbfn_v3 Exp v3_MMM2_5M_beta0 updates 1675/3125 episodes, total num timesteps 2681600/5000000, FPS 66.

incre win rate is 0.0.
eval win rate is 0.0.
[v3 step=1680] R_mean=0.0619 | G_n_mean=1.1361 (n=5) | q_tot_pred_mean=1.1056 | drbfn_loss=0.0015, qi_loss=0.0023, qtot_loss=0.0696

 Map MMM2 Algo r_drbfn_v3 Exp v3_MMM2_5M_beta0 updates 1680/3125 episodes, total num timesteps 2689600/5000000, FPS 66.

incre win rate is 0.0.

 Map MMM2 Algo r_drbfn_v3 Exp v3_MMM2_5M_beta0 updates 1685/3125 episodes, total num timesteps 2697600/5000000, FPS 66.

incre win rate is 0.0.
[v3 step=1690] R_mean=0.0886 | G_n_mean=1.5182 (n=5) | q_tot_pred_mean=1.5355 | drbfn_loss=0.0016, qi_loss=0.0029, qtot_loss=0.1404

 Map MMM2 Algo r_drbfn_v3 Exp v3_MMM2_5M_beta0 updates 1690/3125 episodes, total num timesteps 2705600/5000000, FPS 66.

incre win rate is 0.0.

 Map MMM2 Algo r_drbfn_v3 Exp v3_MMM2_5M_beta0 updates 1695/3125 episodes, total num timesteps 2713600/5000000, FPS 66.

incre win rate is 0.0.
[v3 step=1700] R_mean=0.0759 | G_n_mean=1.2891 (n=5) | q_tot_pred_mean=1.2831 | drbfn_loss=0.0016, qi_loss=0.0025, qtot_loss=0.0749

 Map MMM2 Algo r_drbfn_v3 Exp v3_MMM2_5M_beta0 updates 1700/3125 episodes, total num timesteps 2721600/5000000, FPS 66.

incre win rate is 0.0.
eval win rate is 0.0.

 Map MMM2 Algo r_drbfn_v3 Exp v3_MMM2_5M_beta0 updates 1705/3125 episodes, total num timesteps 2729600/5000000, FPS 66.

incre win rate is 0.0.
[v3 step=1710] R_mean=0.0593 | G_n_mean=1.1609 (n=5) | q_tot_pred_mean=1.1636 | drbfn_loss=0.0014, qi_loss=0.0022, qtot_loss=0.0765

 Map MMM2 Algo r_drbfn_v3 Exp v3_MMM2_5M_beta0 updates 1710/3125 episodes, total num timesteps 2737600/5000000, FPS 66.

incre win rate is 0.0.

 Map MMM2 Algo r_drbfn_v3 Exp v3_MMM2_5M_beta0 updates 1715/3125 episodes, total num timesteps 2745600/5000000, FPS 66.

incre win rate is 0.0.
[v3 step=1720] R_mean=0.0846 | G_n_mean=1.4652 (n=5) | q_tot_pred_mean=1.4488 | drbfn_loss=0.0016, qi_loss=0.0028, qtot_loss=0.2509

 Map MMM2 Algo r_drbfn_v3 Exp v3_MMM2_5M_beta0 updates 1720/3125 episodes, total num timesteps 2753600/5000000, FPS 66.

incre win rate is 0.0.

 Map MMM2 Algo r_drbfn_v3 Exp v3_MMM2_5M_beta0 updates 1725/3125 episodes, total num timesteps 2761600/5000000, FPS 66.

incre win rate is 0.0.
eval win rate is 0.0.
[v3 step=1730] R_mean=0.0870 | G_n_mean=1.4912 (n=5) | q_tot_pred_mean=1.5518 | drbfn_loss=0.0016, qi_loss=0.0026, qtot_loss=0.1786

 Map MMM2 Algo r_drbfn_v3 Exp v3_MMM2_5M_beta0 updates 1730/3125 episodes, total num timesteps 2769600/5000000, FPS 66.

incre win rate is 0.0.

 Map MMM2 Algo r_drbfn_v3 Exp v3_MMM2_5M_beta0 updates 1735/3125 episodes, total num timesteps 2777600/5000000, FPS 66.

incre win rate is 0.0.
[v3 step=1740] R_mean=0.0876 | G_n_mean=1.4449 (n=5) | q_tot_pred_mean=1.4419 | drbfn_loss=0.0015, qi_loss=0.0031, qtot_loss=0.2107

 Map MMM2 Algo r_drbfn_v3 Exp v3_MMM2_5M_beta0 updates 1740/3125 episodes, total num timesteps 2785600/5000000, FPS 66.

incre win rate is 0.0.

 Map MMM2 Algo r_drbfn_v3 Exp v3_MMM2_5M_beta0 updates 1745/3125 episodes, total num timesteps 2793600/5000000, FPS 66.

incre win rate is 0.0.
[v3 step=1750] R_mean=0.1191 | G_n_mean=1.9301 (n=5) | q_tot_pred_mean=1.8737 | drbfn_loss=0.0014, qi_loss=0.0040, qtot_loss=0.2262

 Map MMM2 Algo r_drbfn_v3 Exp v3_MMM2_5M_beta0 updates 1750/3125 episodes, total num timesteps 2801600/5000000, FPS 66.

incre win rate is 0.0.
eval win rate is 0.03125.

 Map MMM2 Algo r_drbfn_v3 Exp v3_MMM2_5M_beta0 updates 1755/3125 episodes, total num timesteps 2809600/5000000, FPS 66.

incre win rate is 0.0.
[v3 step=1760] R_mean=0.0887 | G_n_mean=1.5319 (n=5) | q_tot_pred_mean=1.5667 | drbfn_loss=0.0016, qi_loss=0.0032, qtot_loss=0.1737

 Map MMM2 Algo r_drbfn_v3 Exp v3_MMM2_5M_beta0 updates 1760/3125 episodes, total num timesteps 2817600/5000000, FPS 66.

incre win rate is 0.0.

 Map MMM2 Algo r_drbfn_v3 Exp v3_MMM2_5M_beta0 updates 1765/3125 episodes, total num timesteps 2825600/5000000, FPS 66.

incre win rate is 0.0.
[v3 step=1770] R_mean=0.0911 | G_n_mean=1.5308 (n=5) | q_tot_pred_mean=1.4676 | drbfn_loss=0.0014, qi_loss=0.0031, qtot_loss=0.1435

 Map MMM2 Algo r_drbfn_v3 Exp v3_MMM2_5M_beta0 updates 1770/3125 episodes, total num timesteps 2833600/5000000, FPS 66.

incre win rate is 0.0.

 Map MMM2 Algo r_drbfn_v3 Exp v3_MMM2_5M_beta0 updates 1775/3125 episodes, total num timesteps 2841600/5000000, FPS 66.

incre win rate is 0.0.
eval win rate is 0.0.
[v3 step=1780] R_mean=0.0759 | G_n_mean=1.3639 (n=5) | q_tot_pred_mean=1.3395 | drbfn_loss=0.0015, qi_loss=0.0024, qtot_loss=0.1140

 Map MMM2 Algo r_drbfn_v3 Exp v3_MMM2_5M_beta0 updates 1780/3125 episodes, total num timesteps 2849600/5000000, FPS 66.

incre win rate is 0.0.

 Map MMM2 Algo r_drbfn_v3 Exp v3_MMM2_5M_beta0 updates 1785/3125 episodes, total num timesteps 2857600/5000000, FPS 66.

incre win rate is 0.0.
[v3 step=1790] R_mean=0.0840 | G_n_mean=1.5062 (n=5) | q_tot_pred_mean=1.5076 | drbfn_loss=0.0016, qi_loss=0.0034, qtot_loss=0.1232

 Map MMM2 Algo r_drbfn_v3 Exp v3_MMM2_5M_beta0 updates 1790/3125 episodes, total num timesteps 2865600/5000000, FPS 66.

incre win rate is 0.0.

 Map MMM2 Algo r_drbfn_v3 Exp v3_MMM2_5M_beta0 updates 1795/3125 episodes, total num timesteps 2873600/5000000, FPS 66.

incre win rate is 0.0.
[v3 step=1800] R_mean=0.0803 | G_n_mean=1.4449 (n=5) | q_tot_pred_mean=1.4679 | drbfn_loss=0.0016, qi_loss=0.0032, qtot_loss=0.2614

 Map MMM2 Algo r_drbfn_v3 Exp v3_MMM2_5M_beta0 updates 1800/3125 episodes, total num timesteps 2881600/5000000, FPS 66.

incre win rate is 0.0.
eval win rate is 0.0.

 Map MMM2 Algo r_drbfn_v3 Exp v3_MMM2_5M_beta0 updates 1805/3125 episodes, total num timesteps 2889600/5000000, FPS 66.

incre win rate is 0.0.
[v3 step=1810] R_mean=0.0986 | G_n_mean=1.7235 (n=5) | q_tot_pred_mean=1.7772 | drbfn_loss=0.0018, qi_loss=0.0036, qtot_loss=0.1985

 Map MMM2 Algo r_drbfn_v3 Exp v3_MMM2_5M_beta0 updates 1810/3125 episodes, total num timesteps 2897600/5000000, FPS 66.

incre win rate is 0.0.

 Map MMM2 Algo r_drbfn_v3 Exp v3_MMM2_5M_beta0 updates 1815/3125 episodes, total num timesteps 2905600/5000000, FPS 66.

incre win rate is 0.0.
[v3 step=1820] R_mean=0.0717 | G_n_mean=1.3237 (n=5) | q_tot_pred_mean=1.2580 | drbfn_loss=0.0016, qi_loss=0.0026, qtot_loss=0.1231

 Map MMM2 Algo r_drbfn_v3 Exp v3_MMM2_5M_beta0 updates 1820/3125 episodes, total num timesteps 2913600/5000000, FPS 66.

incre win rate is 0.0.

 Map MMM2 Algo r_drbfn_v3 Exp v3_MMM2_5M_beta0 updates 1825/3125 episodes, total num timesteps 2921600/5000000, FPS 66.

incre win rate is 0.0.
eval win rate is 0.0.
[v3 step=1830] R_mean=0.0931 | G_n_mean=1.5727 (n=5) | q_tot_pred_mean=1.5895 | drbfn_loss=0.0013, qi_loss=0.0029, qtot_loss=0.1010

 Map MMM2 Algo r_drbfn_v3 Exp v3_MMM2_5M_beta0 updates 1830/3125 episodes, total num timesteps 2929600/5000000, FPS 66.

incre win rate is 0.0.

 Map MMM2 Algo r_drbfn_v3 Exp v3_MMM2_5M_beta0 updates 1835/3125 episodes, total num timesteps 2937600/5000000, FPS 66.

incre win rate is 0.0.
[v3 step=1840] R_mean=0.0677 | G_n_mean=1.2976 (n=5) | q_tot_pred_mean=1.3322 | drbfn_loss=0.0014, qi_loss=0.0030, qtot_loss=0.2753

 Map MMM2 Algo r_drbfn_v3 Exp v3_MMM2_5M_beta0 updates 1840/3125 episodes, total num timesteps 2945600/5000000, FPS 66.

incre win rate is 0.0.

 Map MMM2 Algo r_drbfn_v3 Exp v3_MMM2_5M_beta0 updates 1845/3125 episodes, total num timesteps 2953600/5000000, FPS 66.

incre win rate is 0.0.
[v3 step=1850] R_mean=0.0589 | G_n_mean=1.1401 (n=5) | q_tot_pred_mean=1.2024 | drbfn_loss=0.0015, qi_loss=0.0019, qtot_loss=0.1280

 Map MMM2 Algo r_drbfn_v3 Exp v3_MMM2_5M_beta0 updates 1850/3125 episodes, total num timesteps 2961600/5000000, FPS 66.

incre win rate is 0.0.
eval win rate is 0.0.

 Map MMM2 Algo r_drbfn_v3 Exp v3_MMM2_5M_beta0 updates 1855/3125 episodes, total num timesteps 2969600/5000000, FPS 66.

incre win rate is 0.0.
[v3 step=1860] R_mean=0.0744 | G_n_mean=1.3434 (n=5) | q_tot_pred_mean=1.3568 | drbfn_loss=0.0016, qi_loss=0.0023, qtot_loss=0.1917

 Map MMM2 Algo r_drbfn_v3 Exp v3_MMM2_5M_beta0 updates 1860/3125 episodes, total num timesteps 2977600/5000000, FPS 66.

incre win rate is 0.0.

 Map MMM2 Algo r_drbfn_v3 Exp v3_MMM2_5M_beta0 updates 1865/3125 episodes, total num timesteps 2985600/5000000, FPS 66.

incre win rate is 0.0.
[v3 step=1870] R_mean=0.0693 | G_n_mean=1.2705 (n=5) | q_tot_pred_mean=1.2432 | drbfn_loss=0.0013, qi_loss=0.0022, qtot_loss=0.1200

 Map MMM2 Algo r_drbfn_v3 Exp v3_MMM2_5M_beta0 updates 1870/3125 episodes, total num timesteps 2993600/5000000, FPS 66.

incre win rate is 0.0.

 Map MMM2 Algo r_drbfn_v3 Exp v3_MMM2_5M_beta0 updates 1875/3125 episodes, total num timesteps 3001600/5000000, FPS 66.

incre win rate is 0.0.
eval win rate is 0.0.
[v3 step=1880] R_mean=0.0790 | G_n_mean=1.4016 (n=5) | q_tot_pred_mean=1.3809 | drbfn_loss=0.0014, qi_loss=0.0024, qtot_loss=0.1110

 Map MMM2 Algo r_drbfn_v3 Exp v3_MMM2_5M_beta0 updates 1880/3125 episodes, total num timesteps 3009600/5000000, FPS 66.

incre win rate is 0.0.

 Map MMM2 Algo r_drbfn_v3 Exp v3_MMM2_5M_beta0 updates 1885/3125 episodes, total num timesteps 3017600/5000000, FPS 66.

incre win rate is 0.0.
[v3 step=1890] R_mean=0.0937 | G_n_mean=1.5902 (n=5) | q_tot_pred_mean=1.6107 | drbfn_loss=0.0015, qi_loss=0.0030, qtot_loss=0.0942

 Map MMM2 Algo r_drbfn_v3 Exp v3_MMM2_5M_beta0 updates 1890/3125 episodes, total num timesteps 3025600/5000000, FPS 66.

incre win rate is 0.0.

 Map MMM2 Algo r_drbfn_v3 Exp v3_MMM2_5M_beta0 updates 1895/3125 episodes, total num timesteps 3033600/5000000, FPS 66.

incre win rate is 0.0.
[v3 step=1900] R_mean=0.0776 | G_n_mean=1.4137 (n=5) | q_tot_pred_mean=1.4406 | drbfn_loss=0.0015, qi_loss=0.0033, qtot_loss=0.2048

 Map MMM2 Algo r_drbfn_v3 Exp v3_MMM2_5M_beta0 updates 1900/3125 episodes, total num timesteps 3041600/5000000, FPS 66.

incre win rate is 0.0.
eval win rate is 0.0.

 Map MMM2 Algo r_drbfn_v3 Exp v3_MMM2_5M_beta0 updates 1905/3125 episodes, total num timesteps 3049600/5000000, FPS 66.

incre win rate is 0.0.
[v3 step=1910] R_mean=0.0964 | G_n_mean=1.6488 (n=5) | q_tot_pred_mean=1.6387 | drbfn_loss=0.0017, qi_loss=0.0035, qtot_loss=0.2824

 Map MMM2 Algo r_drbfn_v3 Exp v3_MMM2_5M_beta0 updates 1910/3125 episodes, total num timesteps 3057600/5000000, FPS 66.

incre win rate is 0.0.

 Map MMM2 Algo r_drbfn_v3 Exp v3_MMM2_5M_beta0 updates 1915/3125 episodes, total num timesteps 3065600/5000000, FPS 66.

incre win rate is 0.0.
[v3 step=1920] R_mean=0.0823 | G_n_mean=1.4217 (n=5) | q_tot_pred_mean=1.4273 | drbfn_loss=0.0014, qi_loss=0.0027, qtot_loss=0.0853

 Map MMM2 Algo r_drbfn_v3 Exp v3_MMM2_5M_beta0 updates 1920/3125 episodes, total num timesteps 3073600/5000000, FPS 66.

incre win rate is 0.0.

 Map MMM2 Algo r_drbfn_v3 Exp v3_MMM2_5M_beta0 updates 1925/3125 episodes, total num timesteps 3081600/5000000, FPS 66.

incre win rate is 0.0.
eval win rate is 0.0.
[v3 step=1930] R_mean=0.0731 | G_n_mean=1.3177 (n=5) | q_tot_pred_mean=1.2731 | drbfn_loss=0.0014, qi_loss=0.0024, qtot_loss=0.0975

 Map MMM2 Algo r_drbfn_v3 Exp v3_MMM2_5M_beta0 updates 1930/3125 episodes, total num timesteps 3089600/5000000, FPS 66.

incre win rate is 0.0.

 Map MMM2 Algo r_drbfn_v3 Exp v3_MMM2_5M_beta0 updates 1935/3125 episodes, total num timesteps 3097600/5000000, FPS 66.

incre win rate is 0.0.
[v3 step=1940] R_mean=0.0857 | G_n_mean=1.5178 (n=5) | q_tot_pred_mean=1.5411 | drbfn_loss=0.0020, qi_loss=0.0032, qtot_loss=0.2101

 Map MMM2 Algo r_drbfn_v3 Exp v3_MMM2_5M_beta0 updates 1940/3125 episodes, total num timesteps 3105600/5000000, FPS 66.

incre win rate is 0.0.

 Map MMM2 Algo r_drbfn_v3 Exp v3_MMM2_5M_beta0 updates 1945/3125 episodes, total num timesteps 3113600/5000000, FPS 66.

incre win rate is 0.0.
[v3 step=1950] R_mean=0.1005 | G_n_mean=1.7396 (n=5) | q_tot_pred_mean=1.6816 | drbfn_loss=0.0017, qi_loss=0.0036, qtot_loss=0.1773

 Map MMM2 Algo r_drbfn_v3 Exp v3_MMM2_5M_beta0 updates 1950/3125 episodes, total num timesteps 3121600/5000000, FPS 66.

incre win rate is 0.0.
eval win rate is 0.0.

 Map MMM2 Algo r_drbfn_v3 Exp v3_MMM2_5M_beta0 updates 1955/3125 episodes, total num timesteps 3129600/5000000, FPS 66.

incre win rate is 0.0.
[v3 step=1960] R_mean=0.0645 | G_n_mean=1.1902 (n=5) | q_tot_pred_mean=1.1800 | drbfn_loss=0.0014, qi_loss=0.0021, qtot_loss=0.0643

 Map MMM2 Algo r_drbfn_v3 Exp v3_MMM2_5M_beta0 updates 1960/3125 episodes, total num timesteps 3137600/5000000, FPS 66.

incre win rate is 0.0.

 Map MMM2 Algo r_drbfn_v3 Exp v3_MMM2_5M_beta0 updates 1965/3125 episodes, total num timesteps 3145600/5000000, FPS 66.

incre win rate is 0.0.
[v3 step=1970] R_mean=0.0716 | G_n_mean=1.2989 (n=5) | q_tot_pred_mean=1.3294 | drbfn_loss=0.0016, qi_loss=0.0027, qtot_loss=0.3557

 Map MMM2 Algo r_drbfn_v3 Exp v3_MMM2_5M_beta0 updates 1970/3125 episodes, total num timesteps 3153600/5000000, FPS 66.

incre win rate is 0.0.

 Map MMM2 Algo r_drbfn_v3 Exp v3_MMM2_5M_beta0 updates 1975/3125 episodes, total num timesteps 3161600/5000000, FPS 66.

incre win rate is 0.0.
eval win rate is 0.0.
[v3 step=1980] R_mean=0.0743 | G_n_mean=1.3339 (n=5) | q_tot_pred_mean=1.3542 | drbfn_loss=0.0014, qi_loss=0.0026, qtot_loss=0.0836

 Map MMM2 Algo r_drbfn_v3 Exp v3_MMM2_5M_beta0 updates 1980/3125 episodes, total num timesteps 3169600/5000000, FPS 66.

incre win rate is 0.0.

 Map MMM2 Algo r_drbfn_v3 Exp v3_MMM2_5M_beta0 updates 1985/3125 episodes, total num timesteps 3177600/5000000, FPS 66.

incre win rate is 0.0.
[v3 step=1990] R_mean=0.0640 | G_n_mean=1.1621 (n=5) | q_tot_pred_mean=1.1485 | drbfn_loss=0.0014, qi_loss=0.0021, qtot_loss=0.0710

 Map MMM2 Algo r_drbfn_v3 Exp v3_MMM2_5M_beta0 updates 1990/3125 episodes, total num timesteps 3185600/5000000, FPS 66.

incre win rate is 0.0.

 Map MMM2 Algo r_drbfn_v3 Exp v3_MMM2_5M_beta0 updates 1995/3125 episodes, total num timesteps 3193600/5000000, FPS 66.

incre win rate is 0.0.
[v3 step=2000] R_mean=0.1117 | G_n_mean=1.8556 (n=5) | q_tot_pred_mean=1.8720 | drbfn_loss=0.0016, qi_loss=0.0038, qtot_loss=0.1222

 Map MMM2 Algo r_drbfn_v3 Exp v3_MMM2_5M_beta0 updates 2000/3125 episodes, total num timesteps 3201600/5000000, FPS 66.

incre win rate is 0.0.
eval win rate is 0.0.

 Map MMM2 Algo r_drbfn_v3 Exp v3_MMM2_5M_beta0 updates 2005/3125 episodes, total num timesteps 3209600/5000000, FPS 66.

incre win rate is 0.0.
[v3 step=2010] R_mean=0.0747 | G_n_mean=1.3787 (n=5) | q_tot_pred_mean=1.3705 | drbfn_loss=0.0013, qi_loss=0.0023, qtot_loss=0.0686

 Map MMM2 Algo r_drbfn_v3 Exp v3_MMM2_5M_beta0 updates 2010/3125 episodes, total num timesteps 3217600/5000000, FPS 66.

incre win rate is 0.0.

 Map MMM2 Algo r_drbfn_v3 Exp v3_MMM2_5M_beta0 updates 2015/3125 episodes, total num timesteps 3225600/5000000, FPS 66.

incre win rate is 0.0.
[v3 step=2020] R_mean=0.0655 | G_n_mean=1.2200 (n=5) | q_tot_pred_mean=1.1653 | drbfn_loss=0.0014, qi_loss=0.0023, qtot_loss=0.0900

 Map MMM2 Algo r_drbfn_v3 Exp v3_MMM2_5M_beta0 updates 2020/3125 episodes, total num timesteps 3233600/5000000, FPS 66.

incre win rate is 0.0.

 Map MMM2 Algo r_drbfn_v3 Exp v3_MMM2_5M_beta0 updates 2025/3125 episodes, total num timesteps 3241600/5000000, FPS 66.

incre win rate is 0.0.
eval win rate is 0.0.
[v3 step=2030] R_mean=0.0872 | G_n_mean=1.5162 (n=5) | q_tot_pred_mean=1.5140 | drbfn_loss=0.0017, qi_loss=0.0029, qtot_loss=0.0734

 Map MMM2 Algo r_drbfn_v3 Exp v3_MMM2_5M_beta0 updates 2030/3125 episodes, total num timesteps 3249600/5000000, FPS 66.

incre win rate is 0.0.

 Map MMM2 Algo r_drbfn_v3 Exp v3_MMM2_5M_beta0 updates 2035/3125 episodes, total num timesteps 3257600/5000000, FPS 66.

incre win rate is 0.0.
[v3 step=2040] R_mean=0.0743 | G_n_mean=1.3479 (n=5) | q_tot_pred_mean=1.4047 | drbfn_loss=0.0014, qi_loss=0.0025, qtot_loss=0.0967

 Map MMM2 Algo r_drbfn_v3 Exp v3_MMM2_5M_beta0 updates 2040/3125 episodes, total num timesteps 3265600/5000000, FPS 66.

incre win rate is 0.014492753623188406.

 Map MMM2 Algo r_drbfn_v3 Exp v3_MMM2_5M_beta0 updates 2045/3125 episodes, total num timesteps 3273600/5000000, FPS 66.

incre win rate is 0.0.
[v3 step=2050] R_mean=0.0789 | G_n_mean=1.3875 (n=5) | q_tot_pred_mean=1.3551 | drbfn_loss=0.0014, qi_loss=0.0025, qtot_loss=0.1235

 Map MMM2 Algo r_drbfn_v3 Exp v3_MMM2_5M_beta0 updates 2050/3125 episodes, total num timesteps 3281600/5000000, FPS 66.

incre win rate is 0.011904761904761904.
eval win rate is 0.0.

 Map MMM2 Algo r_drbfn_v3 Exp v3_MMM2_5M_beta0 updates 2055/3125 episodes, total num timesteps 3289600/5000000, FPS 66.

incre win rate is 0.01282051282051282.
[v3 step=2060] R_mean=0.1085 | G_n_mean=1.8061 (n=5) | q_tot_pred_mean=1.7475 | drbfn_loss=0.0014, qi_loss=0.0041, qtot_loss=0.1130

 Map MMM2 Algo r_drbfn_v3 Exp v3_MMM2_5M_beta0 updates 2060/3125 episodes, total num timesteps 3297600/5000000, FPS 66.

incre win rate is 0.0.

 Map MMM2 Algo r_drbfn_v3 Exp v3_MMM2_5M_beta0 updates 2065/3125 episodes, total num timesteps 3305600/5000000, FPS 66.

incre win rate is 0.0.
[v3 step=2070] R_mean=0.0866 | G_n_mean=1.5376 (n=5) | q_tot_pred_mean=1.5593 | drbfn_loss=0.0018, qi_loss=0.0032, qtot_loss=0.3509

 Map MMM2 Algo r_drbfn_v3 Exp v3_MMM2_5M_beta0 updates 2070/3125 episodes, total num timesteps 3313600/5000000, FPS 66.

incre win rate is 0.0.

 Map MMM2 Algo r_drbfn_v3 Exp v3_MMM2_5M_beta0 updates 2075/3125 episodes, total num timesteps 3321600/5000000, FPS 66.

incre win rate is 0.0.
eval win rate is 0.0.
[v3 step=2080] R_mean=0.0781 | G_n_mean=1.4272 (n=5) | q_tot_pred_mean=1.4446 | drbfn_loss=0.0014, qi_loss=0.0028, qtot_loss=0.2631

 Map MMM2 Algo r_drbfn_v3 Exp v3_MMM2_5M_beta0 updates 2080/3125 episodes, total num timesteps 3329600/5000000, FPS 66.

incre win rate is 0.0.

 Map MMM2 Algo r_drbfn_v3 Exp v3_MMM2_5M_beta0 updates 2085/3125 episodes, total num timesteps 3337600/5000000, FPS 66.

incre win rate is 0.0.
[v3 step=2090] R_mean=0.0715 | G_n_mean=1.3113 (n=5) | q_tot_pred_mean=1.2928 | drbfn_loss=0.0014, qi_loss=0.0022, qtot_loss=0.1960

 Map MMM2 Algo r_drbfn_v3 Exp v3_MMM2_5M_beta0 updates 2090/3125 episodes, total num timesteps 3345600/5000000, FPS 66.

incre win rate is 0.0.

 Map MMM2 Algo r_drbfn_v3 Exp v3_MMM2_5M_beta0 updates 2095/3125 episodes, total num timesteps 3353600/5000000, FPS 66.

incre win rate is 0.0.
[v3 step=2100] R_mean=0.0688 | G_n_mean=1.2707 (n=5) | q_tot_pred_mean=1.2431 | drbfn_loss=0.0014, qi_loss=0.0020, qtot_loss=0.0730

 Map MMM2 Algo r_drbfn_v3 Exp v3_MMM2_5M_beta0 updates 2100/3125 episodes, total num timesteps 3361600/5000000, FPS 66.

incre win rate is 0.0.
eval win rate is 0.0.

 Map MMM2 Algo r_drbfn_v3 Exp v3_MMM2_5M_beta0 updates 2105/3125 episodes, total num timesteps 3369600/5000000, FPS 66.

incre win rate is 0.0.
[v3 step=2110] R_mean=0.0835 | G_n_mean=1.5413 (n=5) | q_tot_pred_mean=1.5291 | drbfn_loss=0.0015, qi_loss=0.0029, qtot_loss=0.1058

 Map MMM2 Algo r_drbfn_v3 Exp v3_MMM2_5M_beta0 updates 2110/3125 episodes, total num timesteps 3377600/5000000, FPS 66.

incre win rate is 0.0.

 Map MMM2 Algo r_drbfn_v3 Exp v3_MMM2_5M_beta0 updates 2115/3125 episodes, total num timesteps 3385600/5000000, FPS 66.

incre win rate is 0.0.
[v3 step=2120] R_mean=0.0929 | G_n_mean=1.6100 (n=5) | q_tot_pred_mean=1.6140 | drbfn_loss=0.0013, qi_loss=0.0032, qtot_loss=0.0951

 Map MMM2 Algo r_drbfn_v3 Exp v3_MMM2_5M_beta0 updates 2120/3125 episodes, total num timesteps 3393600/5000000, FPS 66.

incre win rate is 0.0.

 Map MMM2 Algo r_drbfn_v3 Exp v3_MMM2_5M_beta0 updates 2125/3125 episodes, total num timesteps 3401600/5000000, FPS 66.

incre win rate is 0.0.
eval win rate is 0.03125.
[v3 step=2130] R_mean=0.0854 | G_n_mean=1.4932 (n=5) | q_tot_pred_mean=1.4629 | drbfn_loss=0.0017, qi_loss=0.0030, qtot_loss=0.0918

 Map MMM2 Algo r_drbfn_v3 Exp v3_MMM2_5M_beta0 updates 2130/3125 episodes, total num timesteps 3409600/5000000, FPS 66.

incre win rate is 0.0.

 Map MMM2 Algo r_drbfn_v3 Exp v3_MMM2_5M_beta0 updates 2135/3125 episodes, total num timesteps 3417600/5000000, FPS 66.

incre win rate is 0.0.
[v3 step=2140] R_mean=0.0896 | G_n_mean=1.5960 (n=5) | q_tot_pred_mean=1.5847 | drbfn_loss=0.0015, qi_loss=0.0026, qtot_loss=0.0988

 Map MMM2 Algo r_drbfn_v3 Exp v3_MMM2_5M_beta0 updates 2140/3125 episodes, total num timesteps 3425600/5000000, FPS 66.

incre win rate is 0.0.

 Map MMM2 Algo r_drbfn_v3 Exp v3_MMM2_5M_beta0 updates 2145/3125 episodes, total num timesteps 3433600/5000000, FPS 66.

incre win rate is 0.0.
[v3 step=2150] R_mean=0.0942 | G_n_mean=1.6711 (n=5) | q_tot_pred_mean=1.6630 | drbfn_loss=0.0017, qi_loss=0.0031, qtot_loss=0.1074

 Map MMM2 Algo r_drbfn_v3 Exp v3_MMM2_5M_beta0 updates 2150/3125 episodes, total num timesteps 3441600/5000000, FPS 66.

incre win rate is 0.0.
eval win rate is 0.0.

 Map MMM2 Algo r_drbfn_v3 Exp v3_MMM2_5M_beta0 updates 2155/3125 episodes, total num timesteps 3449600/5000000, FPS 66.

incre win rate is 0.0.
[v3 step=2160] R_mean=0.0902 | G_n_mean=1.5997 (n=5) | q_tot_pred_mean=1.6030 | drbfn_loss=0.0015, qi_loss=0.0031, qtot_loss=0.0919

 Map MMM2 Algo r_drbfn_v3 Exp v3_MMM2_5M_beta0 updates 2160/3125 episodes, total num timesteps 3457600/5000000, FPS 66.

incre win rate is 0.0.

 Map MMM2 Algo r_drbfn_v3 Exp v3_MMM2_5M_beta0 updates 2165/3125 episodes, total num timesteps 3465600/5000000, FPS 66.

incre win rate is 0.0.
[v3 step=2170] R_mean=0.0569 | G_n_mean=1.1640 (n=5) | q_tot_pred_mean=1.1552 | drbfn_loss=0.0015, qi_loss=0.0020, qtot_loss=0.0723

 Map MMM2 Algo r_drbfn_v3 Exp v3_MMM2_5M_beta0 updates 2170/3125 episodes, total num timesteps 3473600/5000000, FPS 66.

incre win rate is 0.0.

 Map MMM2 Algo r_drbfn_v3 Exp v3_MMM2_5M_beta0 updates 2175/3125 episodes, total num timesteps 3481600/5000000, FPS 66.

incre win rate is 0.0.
eval win rate is 0.0.
[v3 step=2180] R_mean=0.1072 | G_n_mean=1.8257 (n=5) | q_tot_pred_mean=1.8567 | drbfn_loss=0.0013, qi_loss=0.0038, qtot_loss=0.2244

 Map MMM2 Algo r_drbfn_v3 Exp v3_MMM2_5M_beta0 updates 2180/3125 episodes, total num timesteps 3489600/5000000, FPS 66.

incre win rate is 0.0.

 Map MMM2 Algo r_drbfn_v3 Exp v3_MMM2_5M_beta0 updates 2185/3125 episodes, total num timesteps 3497600/5000000, FPS 66.

incre win rate is 0.0.
[v3 step=2190] R_mean=0.1098 | G_n_mean=1.8556 (n=5) | q_tot_pred_mean=1.8422 | drbfn_loss=0.0011, qi_loss=0.0036, qtot_loss=0.1061

 Map MMM2 Algo r_drbfn_v3 Exp v3_MMM2_5M_beta0 updates 2190/3125 episodes, total num timesteps 3505600/5000000, FPS 66.

incre win rate is 0.0.

 Map MMM2 Algo r_drbfn_v3 Exp v3_MMM2_5M_beta0 updates 2195/3125 episodes, total num timesteps 3513600/5000000, FPS 66.

incre win rate is 0.0.
[v3 step=2200] R_mean=0.1028 | G_n_mean=1.7720 (n=5) | q_tot_pred_mean=1.7464 | drbfn_loss=0.0013, qi_loss=0.0037, qtot_loss=0.0900

 Map MMM2 Algo r_drbfn_v3 Exp v3_MMM2_5M_beta0 updates 2200/3125 episodes, total num timesteps 3521600/5000000, FPS 66.

incre win rate is 0.0.
eval win rate is 0.0.

 Map MMM2 Algo r_drbfn_v3 Exp v3_MMM2_5M_beta0 updates 2205/3125 episodes, total num timesteps 3529600/5000000, FPS 66.

incre win rate is 0.0.
[v3 step=2210] R_mean=0.0923 | G_n_mean=1.6326 (n=5) | q_tot_pred_mean=1.6449 | drbfn_loss=0.0016, qi_loss=0.0034, qtot_loss=0.1185

 Map MMM2 Algo r_drbfn_v3 Exp v3_MMM2_5M_beta0 updates 2210/3125 episodes, total num timesteps 3537600/5000000, FPS 66.

incre win rate is 0.0.

 Map MMM2 Algo r_drbfn_v3 Exp v3_MMM2_5M_beta0 updates 2215/3125 episodes, total num timesteps 3545600/5000000, FPS 66.

incre win rate is 0.0.
[v3 step=2220] R_mean=0.1010 | G_n_mean=1.7596 (n=5) | q_tot_pred_mean=1.7627 | drbfn_loss=0.0014, qi_loss=0.0037, qtot_loss=0.1381

 Map MMM2 Algo r_drbfn_v3 Exp v3_MMM2_5M_beta0 updates 2220/3125 episodes, total num timesteps 3553600/5000000, FPS 66.

incre win rate is 0.012195121951219513.

 Map MMM2 Algo r_drbfn_v3 Exp v3_MMM2_5M_beta0 updates 2225/3125 episodes, total num timesteps 3561600/5000000, FPS 66.

incre win rate is 0.0.
eval win rate is 0.0.
[v3 step=2230] R_mean=0.1037 | G_n_mean=1.8051 (n=5) | q_tot_pred_mean=1.7893 | drbfn_loss=0.0014, qi_loss=0.0035, qtot_loss=0.1949

 Map MMM2 Algo r_drbfn_v3 Exp v3_MMM2_5M_beta0 updates 2230/3125 episodes, total num timesteps 3569600/5000000, FPS 66.

incre win rate is 0.012195121951219513.

 Map MMM2 Algo r_drbfn_v3 Exp v3_MMM2_5M_beta0 updates 2235/3125 episodes, total num timesteps 3577600/5000000, FPS 66.

incre win rate is 0.0.
[v3 step=2240] R_mean=0.1104 | G_n_mean=1.9113 (n=5) | q_tot_pred_mean=1.8728 | drbfn_loss=0.0017, qi_loss=0.0034, qtot_loss=0.1262

 Map MMM2 Algo r_drbfn_v3 Exp v3_MMM2_5M_beta0 updates 2240/3125 episodes, total num timesteps 3585600/5000000, FPS 66.

incre win rate is 0.0.

 Map MMM2 Algo r_drbfn_v3 Exp v3_MMM2_5M_beta0 updates 2245/3125 episodes, total num timesteps 3593600/5000000, FPS 66.

incre win rate is 0.0.
[v3 step=2250] R_mean=0.1094 | G_n_mean=1.8689 (n=5) | q_tot_pred_mean=1.7915 | drbfn_loss=0.0016, qi_loss=0.0034, qtot_loss=0.1684

 Map MMM2 Algo r_drbfn_v3 Exp v3_MMM2_5M_beta0 updates 2250/3125 episodes, total num timesteps 3601600/5000000, FPS 66.

incre win rate is 0.0.
eval win rate is 0.0.

 Map MMM2 Algo r_drbfn_v3 Exp v3_MMM2_5M_beta0 updates 2255/3125 episodes, total num timesteps 3609600/5000000, FPS 66.

incre win rate is 0.0.
[v3 step=2260] R_mean=0.0876 | G_n_mean=1.5332 (n=5) | q_tot_pred_mean=1.5231 | drbfn_loss=0.0013, qi_loss=0.0027, qtot_loss=0.1009

 Map MMM2 Algo r_drbfn_v3 Exp v3_MMM2_5M_beta0 updates 2260/3125 episodes, total num timesteps 3617600/5000000, FPS 66.

incre win rate is 0.0.

 Map MMM2 Algo r_drbfn_v3 Exp v3_MMM2_5M_beta0 updates 2265/3125 episodes, total num timesteps 3625600/5000000, FPS 66.

incre win rate is 0.0.
[v3 step=2270] R_mean=0.0899 | G_n_mean=1.5815 (n=5) | q_tot_pred_mean=1.5400 | drbfn_loss=0.0016, qi_loss=0.0025, qtot_loss=0.1040

 Map MMM2 Algo r_drbfn_v3 Exp v3_MMM2_5M_beta0 updates 2270/3125 episodes, total num timesteps 3633600/5000000, FPS 66.

incre win rate is 0.0.

 Map MMM2 Algo r_drbfn_v3 Exp v3_MMM2_5M_beta0 updates 2275/3125 episodes, total num timesteps 3641600/5000000, FPS 66.

incre win rate is 0.0.
eval win rate is 0.0.
[v3 step=2280] R_mean=0.0696 | G_n_mean=1.3035 (n=5) | q_tot_pred_mean=1.2769 | drbfn_loss=0.0014, qi_loss=0.0022, qtot_loss=0.0949

 Map MMM2 Algo r_drbfn_v3 Exp v3_MMM2_5M_beta0 updates 2280/3125 episodes, total num timesteps 3649600/5000000, FPS 66.

incre win rate is 0.0.

 Map MMM2 Algo r_drbfn_v3 Exp v3_MMM2_5M_beta0 updates 2285/3125 episodes, total num timesteps 3657600/5000000, FPS 66.

incre win rate is 0.0.
[v3 step=2290] R_mean=0.1061 | G_n_mean=1.7951 (n=5) | q_tot_pred_mean=1.7611 | drbfn_loss=0.0014, qi_loss=0.0043, qtot_loss=0.1247

 Map MMM2 Algo r_drbfn_v3 Exp v3_MMM2_5M_beta0 updates 2290/3125 episodes, total num timesteps 3665600/5000000, FPS 66.

incre win rate is 0.0.

 Map MMM2 Algo r_drbfn_v3 Exp v3_MMM2_5M_beta0 updates 2295/3125 episodes, total num timesteps 3673600/5000000, FPS 66.

incre win rate is 0.0.
[v3 step=2300] R_mean=0.0678 | G_n_mean=1.3473 (n=5) | q_tot_pred_mean=1.3987 | drbfn_loss=0.0016, qi_loss=0.0025, qtot_loss=0.2026

 Map MMM2 Algo r_drbfn_v3 Exp v3_MMM2_5M_beta0 updates 2300/3125 episodes, total num timesteps 3681600/5000000, FPS 66.

incre win rate is 0.0.
eval win rate is 0.0.

 Map MMM2 Algo r_drbfn_v3 Exp v3_MMM2_5M_beta0 updates 2305/3125 episodes, total num timesteps 3689600/5000000, FPS 66.

incre win rate is 0.0.
[v3 step=2310] R_mean=0.0839 | G_n_mean=1.4960 (n=5) | q_tot_pred_mean=1.4757 | drbfn_loss=0.0012, qi_loss=0.0030, qtot_loss=0.1107

 Map MMM2 Algo r_drbfn_v3 Exp v3_MMM2_5M_beta0 updates 2310/3125 episodes, total num timesteps 3697600/5000000, FPS 66.

incre win rate is 0.0.

 Map MMM2 Algo r_drbfn_v3 Exp v3_MMM2_5M_beta0 updates 2315/3125 episodes, total num timesteps 3705600/5000000, FPS 66.

incre win rate is 0.0.
[v3 step=2320] R_mean=0.0793 | G_n_mean=1.4140 (n=5) | q_tot_pred_mean=1.4001 | drbfn_loss=0.0013, qi_loss=0.0023, qtot_loss=0.1290

 Map MMM2 Algo r_drbfn_v3 Exp v3_MMM2_5M_beta0 updates 2320/3125 episodes, total num timesteps 3713600/5000000, FPS 66.

incre win rate is 0.0.

 Map MMM2 Algo r_drbfn_v3 Exp v3_MMM2_5M_beta0 updates 2325/3125 episodes, total num timesteps 3721600/5000000, FPS 66.

incre win rate is 0.0.
eval win rate is 0.0.
[v3 step=2330] R_mean=0.0942 | G_n_mean=1.6407 (n=5) | q_tot_pred_mean=1.6086 | drbfn_loss=0.0014, qi_loss=0.0033, qtot_loss=0.1529

 Map MMM2 Algo r_drbfn_v3 Exp v3_MMM2_5M_beta0 updates 2330/3125 episodes, total num timesteps 3729600/5000000, FPS 66.

incre win rate is 0.0.

 Map MMM2 Algo r_drbfn_v3 Exp v3_MMM2_5M_beta0 updates 2335/3125 episodes, total num timesteps 3737600/5000000, FPS 66.

incre win rate is 0.0.
[v3 step=2340] R_mean=0.0762 | G_n_mean=1.4241 (n=5) | q_tot_pred_mean=1.4358 | drbfn_loss=0.0012, qi_loss=0.0023, qtot_loss=0.0973

 Map MMM2 Algo r_drbfn_v3 Exp v3_MMM2_5M_beta0 updates 2340/3125 episodes, total num timesteps 3745600/5000000, FPS 66.

incre win rate is 0.0.

 Map MMM2 Algo r_drbfn_v3 Exp v3_MMM2_5M_beta0 updates 2345/3125 episodes, total num timesteps 3753600/5000000, FPS 66.

incre win rate is 0.0.
[v3 step=2350] R_mean=0.0753 | G_n_mean=1.4228 (n=5) | q_tot_pred_mean=1.4209 | drbfn_loss=0.0013, qi_loss=0.0024, qtot_loss=0.0740

 Map MMM2 Algo r_drbfn_v3 Exp v3_MMM2_5M_beta0 updates 2350/3125 episodes, total num timesteps 3761600/5000000, FPS 66.

incre win rate is 0.0.
eval win rate is 0.0.

 Map MMM2 Algo r_drbfn_v3 Exp v3_MMM2_5M_beta0 updates 2355/3125 episodes, total num timesteps 3769600/5000000, FPS 66.

incre win rate is 0.0.
[v3 step=2360] R_mean=0.0757 | G_n_mean=1.4417 (n=5) | q_tot_pred_mean=1.4361 | drbfn_loss=0.0015, qi_loss=0.0030, qtot_loss=0.2399

 Map MMM2 Algo r_drbfn_v3 Exp v3_MMM2_5M_beta0 updates 2360/3125 episodes, total num timesteps 3777600/5000000, FPS 66.

incre win rate is 0.0.

 Map MMM2 Algo r_drbfn_v3 Exp v3_MMM2_5M_beta0 updates 2365/3125 episodes, total num timesteps 3785600/5000000, FPS 66.

incre win rate is 0.0.
[v3 step=2370] R_mean=0.0711 | G_n_mean=1.3857 (n=5) | q_tot_pred_mean=1.4201 | drbfn_loss=0.0014, qi_loss=0.0027, qtot_loss=0.0994

 Map MMM2 Algo r_drbfn_v3 Exp v3_MMM2_5M_beta0 updates 2370/3125 episodes, total num timesteps 3793600/5000000, FPS 66.

incre win rate is 0.0.

 Map MMM2 Algo r_drbfn_v3 Exp v3_MMM2_5M_beta0 updates 2375/3125 episodes, total num timesteps 3801600/5000000, FPS 66.

incre win rate is 0.0.
eval win rate is 0.0.
[v3 step=2380] R_mean=0.0775 | G_n_mean=1.5022 (n=5) | q_tot_pred_mean=1.5202 | drbfn_loss=0.0014, qi_loss=0.0027, qtot_loss=0.0697

 Map MMM2 Algo r_drbfn_v3 Exp v3_MMM2_5M_beta0 updates 2380/3125 episodes, total num timesteps 3809600/5000000, FPS 66.

incre win rate is 0.0.

 Map MMM2 Algo r_drbfn_v3 Exp v3_MMM2_5M_beta0 updates 2385/3125 episodes, total num timesteps 3817600/5000000, FPS 66.

incre win rate is 0.0.
[v3 step=2390] R_mean=0.0648 | G_n_mean=1.2569 (n=5) | q_tot_pred_mean=1.2356 | drbfn_loss=0.0014, qi_loss=0.0023, qtot_loss=0.0820

 Map MMM2 Algo r_drbfn_v3 Exp v3_MMM2_5M_beta0 updates 2390/3125 episodes, total num timesteps 3825600/5000000, FPS 66.

incre win rate is 0.0.

 Map MMM2 Algo r_drbfn_v3 Exp v3_MMM2_5M_beta0 updates 2395/3125 episodes, total num timesteps 3833600/5000000, FPS 66.

incre win rate is 0.0.
[v3 step=2400] R_mean=0.0695 | G_n_mean=1.3944 (n=5) | q_tot_pred_mean=1.4126 | drbfn_loss=0.0016, qi_loss=0.0023, qtot_loss=0.1651

 Map MMM2 Algo r_drbfn_v3 Exp v3_MMM2_5M_beta0 updates 2400/3125 episodes, total num timesteps 3841600/5000000, FPS 66.

incre win rate is 0.0.
eval win rate is 0.0.

 Map MMM2 Algo r_drbfn_v3 Exp v3_MMM2_5M_beta0 updates 2405/3125 episodes, total num timesteps 3849600/5000000, FPS 66.

incre win rate is 0.0.
[v3 step=2410] R_mean=0.0586 | G_n_mean=1.1239 (n=5) | q_tot_pred_mean=1.1178 | drbfn_loss=0.0014, qi_loss=0.0015, qtot_loss=0.1141

 Map MMM2 Algo r_drbfn_v3 Exp v3_MMM2_5M_beta0 updates 2410/3125 episodes, total num timesteps 3857600/5000000, FPS 66.

incre win rate is 0.0.

 Map MMM2 Algo r_drbfn_v3 Exp v3_MMM2_5M_beta0 updates 2415/3125 episodes, total num timesteps 3865600/5000000, FPS 66.

incre win rate is 0.0.
[v3 step=2420] R_mean=0.0620 | G_n_mean=1.2131 (n=5) | q_tot_pred_mean=1.2451 | drbfn_loss=0.0013, qi_loss=0.0018, qtot_loss=0.0819

 Map MMM2 Algo r_drbfn_v3 Exp v3_MMM2_5M_beta0 updates 2420/3125 episodes, total num timesteps 3873600/5000000, FPS 66.

incre win rate is 0.0.

 Map MMM2 Algo r_drbfn_v3 Exp v3_MMM2_5M_beta0 updates 2425/3125 episodes, total num timesteps 3881600/5000000, FPS 66.

incre win rate is 0.0.
eval win rate is 0.0.
[v3 step=2430] R_mean=0.0661 | G_n_mean=1.3299 (n=5) | q_tot_pred_mean=1.3611 | drbfn_loss=0.0016, qi_loss=0.0022, qtot_loss=0.1498

 Map MMM2 Algo r_drbfn_v3 Exp v3_MMM2_5M_beta0 updates 2430/3125 episodes, total num timesteps 3889600/5000000, FPS 66.

incre win rate is 0.0.

 Map MMM2 Algo r_drbfn_v3 Exp v3_MMM2_5M_beta0 updates 2435/3125 episodes, total num timesteps 3897600/5000000, FPS 66.

incre win rate is 0.0.
[v3 step=2440] R_mean=0.0658 | G_n_mean=1.2799 (n=5) | q_tot_pred_mean=1.2752 | drbfn_loss=0.0014, qi_loss=0.0023, qtot_loss=0.2378

 Map MMM2 Algo r_drbfn_v3 Exp v3_MMM2_5M_beta0 updates 2440/3125 episodes, total num timesteps 3905600/5000000, FPS 66.

incre win rate is 0.0.

 Map MMM2 Algo r_drbfn_v3 Exp v3_MMM2_5M_beta0 updates 2445/3125 episodes, total num timesteps 3913600/5000000, FPS 66.

incre win rate is 0.0.
[v3 step=2450] R_mean=0.0656 | G_n_mean=1.2984 (n=5) | q_tot_pred_mean=1.2959 | drbfn_loss=0.0015, qi_loss=0.0023, qtot_loss=0.1234

 Map MMM2 Algo r_drbfn_v3 Exp v3_MMM2_5M_beta0 updates 2450/3125 episodes, total num timesteps 3921600/5000000, FPS 66.

incre win rate is 0.0.
eval win rate is 0.0.

 Map MMM2 Algo r_drbfn_v3 Exp v3_MMM2_5M_beta0 updates 2455/3125 episodes, total num timesteps 3929600/5000000, FPS 66.

incre win rate is 0.0.
[v3 step=2460] R_mean=0.0776 | G_n_mean=1.4853 (n=5) | q_tot_pred_mean=1.5270 | drbfn_loss=0.0016, qi_loss=0.0029, qtot_loss=0.1231

 Map MMM2 Algo r_drbfn_v3 Exp v3_MMM2_5M_beta0 updates 2460/3125 episodes, total num timesteps 3937600/5000000, FPS 66.

incre win rate is 0.0.

 Map MMM2 Algo r_drbfn_v3 Exp v3_MMM2_5M_beta0 updates 2465/3125 episodes, total num timesteps 3945600/5000000, FPS 66.

incre win rate is 0.0.
[v3 step=2470] R_mean=0.0659 | G_n_mean=1.2652 (n=5) | q_tot_pred_mean=1.2892 | drbfn_loss=0.0013, qi_loss=0.0023, qtot_loss=0.2468

 Map MMM2 Algo r_drbfn_v3 Exp v3_MMM2_5M_beta0 updates 2470/3125 episodes, total num timesteps 3953600/5000000, FPS 66.

incre win rate is 0.0.

 Map MMM2 Algo r_drbfn_v3 Exp v3_MMM2_5M_beta0 updates 2475/3125 episodes, total num timesteps 3961600/5000000, FPS 66.

incre win rate is 0.0.
eval win rate is 0.0.
[v3 step=2480] R_mean=0.0962 | G_n_mean=1.7179 (n=5) | q_tot_pred_mean=1.7180 | drbfn_loss=0.0016, qi_loss=0.0037, qtot_loss=0.0961

 Map MMM2 Algo r_drbfn_v3 Exp v3_MMM2_5M_beta0 updates 2480/3125 episodes, total num timesteps 3969600/5000000, FPS 66.

incre win rate is 0.0.

 Map MMM2 Algo r_drbfn_v3 Exp v3_MMM2_5M_beta0 updates 2485/3125 episodes, total num timesteps 3977600/5000000, FPS 66.

incre win rate is 0.0.
[v3 step=2490] R_mean=0.0822 | G_n_mean=1.4850 (n=5) | q_tot_pred_mean=1.4619 | drbfn_loss=0.0013, qi_loss=0.0026, qtot_loss=0.0711

 Map MMM2 Algo r_drbfn_v3 Exp v3_MMM2_5M_beta0 updates 2490/3125 episodes, total num timesteps 3985600/5000000, FPS 66.

incre win rate is 0.0.

 Map MMM2 Algo r_drbfn_v3 Exp v3_MMM2_5M_beta0 updates 2495/3125 episodes, total num timesteps 3993600/5000000, FPS 66.

incre win rate is 0.0.
[v3 step=2500] R_mean=0.0676 | G_n_mean=1.3336 (n=5) | q_tot_pred_mean=1.3816 | drbfn_loss=0.0016, qi_loss=0.0023, qtot_loss=0.2365

 Map MMM2 Algo r_drbfn_v3 Exp v3_MMM2_5M_beta0 updates 2500/3125 episodes, total num timesteps 4001600/5000000, FPS 66.

incre win rate is 0.0.
eval win rate is 0.0.

 Map MMM2 Algo r_drbfn_v3 Exp v3_MMM2_5M_beta0 updates 2505/3125 episodes, total num timesteps 4009600/5000000, FPS 66.

incre win rate is 0.0.
[v3 step=2510] R_mean=0.0987 | G_n_mean=1.7798 (n=5) | q_tot_pred_mean=1.7988 | drbfn_loss=0.0017, qi_loss=0.0031, qtot_loss=0.2769

 Map MMM2 Algo r_drbfn_v3 Exp v3_MMM2_5M_beta0 updates 2510/3125 episodes, total num timesteps 4017600/5000000, FPS 66.

incre win rate is 0.0.

 Map MMM2 Algo r_drbfn_v3 Exp v3_MMM2_5M_beta0 updates 2515/3125 episodes, total num timesteps 4025600/5000000, FPS 66.

incre win rate is 0.0.
[v3 step=2520] R_mean=0.0745 | G_n_mean=1.3779 (n=5) | q_tot_pred_mean=1.3613 | drbfn_loss=0.0015, qi_loss=0.0025, qtot_loss=0.2128

 Map MMM2 Algo r_drbfn_v3 Exp v3_MMM2_5M_beta0 updates 2520/3125 episodes, total num timesteps 4033600/5000000, FPS 66.

incre win rate is 0.0.

 Map MMM2 Algo r_drbfn_v3 Exp v3_MMM2_5M_beta0 updates 2525/3125 episodes, total num timesteps 4041600/5000000, FPS 66.

incre win rate is 0.0.
eval win rate is 0.0.
[v3 step=2530] R_mean=0.0695 | G_n_mean=1.3081 (n=5) | q_tot_pred_mean=1.2731 | drbfn_loss=0.0015, qi_loss=0.0021, qtot_loss=0.1023

 Map MMM2 Algo r_drbfn_v3 Exp v3_MMM2_5M_beta0 updates 2530/3125 episodes, total num timesteps 4049600/5000000, FPS 66.

incre win rate is 0.0.

 Map MMM2 Algo r_drbfn_v3 Exp v3_MMM2_5M_beta0 updates 2535/3125 episodes, total num timesteps 4057600/5000000, FPS 66.

incre win rate is 0.0.
[v3 step=2540] R_mean=0.0802 | G_n_mean=1.4798 (n=5) | q_tot_pred_mean=1.5212 | drbfn_loss=0.0015, qi_loss=0.0025, qtot_loss=0.0996

 Map MMM2 Algo r_drbfn_v3 Exp v3_MMM2_5M_beta0 updates 2540/3125 episodes, total num timesteps 4065600/5000000, FPS 66.

incre win rate is 0.0.

 Map MMM2 Algo r_drbfn_v3 Exp v3_MMM2_5M_beta0 updates 2545/3125 episodes, total num timesteps 4073600/5000000, FPS 66.

incre win rate is 0.014705882352941176.
[v3 step=2550] R_mean=0.0881 | G_n_mean=1.5599 (n=5) | q_tot_pred_mean=1.5776 | drbfn_loss=0.0014, qi_loss=0.0024, qtot_loss=0.1099

 Map MMM2 Algo r_drbfn_v3 Exp v3_MMM2_5M_beta0 updates 2550/3125 episodes, total num timesteps 4081600/5000000, FPS 66.

incre win rate is 0.0.
eval win rate is 0.0.

 Map MMM2 Algo r_drbfn_v3 Exp v3_MMM2_5M_beta0 updates 2555/3125 episodes, total num timesteps 4089600/5000000, FPS 66.

incre win rate is 0.0.
[v3 step=2560] R_mean=0.0962 | G_n_mean=1.6444 (n=5) | q_tot_pred_mean=1.5837 | drbfn_loss=0.0016, qi_loss=0.0028, qtot_loss=0.1333

 Map MMM2 Algo r_drbfn_v3 Exp v3_MMM2_5M_beta0 updates 2560/3125 episodes, total num timesteps 4097600/5000000, FPS 66.

incre win rate is 0.0.

 Map MMM2 Algo r_drbfn_v3 Exp v3_MMM2_5M_beta0 updates 2565/3125 episodes, total num timesteps 4105600/5000000, FPS 66.

incre win rate is 0.0.
[v3 step=2570] R_mean=0.0718 | G_n_mean=1.3894 (n=5) | q_tot_pred_mean=1.4410 | drbfn_loss=0.0014, qi_loss=0.0024, qtot_loss=0.3229

 Map MMM2 Algo r_drbfn_v3 Exp v3_MMM2_5M_beta0 updates 2570/3125 episodes, total num timesteps 4113600/5000000, FPS 66.

incre win rate is 0.0.

 Map MMM2 Algo r_drbfn_v3 Exp v3_MMM2_5M_beta0 updates 2575/3125 episodes, total num timesteps 4121600/5000000, FPS 66.

incre win rate is 0.0.
eval win rate is 0.0.
[v3 step=2580] R_mean=0.0786 | G_n_mean=1.4188 (n=5) | q_tot_pred_mean=1.4510 | drbfn_loss=0.0016, qi_loss=0.0022, qtot_loss=0.0929

 Map MMM2 Algo r_drbfn_v3 Exp v3_MMM2_5M_beta0 updates 2580/3125 episodes, total num timesteps 4129600/5000000, FPS 66.

incre win rate is 0.0.

 Map MMM2 Algo r_drbfn_v3 Exp v3_MMM2_5M_beta0 updates 2585/3125 episodes, total num timesteps 4137600/5000000, FPS 66.

incre win rate is 0.0.
[v3 step=2590] R_mean=0.0916 | G_n_mean=1.6369 (n=5) | q_tot_pred_mean=1.6262 | drbfn_loss=0.0016, qi_loss=0.0032, qtot_loss=0.1131

 Map MMM2 Algo r_drbfn_v3 Exp v3_MMM2_5M_beta0 updates 2590/3125 episodes, total num timesteps 4145600/5000000, FPS 66.

incre win rate is 0.0.

 Map MMM2 Algo r_drbfn_v3 Exp v3_MMM2_5M_beta0 updates 2595/3125 episodes, total num timesteps 4153600/5000000, FPS 66.

incre win rate is 0.0.
[v3 step=2600] R_mean=0.0851 | G_n_mean=1.5042 (n=5) | q_tot_pred_mean=1.4903 | drbfn_loss=0.0015, qi_loss=0.0026, qtot_loss=0.1681

 Map MMM2 Algo r_drbfn_v3 Exp v3_MMM2_5M_beta0 updates 2600/3125 episodes, total num timesteps 4161600/5000000, FPS 66.

incre win rate is 0.0.
eval win rate is 0.0.

 Map MMM2 Algo r_drbfn_v3 Exp v3_MMM2_5M_beta0 updates 2605/3125 episodes, total num timesteps 4169600/5000000, FPS 66.

incre win rate is 0.0.
[v3 step=2610] R_mean=0.0885 | G_n_mean=1.5322 (n=5) | q_tot_pred_mean=1.5417 | drbfn_loss=0.0014, qi_loss=0.0028, qtot_loss=0.2082

 Map MMM2 Algo r_drbfn_v3 Exp v3_MMM2_5M_beta0 updates 2610/3125 episodes, total num timesteps 4177600/5000000, FPS 66.

incre win rate is 0.013888888888888888.

 Map MMM2 Algo r_drbfn_v3 Exp v3_MMM2_5M_beta0 updates 2615/3125 episodes, total num timesteps 4185600/5000000, FPS 66.

incre win rate is 0.0.
[v3 step=2620] R_mean=0.1320 | G_n_mean=2.1539 (n=5) | q_tot_pred_mean=2.1444 | drbfn_loss=0.0016, qi_loss=0.0039, qtot_loss=0.1969

 Map MMM2 Algo r_drbfn_v3 Exp v3_MMM2_5M_beta0 updates 2620/3125 episodes, total num timesteps 4193600/5000000, FPS 66.

incre win rate is 0.0.

 Map MMM2 Algo r_drbfn_v3 Exp v3_MMM2_5M_beta0 updates 2625/3125 episodes, total num timesteps 4201600/5000000, FPS 66.

incre win rate is 0.0.
eval win rate is 0.0.
[v3 step=2630] R_mean=0.1139 | G_n_mean=1.9299 (n=5) | q_tot_pred_mean=1.9190 | drbfn_loss=0.0014, qi_loss=0.0037, qtot_loss=0.1332

 Map MMM2 Algo r_drbfn_v3 Exp v3_MMM2_5M_beta0 updates 2630/3125 episodes, total num timesteps 4209600/5000000, FPS 66.

incre win rate is 0.011494252873563218.

 Map MMM2 Algo r_drbfn_v3 Exp v3_MMM2_5M_beta0 updates 2635/3125 episodes, total num timesteps 4217600/5000000, FPS 66.

incre win rate is 0.0.
[v3 step=2640] R_mean=0.0964 | G_n_mean=1.6764 (n=5) | q_tot_pred_mean=1.6883 | drbfn_loss=0.0015, qi_loss=0.0033, qtot_loss=0.2681

 Map MMM2 Algo r_drbfn_v3 Exp v3_MMM2_5M_beta0 updates 2640/3125 episodes, total num timesteps 4225600/5000000, FPS 66.

incre win rate is 0.0.

 Map MMM2 Algo r_drbfn_v3 Exp v3_MMM2_5M_beta0 updates 2645/3125 episodes, total num timesteps 4233600/5000000, FPS 66.

incre win rate is 0.0.
[v3 step=2650] R_mean=0.1026 | G_n_mean=1.7791 (n=5) | q_tot_pred_mean=1.7631 | drbfn_loss=0.0014, qi_loss=0.0038, qtot_loss=0.1171

 Map MMM2 Algo r_drbfn_v3 Exp v3_MMM2_5M_beta0 updates 2650/3125 episodes, total num timesteps 4241600/5000000, FPS 66.

incre win rate is 0.0.
eval win rate is 0.0.

 Map MMM2 Algo r_drbfn_v3 Exp v3_MMM2_5M_beta0 updates 2655/3125 episodes, total num timesteps 4249600/5000000, FPS 66.

incre win rate is 0.0.
[v3 step=2660] R_mean=0.0954 | G_n_mean=1.7154 (n=5) | q_tot_pred_mean=1.7220 | drbfn_loss=0.0015, qi_loss=0.0035, qtot_loss=0.0896

 Map MMM2 Algo r_drbfn_v3 Exp v3_MMM2_5M_beta0 updates 2660/3125 episodes, total num timesteps 4257600/5000000, FPS 66.

incre win rate is 0.0.

 Map MMM2 Algo r_drbfn_v3 Exp v3_MMM2_5M_beta0 updates 2665/3125 episodes, total num timesteps 4265600/5000000, FPS 66.

incre win rate is 0.0.
[v3 step=2670] R_mean=0.0823 | G_n_mean=1.4919 (n=5) | q_tot_pred_mean=1.4426 | drbfn_loss=0.0012, qi_loss=0.0027, qtot_loss=0.2183

 Map MMM2 Algo r_drbfn_v3 Exp v3_MMM2_5M_beta0 updates 2670/3125 episodes, total num timesteps 4273600/5000000, FPS 66.

incre win rate is 0.0.

 Map MMM2 Algo r_drbfn_v3 Exp v3_MMM2_5M_beta0 updates 2675/3125 episodes, total num timesteps 4281600/5000000, FPS 66.

incre win rate is 0.0.
eval win rate is 0.0.
[v3 step=2680] R_mean=0.0824 | G_n_mean=1.4922 (n=5) | q_tot_pred_mean=1.4836 | drbfn_loss=0.0014, qi_loss=0.0025, qtot_loss=0.2532

 Map MMM2 Algo r_drbfn_v3 Exp v3_MMM2_5M_beta0 updates 2680/3125 episodes, total num timesteps 4289600/5000000, FPS 66.

incre win rate is 0.0.

 Map MMM2 Algo r_drbfn_v3 Exp v3_MMM2_5M_beta0 updates 2685/3125 episodes, total num timesteps 4297600/5000000, FPS 66.

incre win rate is 0.0.
[v3 step=2690] R_mean=0.0672 | G_n_mean=1.2841 (n=5) | q_tot_pred_mean=1.2875 | drbfn_loss=0.0016, qi_loss=0.0023, qtot_loss=0.2395

 Map MMM2 Algo r_drbfn_v3 Exp v3_MMM2_5M_beta0 updates 2690/3125 episodes, total num timesteps 4305600/5000000, FPS 66.

incre win rate is 0.0.

 Map MMM2 Algo r_drbfn_v3 Exp v3_MMM2_5M_beta0 updates 2695/3125 episodes, total num timesteps 4313600/5000000, FPS 66.

incre win rate is 0.0.
[v3 step=2700] R_mean=0.0898 | G_n_mean=1.6469 (n=5) | q_tot_pred_mean=1.6838 | drbfn_loss=0.0013, qi_loss=0.0034, qtot_loss=0.2220

 Map MMM2 Algo r_drbfn_v3 Exp v3_MMM2_5M_beta0 updates 2700/3125 episodes, total num timesteps 4321600/5000000, FPS 66.

incre win rate is 0.0.
eval win rate is 0.0.

 Map MMM2 Algo r_drbfn_v3 Exp v3_MMM2_5M_beta0 updates 2705/3125 episodes, total num timesteps 4329600/5000000, FPS 66.

incre win rate is 0.0.
[v3 step=2710] R_mean=0.0852 | G_n_mean=1.5271 (n=5) | q_tot_pred_mean=1.5139 | drbfn_loss=0.0015, qi_loss=0.0025, qtot_loss=0.1134

 Map MMM2 Algo r_drbfn_v3 Exp v3_MMM2_5M_beta0 updates 2710/3125 episodes, total num timesteps 4337600/5000000, FPS 66.

incre win rate is 0.0.

 Map MMM2 Algo r_drbfn_v3 Exp v3_MMM2_5M_beta0 updates 2715/3125 episodes, total num timesteps 4345600/5000000, FPS 66.

incre win rate is 0.0.
[v3 step=2720] R_mean=0.0773 | G_n_mean=1.4632 (n=5) | q_tot_pred_mean=1.4613 | drbfn_loss=0.0015, qi_loss=0.0029, qtot_loss=0.3259

 Map MMM2 Algo r_drbfn_v3 Exp v3_MMM2_5M_beta0 updates 2720/3125 episodes, total num timesteps 4353600/5000000, FPS 66.

incre win rate is 0.0.

 Map MMM2 Algo r_drbfn_v3 Exp v3_MMM2_5M_beta0 updates 2725/3125 episodes, total num timesteps 4361600/5000000, FPS 66.

incre win rate is 0.0.
eval win rate is 0.0.
[v3 step=2730] R_mean=0.0857 | G_n_mean=1.5533 (n=5) | q_tot_pred_mean=1.5323 | drbfn_loss=0.0013, qi_loss=0.0025, qtot_loss=0.0784

 Map MMM2 Algo r_drbfn_v3 Exp v3_MMM2_5M_beta0 updates 2730/3125 episodes, total num timesteps 4369600/5000000, FPS 66.

incre win rate is 0.0.

 Map MMM2 Algo r_drbfn_v3 Exp v3_MMM2_5M_beta0 updates 2735/3125 episodes, total num timesteps 4377600/5000000, FPS 66.

incre win rate is 0.0.
[v3 step=2740] R_mean=0.0987 | G_n_mean=1.7404 (n=5) | q_tot_pred_mean=1.7060 | drbfn_loss=0.0015, qi_loss=0.0030, qtot_loss=0.1062

 Map MMM2 Algo r_drbfn_v3 Exp v3_MMM2_5M_beta0 updates 2740/3125 episodes, total num timesteps 4385600/5000000, FPS 66.

incre win rate is 0.014925373134328358.

 Map MMM2 Algo r_drbfn_v3 Exp v3_MMM2_5M_beta0 updates 2745/3125 episodes, total num timesteps 4393600/5000000, FPS 66.

incre win rate is 0.02564102564102564.
[v3 step=2750] R_mean=0.0856 | G_n_mean=1.5875 (n=5) | q_tot_pred_mean=1.5580 | drbfn_loss=0.0015, qi_loss=0.0026, qtot_loss=0.2062

 Map MMM2 Algo r_drbfn_v3 Exp v3_MMM2_5M_beta0 updates 2750/3125 episodes, total num timesteps 4401600/5000000, FPS 66.

incre win rate is 0.0.
eval win rate is 0.0.

 Map MMM2 Algo r_drbfn_v3 Exp v3_MMM2_5M_beta0 updates 2755/3125 episodes, total num timesteps 4409600/5000000, FPS 66.

incre win rate is 0.0.
[v3 step=2760] R_mean=0.1013 | G_n_mean=1.7111 (n=5) | q_tot_pred_mean=1.6638 | drbfn_loss=0.0014, qi_loss=0.0033, qtot_loss=0.1363

 Map MMM2 Algo r_drbfn_v3 Exp v3_MMM2_5M_beta0 updates 2760/3125 episodes, total num timesteps 4417600/5000000, FPS 66.

incre win rate is 0.013333333333333334.

 Map MMM2 Algo r_drbfn_v3 Exp v3_MMM2_5M_beta0 updates 2765/3125 episodes, total num timesteps 4425600/5000000, FPS 66.

incre win rate is 0.0.
[v3 step=2770] R_mean=0.0944 | G_n_mean=1.7020 (n=5) | q_tot_pred_mean=1.6826 | drbfn_loss=0.0016, qi_loss=0.0029, qtot_loss=0.1196

 Map MMM2 Algo r_drbfn_v3 Exp v3_MMM2_5M_beta0 updates 2770/3125 episodes, total num timesteps 4433600/5000000, FPS 66.

incre win rate is 0.0.

 Map MMM2 Algo r_drbfn_v3 Exp v3_MMM2_5M_beta0 updates 2775/3125 episodes, total num timesteps 4441600/5000000, FPS 66.

incre win rate is 0.0.
eval win rate is 0.0.
[v3 step=2780] R_mean=0.0835 | G_n_mean=1.5724 (n=5) | q_tot_pred_mean=1.5694 | drbfn_loss=0.0013, qi_loss=0.0026, qtot_loss=0.0843

 Map MMM2 Algo r_drbfn_v3 Exp v3_MMM2_5M_beta0 updates 2780/3125 episodes, total num timesteps 4449600/5000000, FPS 66.

incre win rate is 0.0.

 Map MMM2 Algo r_drbfn_v3 Exp v3_MMM2_5M_beta0 updates 2785/3125 episodes, total num timesteps 4457600/5000000, FPS 66.

incre win rate is 0.0.
[v3 step=2790] R_mean=0.1139 | G_n_mean=2.0254 (n=5) | q_tot_pred_mean=2.0266 | drbfn_loss=0.0017, qi_loss=0.0037, qtot_loss=0.1632

 Map MMM2 Algo r_drbfn_v3 Exp v3_MMM2_5M_beta0 updates 2790/3125 episodes, total num timesteps 4465600/5000000, FPS 66.

incre win rate is 0.0.

 Map MMM2 Algo r_drbfn_v3 Exp v3_MMM2_5M_beta0 updates 2795/3125 episodes, total num timesteps 4473600/5000000, FPS 66.

incre win rate is 0.0.
[v3 step=2800] R_mean=0.0996 | G_n_mean=1.7513 (n=5) | q_tot_pred_mean=1.7223 | drbfn_loss=0.0017, qi_loss=0.0030, qtot_loss=0.1391

 Map MMM2 Algo r_drbfn_v3 Exp v3_MMM2_5M_beta0 updates 2800/3125 episodes, total num timesteps 4481600/5000000, FPS 66.

incre win rate is 0.0.
eval win rate is 0.0.

 Map MMM2 Algo r_drbfn_v3 Exp v3_MMM2_5M_beta0 updates 2805/3125 episodes, total num timesteps 4489600/5000000, FPS 66.

incre win rate is 0.0.
[v3 step=2810] R_mean=0.1058 | G_n_mean=1.8196 (n=5) | q_tot_pred_mean=1.7849 | drbfn_loss=0.0018, qi_loss=0.0030, qtot_loss=0.0852

 Map MMM2 Algo r_drbfn_v3 Exp v3_MMM2_5M_beta0 updates 2810/3125 episodes, total num timesteps 4497600/5000000, FPS 66.

incre win rate is 0.0.

 Map MMM2 Algo r_drbfn_v3 Exp v3_MMM2_5M_beta0 updates 2815/3125 episodes, total num timesteps 4505600/5000000, FPS 66.

incre win rate is 0.0.
[v3 step=2820] R_mean=0.0667 | G_n_mean=1.3336 (n=5) | q_tot_pred_mean=1.3230 | drbfn_loss=0.0013, qi_loss=0.0019, qtot_loss=0.0974

 Map MMM2 Algo r_drbfn_v3 Exp v3_MMM2_5M_beta0 updates 2820/3125 episodes, total num timesteps 4513600/5000000, FPS 66.

incre win rate is 0.0.

 Map MMM2 Algo r_drbfn_v3 Exp v3_MMM2_5M_beta0 updates 2825/3125 episodes, total num timesteps 4521600/5000000, FPS 66.

incre win rate is 0.0.
eval win rate is 0.0.
[v3 step=2830] R_mean=0.0727 | G_n_mean=1.3896 (n=5) | q_tot_pred_mean=1.3626 | drbfn_loss=0.0016, qi_loss=0.0022, qtot_loss=0.0966

 Map MMM2 Algo r_drbfn_v3 Exp v3_MMM2_5M_beta0 updates 2830/3125 episodes, total num timesteps 4529600/5000000, FPS 66.

incre win rate is 0.0.

 Map MMM2 Algo r_drbfn_v3 Exp v3_MMM2_5M_beta0 updates 2835/3125 episodes, total num timesteps 4537600/5000000, FPS 66.

incre win rate is 0.0.
[v3 step=2840] R_mean=0.0759 | G_n_mean=1.4261 (n=5) | q_tot_pred_mean=1.4398 | drbfn_loss=0.0014, qi_loss=0.0021, qtot_loss=0.0748

 Map MMM2 Algo r_drbfn_v3 Exp v3_MMM2_5M_beta0 updates 2840/3125 episodes, total num timesteps 4545600/5000000, FPS 66.

incre win rate is 0.0.

 Map MMM2 Algo r_drbfn_v3 Exp v3_MMM2_5M_beta0 updates 2845/3125 episodes, total num timesteps 4553600/5000000, FPS 66.

incre win rate is 0.0.
[v3 step=2850] R_mean=0.0904 | G_n_mean=1.6457 (n=5) | q_tot_pred_mean=1.6676 | drbfn_loss=0.0015, qi_loss=0.0027, qtot_loss=0.0844

 Map MMM2 Algo r_drbfn_v3 Exp v3_MMM2_5M_beta0 updates 2850/3125 episodes, total num timesteps 4561600/5000000, FPS 66.

incre win rate is 0.0.
eval win rate is 0.0.

 Map MMM2 Algo r_drbfn_v3 Exp v3_MMM2_5M_beta0 updates 2855/3125 episodes, total num timesteps 4569600/5000000, FPS 66.

incre win rate is 0.0.
[v3 step=2860] R_mean=0.1106 | G_n_mean=1.8981 (n=5) | q_tot_pred_mean=1.8607 | drbfn_loss=0.0015, qi_loss=0.0029, qtot_loss=0.1139

 Map MMM2 Algo r_drbfn_v3 Exp v3_MMM2_5M_beta0 updates 2860/3125 episodes, total num timesteps 4577600/5000000, FPS 66.

incre win rate is 0.0.

 Map MMM2 Algo r_drbfn_v3 Exp v3_MMM2_5M_beta0 updates 2865/3125 episodes, total num timesteps 4585600/5000000, FPS 66.

incre win rate is 0.012987012987012988.
[v3 step=2870] R_mean=0.1210 | G_n_mean=2.0621 (n=5) | q_tot_pred_mean=2.0346 | drbfn_loss=0.0014, qi_loss=0.0035, qtot_loss=0.2475

 Map MMM2 Algo r_drbfn_v3 Exp v3_MMM2_5M_beta0 updates 2870/3125 episodes, total num timesteps 4593600/5000000, FPS 66.

incre win rate is 0.0.

 Map MMM2 Algo r_drbfn_v3 Exp v3_MMM2_5M_beta0 updates 2875/3125 episodes, total num timesteps 4601600/5000000, FPS 66.

incre win rate is 0.0.
eval win rate is 0.03125.
[v3 step=2880] R_mean=0.1449 | G_n_mean=2.3436 (n=5) | q_tot_pred_mean=2.3577 | drbfn_loss=0.0018, qi_loss=0.0041, qtot_loss=0.1398

 Map MMM2 Algo r_drbfn_v3 Exp v3_MMM2_5M_beta0 updates 2880/3125 episodes, total num timesteps 4609600/5000000, FPS 66.

incre win rate is 0.012195121951219513.

 Map MMM2 Algo r_drbfn_v3 Exp v3_MMM2_5M_beta0 updates 2885/3125 episodes, total num timesteps 4617600/5000000, FPS 66.

incre win rate is 0.010309278350515464.
[v3 step=2890] R_mean=0.1153 | G_n_mean=1.9933 (n=5) | q_tot_pred_mean=2.0989 | drbfn_loss=0.0015, qi_loss=0.0032, qtot_loss=0.3588

 Map MMM2 Algo r_drbfn_v3 Exp v3_MMM2_5M_beta0 updates 2890/3125 episodes, total num timesteps 4625600/5000000, FPS 66.

incre win rate is 0.0.

 Map MMM2 Algo r_drbfn_v3 Exp v3_MMM2_5M_beta0 updates 2895/3125 episodes, total num timesteps 4633600/5000000, FPS 66.

incre win rate is 0.0.
[v3 step=2900] R_mean=0.1217 | G_n_mean=2.0236 (n=5) | q_tot_pred_mean=2.0597 | drbfn_loss=0.0016, qi_loss=0.0036, qtot_loss=0.2827

 Map MMM2 Algo r_drbfn_v3 Exp v3_MMM2_5M_beta0 updates 2900/3125 episodes, total num timesteps 4641600/5000000, FPS 66.

incre win rate is 0.009259259259259259.
eval win rate is 0.03125.

 Map MMM2 Algo r_drbfn_v3 Exp v3_MMM2_5M_beta0 updates 2905/3125 episodes, total num timesteps 4649600/5000000, FPS 66.

incre win rate is 0.010752688172043012.
[v3 step=2910] R_mean=0.1178 | G_n_mean=1.9704 (n=5) | q_tot_pred_mean=1.9848 | drbfn_loss=0.0015, qi_loss=0.0031, qtot_loss=0.3792

 Map MMM2 Algo r_drbfn_v3 Exp v3_MMM2_5M_beta0 updates 2910/3125 episodes, total num timesteps 4657600/5000000, FPS 66.

incre win rate is 0.009615384615384616.

 Map MMM2 Algo r_drbfn_v3 Exp v3_MMM2_5M_beta0 updates 2915/3125 episodes, total num timesteps 4665600/5000000, FPS 66.

incre win rate is 0.0125.
[v3 step=2920] R_mean=0.1381 | G_n_mean=2.2656 (n=5) | q_tot_pred_mean=2.2438 | drbfn_loss=0.0017, qi_loss=0.0038, qtot_loss=0.1371

 Map MMM2 Algo r_drbfn_v3 Exp v3_MMM2_5M_beta0 updates 2920/3125 episodes, total num timesteps 4673600/5000000, FPS 66.

incre win rate is 0.010638297872340425.

 Map MMM2 Algo r_drbfn_v3 Exp v3_MMM2_5M_beta0 updates 2925/3125 episodes, total num timesteps 4681600/5000000, FPS 66.

incre win rate is 0.0.
eval win rate is 0.03125.
[v3 step=2930] R_mean=0.1276 | G_n_mean=2.1131 (n=5) | q_tot_pred_mean=2.0864 | drbfn_loss=0.0015, qi_loss=0.0035, qtot_loss=0.1640

 Map MMM2 Algo r_drbfn_v3 Exp v3_MMM2_5M_beta0 updates 2930/3125 episodes, total num timesteps 4689600/5000000, FPS 66.

incre win rate is 0.057692307692307696.

 Map MMM2 Algo r_drbfn_v3 Exp v3_MMM2_5M_beta0 updates 2935/3125 episodes, total num timesteps 4697600/5000000, FPS 66.

incre win rate is 0.04807692307692308.
[v3 step=2940] R_mean=0.1241 | G_n_mean=2.0721 (n=5) | q_tot_pred_mean=2.0622 | drbfn_loss=0.0017, qi_loss=0.0034, qtot_loss=0.2466

 Map MMM2 Algo r_drbfn_v3 Exp v3_MMM2_5M_beta0 updates 2940/3125 episodes, total num timesteps 4705600/5000000, FPS 66.

incre win rate is 0.009708737864077669.

 Map MMM2 Algo r_drbfn_v3 Exp v3_MMM2_5M_beta0 updates 2945/3125 episodes, total num timesteps 4713600/5000000, FPS 66.

incre win rate is 0.0392156862745098.
[v3 step=2950] R_mean=0.1575 | G_n_mean=2.6121 (n=5) | q_tot_pred_mean=2.5972 | drbfn_loss=0.0017, qi_loss=0.0045, qtot_loss=0.2648

 Map MMM2 Algo r_drbfn_v3 Exp v3_MMM2_5M_beta0 updates 2950/3125 episodes, total num timesteps 4721600/5000000, FPS 66.

incre win rate is 0.010416666666666666.
eval win rate is 0.09375.

 Map MMM2 Algo r_drbfn_v3 Exp v3_MMM2_5M_beta0 updates 2955/3125 episodes, total num timesteps 4729600/5000000, FPS 66.

incre win rate is 0.020833333333333332.
[v3 step=2960] R_mean=0.1618 | G_n_mean=2.6421 (n=5) | q_tot_pred_mean=2.6819 | drbfn_loss=0.0016, qi_loss=0.0044, qtot_loss=0.3523

 Map MMM2 Algo r_drbfn_v3 Exp v3_MMM2_5M_beta0 updates 2960/3125 episodes, total num timesteps 4737600/5000000, FPS 66.

incre win rate is 0.044444444444444446.

 Map MMM2 Algo r_drbfn_v3 Exp v3_MMM2_5M_beta0 updates 2965/3125 episodes, total num timesteps 4745600/5000000, FPS 66.

incre win rate is 0.010526315789473684.
[v3 step=2970] R_mean=0.1510 | G_n_mean=2.5103 (n=5) | q_tot_pred_mean=2.5145 | drbfn_loss=0.0018, qi_loss=0.0040, qtot_loss=0.3062

 Map MMM2 Algo r_drbfn_v3 Exp v3_MMM2_5M_beta0 updates 2970/3125 episodes, total num timesteps 4753600/5000000, FPS 66.

incre win rate is 0.0.

 Map MMM2 Algo r_drbfn_v3 Exp v3_MMM2_5M_beta0 updates 2975/3125 episodes, total num timesteps 4761600/5000000, FPS 66.

incre win rate is 0.0.
eval win rate is 0.03125.
[v3 step=2980] R_mean=0.1212 | G_n_mean=2.0787 (n=5) | q_tot_pred_mean=2.1463 | drbfn_loss=0.0012, qi_loss=0.0038, qtot_loss=0.2295

 Map MMM2 Algo r_drbfn_v3 Exp v3_MMM2_5M_beta0 updates 2980/3125 episodes, total num timesteps 4769600/5000000, FPS 66.

incre win rate is 0.05454545454545454.

 Map MMM2 Algo r_drbfn_v3 Exp v3_MMM2_5M_beta0 updates 2985/3125 episodes, total num timesteps 4777600/5000000, FPS 66.

incre win rate is 0.03007518796992481.
[v3 step=2990] R_mean=0.1234 | G_n_mean=2.1301 (n=5) | q_tot_pred_mean=2.1715 | drbfn_loss=0.0016, qi_loss=0.0035, qtot_loss=0.1306

 Map MMM2 Algo r_drbfn_v3 Exp v3_MMM2_5M_beta0 updates 2990/3125 episodes, total num timesteps 4785600/5000000, FPS 66.

incre win rate is 0.009345794392523364.

 Map MMM2 Algo r_drbfn_v3 Exp v3_MMM2_5M_beta0 updates 2995/3125 episodes, total num timesteps 4793600/5000000, FPS 66.

incre win rate is 0.046153846153846156.
[v3 step=3000] R_mean=0.1640 | G_n_mean=2.6841 (n=5) | q_tot_pred_mean=2.7200 | drbfn_loss=0.0015, qi_loss=0.0044, qtot_loss=0.2740

 Map MMM2 Algo r_drbfn_v3 Exp v3_MMM2_5M_beta0 updates 3000/3125 episodes, total num timesteps 4801600/5000000, FPS 66.

incre win rate is 0.03125.
eval win rate is 0.0.

 Map MMM2 Algo r_drbfn_v3 Exp v3_MMM2_5M_beta0 updates 3005/3125 episodes, total num timesteps 4809600/5000000, FPS 66.

incre win rate is 0.037037037037037035.
[v3 step=3010] R_mean=0.1557 | G_n_mean=2.4723 (n=5) | q_tot_pred_mean=2.4282 | drbfn_loss=0.0014, qi_loss=0.0039, qtot_loss=0.3097

 Map MMM2 Algo r_drbfn_v3 Exp v3_MMM2_5M_beta0 updates 3010/3125 episodes, total num timesteps 4817600/5000000, FPS 66.

incre win rate is 0.018867924528301886.

 Map MMM2 Algo r_drbfn_v3 Exp v3_MMM2_5M_beta0 updates 3015/3125 episodes, total num timesteps 4825600/5000000, FPS 66.

incre win rate is 0.04878048780487805.
[v3 step=3020] R_mean=0.1812 | G_n_mean=2.9218 (n=5) | q_tot_pred_mean=2.8896 | drbfn_loss=0.0015, qi_loss=0.0050, qtot_loss=0.1597

 Map MMM2 Algo r_drbfn_v3 Exp v3_MMM2_5M_beta0 updates 3020/3125 episodes, total num timesteps 4833600/5000000, FPS 66.

incre win rate is 0.01652892561983471.

 Map MMM2 Algo r_drbfn_v3 Exp v3_MMM2_5M_beta0 updates 3025/3125 episodes, total num timesteps 4841600/5000000, FPS 66.

incre win rate is 0.02564102564102564.
eval win rate is 0.0.
[v3 step=3030] R_mean=0.1465 | G_n_mean=2.4799 (n=5) | q_tot_pred_mean=2.4960 | drbfn_loss=0.0015, qi_loss=0.0037, qtot_loss=0.4077

 Map MMM2 Algo r_drbfn_v3 Exp v3_MMM2_5M_beta0 updates 3030/3125 episodes, total num timesteps 4849600/5000000, FPS 66.

incre win rate is 0.01652892561983471.

 Map MMM2 Algo r_drbfn_v3 Exp v3_MMM2_5M_beta0 updates 3035/3125 episodes, total num timesteps 4857600/5000000, FPS 66.

incre win rate is 0.017543859649122806.
[v3 step=3040] R_mean=0.1566 | G_n_mean=2.5882 (n=5) | q_tot_pred_mean=2.6193 | drbfn_loss=0.0018, qi_loss=0.0043, qtot_loss=0.2489

 Map MMM2 Algo r_drbfn_v3 Exp v3_MMM2_5M_beta0 updates 3040/3125 episodes, total num timesteps 4865600/5000000, FPS 66.

incre win rate is 0.02912621359223301.

 Map MMM2 Algo r_drbfn_v3 Exp v3_MMM2_5M_beta0 updates 3045/3125 episodes, total num timesteps 4873600/5000000, FPS 66.

incre win rate is 0.037383177570093455.
[v3 step=3050] R_mean=0.1245 | G_n_mean=2.1711 (n=5) | q_tot_pred_mean=2.1693 | drbfn_loss=0.0018, qi_loss=0.0038, qtot_loss=0.2314

 Map MMM2 Algo r_drbfn_v3 Exp v3_MMM2_5M_beta0 updates 3050/3125 episodes, total num timesteps 4881600/5000000, FPS 66.

incre win rate is 0.019417475728155338.
eval win rate is 0.03125.

 Map MMM2 Algo r_drbfn_v3 Exp v3_MMM2_5M_beta0 updates 3055/3125 episodes, total num timesteps 4889600/5000000, FPS 66.

incre win rate is 0.0.
[v3 step=3060] R_mean=0.1486 | G_n_mean=2.4352 (n=5) | q_tot_pred_mean=2.3839 | drbfn_loss=0.0017, qi_loss=0.0033, qtot_loss=0.1371

 Map MMM2 Algo r_drbfn_v3 Exp v3_MMM2_5M_beta0 updates 3060/3125 episodes, total num timesteps 4897600/5000000, FPS 66.

incre win rate is 0.0196078431372549.

 Map MMM2 Algo r_drbfn_v3 Exp v3_MMM2_5M_beta0 updates 3065/3125 episodes, total num timesteps 4905600/5000000, FPS 66.

incre win rate is 0.0.
[v3 step=3070] R_mean=0.2402 | G_n_mean=3.7693 (n=5) | q_tot_pred_mean=3.7680 | drbfn_loss=0.0017, qi_loss=0.0063, qtot_loss=0.2669

 Map MMM2 Algo r_drbfn_v3 Exp v3_MMM2_5M_beta0 updates 3070/3125 episodes, total num timesteps 4913600/5000000, FPS 66.

incre win rate is 0.03773584905660377.

 Map MMM2 Algo r_drbfn_v3 Exp v3_MMM2_5M_beta0 updates 3075/3125 episodes, total num timesteps 4921600/5000000, FPS 66.

incre win rate is 0.0.
eval win rate is 0.09375.
[v3 step=3080] R_mean=0.1934 | G_n_mean=3.1448 (n=5) | q_tot_pred_mean=3.1564 | drbfn_loss=0.0017, qi_loss=0.0050, qtot_loss=0.3535

 Map MMM2 Algo r_drbfn_v3 Exp v3_MMM2_5M_beta0 updates 3080/3125 episodes, total num timesteps 4929600/5000000, FPS 66.

incre win rate is 0.028985507246376812.

 Map MMM2 Algo r_drbfn_v3 Exp v3_MMM2_5M_beta0 updates 3085/3125 episodes, total num timesteps 4937600/5000000, FPS 66.

incre win rate is 0.0743801652892562.
[v3 step=3090] R_mean=0.1684 | G_n_mean=2.7844 (n=5) | q_tot_pred_mean=2.7955 | drbfn_loss=0.0020, qi_loss=0.0045, qtot_loss=0.5580

 Map MMM2 Algo r_drbfn_v3 Exp v3_MMM2_5M_beta0 updates 3090/3125 episodes, total num timesteps 4945600/5000000, FPS 66.

incre win rate is 0.01818181818181818.

 Map MMM2 Algo r_drbfn_v3 Exp v3_MMM2_5M_beta0 updates 3095/3125 episodes, total num timesteps 4953600/5000000, FPS 66.

incre win rate is 0.017391304347826087.
[v3 step=3100] R_mean=0.1823 | G_n_mean=3.0634 (n=5) | q_tot_pred_mean=3.0415 | drbfn_loss=0.0019, qi_loss=0.0051, qtot_loss=0.3701

 Map MMM2 Algo r_drbfn_v3 Exp v3_MMM2_5M_beta0 updates 3100/3125 episodes, total num timesteps 4961600/5000000, FPS 66.

incre win rate is 0.06542056074766354.
eval win rate is 0.03125.

 Map MMM2 Algo r_drbfn_v3 Exp v3_MMM2_5M_beta0 updates 3105/3125 episodes, total num timesteps 4969600/5000000, FPS 66.

incre win rate is 0.029411764705882353.
[v3 step=3110] R_mean=0.1960 | G_n_mean=3.1348 (n=5) | q_tot_pred_mean=3.1200 | drbfn_loss=0.0020, qi_loss=0.0053, qtot_loss=0.3457

 Map MMM2 Algo r_drbfn_v3 Exp v3_MMM2_5M_beta0 updates 3110/3125 episodes, total num timesteps 4977600/5000000, FPS 66.

incre win rate is 0.06201550387596899.

 Map MMM2 Algo r_drbfn_v3 Exp v3_MMM2_5M_beta0 updates 3115/3125 episodes, total num timesteps 4985600/5000000, FPS 66.

incre win rate is 0.029411764705882353.
[v3 step=3120] R_mean=0.1643 | G_n_mean=2.7348 (n=5) | q_tot_pred_mean=2.7490 | drbfn_loss=0.0015, qi_loss=0.0041, qtot_loss=0.2469

 Map MMM2 Algo r_drbfn_v3 Exp v3_MMM2_5M_beta0 updates 3120/3125 episodes, total num timesteps 4993600/5000000, FPS 66.

incre win rate is 0.024193548387096774.
