u are choosing to use rmappo, we set use_recurrent_policy to be True
choose to use gpu...
D:\conda\Lib\site-packages\requests\__init__.py:113: RequestsDependencyWarning: urllib3 (2.2.3) or chardet (7.4.3)/charset_normalizer (3.3.2) doesn't match a supported version!
  warnings.warn(
obs_space:  [[370, [9, 26], [12, 8], [1, 4], [1, 36]], [370, [9, 26], [12, 8], [1, 4], [1, 36]], [370, [9, 26], [12, 8], [1, 4], [1, 36]], [370, [9, 26], [12, 8], [1, 4], [1, 36]], [370, [9, 26], [12, 8], [1, 4], [1, 36]], [370, [9, 26], [12, 8], [1, 4], [1, 36]], [370, [9, 26], [12, 8], [1, 4], [1, 36]], [370, [9, 26], [12, 8], [1, 4], [1, 36]], [370, [9, 26], [12, 8], [1, 4], [1, 36]], [370, [9, 26], [12, 8], [1, 4], [1, 36]]]
share_obs_space:  [[435, [9, 29], [12, 11], [1, 4], [1, 38]], [435, [9, 29], [12, 11], [1, 4], [1, 38]], [435, [9, 29], [12, 11], [1, 4], [1, 38]], [435, [9, 29], [12, 11], [1, 4], [1, 38]], [435, [9, 29], [12, 11], [1, 4], [1, 38]], [435, [9, 29], [12, 11], [1, 4], [1, 38]], [435, [9, 29], [12, 11], [1, 4], [1, 38]], [435, [9, 29], [12, 11], [1, 4], [1, 38]], [435, [9, 29], [12, 11], [1, 4], [1, 38]], [435, [9, 29], [12, 11], [1, 4], [1, 38]]]
act_space:  [Discrete(18), Discrete(18), Discrete(18), Discrete(18), Discrete(18), Discrete(18), Discrete(18), Discrete(18), Discrete(18), Discrete(18)]

 Map MMM2 Algo rmappo Exp mappo_MMM2 updates 0/12500 episodes, total num timesteps 800/10000000, FPS 37.

incre win rate is 0.0.
eval win rate is 0.0.

 Map MMM2 Algo rmappo Exp mappo_MMM2 updates 5/12500 episodes, total num timesteps 4800/10000000, FPS 26.

incre win rate is 0.0.

 Map MMM2 Algo rmappo Exp mappo_MMM2 updates 10/12500 episodes, total num timesteps 8800/10000000, FPS 33.

incre win rate is 0.0.

 Map MMM2 Algo rmappo Exp mappo_MMM2 updates 15/12500 episodes, total num timesteps 12800/10000000, FPS 36.

incre win rate is 0.0.

 Map MMM2 Algo rmappo Exp mappo_MMM2 updates 20/12500 episodes, total num timesteps 16800/10000000, FPS 38.

incre win rate is 0.0.

 Map MMM2 Algo rmappo Exp mappo_MMM2 updates 25/12500 episodes, total num timesteps 20800/10000000, FPS 39.

incre win rate is 0.0.
eval win rate is 0.0.

 Map MMM2 Algo rmappo Exp mappo_MMM2 updates 30/12500 episodes, total num timesteps 24800/10000000, FPS 37.

incre win rate is 0.0.

 Map MMM2 Algo rmappo Exp mappo_MMM2 updates 35/12500 episodes, total num timesteps 28800/10000000, FPS 37.

incre win rate is 0.0.

 Map MMM2 Algo rmappo Exp mappo_MMM2 updates 40/12500 episodes, total num timesteps 32800/10000000, FPS 38.

incre win rate is 0.0.

 Map MMM2 Algo rmappo Exp mappo_MMM2 updates 45/12500 episodes, total num timesteps 36800/10000000, FPS 39.

incre win rate is 0.0.

 Map MMM2 Algo rmappo Exp mappo_MMM2 updates 50/12500 episodes, total num timesteps 40800/10000000, FPS 40.

incre win rate is 0.0.
eval win rate is 0.0.

 Map MMM2 Algo rmappo Exp mappo_MMM2 updates 55/12500 episodes, total num timesteps 44800/10000000, FPS 39.

incre win rate is 0.0.

 Map MMM2 Algo rmappo Exp mappo_MMM2 updates 60/12500 episodes, total num timesteps 48800/10000000, FPS 40.

incre win rate is 0.0.

 Map MMM2 Algo rmappo Exp mappo_MMM2 updates 65/12500 episodes, total num timesteps 52800/10000000, FPS 40.

incre win rate is 0.0.

 Map MMM2 Algo rmappo Exp mappo_MMM2 updates 70/12500 episodes, total num timesteps 56800/10000000, FPS 41.

incre win rate is 0.0.

 Map MMM2 Algo rmappo Exp mappo_MMM2 updates 75/12500 episodes, total num timesteps 60800/10000000, FPS 41.

incre win rate is 0.0.
eval win rate is 0.0.

 Map MMM2 Algo rmappo Exp mappo_MMM2 updates 80/12500 episodes, total num timesteps 64800/10000000, FPS 40.

incre win rate is 0.0.

 Map MMM2 Algo rmappo Exp mappo_MMM2 updates 85/12500 episodes, total num timesteps 68800/10000000, FPS 40.

incre win rate is 0.0.

 Map MMM2 Algo rmappo Exp mappo_MMM2 updates 90/12500 episodes, total num timesteps 72800/10000000, FPS 40.

incre win rate is 0.0.

 Map MMM2 Algo rmappo Exp mappo_MMM2 updates 95/12500 episodes, total num timesteps 76800/10000000, FPS 40.

incre win rate is 0.0.

 Map MMM2 Algo rmappo Exp mappo_MMM2 updates 100/12500 episodes, total num timesteps 80800/10000000, FPS 40.

incre win rate is 0.0.
eval win rate is 0.0.

 Map MMM2 Algo rmappo Exp mappo_MMM2 updates 105/12500 episodes, total num timesteps 84800/10000000, FPS 40.

incre win rate is 0.0.

 Map MMM2 Algo rmappo Exp mappo_MMM2 updates 110/12500 episodes, total num timesteps 88800/10000000, FPS 40.

incre win rate is 0.0.

 Map MMM2 Algo rmappo Exp mappo_MMM2 updates 115/12500 episodes, total num timesteps 92800/10000000, FPS 40.

incre win rate is 0.0.

 Map MMM2 Algo rmappo Exp mappo_MMM2 updates 120/12500 episodes, total num timesteps 96800/10000000, FPS 41.

incre win rate is 0.0.

 Map MMM2 Algo rmappo Exp mappo_MMM2 updates 125/12500 episodes, total num timesteps 100800/10000000, FPS 41.

incre win rate is 0.0.
eval win rate is 0.0.

 Map MMM2 Algo rmappo Exp mappo_MMM2 updates 130/12500 episodes, total num timesteps 104800/10000000, FPS 40.

incre win rate is 0.0.

 Map MMM2 Algo rmappo Exp mappo_MMM2 updates 135/12500 episodes, total num timesteps 108800/10000000, FPS 40.

incre win rate is 0.0.

 Map MMM2 Algo rmappo Exp mappo_MMM2 updates 140/12500 episodes, total num timesteps 112800/10000000, FPS 41.

incre win rate is 0.0.

 Map MMM2 Algo rmappo Exp mappo_MMM2 updates 145/12500 episodes, total num timesteps 116800/10000000, FPS 41.

incre win rate is 0.0.

 Map MMM2 Algo rmappo Exp mappo_MMM2 updates 150/12500 episodes, total num timesteps 120800/10000000, FPS 41.

incre win rate is 0.0.
eval win rate is 0.0.

 Map MMM2 Algo rmappo Exp mappo_MMM2 updates 155/12500 episodes, total num timesteps 124800/10000000, FPS 41.

incre win rate is 0.0.

 Map MMM2 Algo rmappo Exp mappo_MMM2 updates 160/12500 episodes, total num timesteps 128800/10000000, FPS 41.

incre win rate is 0.0.

 Map MMM2 Algo rmappo Exp mappo_MMM2 updates 165/12500 episodes, total num timesteps 132800/10000000, FPS 41.

incre win rate is 0.0.

 Map MMM2 Algo rmappo Exp mappo_MMM2 updates 170/12500 episodes, total num timesteps 136800/10000000, FPS 41.

incre win rate is 0.0.

 Map MMM2 Algo rmappo Exp mappo_MMM2 updates 175/12500 episodes, total num timesteps 140800/10000000, FPS 42.

incre win rate is 0.0.
eval win rate is 0.0.

 Map MMM2 Algo rmappo Exp mappo_MMM2 updates 180/12500 episodes, total num timesteps 144800/10000000, FPS 41.

incre win rate is 0.0.

 Map MMM2 Algo rmappo Exp mappo_MMM2 updates 185/12500 episodes, total num timesteps 148800/10000000, FPS 41.

incre win rate is 0.0.

 Map MMM2 Algo rmappo Exp mappo_MMM2 updates 190/12500 episodes, total num timesteps 152800/10000000, FPS 41.

incre win rate is 0.0.

 Map MMM2 Algo rmappo Exp mappo_MMM2 updates 195/12500 episodes, total num timesteps 156800/10000000, FPS 41.

incre win rate is 0.0.

 Map MMM2 Algo rmappo Exp mappo_MMM2 updates 200/12500 episodes, total num timesteps 160800/10000000, FPS 41.

incre win rate is 0.0.
eval win rate is 0.0.

 Map MMM2 Algo rmappo Exp mappo_MMM2 updates 205/12500 episodes, total num timesteps 164800/10000000, FPS 41.

incre win rate is 0.0.

 Map MMM2 Algo rmappo Exp mappo_MMM2 updates 210/12500 episodes, total num timesteps 168800/10000000, FPS 41.

incre win rate is 0.0.

 Map MMM2 Algo rmappo Exp mappo_MMM2 updates 215/12500 episodes, total num timesteps 172800/10000000, FPS 41.

incre win rate is 0.0.

 Map MMM2 Algo rmappo Exp mappo_MMM2 updates 220/12500 episodes, total num timesteps 176800/10000000, FPS 41.

incre win rate is 0.0.

 Map MMM2 Algo rmappo Exp mappo_MMM2 updates 225/12500 episodes, total num timesteps 180800/10000000, FPS 41.

incre win rate is 0.0.
eval win rate is 0.0.

 Map MMM2 Algo rmappo Exp mappo_MMM2 updates 230/12500 episodes, total num timesteps 184800/10000000, FPS 41.

incre win rate is 0.0.

 Map MMM2 Algo rmappo Exp mappo_MMM2 updates 235/12500 episodes, total num timesteps 188800/10000000, FPS 41.

incre win rate is 0.0.

 Map MMM2 Algo rmappo Exp mappo_MMM2 updates 240/12500 episodes, total num timesteps 192800/10000000, FPS 41.

incre win rate is 0.0.

 Map MMM2 Algo rmappo Exp mappo_MMM2 updates 245/12500 episodes, total num timesteps 196800/10000000, FPS 41.

incre win rate is 0.0.

 Map MMM2 Algo rmappo Exp mappo_MMM2 updates 250/12500 episodes, total num timesteps 200800/10000000, FPS 41.

incre win rate is 0.0.
eval win rate is 0.0.

 Map MMM2 Algo rmappo Exp mappo_MMM2 updates 255/12500 episodes, total num timesteps 204800/10000000, FPS 41.

incre win rate is 0.0.

 Map MMM2 Algo rmappo Exp mappo_MMM2 updates 260/12500 episodes, total num timesteps 208800/10000000, FPS 41.

incre win rate is 0.0.

 Map MMM2 Algo rmappo Exp mappo_MMM2 updates 265/12500 episodes, total num timesteps 212800/10000000, FPS 41.

incre win rate is 0.0.

 Map MMM2 Algo rmappo Exp mappo_MMM2 updates 270/12500 episodes, total num timesteps 216800/10000000, FPS 42.

incre win rate is 0.0.

 Map MMM2 Algo rmappo Exp mappo_MMM2 updates 275/12500 episodes, total num timesteps 220800/10000000, FPS 42.

incre win rate is 0.0.
eval win rate is 0.0.

 Map MMM2 Algo rmappo Exp mappo_MMM2 updates 280/12500 episodes, total num timesteps 224800/10000000, FPS 41.

incre win rate is 0.0.

 Map MMM2 Algo rmappo Exp mappo_MMM2 updates 285/12500 episodes, total num timesteps 228800/10000000, FPS 42.

incre win rate is 0.0.

 Map MMM2 Algo rmappo Exp mappo_MMM2 updates 290/12500 episodes, total num timesteps 232800/10000000, FPS 42.

incre win rate is 0.0.

 Map MMM2 Algo rmappo Exp mappo_MMM2 updates 295/12500 episodes, total num timesteps 236800/10000000, FPS 42.

incre win rate is 0.0.

 Map MMM2 Algo rmappo Exp mappo_MMM2 updates 300/12500 episodes, total num timesteps 240800/10000000, FPS 42.

incre win rate is 0.0.
eval win rate is 0.0.

 Map MMM2 Algo rmappo Exp mappo_MMM2 updates 305/12500 episodes, total num timesteps 244800/10000000, FPS 42.

incre win rate is 0.0.

 Map MMM2 Algo rmappo Exp mappo_MMM2 updates 310/12500 episodes, total num timesteps 248800/10000000, FPS 42.

incre win rate is 0.0.

 Map MMM2 Algo rmappo Exp mappo_MMM2 updates 315/12500 episodes, total num timesteps 252800/10000000, FPS 42.

incre win rate is 0.0.

 Map MMM2 Algo rmappo Exp mappo_MMM2 updates 320/12500 episodes, total num timesteps 256800/10000000, FPS 42.

incre win rate is 0.0.

 Map MMM2 Algo rmappo Exp mappo_MMM2 updates 325/12500 episodes, total num timesteps 260800/10000000, FPS 42.

incre win rate is 0.0.
eval win rate is 0.0.

 Map MMM2 Algo rmappo Exp mappo_MMM2 updates 330/12500 episodes, total num timesteps 264800/10000000, FPS 42.

incre win rate is 0.0.

 Map MMM2 Algo rmappo Exp mappo_MMM2 updates 335/12500 episodes, total num timesteps 268800/10000000, FPS 42.

incre win rate is 0.0.

 Map MMM2 Algo rmappo Exp mappo_MMM2 updates 340/12500 episodes, total num timesteps 272800/10000000, FPS 42.

incre win rate is 0.0.

 Map MMM2 Algo rmappo Exp mappo_MMM2 updates 345/12500 episodes, total num timesteps 276800/10000000, FPS 42.

incre win rate is 0.0.

 Map MMM2 Algo rmappo Exp mappo_MMM2 updates 350/12500 episodes, total num timesteps 280800/10000000, FPS 43.

incre win rate is 0.0.
eval win rate is 0.0.

 Map MMM2 Algo rmappo Exp mappo_MMM2 updates 355/12500 episodes, total num timesteps 284800/10000000, FPS 42.

incre win rate is 0.0.

 Map MMM2 Algo rmappo Exp mappo_MMM2 updates 360/12500 episodes, total num timesteps 288800/10000000, FPS 43.

incre win rate is 0.0.

 Map MMM2 Algo rmappo Exp mappo_MMM2 updates 365/12500 episodes, total num timesteps 292800/10000000, FPS 43.

incre win rate is 0.0.

 Map MMM2 Algo rmappo Exp mappo_MMM2 updates 370/12500 episodes, total num timesteps 296800/10000000, FPS 43.

incre win rate is 0.0.

 Map MMM2 Algo rmappo Exp mappo_MMM2 updates 375/12500 episodes, total num timesteps 300800/10000000, FPS 43.

incre win rate is 0.0.
eval win rate is 0.0.

 Map MMM2 Algo rmappo Exp mappo_MMM2 updates 380/12500 episodes, total num timesteps 304800/10000000, FPS 43.

incre win rate is 0.0.

 Map MMM2 Algo rmappo Exp mappo_MMM2 updates 385/12500 episodes, total num timesteps 308800/10000000, FPS 43.

incre win rate is 0.0.

 Map MMM2 Algo rmappo Exp mappo_MMM2 updates 390/12500 episodes, total num timesteps 312800/10000000, FPS 43.

incre win rate is 0.0.

 Map MMM2 Algo rmappo Exp mappo_MMM2 updates 395/12500 episodes, total num timesteps 316800/10000000, FPS 43.

incre win rate is 0.0.

 Map MMM2 Algo rmappo Exp mappo_MMM2 updates 400/12500 episodes, total num timesteps 320800/10000000, FPS 43.

incre win rate is 0.0.
eval win rate is 0.0.

 Map MMM2 Algo rmappo Exp mappo_MMM2 updates 405/12500 episodes, total num timesteps 324800/10000000, FPS 43.

incre win rate is 0.0.

 Map MMM2 Algo rmappo Exp mappo_MMM2 updates 410/12500 episodes, total num timesteps 328800/10000000, FPS 43.

incre win rate is 0.0.

 Map MMM2 Algo rmappo Exp mappo_MMM2 updates 415/12500 episodes, total num timesteps 332800/10000000, FPS 43.

incre win rate is 0.0.

 Map MMM2 Algo rmappo Exp mappo_MMM2 updates 420/12500 episodes, total num timesteps 336800/10000000, FPS 43.

incre win rate is 0.0.

 Map MMM2 Algo rmappo Exp mappo_MMM2 updates 425/12500 episodes, total num timesteps 340800/10000000, FPS 43.

incre win rate is 0.0.
eval win rate is 0.0.

 Map MMM2 Algo rmappo Exp mappo_MMM2 updates 430/12500 episodes, total num timesteps 344800/10000000, FPS 43.

incre win rate is 0.0.

 Map MMM2 Algo rmappo Exp mappo_MMM2 updates 435/12500 episodes, total num timesteps 348800/10000000, FPS 43.

incre win rate is 0.0.

 Map MMM2 Algo rmappo Exp mappo_MMM2 updates 440/12500 episodes, total num timesteps 352800/10000000, FPS 43.

incre win rate is 0.0.

 Map MMM2 Algo rmappo Exp mappo_MMM2 updates 445/12500 episodes, total num timesteps 356800/10000000, FPS 43.

incre win rate is 0.0.

 Map MMM2 Algo rmappo Exp mappo_MMM2 updates 450/12500 episodes, total num timesteps 360800/10000000, FPS 43.

incre win rate is 0.0.
eval win rate is 0.0.

 Map MMM2 Algo rmappo Exp mappo_MMM2 updates 455/12500 episodes, total num timesteps 364800/10000000, FPS 43.

incre win rate is 0.0.

 Map MMM2 Algo rmappo Exp mappo_MMM2 updates 460/12500 episodes, total num timesteps 368800/10000000, FPS 43.

incre win rate is 0.0.

 Map MMM2 Algo rmappo Exp mappo_MMM2 updates 465/12500 episodes, total num timesteps 372800/10000000, FPS 43.

incre win rate is 0.0.

 Map MMM2 Algo rmappo Exp mappo_MMM2 updates 470/12500 episodes, total num timesteps 376800/10000000, FPS 43.

incre win rate is 0.0.

 Map MMM2 Algo rmappo Exp mappo_MMM2 updates 475/12500 episodes, total num timesteps 380800/10000000, FPS 43.

incre win rate is 0.0.
eval win rate is 0.0.

 Map MMM2 Algo rmappo Exp mappo_MMM2 updates 480/12500 episodes, total num timesteps 384800/10000000, FPS 43.

incre win rate is 0.0.

 Map MMM2 Algo rmappo Exp mappo_MMM2 updates 485/12500 episodes, total num timesteps 388800/10000000, FPS 43.

incre win rate is 0.0.

 Map MMM2 Algo rmappo Exp mappo_MMM2 updates 490/12500 episodes, total num timesteps 392800/10000000, FPS 43.

incre win rate is 0.0.

 Map MMM2 Algo rmappo Exp mappo_MMM2 updates 495/12500 episodes, total num timesteps 396800/10000000, FPS 43.

incre win rate is 0.0.

 Map MMM2 Algo rmappo Exp mappo_MMM2 updates 500/12500 episodes, total num timesteps 400800/10000000, FPS 43.

incre win rate is 0.0.
eval win rate is 0.0.

 Map MMM2 Algo rmappo Exp mappo_MMM2 updates 505/12500 episodes, total num timesteps 404800/10000000, FPS 43.

incre win rate is 0.0.

 Map MMM2 Algo rmappo Exp mappo_MMM2 updates 510/12500 episodes, total num timesteps 408800/10000000, FPS 43.

incre win rate is 0.0.

 Map MMM2 Algo rmappo Exp mappo_MMM2 updates 515/12500 episodes, total num timesteps 412800/10000000, FPS 43.

incre win rate is 0.0.

 Map MMM2 Algo rmappo Exp mappo_MMM2 updates 520/12500 episodes, total num timesteps 416800/10000000, FPS 43.

incre win rate is 0.0.

 Map MMM2 Algo rmappo Exp mappo_MMM2 updates 525/12500 episodes, total num timesteps 420800/10000000, FPS 43.

incre win rate is 0.0.
eval win rate is 0.0.

 Map MMM2 Algo rmappo Exp mappo_MMM2 updates 530/12500 episodes, total num timesteps 424800/10000000, FPS 43.

incre win rate is 0.0.

 Map MMM2 Algo rmappo Exp mappo_MMM2 updates 535/12500 episodes, total num timesteps 428800/10000000, FPS 43.

incre win rate is 0.0.

 Map MMM2 Algo rmappo Exp mappo_MMM2 updates 540/12500 episodes, total num timesteps 432800/10000000, FPS 43.

incre win rate is 0.0.

 Map MMM2 Algo rmappo Exp mappo_MMM2 updates 545/12500 episodes, total num timesteps 436800/10000000, FPS 43.

incre win rate is 0.0.

 Map MMM2 Algo rmappo Exp mappo_MMM2 updates 550/12500 episodes, total num timesteps 440800/10000000, FPS 43.

incre win rate is 0.0.
eval win rate is 0.0.

 Map MMM2 Algo rmappo Exp mappo_MMM2 updates 555/12500 episodes, total num timesteps 444800/10000000, FPS 43.

incre win rate is 0.0.

 Map MMM2 Algo rmappo Exp mappo_MMM2 updates 560/12500 episodes, total num timesteps 448800/10000000, FPS 43.

incre win rate is 0.0.

 Map MMM2 Algo rmappo Exp mappo_MMM2 updates 565/12500 episodes, total num timesteps 452800/10000000, FPS 43.

incre win rate is 0.0.

 Map MMM2 Algo rmappo Exp mappo_MMM2 updates 570/12500 episodes, total num timesteps 456800/10000000, FPS 43.

incre win rate is 0.0.

 Map MMM2 Algo rmappo Exp mappo_MMM2 updates 575/12500 episodes, total num timesteps 460800/10000000, FPS 43.

incre win rate is 0.0.
eval win rate is 0.0.

 Map MMM2 Algo rmappo Exp mappo_MMM2 updates 580/12500 episodes, total num timesteps 464800/10000000, FPS 43.

incre win rate is 0.0.

 Map MMM2 Algo rmappo Exp mappo_MMM2 updates 585/12500 episodes, total num timesteps 468800/10000000, FPS 43.

incre win rate is 0.0.

 Map MMM2 Algo rmappo Exp mappo_MMM2 updates 590/12500 episodes, total num timesteps 472800/10000000, FPS 43.

incre win rate is 0.0.

 Map MMM2 Algo rmappo Exp mappo_MMM2 updates 595/12500 episodes, total num timesteps 476800/10000000, FPS 43.

incre win rate is 0.0.

 Map MMM2 Algo rmappo Exp mappo_MMM2 updates 600/12500 episodes, total num timesteps 480800/10000000, FPS 43.

incre win rate is 0.0.
eval win rate is 0.0.

 Map MMM2 Algo rmappo Exp mappo_MMM2 updates 605/12500 episodes, total num timesteps 484800/10000000, FPS 43.

incre win rate is 0.0.

 Map MMM2 Algo rmappo Exp mappo_MMM2 updates 610/12500 episodes, total num timesteps 488800/10000000, FPS 43.

incre win rate is 0.0.

 Map MMM2 Algo rmappo Exp mappo_MMM2 updates 615/12500 episodes, total num timesteps 492800/10000000, FPS 44.

incre win rate is 0.0.

 Map MMM2 Algo rmappo Exp mappo_MMM2 updates 620/12500 episodes, total num timesteps 496800/10000000, FPS 44.

incre win rate is 0.0.

 Map MMM2 Algo rmappo Exp mappo_MMM2 updates 625/12500 episodes, total num timesteps 500800/10000000, FPS 44.

incre win rate is 0.0.
eval win rate is 0.0.

 Map MMM2 Algo rmappo Exp mappo_MMM2 updates 630/12500 episodes, total num timesteps 504800/10000000, FPS 43.

incre win rate is 0.0.

 Map MMM2 Algo rmappo Exp mappo_MMM2 updates 635/12500 episodes, total num timesteps 508800/10000000, FPS 43.

incre win rate is 0.0.

 Map MMM2 Algo rmappo Exp mappo_MMM2 updates 640/12500 episodes, total num timesteps 512800/10000000, FPS 44.

incre win rate is 0.0.

 Map MMM2 Algo rmappo Exp mappo_MMM2 updates 645/12500 episodes, total num timesteps 516800/10000000, FPS 44.

incre win rate is 0.0.

 Map MMM2 Algo rmappo Exp mappo_MMM2 updates 650/12500 episodes, total num timesteps 520800/10000000, FPS 44.

incre win rate is 0.0.
eval win rate is 0.0.

 Map MMM2 Algo rmappo Exp mappo_MMM2 updates 655/12500 episodes, total num timesteps 524800/10000000, FPS 43.

incre win rate is 0.0.

 Map MMM2 Algo rmappo Exp mappo_MMM2 updates 660/12500 episodes, total num timesteps 528800/10000000, FPS 44.

incre win rate is 0.0.

 Map MMM2 Algo rmappo Exp mappo_MMM2 updates 665/12500 episodes, total num timesteps 532800/10000000, FPS 44.

incre win rate is 0.0.

 Map MMM2 Algo rmappo Exp mappo_MMM2 updates 670/12500 episodes, total num timesteps 536800/10000000, FPS 44.

incre win rate is 0.0.

 Map MMM2 Algo rmappo Exp mappo_MMM2 updates 675/12500 episodes, total num timesteps 540800/10000000, FPS 44.

incre win rate is 0.0.
eval win rate is 0.0.

 Map MMM2 Algo rmappo Exp mappo_MMM2 updates 680/12500 episodes, total num timesteps 544800/10000000, FPS 44.

incre win rate is 0.0.

 Map MMM2 Algo rmappo Exp mappo_MMM2 updates 685/12500 episodes, total num timesteps 548800/10000000, FPS 44.

incre win rate is 0.0.

 Map MMM2 Algo rmappo Exp mappo_MMM2 updates 690/12500 episodes, total num timesteps 552800/10000000, FPS 44.

incre win rate is 0.0.

 Map MMM2 Algo rmappo Exp mappo_MMM2 updates 695/12500 episodes, total num timesteps 556800/10000000, FPS 44.

incre win rate is 0.0.

 Map MMM2 Algo rmappo Exp mappo_MMM2 updates 700/12500 episodes, total num timesteps 560800/10000000, FPS 44.

incre win rate is 0.0.
eval win rate is 0.0.

 Map MMM2 Algo rmappo Exp mappo_MMM2 updates 705/12500 episodes, total num timesteps 564800/10000000, FPS 44.

incre win rate is 0.0.

 Map MMM2 Algo rmappo Exp mappo_MMM2 updates 710/12500 episodes, total num timesteps 568800/10000000, FPS 44.

incre win rate is 0.0.

 Map MMM2 Algo rmappo Exp mappo_MMM2 updates 715/12500 episodes, total num timesteps 572800/10000000, FPS 44.

incre win rate is 0.0.

 Map MMM2 Algo rmappo Exp mappo_MMM2 updates 720/12500 episodes, total num timesteps 576800/10000000, FPS 44.

incre win rate is 0.0.

 Map MMM2 Algo rmappo Exp mappo_MMM2 updates 725/12500 episodes, total num timesteps 580800/10000000, FPS 44.

incre win rate is 0.0.
eval win rate is 0.0.

 Map MMM2 Algo rmappo Exp mappo_MMM2 updates 730/12500 episodes, total num timesteps 584800/10000000, FPS 44.

incre win rate is 0.0.

 Map MMM2 Algo rmappo Exp mappo_MMM2 updates 735/12500 episodes, total num timesteps 588800/10000000, FPS 44.

incre win rate is 0.0.

 Map MMM2 Algo rmappo Exp mappo_MMM2 updates 740/12500 episodes, total num timesteps 592800/10000000, FPS 44.

incre win rate is 0.0.

 Map MMM2 Algo rmappo Exp mappo_MMM2 updates 745/12500 episodes, total num timesteps 596800/10000000, FPS 44.

incre win rate is 0.0.

 Map MMM2 Algo rmappo Exp mappo_MMM2 updates 750/12500 episodes, total num timesteps 600800/10000000, FPS 44.

incre win rate is 0.0.
eval win rate is 0.0.

 Map MMM2 Algo rmappo Exp mappo_MMM2 updates 755/12500 episodes, total num timesteps 604800/10000000, FPS 44.

incre win rate is 0.0.

 Map MMM2 Algo rmappo Exp mappo_MMM2 updates 760/12500 episodes, total num timesteps 608800/10000000, FPS 44.

incre win rate is 0.0.

 Map MMM2 Algo rmappo Exp mappo_MMM2 updates 765/12500 episodes, total num timesteps 612800/10000000, FPS 44.

incre win rate is 0.0.

 Map MMM2 Algo rmappo Exp mappo_MMM2 updates 770/12500 episodes, total num timesteps 616800/10000000, FPS 44.

incre win rate is 0.0.

 Map MMM2 Algo rmappo Exp mappo_MMM2 updates 775/12500 episodes, total num timesteps 620800/10000000, FPS 44.

incre win rate is 0.0.
eval win rate is 0.0.

 Map MMM2 Algo rmappo Exp mappo_MMM2 updates 780/12500 episodes, total num timesteps 624800/10000000, FPS 44.

incre win rate is 0.0.

 Map MMM2 Algo rmappo Exp mappo_MMM2 updates 785/12500 episodes, total num timesteps 628800/10000000, FPS 44.

incre win rate is 0.0.

 Map MMM2 Algo rmappo Exp mappo_MMM2 updates 790/12500 episodes, total num timesteps 632800/10000000, FPS 44.

incre win rate is 0.0.

 Map MMM2 Algo rmappo Exp mappo_MMM2 updates 795/12500 episodes, total num timesteps 636800/10000000, FPS 44.

incre win rate is 0.0.

 Map MMM2 Algo rmappo Exp mappo_MMM2 updates 800/12500 episodes, total num timesteps 640800/10000000, FPS 44.

incre win rate is 0.0.
eval win rate is 0.0.

 Map MMM2 Algo rmappo Exp mappo_MMM2 updates 805/12500 episodes, total num timesteps 644800/10000000, FPS 44.

incre win rate is 0.0.

 Map MMM2 Algo rmappo Exp mappo_MMM2 updates 810/12500 episodes, total num timesteps 648800/10000000, FPS 44.

incre win rate is 0.0.

 Map MMM2 Algo rmappo Exp mappo_MMM2 updates 815/12500 episodes, total num timesteps 652800/10000000, FPS 44.

incre win rate is 0.0.

 Map MMM2 Algo rmappo Exp mappo_MMM2 updates 820/12500 episodes, total num timesteps 656800/10000000, FPS 44.

incre win rate is 0.0.

 Map MMM2 Algo rmappo Exp mappo_MMM2 updates 825/12500 episodes, total num timesteps 660800/10000000, FPS 44.

incre win rate is 0.0.
eval win rate is 0.0.

 Map MMM2 Algo rmappo Exp mappo_MMM2 updates 830/12500 episodes, total num timesteps 664800/10000000, FPS 44.

incre win rate is 0.0.

 Map MMM2 Algo rmappo Exp mappo_MMM2 updates 835/12500 episodes, total num timesteps 668800/10000000, FPS 44.

incre win rate is 0.0.

 Map MMM2 Algo rmappo Exp mappo_MMM2 updates 840/12500 episodes, total num timesteps 672800/10000000, FPS 44.

incre win rate is 0.0.

 Map MMM2 Algo rmappo Exp mappo_MMM2 updates 845/12500 episodes, total num timesteps 676800/10000000, FPS 44.

incre win rate is 0.0.

 Map MMM2 Algo rmappo Exp mappo_MMM2 updates 850/12500 episodes, total num timesteps 680800/10000000, FPS 44.

incre win rate is 0.0.
eval win rate is 0.0.

 Map MMM2 Algo rmappo Exp mappo_MMM2 updates 855/12500 episodes, total num timesteps 684800/10000000, FPS 44.

incre win rate is 0.0.

 Map MMM2 Algo rmappo Exp mappo_MMM2 updates 860/12500 episodes, total num timesteps 688800/10000000, FPS 44.

incre win rate is 0.0.

 Map MMM2 Algo rmappo Exp mappo_MMM2 updates 865/12500 episodes, total num timesteps 692800/10000000, FPS 44.

incre win rate is 0.0.

 Map MMM2 Algo rmappo Exp mappo_MMM2 updates 870/12500 episodes, total num timesteps 696800/10000000, FPS 44.

incre win rate is 0.0.

 Map MMM2 Algo rmappo Exp mappo_MMM2 updates 875/12500 episodes, total num timesteps 700800/10000000, FPS 44.

incre win rate is 0.0.
eval win rate is 0.0.

 Map MMM2 Algo rmappo Exp mappo_MMM2 updates 880/12500 episodes, total num timesteps 704800/10000000, FPS 44.

incre win rate is 0.0.

 Map MMM2 Algo rmappo Exp mappo_MMM2 updates 885/12500 episodes, total num timesteps 708800/10000000, FPS 44.

incre win rate is 0.0.

 Map MMM2 Algo rmappo Exp mappo_MMM2 updates 890/12500 episodes, total num timesteps 712800/10000000, FPS 44.

incre win rate is 0.0.

 Map MMM2 Algo rmappo Exp mappo_MMM2 updates 895/12500 episodes, total num timesteps 716800/10000000, FPS 44.

incre win rate is 0.0.

 Map MMM2 Algo rmappo Exp mappo_MMM2 updates 900/12500 episodes, total num timesteps 720800/10000000, FPS 44.

incre win rate is 0.0.
eval win rate is 0.0.

 Map MMM2 Algo rmappo Exp mappo_MMM2 updates 905/12500 episodes, total num timesteps 724800/10000000, FPS 44.

incre win rate is 0.0.

 Map MMM2 Algo rmappo Exp mappo_MMM2 updates 910/12500 episodes, total num timesteps 728800/10000000, FPS 44.

incre win rate is 0.0.

 Map MMM2 Algo rmappo Exp mappo_MMM2 updates 915/12500 episodes, total num timesteps 732800/10000000, FPS 44.

incre win rate is 0.0.

 Map MMM2 Algo rmappo Exp mappo_MMM2 updates 920/12500 episodes, total num timesteps 736800/10000000, FPS 44.

incre win rate is 0.0.

 Map MMM2 Algo rmappo Exp mappo_MMM2 updates 925/12500 episodes, total num timesteps 740800/10000000, FPS 44.

incre win rate is 0.0.
eval win rate is 0.0.

 Map MMM2 Algo rmappo Exp mappo_MMM2 updates 930/12500 episodes, total num timesteps 744800/10000000, FPS 44.

incre win rate is 0.0.

 Map MMM2 Algo rmappo Exp mappo_MMM2 updates 935/12500 episodes, total num timesteps 748800/10000000, FPS 44.

incre win rate is 0.0.

 Map MMM2 Algo rmappo Exp mappo_MMM2 updates 940/12500 episodes, total num timesteps 752800/10000000, FPS 44.

incre win rate is 0.0.

 Map MMM2 Algo rmappo Exp mappo_MMM2 updates 945/12500 episodes, total num timesteps 756800/10000000, FPS 44.

incre win rate is 0.0.

 Map MMM2 Algo rmappo Exp mappo_MMM2 updates 950/12500 episodes, total num timesteps 760800/10000000, FPS 44.

incre win rate is 0.0.
eval win rate is 0.0.

 Map MMM2 Algo rmappo Exp mappo_MMM2 updates 955/12500 episodes, total num timesteps 764800/10000000, FPS 44.

incre win rate is 0.0.

 Map MMM2 Algo rmappo Exp mappo_MMM2 updates 960/12500 episodes, total num timesteps 768800/10000000, FPS 44.

incre win rate is 0.0.

 Map MMM2 Algo rmappo Exp mappo_MMM2 updates 965/12500 episodes, total num timesteps 772800/10000000, FPS 44.

incre win rate is 0.0.

 Map MMM2 Algo rmappo Exp mappo_MMM2 updates 970/12500 episodes, total num timesteps 776800/10000000, FPS 44.

incre win rate is 0.0.

 Map MMM2 Algo rmappo Exp mappo_MMM2 updates 975/12500 episodes, total num timesteps 780800/10000000, FPS 44.

incre win rate is 0.0.
eval win rate is 0.0.

 Map MMM2 Algo rmappo Exp mappo_MMM2 updates 980/12500 episodes, total num timesteps 784800/10000000, FPS 44.

incre win rate is 0.0.

 Map MMM2 Algo rmappo Exp mappo_MMM2 updates 985/12500 episodes, total num timesteps 788800/10000000, FPS 44.

incre win rate is 0.0.

 Map MMM2 Algo rmappo Exp mappo_MMM2 updates 990/12500 episodes, total num timesteps 792800/10000000, FPS 44.

incre win rate is 0.0.

 Map MMM2 Algo rmappo Exp mappo_MMM2 updates 995/12500 episodes, total num timesteps 796800/10000000, FPS 44.

incre win rate is 0.0.

 Map MMM2 Algo rmappo Exp mappo_MMM2 updates 1000/12500 episodes, total num timesteps 800800/10000000, FPS 44.

incre win rate is 0.0.
eval win rate is 0.0.

 Map MMM2 Algo rmappo Exp mappo_MMM2 updates 1005/12500 episodes, total num timesteps 804800/10000000, FPS 44.

incre win rate is 0.0.

 Map MMM2 Algo rmappo Exp mappo_MMM2 updates 1010/12500 episodes, total num timesteps 808800/10000000, FPS 44.

incre win rate is 0.0.

 Map MMM2 Algo rmappo Exp mappo_MMM2 updates 1015/12500 episodes, total num timesteps 812800/10000000, FPS 44.

incre win rate is 0.0.

 Map MMM2 Algo rmappo Exp mappo_MMM2 updates 1020/12500 episodes, total num timesteps 816800/10000000, FPS 44.

incre win rate is 0.0.

 Map MMM2 Algo rmappo Exp mappo_MMM2 updates 1025/12500 episodes, total num timesteps 820800/10000000, FPS 44.

incre win rate is 0.0.
eval win rate is 0.0.

 Map MMM2 Algo rmappo Exp mappo_MMM2 updates 1030/12500 episodes, total num timesteps 824800/10000000, FPS 44.

incre win rate is 0.0.

 Map MMM2 Algo rmappo Exp mappo_MMM2 updates 1035/12500 episodes, total num timesteps 828800/10000000, FPS 44.

incre win rate is 0.0.

 Map MMM2 Algo rmappo Exp mappo_MMM2 updates 1040/12500 episodes, total num timesteps 832800/10000000, FPS 44.

incre win rate is 0.0.

 Map MMM2 Algo rmappo Exp mappo_MMM2 updates 1045/12500 episodes, total num timesteps 836800/10000000, FPS 44.

incre win rate is 0.0.

 Map MMM2 Algo rmappo Exp mappo_MMM2 updates 1050/12500 episodes, total num timesteps 840800/10000000, FPS 44.

incre win rate is 0.0.
eval win rate is 0.0.

 Map MMM2 Algo rmappo Exp mappo_MMM2 updates 1055/12500 episodes, total num timesteps 844800/10000000, FPS 44.

incre win rate is 0.0.

 Map MMM2 Algo rmappo Exp mappo_MMM2 updates 1060/12500 episodes, total num timesteps 848800/10000000, FPS 44.

incre win rate is 0.0.

 Map MMM2 Algo rmappo Exp mappo_MMM2 updates 1065/12500 episodes, total num timesteps 852800/10000000, FPS 44.

incre win rate is 0.0.

 Map MMM2 Algo rmappo Exp mappo_MMM2 updates 1070/12500 episodes, total num timesteps 856800/10000000, FPS 44.

incre win rate is 0.0.

 Map MMM2 Algo rmappo Exp mappo_MMM2 updates 1075/12500 episodes, total num timesteps 860800/10000000, FPS 44.

incre win rate is 0.0.
eval win rate is 0.0.

 Map MMM2 Algo rmappo Exp mappo_MMM2 updates 1080/12500 episodes, total num timesteps 864800/10000000, FPS 44.

incre win rate is 0.0.

 Map MMM2 Algo rmappo Exp mappo_MMM2 updates 1085/12500 episodes, total num timesteps 868800/10000000, FPS 44.

incre win rate is 0.0.

 Map MMM2 Algo rmappo Exp mappo_MMM2 updates 1090/12500 episodes, total num timesteps 872800/10000000, FPS 44.

incre win rate is 0.0.

 Map MMM2 Algo rmappo Exp mappo_MMM2 updates 1095/12500 episodes, total num timesteps 876800/10000000, FPS 44.

incre win rate is 0.0.

 Map MMM2 Algo rmappo Exp mappo_MMM2 updates 1100/12500 episodes, total num timesteps 880800/10000000, FPS 44.

incre win rate is 0.0.
eval win rate is 0.0.

 Map MMM2 Algo rmappo Exp mappo_MMM2 updates 1105/12500 episodes, total num timesteps 884800/10000000, FPS 44.

incre win rate is 0.0.

 Map MMM2 Algo rmappo Exp mappo_MMM2 updates 1110/12500 episodes, total num timesteps 888800/10000000, FPS 44.

incre win rate is 0.0.

 Map MMM2 Algo rmappo Exp mappo_MMM2 updates 1115/12500 episodes, total num timesteps 892800/10000000, FPS 44.

incre win rate is 0.0.

 Map MMM2 Algo rmappo Exp mappo_MMM2 updates 1120/12500 episodes, total num timesteps 896800/10000000, FPS 44.

incre win rate is 0.0.

 Map MMM2 Algo rmappo Exp mappo_MMM2 updates 1125/12500 episodes, total num timesteps 900800/10000000, FPS 44.

incre win rate is 0.0.
eval win rate is 0.0.

 Map MMM2 Algo rmappo Exp mappo_MMM2 updates 1130/12500 episodes, total num timesteps 904800/10000000, FPS 44.

incre win rate is 0.0.

 Map MMM2 Algo rmappo Exp mappo_MMM2 updates 1135/12500 episodes, total num timesteps 908800/10000000, FPS 44.

incre win rate is 0.0.

 Map MMM2 Algo rmappo Exp mappo_MMM2 updates 1140/12500 episodes, total num timesteps 912800/10000000, FPS 45.

incre win rate is 0.0.

 Map MMM2 Algo rmappo Exp mappo_MMM2 updates 1145/12500 episodes, total num timesteps 916800/10000000, FPS 45.

incre win rate is 0.0.

 Map MMM2 Algo rmappo Exp mappo_MMM2 updates 1150/12500 episodes, total num timesteps 920800/10000000, FPS 45.

incre win rate is 0.0.
eval win rate is 0.0.

 Map MMM2 Algo rmappo Exp mappo_MMM2 updates 1155/12500 episodes, total num timesteps 924800/10000000, FPS 45.

incre win rate is 0.0.

 Map MMM2 Algo rmappo Exp mappo_MMM2 updates 1160/12500 episodes, total num timesteps 928800/10000000, FPS 45.

incre win rate is 0.0.

 Map MMM2 Algo rmappo Exp mappo_MMM2 updates 1165/12500 episodes, total num timesteps 932800/10000000, FPS 45.

incre win rate is 0.0.

 Map MMM2 Algo rmappo Exp mappo_MMM2 updates 1170/12500 episodes, total num timesteps 936800/10000000, FPS 45.

incre win rate is 0.0.

 Map MMM2 Algo rmappo Exp mappo_MMM2 updates 1175/12500 episodes, total num timesteps 940800/10000000, FPS 45.

incre win rate is 0.0.
eval win rate is 0.0.

 Map MMM2 Algo rmappo Exp mappo_MMM2 updates 1180/12500 episodes, total num timesteps 944800/10000000, FPS 45.

incre win rate is 0.0.

 Map MMM2 Algo rmappo Exp mappo_MMM2 updates 1185/12500 episodes, total num timesteps 948800/10000000, FPS 45.

incre win rate is 0.0.

 Map MMM2 Algo rmappo Exp mappo_MMM2 updates 1190/12500 episodes, total num timesteps 952800/10000000, FPS 45.

incre win rate is 0.0.

 Map MMM2 Algo rmappo Exp mappo_MMM2 updates 1195/12500 episodes, total num timesteps 956800/10000000, FPS 45.

incre win rate is 0.0.

 Map MMM2 Algo rmappo Exp mappo_MMM2 updates 1200/12500 episodes, total num timesteps 960800/10000000, FPS 45.

incre win rate is 0.0.
eval win rate is 0.0.

 Map MMM2 Algo rmappo Exp mappo_MMM2 updates 1205/12500 episodes, total num timesteps 964800/10000000, FPS 45.

incre win rate is 0.0.

 Map MMM2 Algo rmappo Exp mappo_MMM2 updates 1210/12500 episodes, total num timesteps 968800/10000000, FPS 45.

incre win rate is 0.0.

 Map MMM2 Algo rmappo Exp mappo_MMM2 updates 1215/12500 episodes, total num timesteps 972800/10000000, FPS 45.

incre win rate is 0.0.

 Map MMM2 Algo rmappo Exp mappo_MMM2 updates 1220/12500 episodes, total num timesteps 976800/10000000, FPS 45.

incre win rate is 0.0.

 Map MMM2 Algo rmappo Exp mappo_MMM2 updates 1225/12500 episodes, total num timesteps 980800/10000000, FPS 45.

incre win rate is 0.0.
eval win rate is 0.0.

 Map MMM2 Algo rmappo Exp mappo_MMM2 updates 1230/12500 episodes, total num timesteps 984800/10000000, FPS 45.

incre win rate is 0.0.

 Map MMM2 Algo rmappo Exp mappo_MMM2 updates 1235/12500 episodes, total num timesteps 988800/10000000, FPS 45.

incre win rate is 0.0.

 Map MMM2 Algo rmappo Exp mappo_MMM2 updates 1240/12500 episodes, total num timesteps 992800/10000000, FPS 45.

incre win rate is 0.0.

 Map MMM2 Algo rmappo Exp mappo_MMM2 updates 1245/12500 episodes, total num timesteps 996800/10000000, FPS 45.

incre win rate is 0.0.

 Map MMM2 Algo rmappo Exp mappo_MMM2 updates 1250/12500 episodes, total num timesteps 1000800/10000000, FPS 45.

incre win rate is 0.0.
eval win rate is 0.0.

 Map MMM2 Algo rmappo Exp mappo_MMM2 updates 1255/12500 episodes, total num timesteps 1004800/10000000, FPS 45.

incre win rate is 0.0.

 Map MMM2 Algo rmappo Exp mappo_MMM2 updates 1260/12500 episodes, total num timesteps 1008800/10000000, FPS 45.

incre win rate is 0.0.

 Map MMM2 Algo rmappo Exp mappo_MMM2 updates 1265/12500 episodes, total num timesteps 1012800/10000000, FPS 45.

incre win rate is 0.0.

 Map MMM2 Algo rmappo Exp mappo_MMM2 updates 1270/12500 episodes, total num timesteps 1016800/10000000, FPS 45.

incre win rate is 0.0.

 Map MMM2 Algo rmappo Exp mappo_MMM2 updates 1275/12500 episodes, total num timesteps 1020800/10000000, FPS 45.

incre win rate is 0.0.
eval win rate is 0.0.

 Map MMM2 Algo rmappo Exp mappo_MMM2 updates 1280/12500 episodes, total num timesteps 1024800/10000000, FPS 45.

incre win rate is 0.0.

 Map MMM2 Algo rmappo Exp mappo_MMM2 updates 1285/12500 episodes, total num timesteps 1028800/10000000, FPS 45.

incre win rate is 0.0.

 Map MMM2 Algo rmappo Exp mappo_MMM2 updates 1290/12500 episodes, total num timesteps 1032800/10000000, FPS 45.

incre win rate is 0.0.

 Map MMM2 Algo rmappo Exp mappo_MMM2 updates 1295/12500 episodes, total num timesteps 1036800/10000000, FPS 46.

incre win rate is 0.0.

 Map MMM2 Algo rmappo Exp mappo_MMM2 updates 1300/12500 episodes, total num timesteps 1040800/10000000, FPS 46.

incre win rate is 0.0.
eval win rate is 0.0.

 Map MMM2 Algo rmappo Exp mappo_MMM2 updates 1305/12500 episodes, total num timesteps 1044800/10000000, FPS 46.

incre win rate is 0.0.

 Map MMM2 Algo rmappo Exp mappo_MMM2 updates 1310/12500 episodes, total num timesteps 1048800/10000000, FPS 46.

incre win rate is 0.0.

 Map MMM2 Algo rmappo Exp mappo_MMM2 updates 1315/12500 episodes, total num timesteps 1052800/10000000, FPS 46.

incre win rate is 0.0.

 Map MMM2 Algo rmappo Exp mappo_MMM2 updates 1320/12500 episodes, total num timesteps 1056800/10000000, FPS 46.

incre win rate is 0.0.

 Map MMM2 Algo rmappo Exp mappo_MMM2 updates 1325/12500 episodes, total num timesteps 1060800/10000000, FPS 46.

incre win rate is 0.0.
eval win rate is 0.0.

 Map MMM2 Algo rmappo Exp mappo_MMM2 updates 1330/12500 episodes, total num timesteps 1064800/10000000, FPS 46.

incre win rate is 0.0.

 Map MMM2 Algo rmappo Exp mappo_MMM2 updates 1335/12500 episodes, total num timesteps 1068800/10000000, FPS 46.

incre win rate is 0.0.

 Map MMM2 Algo rmappo Exp mappo_MMM2 updates 1340/12500 episodes, total num timesteps 1072800/10000000, FPS 46.

incre win rate is 0.0.

 Map MMM2 Algo rmappo Exp mappo_MMM2 updates 1345/12500 episodes, total num timesteps 1076800/10000000, FPS 46.

incre win rate is 0.0.

 Map MMM2 Algo rmappo Exp mappo_MMM2 updates 1350/12500 episodes, total num timesteps 1080800/10000000, FPS 46.

incre win rate is 0.0.
eval win rate is 0.0.

 Map MMM2 Algo rmappo Exp mappo_MMM2 updates 1355/12500 episodes, total num timesteps 1084800/10000000, FPS 46.

incre win rate is 0.0.

 Map MMM2 Algo rmappo Exp mappo_MMM2 updates 1360/12500 episodes, total num timesteps 1088800/10000000, FPS 46.

incre win rate is 0.0.

 Map MMM2 Algo rmappo Exp mappo_MMM2 updates 1365/12500 episodes, total num timesteps 1092800/10000000, FPS 46.

incre win rate is 0.0.

 Map MMM2 Algo rmappo Exp mappo_MMM2 updates 1370/12500 episodes, total num timesteps 1096800/10000000, FPS 46.

incre win rate is 0.0.

 Map MMM2 Algo rmappo Exp mappo_MMM2 updates 1375/12500 episodes, total num timesteps 1100800/10000000, FPS 46.

incre win rate is 0.0.
eval win rate is 0.0.

 Map MMM2 Algo rmappo Exp mappo_MMM2 updates 1380/12500 episodes, total num timesteps 1104800/10000000, FPS 46.

incre win rate is 0.0.

 Map MMM2 Algo rmappo Exp mappo_MMM2 updates 1385/12500 episodes, total num timesteps 1108800/10000000, FPS 46.

incre win rate is 0.0.

 Map MMM2 Algo rmappo Exp mappo_MMM2 updates 1390/12500 episodes, total num timesteps 1112800/10000000, FPS 46.

incre win rate is 0.0.

 Map MMM2 Algo rmappo Exp mappo_MMM2 updates 1395/12500 episodes, total num timesteps 1116800/10000000, FPS 46.

incre win rate is 0.0.

 Map MMM2 Algo rmappo Exp mappo_MMM2 updates 1400/12500 episodes, total num timesteps 1120800/10000000, FPS 46.

incre win rate is 0.0.
eval win rate is 0.0.

 Map MMM2 Algo rmappo Exp mappo_MMM2 updates 1405/12500 episodes, total num timesteps 1124800/10000000, FPS 46.

incre win rate is 0.0.

 Map MMM2 Algo rmappo Exp mappo_MMM2 updates 1410/12500 episodes, total num timesteps 1128800/10000000, FPS 46.

incre win rate is 0.0.

 Map MMM2 Algo rmappo Exp mappo_MMM2 updates 1415/12500 episodes, total num timesteps 1132800/10000000, FPS 46.

incre win rate is 0.0.

 Map MMM2 Algo rmappo Exp mappo_MMM2 updates 1420/12500 episodes, total num timesteps 1136800/10000000, FPS 47.

incre win rate is 0.0.

 Map MMM2 Algo rmappo Exp mappo_MMM2 updates 1425/12500 episodes, total num timesteps 1140800/10000000, FPS 47.

incre win rate is 0.0.
eval win rate is 0.03125.

 Map MMM2 Algo rmappo Exp mappo_MMM2 updates 1430/12500 episodes, total num timesteps 1144800/10000000, FPS 47.

incre win rate is 0.0.

 Map MMM2 Algo rmappo Exp mappo_MMM2 updates 1435/12500 episodes, total num timesteps 1148800/10000000, FPS 47.

incre win rate is 0.0.

 Map MMM2 Algo rmappo Exp mappo_MMM2 updates 1440/12500 episodes, total num timesteps 1152800/10000000, FPS 47.

incre win rate is 0.0.

 Map MMM2 Algo rmappo Exp mappo_MMM2 updates 1445/12500 episodes, total num timesteps 1156800/10000000, FPS 47.

incre win rate is 0.023809523809523808.

 Map MMM2 Algo rmappo Exp mappo_MMM2 updates 1450/12500 episodes, total num timesteps 1160800/10000000, FPS 47.

incre win rate is 0.0.
eval win rate is 0.0.

 Map MMM2 Algo rmappo Exp mappo_MMM2 updates 1455/12500 episodes, total num timesteps 1164800/10000000, FPS 47.

incre win rate is 0.0.

 Map MMM2 Algo rmappo Exp mappo_MMM2 updates 1460/12500 episodes, total num timesteps 1168800/10000000, FPS 47.

incre win rate is 0.0.

 Map MMM2 Algo rmappo Exp mappo_MMM2 updates 1465/12500 episodes, total num timesteps 1172800/10000000, FPS 47.

incre win rate is 0.0.

 Map MMM2 Algo rmappo Exp mappo_MMM2 updates 1470/12500 episodes, total num timesteps 1176800/10000000, FPS 47.

incre win rate is 0.0.

 Map MMM2 Algo rmappo Exp mappo_MMM2 updates 1475/12500 episodes, total num timesteps 1180800/10000000, FPS 47.

incre win rate is 0.0.
eval win rate is 0.0.

 Map MMM2 Algo rmappo Exp mappo_MMM2 updates 1480/12500 episodes, total num timesteps 1184800/10000000, FPS 47.

incre win rate is 0.0.

 Map MMM2 Algo rmappo Exp mappo_MMM2 updates 1485/12500 episodes, total num timesteps 1188800/10000000, FPS 47.

incre win rate is 0.0.

 Map MMM2 Algo rmappo Exp mappo_MMM2 updates 1490/12500 episodes, total num timesteps 1192800/10000000, FPS 47.

incre win rate is 0.0.

 Map MMM2 Algo rmappo Exp mappo_MMM2 updates 1495/12500 episodes, total num timesteps 1196800/10000000, FPS 47.

incre win rate is 0.0.

 Map MMM2 Algo rmappo Exp mappo_MMM2 updates 1500/12500 episodes, total num timesteps 1200800/10000000, FPS 47.

incre win rate is 0.0.
eval win rate is 0.0.

 Map MMM2 Algo rmappo Exp mappo_MMM2 updates 1505/12500 episodes, total num timesteps 1204800/10000000, FPS 47.

incre win rate is 0.0.

 Map MMM2 Algo rmappo Exp mappo_MMM2 updates 1510/12500 episodes, total num timesteps 1208800/10000000, FPS 47.

incre win rate is 0.0.

 Map MMM2 Algo rmappo Exp mappo_MMM2 updates 1515/12500 episodes, total num timesteps 1212800/10000000, FPS 47.

incre win rate is 0.0.

 Map MMM2 Algo rmappo Exp mappo_MMM2 updates 1520/12500 episodes, total num timesteps 1216800/10000000, FPS 47.

incre win rate is 0.0.

 Map MMM2 Algo rmappo Exp mappo_MMM2 updates 1525/12500 episodes, total num timesteps 1220800/10000000, FPS 47.

incre win rate is 0.0.
eval win rate is 0.0.

 Map MMM2 Algo rmappo Exp mappo_MMM2 updates 1530/12500 episodes, total num timesteps 1224800/10000000, FPS 47.

incre win rate is 0.0.

 Map MMM2 Algo rmappo Exp mappo_MMM2 updates 1535/12500 episodes, total num timesteps 1228800/10000000, FPS 47.

incre win rate is 0.0.

 Map MMM2 Algo rmappo Exp mappo_MMM2 updates 1540/12500 episodes, total num timesteps 1232800/10000000, FPS 47.

incre win rate is 0.0.

 Map MMM2 Algo rmappo Exp mappo_MMM2 updates 1545/12500 episodes, total num timesteps 1236800/10000000, FPS 47.

incre win rate is 0.0.

 Map MMM2 Algo rmappo Exp mappo_MMM2 updates 1550/12500 episodes, total num timesteps 1240800/10000000, FPS 47.

incre win rate is 0.0.
eval win rate is 0.0.

 Map MMM2 Algo rmappo Exp mappo_MMM2 updates 1555/12500 episodes, total num timesteps 1244800/10000000, FPS 47.

incre win rate is 0.0.

 Map MMM2 Algo rmappo Exp mappo_MMM2 updates 1560/12500 episodes, total num timesteps 1248800/10000000, FPS 47.

incre win rate is 0.0.

 Map MMM2 Algo rmappo Exp mappo_MMM2 updates 1565/12500 episodes, total num timesteps 1252800/10000000, FPS 47.

incre win rate is 0.0.

 Map MMM2 Algo rmappo Exp mappo_MMM2 updates 1570/12500 episodes, total num timesteps 1256800/10000000, FPS 48.

incre win rate is 0.0.

 Map MMM2 Algo rmappo Exp mappo_MMM2 updates 1575/12500 episodes, total num timesteps 1260800/10000000, FPS 48.

incre win rate is 0.0.
eval win rate is 0.0.

 Map MMM2 Algo rmappo Exp mappo_MMM2 updates 1580/12500 episodes, total num timesteps 1264800/10000000, FPS 48.

incre win rate is 0.0.

 Map MMM2 Algo rmappo Exp mappo_MMM2 updates 1585/12500 episodes, total num timesteps 1268800/10000000, FPS 48.

incre win rate is 0.0.

 Map MMM2 Algo rmappo Exp mappo_MMM2 updates 1590/12500 episodes, total num timesteps 1272800/10000000, FPS 48.

incre win rate is 0.0.

 Map MMM2 Algo rmappo Exp mappo_MMM2 updates 1595/12500 episodes, total num timesteps 1276800/10000000, FPS 48.

incre win rate is 0.0.

 Map MMM2 Algo rmappo Exp mappo_MMM2 updates 1600/12500 episodes, total num timesteps 1280800/10000000, FPS 48.

incre win rate is 0.0.
eval win rate is 0.0.

 Map MMM2 Algo rmappo Exp mappo_MMM2 updates 1605/12500 episodes, total num timesteps 1284800/10000000, FPS 48.

incre win rate is 0.0.

 Map MMM2 Algo rmappo Exp mappo_MMM2 updates 1610/12500 episodes, total num timesteps 1288800/10000000, FPS 48.

incre win rate is 0.0.

 Map MMM2 Algo rmappo Exp mappo_MMM2 updates 1615/12500 episodes, total num timesteps 1292800/10000000, FPS 48.

incre win rate is 0.0.

 Map MMM2 Algo rmappo Exp mappo_MMM2 updates 1620/12500 episodes, total num timesteps 1296800/10000000, FPS 48.

incre win rate is 0.0.

 Map MMM2 Algo rmappo Exp mappo_MMM2 updates 1625/12500 episodes, total num timesteps 1300800/10000000, FPS 48.

incre win rate is 0.0.
eval win rate is 0.0.

 Map MMM2 Algo rmappo Exp mappo_MMM2 updates 1630/12500 episodes, total num timesteps 1304800/10000000, FPS 48.

incre win rate is 0.0.

 Map MMM2 Algo rmappo Exp mappo_MMM2 updates 1635/12500 episodes, total num timesteps 1308800/10000000, FPS 48.

incre win rate is 0.0.

 Map MMM2 Algo rmappo Exp mappo_MMM2 updates 1640/12500 episodes, total num timesteps 1312800/10000000, FPS 48.

incre win rate is 0.0.

 Map MMM2 Algo rmappo Exp mappo_MMM2 updates 1645/12500 episodes, total num timesteps 1316800/10000000, FPS 48.

incre win rate is 0.0.

 Map MMM2 Algo rmappo Exp mappo_MMM2 updates 1650/12500 episodes, total num timesteps 1320800/10000000, FPS 48.

incre win rate is 0.0.
eval win rate is 0.0.

 Map MMM2 Algo rmappo Exp mappo_MMM2 updates 1655/12500 episodes, total num timesteps 1324800/10000000, FPS 48.

incre win rate is 0.0.

 Map MMM2 Algo rmappo Exp mappo_MMM2 updates 1660/12500 episodes, total num timesteps 1328800/10000000, FPS 48.

incre win rate is 0.0.

 Map MMM2 Algo rmappo Exp mappo_MMM2 updates 1665/12500 episodes, total num timesteps 1332800/10000000, FPS 48.

incre win rate is 0.0.

 Map MMM2 Algo rmappo Exp mappo_MMM2 updates 1670/12500 episodes, total num timesteps 1336800/10000000, FPS 48.

incre win rate is 0.0.

 Map MMM2 Algo rmappo Exp mappo_MMM2 updates 1675/12500 episodes, total num timesteps 1340800/10000000, FPS 48.

incre win rate is 0.0.
eval win rate is 0.0.

 Map MMM2 Algo rmappo Exp mappo_MMM2 updates 1680/12500 episodes, total num timesteps 1344800/10000000, FPS 48.

incre win rate is 0.0.

 Map MMM2 Algo rmappo Exp mappo_MMM2 updates 1685/12500 episodes, total num timesteps 1348800/10000000, FPS 48.

incre win rate is 0.0.

 Map MMM2 Algo rmappo Exp mappo_MMM2 updates 1690/12500 episodes, total num timesteps 1352800/10000000, FPS 48.

incre win rate is 0.0.

 Map MMM2 Algo rmappo Exp mappo_MMM2 updates 1695/12500 episodes, total num timesteps 1356800/10000000, FPS 48.

incre win rate is 0.0.

 Map MMM2 Algo rmappo Exp mappo_MMM2 updates 1700/12500 episodes, total num timesteps 1360800/10000000, FPS 48.

incre win rate is 0.0.
eval win rate is 0.0.

 Map MMM2 Algo rmappo Exp mappo_MMM2 updates 1705/12500 episodes, total num timesteps 1364800/10000000, FPS 48.

incre win rate is 0.0.

 Map MMM2 Algo rmappo Exp mappo_MMM2 updates 1710/12500 episodes, total num timesteps 1368800/10000000, FPS 48.

incre win rate is 0.0.

 Map MMM2 Algo rmappo Exp mappo_MMM2 updates 1715/12500 episodes, total num timesteps 1372800/10000000, FPS 48.

incre win rate is 0.0.

 Map MMM2 Algo rmappo Exp mappo_MMM2 updates 1720/12500 episodes, total num timesteps 1376800/10000000, FPS 48.

incre win rate is 0.0.

 Map MMM2 Algo rmappo Exp mappo_MMM2 updates 1725/12500 episodes, total num timesteps 1380800/10000000, FPS 48.

incre win rate is 0.0.
eval win rate is 0.0.

 Map MMM2 Algo rmappo Exp mappo_MMM2 updates 1730/12500 episodes, total num timesteps 1384800/10000000, FPS 48.

incre win rate is 0.0.

 Map MMM2 Algo rmappo Exp mappo_MMM2 updates 1735/12500 episodes, total num timesteps 1388800/10000000, FPS 48.

incre win rate is 0.012345679012345678.

 Map MMM2 Algo rmappo Exp mappo_MMM2 updates 1740/12500 episodes, total num timesteps 1392800/10000000, FPS 48.

incre win rate is 0.0.

 Map MMM2 Algo rmappo Exp mappo_MMM2 updates 1745/12500 episodes, total num timesteps 1396800/10000000, FPS 48.

incre win rate is 0.0.

 Map MMM2 Algo rmappo Exp mappo_MMM2 updates 1750/12500 episodes, total num timesteps 1400800/10000000, FPS 48.

incre win rate is 0.0.
eval win rate is 0.0.

 Map MMM2 Algo rmappo Exp mappo_MMM2 updates 1755/12500 episodes, total num timesteps 1404800/10000000, FPS 48.

incre win rate is 0.0.

 Map MMM2 Algo rmappo Exp mappo_MMM2 updates 1760/12500 episodes, total num timesteps 1408800/10000000, FPS 48.

incre win rate is 0.0.

 Map MMM2 Algo rmappo Exp mappo_MMM2 updates 1765/12500 episodes, total num timesteps 1412800/10000000, FPS 48.

incre win rate is 0.0.

 Map MMM2 Algo rmappo Exp mappo_MMM2 updates 1770/12500 episodes, total num timesteps 1416800/10000000, FPS 48.

incre win rate is 0.0.

 Map MMM2 Algo rmappo Exp mappo_MMM2 updates 1775/12500 episodes, total num timesteps 1420800/10000000, FPS 48.

incre win rate is 0.0.
eval win rate is 0.0.

 Map MMM2 Algo rmappo Exp mappo_MMM2 updates 1780/12500 episodes, total num timesteps 1424800/10000000, FPS 48.

incre win rate is 0.0.

 Map MMM2 Algo rmappo Exp mappo_MMM2 updates 1785/12500 episodes, total num timesteps 1428800/10000000, FPS 48.

incre win rate is 0.0.

 Map MMM2 Algo rmappo Exp mappo_MMM2 updates 1790/12500 episodes, total num timesteps 1432800/10000000, FPS 49.

incre win rate is 0.0.

 Map MMM2 Algo rmappo Exp mappo_MMM2 updates 1795/12500 episodes, total num timesteps 1436800/10000000, FPS 49.

incre win rate is 0.0.

 Map MMM2 Algo rmappo Exp mappo_MMM2 updates 1800/12500 episodes, total num timesteps 1440800/10000000, FPS 49.

incre win rate is 0.0.
eval win rate is 0.0.

 Map MMM2 Algo rmappo Exp mappo_MMM2 updates 1805/12500 episodes, total num timesteps 1444800/10000000, FPS 49.

incre win rate is 0.0.

 Map MMM2 Algo rmappo Exp mappo_MMM2 updates 1810/12500 episodes, total num timesteps 1448800/10000000, FPS 49.

incre win rate is 0.0.

 Map MMM2 Algo rmappo Exp mappo_MMM2 updates 1815/12500 episodes, total num timesteps 1452800/10000000, FPS 49.

incre win rate is 0.0.

 Map MMM2 Algo rmappo Exp mappo_MMM2 updates 1820/12500 episodes, total num timesteps 1456800/10000000, FPS 49.

incre win rate is 0.0.

 Map MMM2 Algo rmappo Exp mappo_MMM2 updates 1825/12500 episodes, total num timesteps 1460800/10000000, FPS 49.

incre win rate is 0.0.
eval win rate is 0.0.

 Map MMM2 Algo rmappo Exp mappo_MMM2 updates 1830/12500 episodes, total num timesteps 1464800/10000000, FPS 49.

incre win rate is 0.0.

 Map MMM2 Algo rmappo Exp mappo_MMM2 updates 1835/12500 episodes, total num timesteps 1468800/10000000, FPS 49.

incre win rate is 0.0.

 Map MMM2 Algo rmappo Exp mappo_MMM2 updates 1840/12500 episodes, total num timesteps 1472800/10000000, FPS 49.

incre win rate is 0.0.

 Map MMM2 Algo rmappo Exp mappo_MMM2 updates 1845/12500 episodes, total num timesteps 1476800/10000000, FPS 49.

incre win rate is 0.0.

 Map MMM2 Algo rmappo Exp mappo_MMM2 updates 1850/12500 episodes, total num timesteps 1480800/10000000, FPS 49.

incre win rate is 0.0.
eval win rate is 0.0.

 Map MMM2 Algo rmappo Exp mappo_MMM2 updates 1855/12500 episodes, total num timesteps 1484800/10000000, FPS 49.

incre win rate is 0.0.

 Map MMM2 Algo rmappo Exp mappo_MMM2 updates 1860/12500 episodes, total num timesteps 1488800/10000000, FPS 49.

incre win rate is 0.0.

 Map MMM2 Algo rmappo Exp mappo_MMM2 updates 1865/12500 episodes, total num timesteps 1492800/10000000, FPS 49.

incre win rate is 0.0.

 Map MMM2 Algo rmappo Exp mappo_MMM2 updates 1870/12500 episodes, total num timesteps 1496800/10000000, FPS 49.

incre win rate is 0.0.

 Map MMM2 Algo rmappo Exp mappo_MMM2 updates 1875/12500 episodes, total num timesteps 1500800/10000000, FPS 49.

incre win rate is 0.0.
eval win rate is 0.0.

 Map MMM2 Algo rmappo Exp mappo_MMM2 updates 1880/12500 episodes, total num timesteps 1504800/10000000, FPS 49.

incre win rate is 0.0.

 Map MMM2 Algo rmappo Exp mappo_MMM2 updates 1885/12500 episodes, total num timesteps 1508800/10000000, FPS 49.

incre win rate is 0.0.

 Map MMM2 Algo rmappo Exp mappo_MMM2 updates 1890/12500 episodes, total num timesteps 1512800/10000000, FPS 49.

incre win rate is 0.0.

 Map MMM2 Algo rmappo Exp mappo_MMM2 updates 1895/12500 episodes, total num timesteps 1516800/10000000, FPS 49.

incre win rate is 0.0.

 Map MMM2 Algo rmappo Exp mappo_MMM2 updates 1900/12500 episodes, total num timesteps 1520800/10000000, FPS 49.

incre win rate is 0.0.
eval win rate is 0.0.

 Map MMM2 Algo rmappo Exp mappo_MMM2 updates 1905/12500 episodes, total num timesteps 1524800/10000000, FPS 49.

incre win rate is 0.0.

 Map MMM2 Algo rmappo Exp mappo_MMM2 updates 1910/12500 episodes, total num timesteps 1528800/10000000, FPS 49.

incre win rate is 0.0.

 Map MMM2 Algo rmappo Exp mappo_MMM2 updates 1915/12500 episodes, total num timesteps 1532800/10000000, FPS 49.

incre win rate is 0.0.

 Map MMM2 Algo rmappo Exp mappo_MMM2 updates 1920/12500 episodes, total num timesteps 1536800/10000000, FPS 49.

incre win rate is 0.0.

 Map MMM2 Algo rmappo Exp mappo_MMM2 updates 1925/12500 episodes, total num timesteps 1540800/10000000, FPS 49.

incre win rate is 0.0.
eval win rate is 0.0.

 Map MMM2 Algo rmappo Exp mappo_MMM2 updates 1930/12500 episodes, total num timesteps 1544800/10000000, FPS 49.

incre win rate is 0.0.

 Map MMM2 Algo rmappo Exp mappo_MMM2 updates 1935/12500 episodes, total num timesteps 1548800/10000000, FPS 49.

incre win rate is 0.0.

 Map MMM2 Algo rmappo Exp mappo_MMM2 updates 1940/12500 episodes, total num timesteps 1552800/10000000, FPS 49.

incre win rate is 0.0.

 Map MMM2 Algo rmappo Exp mappo_MMM2 updates 1945/12500 episodes, total num timesteps 1556800/10000000, FPS 49.

incre win rate is 0.0.

 Map MMM2 Algo rmappo Exp mappo_MMM2 updates 1950/12500 episodes, total num timesteps 1560800/10000000, FPS 49.

incre win rate is 0.0.
eval win rate is 0.09375.

 Map MMM2 Algo rmappo Exp mappo_MMM2 updates 1955/12500 episodes, total num timesteps 1564800/10000000, FPS 49.

incre win rate is 0.021505376344086023.

 Map MMM2 Algo rmappo Exp mappo_MMM2 updates 1960/12500 episodes, total num timesteps 1568800/10000000, FPS 49.

incre win rate is 0.0.

 Map MMM2 Algo rmappo Exp mappo_MMM2 updates 1965/12500 episodes, total num timesteps 1572800/10000000, FPS 49.

incre win rate is 0.023809523809523808.

 Map MMM2 Algo rmappo Exp mappo_MMM2 updates 1970/12500 episodes, total num timesteps 1576800/10000000, FPS 49.

incre win rate is 0.020202020202020204.

 Map MMM2 Algo rmappo Exp mappo_MMM2 updates 1975/12500 episodes, total num timesteps 1580800/10000000, FPS 49.

incre win rate is 0.03125.
eval win rate is 0.03125.

 Map MMM2 Algo rmappo Exp mappo_MMM2 updates 1980/12500 episodes, total num timesteps 1584800/10000000, FPS 48.

incre win rate is 0.02197802197802198.

 Map MMM2 Algo rmappo Exp mappo_MMM2 updates 1985/12500 episodes, total num timesteps 1588800/10000000, FPS 48.

incre win rate is 0.03571428571428571.

 Map MMM2 Algo rmappo Exp mappo_MMM2 updates 1990/12500 episodes, total num timesteps 1592800/10000000, FPS 48.

incre win rate is 0.039473684210526314.

 Map MMM2 Algo rmappo Exp mappo_MMM2 updates 1995/12500 episodes, total num timesteps 1596800/10000000, FPS 48.

incre win rate is 0.05333333333333334.

 Map MMM2 Algo rmappo Exp mappo_MMM2 updates 2000/12500 episodes, total num timesteps 1600800/10000000, FPS 48.

incre win rate is 0.02564102564102564.
eval win rate is 0.03125.

 Map MMM2 Algo rmappo Exp mappo_MMM2 updates 2005/12500 episodes, total num timesteps 1604800/10000000, FPS 48.

incre win rate is 0.04.

 Map MMM2 Algo rmappo Exp mappo_MMM2 updates 2010/12500 episodes, total num timesteps 1608800/10000000, FPS 48.

incre win rate is 0.030303030303030304.

 Map MMM2 Algo rmappo Exp mappo_MMM2 updates 2015/12500 episodes, total num timesteps 1612800/10000000, FPS 48.

incre win rate is 0.04938271604938271.

 Map MMM2 Algo rmappo Exp mappo_MMM2 updates 2020/12500 episodes, total num timesteps 1616800/10000000, FPS 48.

incre win rate is 0.0.

 Map MMM2 Algo rmappo Exp mappo_MMM2 updates 2025/12500 episodes, total num timesteps 1620800/10000000, FPS 48.

incre win rate is 0.0.
eval win rate is 0.0.

 Map MMM2 Algo rmappo Exp mappo_MMM2 updates 2030/12500 episodes, total num timesteps 1624800/10000000, FPS 48.

incre win rate is 0.0.

 Map MMM2 Algo rmappo Exp mappo_MMM2 updates 2035/12500 episodes, total num timesteps 1628800/10000000, FPS 48.

incre win rate is 0.010526315789473684.

 Map MMM2 Algo rmappo Exp mappo_MMM2 updates 2040/12500 episodes, total num timesteps 1632800/10000000, FPS 48.

incre win rate is 0.0.

 Map MMM2 Algo rmappo Exp mappo_MMM2 updates 2045/12500 episodes, total num timesteps 1636800/10000000, FPS 48.

incre win rate is 0.0.

 Map MMM2 Algo rmappo Exp mappo_MMM2 updates 2050/12500 episodes, total num timesteps 1640800/10000000, FPS 48.

incre win rate is 0.0.
eval win rate is 0.0.

 Map MMM2 Algo rmappo Exp mappo_MMM2 updates 2055/12500 episodes, total num timesteps 1644800/10000000, FPS 48.

incre win rate is 0.012658227848101266.

 Map MMM2 Algo rmappo Exp mappo_MMM2 updates 2060/12500 episodes, total num timesteps 1648800/10000000, FPS 48.

incre win rate is 0.0.

 Map MMM2 Algo rmappo Exp mappo_MMM2 updates 2065/12500 episodes, total num timesteps 1652800/10000000, FPS 48.

incre win rate is 0.0.

 Map MMM2 Algo rmappo Exp mappo_MMM2 updates 2070/12500 episodes, total num timesteps 1656800/10000000, FPS 48.

incre win rate is 0.0.

 Map MMM2 Algo rmappo Exp mappo_MMM2 updates 2075/12500 episodes, total num timesteps 1660800/10000000, FPS 48.

incre win rate is 0.01282051282051282.
eval win rate is 0.0.

 Map MMM2 Algo rmappo Exp mappo_MMM2 updates 2080/12500 episodes, total num timesteps 1664800/10000000, FPS 48.

incre win rate is 0.0.

 Map MMM2 Algo rmappo Exp mappo_MMM2 updates 2085/12500 episodes, total num timesteps 1668800/10000000, FPS 48.

incre win rate is 0.0.

 Map MMM2 Algo rmappo Exp mappo_MMM2 updates 2090/12500 episodes, total num timesteps 1672800/10000000, FPS 48.

incre win rate is 0.0.

 Map MMM2 Algo rmappo Exp mappo_MMM2 updates 2095/12500 episodes, total num timesteps 1676800/10000000, FPS 48.

incre win rate is 0.0.

 Map MMM2 Algo rmappo Exp mappo_MMM2 updates 2100/12500 episodes, total num timesteps 1680800/10000000, FPS 48.

incre win rate is 0.0.
eval win rate is 0.03125.

 Map MMM2 Algo rmappo Exp mappo_MMM2 updates 2105/12500 episodes, total num timesteps 1684800/10000000, FPS 48.

incre win rate is 0.0.

 Map MMM2 Algo rmappo Exp mappo_MMM2 updates 2110/12500 episodes, total num timesteps 1688800/10000000, FPS 48.

incre win rate is 0.0.

 Map MMM2 Algo rmappo Exp mappo_MMM2 updates 2115/12500 episodes, total num timesteps 1692800/10000000, FPS 48.

incre win rate is 0.0.

 Map MMM2 Algo rmappo Exp mappo_MMM2 updates 2120/12500 episodes, total num timesteps 1696800/10000000, FPS 48.

incre win rate is 0.0.

 Map MMM2 Algo rmappo Exp mappo_MMM2 updates 2125/12500 episodes, total num timesteps 1700800/10000000, FPS 48.

incre win rate is 0.0.
eval win rate is 0.0.

 Map MMM2 Algo rmappo Exp mappo_MMM2 updates 2130/12500 episodes, total num timesteps 1704800/10000000, FPS 48.

incre win rate is 0.011363636363636364.

 Map MMM2 Algo rmappo Exp mappo_MMM2 updates 2135/12500 episodes, total num timesteps 1708800/10000000, FPS 48.

incre win rate is 0.0.

 Map MMM2 Algo rmappo Exp mappo_MMM2 updates 2140/12500 episodes, total num timesteps 1712800/10000000, FPS 48.

incre win rate is 0.0.

 Map MMM2 Algo rmappo Exp mappo_MMM2 updates 2145/12500 episodes, total num timesteps 1716800/10000000, FPS 48.

incre win rate is 0.0.

 Map MMM2 Algo rmappo Exp mappo_MMM2 updates 2150/12500 episodes, total num timesteps 1720800/10000000, FPS 48.

incre win rate is 0.010526315789473684.
eval win rate is 0.03125.

 Map MMM2 Algo rmappo Exp mappo_MMM2 updates 2155/12500 episodes, total num timesteps 1724800/10000000, FPS 48.

incre win rate is 0.0.

 Map MMM2 Algo rmappo Exp mappo_MMM2 updates 2160/12500 episodes, total num timesteps 1728800/10000000, FPS 48.

incre win rate is 0.0.

 Map MMM2 Algo rmappo Exp mappo_MMM2 updates 2165/12500 episodes, total num timesteps 1732800/10000000, FPS 48.

incre win rate is 0.011494252873563218.

 Map MMM2 Algo rmappo Exp mappo_MMM2 updates 2170/12500 episodes, total num timesteps 1736800/10000000, FPS 48.

incre win rate is 0.020833333333333332.

 Map MMM2 Algo rmappo Exp mappo_MMM2 updates 2175/12500 episodes, total num timesteps 1740800/10000000, FPS 48.

incre win rate is 0.0.
eval win rate is 0.0.

 Map MMM2 Algo rmappo Exp mappo_MMM2 updates 2180/12500 episodes, total num timesteps 1744800/10000000, FPS 47.

incre win rate is 0.0.

 Map MMM2 Algo rmappo Exp mappo_MMM2 updates 2185/12500 episodes, total num timesteps 1748800/10000000, FPS 47.

incre win rate is 0.0.

 Map MMM2 Algo rmappo Exp mappo_MMM2 updates 2190/12500 episodes, total num timesteps 1752800/10000000, FPS 47.

incre win rate is 0.0.

 Map MMM2 Algo rmappo Exp mappo_MMM2 updates 2195/12500 episodes, total num timesteps 1756800/10000000, FPS 47.

incre win rate is 0.0.

 Map MMM2 Algo rmappo Exp mappo_MMM2 updates 2200/12500 episodes, total num timesteps 1760800/10000000, FPS 47.

incre win rate is 0.0.
eval win rate is 0.0.

 Map MMM2 Algo rmappo Exp mappo_MMM2 updates 2205/12500 episodes, total num timesteps 1764800/10000000, FPS 47.

incre win rate is 0.0.

 Map MMM2 Algo rmappo Exp mappo_MMM2 updates 2210/12500 episodes, total num timesteps 1768800/10000000, FPS 47.

incre win rate is 0.037037037037037035.

 Map MMM2 Algo rmappo Exp mappo_MMM2 updates 2215/12500 episodes, total num timesteps 1772800/10000000, FPS 47.

incre win rate is 0.0.

 Map MMM2 Algo rmappo Exp mappo_MMM2 updates 2220/12500 episodes, total num timesteps 1776800/10000000, FPS 47.

incre win rate is 0.0.

 Map MMM2 Algo rmappo Exp mappo_MMM2 updates 2225/12500 episodes, total num timesteps 1780800/10000000, FPS 47.

incre win rate is 0.0.
eval win rate is 0.0.

 Map MMM2 Algo rmappo Exp mappo_MMM2 updates 2230/12500 episodes, total num timesteps 1784800/10000000, FPS 47.

incre win rate is 0.0.

 Map MMM2 Algo rmappo Exp mappo_MMM2 updates 2235/12500 episodes, total num timesteps 1788800/10000000, FPS 47.

incre win rate is 0.0.

 Map MMM2 Algo rmappo Exp mappo_MMM2 updates 2240/12500 episodes, total num timesteps 1792800/10000000, FPS 47.

incre win rate is 0.0273972602739726.

 Map MMM2 Algo rmappo Exp mappo_MMM2 updates 2245/12500 episodes, total num timesteps 1796800/10000000, FPS 47.

incre win rate is 0.0.

 Map MMM2 Algo rmappo Exp mappo_MMM2 updates 2250/12500 episodes, total num timesteps 1800800/10000000, FPS 47.

incre win rate is 0.0.
eval win rate is 0.03125.

 Map MMM2 Algo rmappo Exp mappo_MMM2 updates 2255/12500 episodes, total num timesteps 1804800/10000000, FPS 47.

incre win rate is 0.0.

 Map MMM2 Algo rmappo Exp mappo_MMM2 updates 2260/12500 episodes, total num timesteps 1808800/10000000, FPS 47.

incre win rate is 0.0.

 Map MMM2 Algo rmappo Exp mappo_MMM2 updates 2265/12500 episodes, total num timesteps 1812800/10000000, FPS 47.

incre win rate is 0.012658227848101266.

 Map MMM2 Algo rmappo Exp mappo_MMM2 updates 2270/12500 episodes, total num timesteps 1816800/10000000, FPS 47.

incre win rate is 0.0.

 Map MMM2 Algo rmappo Exp mappo_MMM2 updates 2275/12500 episodes, total num timesteps 1820800/10000000, FPS 47.

incre win rate is 0.0.
eval win rate is 0.0.

 Map MMM2 Algo rmappo Exp mappo_MMM2 updates 2280/12500 episodes, total num timesteps 1824800/10000000, FPS 47.

incre win rate is 0.0.

 Map MMM2 Algo rmappo Exp mappo_MMM2 updates 2285/12500 episodes, total num timesteps 1828800/10000000, FPS 47.

incre win rate is 0.0.

 Map MMM2 Algo rmappo Exp mappo_MMM2 updates 2290/12500 episodes, total num timesteps 1832800/10000000, FPS 47.

incre win rate is 0.0.

 Map MMM2 Algo rmappo Exp mappo_MMM2 updates 2295/12500 episodes, total num timesteps 1836800/10000000, FPS 47.

incre win rate is 0.0.

 Map MMM2 Algo rmappo Exp mappo_MMM2 updates 2300/12500 episodes, total num timesteps 1840800/10000000, FPS 47.

incre win rate is 0.0.
eval win rate is 0.0.

 Map MMM2 Algo rmappo Exp mappo_MMM2 updates 2305/12500 episodes, total num timesteps 1844800/10000000, FPS 47.

incre win rate is 0.0.

 Map MMM2 Algo rmappo Exp mappo_MMM2 updates 2310/12500 episodes, total num timesteps 1848800/10000000, FPS 47.

incre win rate is 0.0.

 Map MMM2 Algo rmappo Exp mappo_MMM2 updates 2315/12500 episodes, total num timesteps 1852800/10000000, FPS 47.

incre win rate is 0.0.

 Map MMM2 Algo rmappo Exp mappo_MMM2 updates 2320/12500 episodes, total num timesteps 1856800/10000000, FPS 47.

incre win rate is 0.0.

 Map MMM2 Algo rmappo Exp mappo_MMM2 updates 2325/12500 episodes, total num timesteps 1860800/10000000, FPS 47.

incre win rate is 0.0.
eval win rate is 0.0.

 Map MMM2 Algo rmappo Exp mappo_MMM2 updates 2330/12500 episodes, total num timesteps 1864800/10000000, FPS 47.

incre win rate is 0.0.

 Map MMM2 Algo rmappo Exp mappo_MMM2 updates 2335/12500 episodes, total num timesteps 1868800/10000000, FPS 47.

incre win rate is 0.0.

 Map MMM2 Algo rmappo Exp mappo_MMM2 updates 2340/12500 episodes, total num timesteps 1872800/10000000, FPS 47.

incre win rate is 0.0.

 Map MMM2 Algo rmappo Exp mappo_MMM2 updates 2345/12500 episodes, total num timesteps 1876800/10000000, FPS 47.

incre win rate is 0.0.

 Map MMM2 Algo rmappo Exp mappo_MMM2 updates 2350/12500 episodes, total num timesteps 1880800/10000000, FPS 47.

incre win rate is 0.0.
eval win rate is 0.0.

 Map MMM2 Algo rmappo Exp mappo_MMM2 updates 2355/12500 episodes, total num timesteps 1884800/10000000, FPS 47.

incre win rate is 0.0.

 Map MMM2 Algo rmappo Exp mappo_MMM2 updates 2360/12500 episodes, total num timesteps 1888800/10000000, FPS 47.

incre win rate is 0.0.

 Map MMM2 Algo rmappo Exp mappo_MMM2 updates 2365/12500 episodes, total num timesteps 1892800/10000000, FPS 47.

incre win rate is 0.0.

 Map MMM2 Algo rmappo Exp mappo_MMM2 updates 2370/12500 episodes, total num timesteps 1896800/10000000, FPS 47.

incre win rate is 0.0.

 Map MMM2 Algo rmappo Exp mappo_MMM2 updates 2375/12500 episodes, total num timesteps 1900800/10000000, FPS 47.

incre win rate is 0.0.
eval win rate is 0.0.

 Map MMM2 Algo rmappo Exp mappo_MMM2 updates 2380/12500 episodes, total num timesteps 1904800/10000000, FPS 47.

incre win rate is 0.0.

 Map MMM2 Algo rmappo Exp mappo_MMM2 updates 2385/12500 episodes, total num timesteps 1908800/10000000, FPS 47.

incre win rate is 0.0.

 Map MMM2 Algo rmappo Exp mappo_MMM2 updates 2390/12500 episodes, total num timesteps 1912800/10000000, FPS 47.

incre win rate is 0.0.

 Map MMM2 Algo rmappo Exp mappo_MMM2 updates 2395/12500 episodes, total num timesteps 1916800/10000000, FPS 47.

incre win rate is 0.0.

 Map MMM2 Algo rmappo Exp mappo_MMM2 updates 2400/12500 episodes, total num timesteps 1920800/10000000, FPS 47.

incre win rate is 0.0.
eval win rate is 0.0.

 Map MMM2 Algo rmappo Exp mappo_MMM2 updates 2405/12500 episodes, total num timesteps 1924800/10000000, FPS 47.

incre win rate is 0.0.

 Map MMM2 Algo rmappo Exp mappo_MMM2 updates 2410/12500 episodes, total num timesteps 1928800/10000000, FPS 47.

incre win rate is 0.0.

 Map MMM2 Algo rmappo Exp mappo_MMM2 updates 2415/12500 episodes, total num timesteps 1932800/10000000, FPS 47.

incre win rate is 0.0.

 Map MMM2 Algo rmappo Exp mappo_MMM2 updates 2420/12500 episodes, total num timesteps 1936800/10000000, FPS 47.

incre win rate is 0.0.

 Map MMM2 Algo rmappo Exp mappo_MMM2 updates 2425/12500 episodes, total num timesteps 1940800/10000000, FPS 46.

incre win rate is 0.0.
eval win rate is 0.0.

 Map MMM2 Algo rmappo Exp mappo_MMM2 updates 2430/12500 episodes, total num timesteps 1944800/10000000, FPS 46.

incre win rate is 0.0.

 Map MMM2 Algo rmappo Exp mappo_MMM2 updates 2435/12500 episodes, total num timesteps 1948800/10000000, FPS 46.

incre win rate is 0.0.

 Map MMM2 Algo rmappo Exp mappo_MMM2 updates 2440/12500 episodes, total num timesteps 1952800/10000000, FPS 46.

incre win rate is 0.0.

 Map MMM2 Algo rmappo Exp mappo_MMM2 updates 2445/12500 episodes, total num timesteps 1956800/10000000, FPS 46.

incre win rate is 0.0.

 Map MMM2 Algo rmappo Exp mappo_MMM2 updates 2450/12500 episodes, total num timesteps 1960800/10000000, FPS 46.

incre win rate is 0.0.
eval win rate is 0.0.

 Map MMM2 Algo rmappo Exp mappo_MMM2 updates 2455/12500 episodes, total num timesteps 1964800/10000000, FPS 46.

incre win rate is 0.0.

 Map MMM2 Algo rmappo Exp mappo_MMM2 updates 2460/12500 episodes, total num timesteps 1968800/10000000, FPS 46.

incre win rate is 0.0.

 Map MMM2 Algo rmappo Exp mappo_MMM2 updates 2465/12500 episodes, total num timesteps 1972800/10000000, FPS 46.

incre win rate is 0.0.

 Map MMM2 Algo rmappo Exp mappo_MMM2 updates 2470/12500 episodes, total num timesteps 1976800/10000000, FPS 46.

incre win rate is 0.0.

 Map MMM2 Algo rmappo Exp mappo_MMM2 updates 2475/12500 episodes, total num timesteps 1980800/10000000, FPS 46.

incre win rate is 0.0.
eval win rate is 0.0.

 Map MMM2 Algo rmappo Exp mappo_MMM2 updates 2480/12500 episodes, total num timesteps 1984800/10000000, FPS 46.

incre win rate is 0.0.

 Map MMM2 Algo rmappo Exp mappo_MMM2 updates 2485/12500 episodes, total num timesteps 1988800/10000000, FPS 46.

incre win rate is 0.009433962264150943.

 Map MMM2 Algo rmappo Exp mappo_MMM2 updates 2490/12500 episodes, total num timesteps 1992800/10000000, FPS 46.

incre win rate is 0.0.

 Map MMM2 Algo rmappo Exp mappo_MMM2 updates 2495/12500 episodes, total num timesteps 1996800/10000000, FPS 46.

incre win rate is 0.0.

 Map MMM2 Algo rmappo Exp mappo_MMM2 updates 2500/12500 episodes, total num timesteps 2000800/10000000, FPS 46.

incre win rate is 0.0.
eval win rate is 0.0.

 Map MMM2 Algo rmappo Exp mappo_MMM2 updates 2505/12500 episodes, total num timesteps 2004800/10000000, FPS 46.

incre win rate is 0.0.

 Map MMM2 Algo rmappo Exp mappo_MMM2 updates 2510/12500 episodes, total num timesteps 2008800/10000000, FPS 46.

incre win rate is 0.0.

 Map MMM2 Algo rmappo Exp mappo_MMM2 updates 2515/12500 episodes, total num timesteps 2012800/10000000, FPS 46.

incre win rate is 0.0.

 Map MMM2 Algo rmappo Exp mappo_MMM2 updates 2520/12500 episodes, total num timesteps 2016800/10000000, FPS 46.

incre win rate is 0.0.

 Map MMM2 Algo rmappo Exp mappo_MMM2 updates 2525/12500 episodes, total num timesteps 2020800/10000000, FPS 46.

incre win rate is 0.0.
eval win rate is 0.0.

 Map MMM2 Algo rmappo Exp mappo_MMM2 updates 2530/12500 episodes, total num timesteps 2024800/10000000, FPS 46.

incre win rate is 0.0.

 Map MMM2 Algo rmappo Exp mappo_MMM2 updates 2535/12500 episodes, total num timesteps 2028800/10000000, FPS 46.

incre win rate is 0.0.

 Map MMM2 Algo rmappo Exp mappo_MMM2 updates 2540/12500 episodes, total num timesteps 2032800/10000000, FPS 46.

incre win rate is 0.0.

 Map MMM2 Algo rmappo Exp mappo_MMM2 updates 2545/12500 episodes, total num timesteps 2036800/10000000, FPS 46.

incre win rate is 0.0.

 Map MMM2 Algo rmappo Exp mappo_MMM2 updates 2550/12500 episodes, total num timesteps 2040800/10000000, FPS 46.

incre win rate is 0.0.
eval win rate is 0.0.

 Map MMM2 Algo rmappo Exp mappo_MMM2 updates 2555/12500 episodes, total num timesteps 2044800/10000000, FPS 46.

incre win rate is 0.0.

 Map MMM2 Algo rmappo Exp mappo_MMM2 updates 2560/12500 episodes, total num timesteps 2048800/10000000, FPS 46.

incre win rate is 0.0.

 Map MMM2 Algo rmappo Exp mappo_MMM2 updates 2565/12500 episodes, total num timesteps 2052800/10000000, FPS 46.

incre win rate is 0.0.

 Map MMM2 Algo rmappo Exp mappo_MMM2 updates 2570/12500 episodes, total num timesteps 2056800/10000000, FPS 46.

incre win rate is 0.0.

 Map MMM2 Algo rmappo Exp mappo_MMM2 updates 2575/12500 episodes, total num timesteps 2060800/10000000, FPS 46.

incre win rate is 0.0.
eval win rate is 0.0.

 Map MMM2 Algo rmappo Exp mappo_MMM2 updates 2580/12500 episodes, total num timesteps 2064800/10000000, FPS 46.

incre win rate is 0.0.

 Map MMM2 Algo rmappo Exp mappo_MMM2 updates 2585/12500 episodes, total num timesteps 2068800/10000000, FPS 46.

incre win rate is 0.0.

 Map MMM2 Algo rmappo Exp mappo_MMM2 updates 2590/12500 episodes, total num timesteps 2072800/10000000, FPS 46.

incre win rate is 0.0.

 Map MMM2 Algo rmappo Exp mappo_MMM2 updates 2595/12500 episodes, total num timesteps 2076800/10000000, FPS 46.

incre win rate is 0.0.

 Map MMM2 Algo rmappo Exp mappo_MMM2 updates 2600/12500 episodes, total num timesteps 2080800/10000000, FPS 46.

incre win rate is 0.0.
eval win rate is 0.0.

 Map MMM2 Algo rmappo Exp mappo_MMM2 updates 2605/12500 episodes, total num timesteps 2084800/10000000, FPS 46.

incre win rate is 0.0.

 Map MMM2 Algo rmappo Exp mappo_MMM2 updates 2610/12500 episodes, total num timesteps 2088800/10000000, FPS 46.

incre win rate is 0.0.

 Map MMM2 Algo rmappo Exp mappo_MMM2 updates 2615/12500 episodes, total num timesteps 2092800/10000000, FPS 46.

incre win rate is 0.0.

 Map MMM2 Algo rmappo Exp mappo_MMM2 updates 2620/12500 episodes, total num timesteps 2096800/10000000, FPS 46.

incre win rate is 0.0.

 Map MMM2 Algo rmappo Exp mappo_MMM2 updates 2625/12500 episodes, total num timesteps 2100800/10000000, FPS 46.

incre win rate is 0.0.
eval win rate is 0.0.

 Map MMM2 Algo rmappo Exp mappo_MMM2 updates 2630/12500 episodes, total num timesteps 2104800/10000000, FPS 46.

incre win rate is 0.0.

 Map MMM2 Algo rmappo Exp mappo_MMM2 updates 2635/12500 episodes, total num timesteps 2108800/10000000, FPS 46.

incre win rate is 0.0.

 Map MMM2 Algo rmappo Exp mappo_MMM2 updates 2640/12500 episodes, total num timesteps 2112800/10000000, FPS 46.

incre win rate is 0.0.

 Map MMM2 Algo rmappo Exp mappo_MMM2 updates 2645/12500 episodes, total num timesteps 2116800/10000000, FPS 46.

incre win rate is 0.0.

 Map MMM2 Algo rmappo Exp mappo_MMM2 updates 2650/12500 episodes, total num timesteps 2120800/10000000, FPS 46.

incre win rate is 0.0.
eval win rate is 0.0.

 Map MMM2 Algo rmappo Exp mappo_MMM2 updates 2655/12500 episodes, total num timesteps 2124800/10000000, FPS 46.

incre win rate is 0.0.

 Map MMM2 Algo rmappo Exp mappo_MMM2 updates 2660/12500 episodes, total num timesteps 2128800/10000000, FPS 46.

incre win rate is 0.0.

 Map MMM2 Algo rmappo Exp mappo_MMM2 updates 2665/12500 episodes, total num timesteps 2132800/10000000, FPS 46.

incre win rate is 0.0.

 Map MMM2 Algo rmappo Exp mappo_MMM2 updates 2670/12500 episodes, total num timesteps 2136800/10000000, FPS 46.

incre win rate is 0.0.

 Map MMM2 Algo rmappo Exp mappo_MMM2 updates 2675/12500 episodes, total num timesteps 2140800/10000000, FPS 46.

incre win rate is 0.0.
eval win rate is 0.0.

 Map MMM2 Algo rmappo Exp mappo_MMM2 updates 2680/12500 episodes, total num timesteps 2144800/10000000, FPS 46.

incre win rate is 0.0.

 Map MMM2 Algo rmappo Exp mappo_MMM2 updates 2685/12500 episodes, total num timesteps 2148800/10000000, FPS 46.

incre win rate is 0.0.

 Map MMM2 Algo rmappo Exp mappo_MMM2 updates 2690/12500 episodes, total num timesteps 2152800/10000000, FPS 46.

incre win rate is 0.0.

 Map MMM2 Algo rmappo Exp mappo_MMM2 updates 2695/12500 episodes, total num timesteps 2156800/10000000, FPS 45.

incre win rate is 0.0.

 Map MMM2 Algo rmappo Exp mappo_MMM2 updates 2700/12500 episodes, total num timesteps 2160800/10000000, FPS 45.

incre win rate is 0.0.
eval win rate is 0.0.

 Map MMM2 Algo rmappo Exp mappo_MMM2 updates 2705/12500 episodes, total num timesteps 2164800/10000000, FPS 45.

incre win rate is 0.0.

 Map MMM2 Algo rmappo Exp mappo_MMM2 updates 2710/12500 episodes, total num timesteps 2168800/10000000, FPS 45.

incre win rate is 0.0.

 Map MMM2 Algo rmappo Exp mappo_MMM2 updates 2715/12500 episodes, total num timesteps 2172800/10000000, FPS 45.

incre win rate is 0.0.

 Map MMM2 Algo rmappo Exp mappo_MMM2 updates 2720/12500 episodes, total num timesteps 2176800/10000000, FPS 45.

incre win rate is 0.0.

 Map MMM2 Algo rmappo Exp mappo_MMM2 updates 2725/12500 episodes, total num timesteps 2180800/10000000, FPS 45.

incre win rate is 0.0.
eval win rate is 0.0.

 Map MMM2 Algo rmappo Exp mappo_MMM2 updates 2730/12500 episodes, total num timesteps 2184800/10000000, FPS 45.

incre win rate is 0.0.

 Map MMM2 Algo rmappo Exp mappo_MMM2 updates 2735/12500 episodes, total num timesteps 2188800/10000000, FPS 45.

incre win rate is 0.0.

 Map MMM2 Algo rmappo Exp mappo_MMM2 updates 2740/12500 episodes, total num timesteps 2192800/10000000, FPS 45.

incre win rate is 0.0.

 Map MMM2 Algo rmappo Exp mappo_MMM2 updates 2745/12500 episodes, total num timesteps 2196800/10000000, FPS 45.

incre win rate is 0.0.

 Map MMM2 Algo rmappo Exp mappo_MMM2 updates 2750/12500 episodes, total num timesteps 2200800/10000000, FPS 45.

incre win rate is 0.010309278350515464.
eval win rate is 0.0.

 Map MMM2 Algo rmappo Exp mappo_MMM2 updates 2755/12500 episodes, total num timesteps 2204800/10000000, FPS 45.

incre win rate is 0.0.

 Map MMM2 Algo rmappo Exp mappo_MMM2 updates 2760/12500 episodes, total num timesteps 2208800/10000000, FPS 45.

incre win rate is 0.0.

 Map MMM2 Algo rmappo Exp mappo_MMM2 updates 2765/12500 episodes, total num timesteps 2212800/10000000, FPS 45.

incre win rate is 0.0.

 Map MMM2 Algo rmappo Exp mappo_MMM2 updates 2770/12500 episodes, total num timesteps 2216800/10000000, FPS 45.

incre win rate is 0.0.

 Map MMM2 Algo rmappo Exp mappo_MMM2 updates 2775/12500 episodes, total num timesteps 2220800/10000000, FPS 45.

incre win rate is 0.0.
eval win rate is 0.03125.

 Map MMM2 Algo rmappo Exp mappo_MMM2 updates 2780/12500 episodes, total num timesteps 2224800/10000000, FPS 45.

incre win rate is 0.01020408163265306.

 Map MMM2 Algo rmappo Exp mappo_MMM2 updates 2785/12500 episodes, total num timesteps 2228800/10000000, FPS 45.

incre win rate is 0.0.

 Map MMM2 Algo rmappo Exp mappo_MMM2 updates 2790/12500 episodes, total num timesteps 2232800/10000000, FPS 45.

incre win rate is 0.0.

 Map MMM2 Algo rmappo Exp mappo_MMM2 updates 2795/12500 episodes, total num timesteps 2236800/10000000, FPS 45.

incre win rate is 0.0.

 Map MMM2 Algo rmappo Exp mappo_MMM2 updates 2800/12500 episodes, total num timesteps 2240800/10000000, FPS 45.

incre win rate is 0.010416666666666666.
eval win rate is 0.0.

 Map MMM2 Algo rmappo Exp mappo_MMM2 updates 2805/12500 episodes, total num timesteps 2244800/10000000, FPS 45.

incre win rate is 0.01020408163265306.

 Map MMM2 Algo rmappo Exp mappo_MMM2 updates 2810/12500 episodes, total num timesteps 2248800/10000000, FPS 45.

incre win rate is 0.0.

 Map MMM2 Algo rmappo Exp mappo_MMM2 updates 2815/12500 episodes, total num timesteps 2252800/10000000, FPS 45.

incre win rate is 0.009708737864077669.

 Map MMM2 Algo rmappo Exp mappo_MMM2 updates 2820/12500 episodes, total num timesteps 2256800/10000000, FPS 45.

incre win rate is 0.02.

 Map MMM2 Algo rmappo Exp mappo_MMM2 updates 2825/12500 episodes, total num timesteps 2260800/10000000, FPS 45.

incre win rate is 0.0.
eval win rate is 0.0.

 Map MMM2 Algo rmappo Exp mappo_MMM2 updates 2830/12500 episodes, total num timesteps 2264800/10000000, FPS 45.

incre win rate is 0.010416666666666666.

 Map MMM2 Algo rmappo Exp mappo_MMM2 updates 2835/12500 episodes, total num timesteps 2268800/10000000, FPS 45.

incre win rate is 0.0.

 Map MMM2 Algo rmappo Exp mappo_MMM2 updates 2840/12500 episodes, total num timesteps 2272800/10000000, FPS 45.

incre win rate is 0.0.

 Map MMM2 Algo rmappo Exp mappo_MMM2 updates 2845/12500 episodes, total num timesteps 2276800/10000000, FPS 45.

incre win rate is 0.0.

 Map MMM2 Algo rmappo Exp mappo_MMM2 updates 2850/12500 episodes, total num timesteps 2280800/10000000, FPS 45.

incre win rate is 0.031578947368421054.
eval win rate is 0.0.

 Map MMM2 Algo rmappo Exp mappo_MMM2 updates 2855/12500 episodes, total num timesteps 2284800/10000000, FPS 45.

incre win rate is 0.03125.

 Map MMM2 Algo rmappo Exp mappo_MMM2 updates 2860/12500 episodes, total num timesteps 2288800/10000000, FPS 45.

incre win rate is 0.01020408163265306.

 Map MMM2 Algo rmappo Exp mappo_MMM2 updates 2865/12500 episodes, total num timesteps 2292800/10000000, FPS 45.

incre win rate is 0.0.

 Map MMM2 Algo rmappo Exp mappo_MMM2 updates 2870/12500 episodes, total num timesteps 2296800/10000000, FPS 45.

incre win rate is 0.0.

 Map MMM2 Algo rmappo Exp mappo_MMM2 updates 2875/12500 episodes, total num timesteps 2300800/10000000, FPS 45.

incre win rate is 0.01020408163265306.
eval win rate is 0.0.

 Map MMM2 Algo rmappo Exp mappo_MMM2 updates 2880/12500 episodes, total num timesteps 2304800/10000000, FPS 45.

incre win rate is 0.0.

 Map MMM2 Algo rmappo Exp mappo_MMM2 updates 2885/12500 episodes, total num timesteps 2308800/10000000, FPS 45.

incre win rate is 0.010101010101010102.

 Map MMM2 Algo rmappo Exp mappo_MMM2 updates 2890/12500 episodes, total num timesteps 2312800/10000000, FPS 45.

incre win rate is 0.0.

 Map MMM2 Algo rmappo Exp mappo_MMM2 updates 2895/12500 episodes, total num timesteps 2316800/10000000, FPS 45.

incre win rate is 0.043010752688172046.

 Map MMM2 Algo rmappo Exp mappo_MMM2 updates 2900/12500 episodes, total num timesteps 2320800/10000000, FPS 45.

incre win rate is 0.0.
eval win rate is 0.0.

 Map MMM2 Algo rmappo Exp mappo_MMM2 updates 2905/12500 episodes, total num timesteps 2324800/10000000, FPS 45.

incre win rate is 0.0.

 Map MMM2 Algo rmappo Exp mappo_MMM2 updates 2910/12500 episodes, total num timesteps 2328800/10000000, FPS 45.

incre win rate is 0.020618556701030927.

 Map MMM2 Algo rmappo Exp mappo_MMM2 updates 2915/12500 episodes, total num timesteps 2332800/10000000, FPS 45.

incre win rate is 0.010526315789473684.

 Map MMM2 Algo rmappo Exp mappo_MMM2 updates 2920/12500 episodes, total num timesteps 2336800/10000000, FPS 45.

incre win rate is 0.0.

 Map MMM2 Algo rmappo Exp mappo_MMM2 updates 2925/12500 episodes, total num timesteps 2340800/10000000, FPS 45.

incre win rate is 0.009523809523809525.
eval win rate is 0.0.

 Map MMM2 Algo rmappo Exp mappo_MMM2 updates 2930/12500 episodes, total num timesteps 2344800/10000000, FPS 45.

incre win rate is 0.009433962264150943.

 Map MMM2 Algo rmappo Exp mappo_MMM2 updates 2935/12500 episodes, total num timesteps 2348800/10000000, FPS 45.

incre win rate is 0.0.

 Map MMM2 Algo rmappo Exp mappo_MMM2 updates 2940/12500 episodes, total num timesteps 2352800/10000000, FPS 45.

incre win rate is 0.0.

 Map MMM2 Algo rmappo Exp mappo_MMM2 updates 2945/12500 episodes, total num timesteps 2356800/10000000, FPS 45.

incre win rate is 0.0.

 Map MMM2 Algo rmappo Exp mappo_MMM2 updates 2950/12500 episodes, total num timesteps 2360800/10000000, FPS 45.

incre win rate is 0.0.
eval win rate is 0.0.

 Map MMM2 Algo rmappo Exp mappo_MMM2 updates 2955/12500 episodes, total num timesteps 2364800/10000000, FPS 45.

incre win rate is 0.0.

 Map MMM2 Algo rmappo Exp mappo_MMM2 updates 2960/12500 episodes, total num timesteps 2368800/10000000, FPS 45.

incre win rate is 0.009708737864077669.

 Map MMM2 Algo rmappo Exp mappo_MMM2 updates 2965/12500 episodes, total num timesteps 2372800/10000000, FPS 45.

incre win rate is 0.010101010101010102.

 Map MMM2 Algo rmappo Exp mappo_MMM2 updates 2970/12500 episodes, total num timesteps 2376800/10000000, FPS 45.

incre win rate is 0.0.

 Map MMM2 Algo rmappo Exp mappo_MMM2 updates 2975/12500 episodes, total num timesteps 2380800/10000000, FPS 45.

incre win rate is 0.0.
eval win rate is 0.03125.

 Map MMM2 Algo rmappo Exp mappo_MMM2 updates 2980/12500 episodes, total num timesteps 2384800/10000000, FPS 45.

incre win rate is 0.02040816326530612.

 Map MMM2 Algo rmappo Exp mappo_MMM2 updates 2985/12500 episodes, total num timesteps 2388800/10000000, FPS 45.

incre win rate is 0.010416666666666666.

 Map MMM2 Algo rmappo Exp mappo_MMM2 updates 2990/12500 episodes, total num timesteps 2392800/10000000, FPS 45.

incre win rate is 0.0.

 Map MMM2 Algo rmappo Exp mappo_MMM2 updates 2995/12500 episodes, total num timesteps 2396800/10000000, FPS 45.

incre win rate is 0.0.

 Map MMM2 Algo rmappo Exp mappo_MMM2 updates 3000/12500 episodes, total num timesteps 2400800/10000000, FPS 45.

incre win rate is 0.010101010101010102.
eval win rate is 0.0.

 Map MMM2 Algo rmappo Exp mappo_MMM2 updates 3005/12500 episodes, total num timesteps 2404800/10000000, FPS 45.

incre win rate is 0.021505376344086023.

 Map MMM2 Algo rmappo Exp mappo_MMM2 updates 3010/12500 episodes, total num timesteps 2408800/10000000, FPS 45.

incre win rate is 0.0.

 Map MMM2 Algo rmappo Exp mappo_MMM2 updates 3015/12500 episodes, total num timesteps 2412800/10000000, FPS 44.

incre win rate is 0.0.

 Map MMM2 Algo rmappo Exp mappo_MMM2 updates 3020/12500 episodes, total num timesteps 2416800/10000000, FPS 44.

incre win rate is 0.0.

 Map MMM2 Algo rmappo Exp mappo_MMM2 updates 3025/12500 episodes, total num timesteps 2420800/10000000, FPS 44.

incre win rate is 0.01.
eval win rate is 0.0.

 Map MMM2 Algo rmappo Exp mappo_MMM2 updates 3030/12500 episodes, total num timesteps 2424800/10000000, FPS 44.

incre win rate is 0.010309278350515464.

 Map MMM2 Algo rmappo Exp mappo_MMM2 updates 3035/12500 episodes, total num timesteps 2428800/10000000, FPS 44.

incre win rate is 0.0.

 Map MMM2 Algo rmappo Exp mappo_MMM2 updates 3040/12500 episodes, total num timesteps 2432800/10000000, FPS 44.

incre win rate is 0.010101010101010102.

 Map MMM2 Algo rmappo Exp mappo_MMM2 updates 3045/12500 episodes, total num timesteps 2436800/10000000, FPS 44.

incre win rate is 0.0.

 Map MMM2 Algo rmappo Exp mappo_MMM2 updates 3050/12500 episodes, total num timesteps 2440800/10000000, FPS 44.

incre win rate is 0.0.
eval win rate is 0.03125.

 Map MMM2 Algo rmappo Exp mappo_MMM2 updates 3055/12500 episodes, total num timesteps 2444800/10000000, FPS 44.

incre win rate is 0.020202020202020204.

 Map MMM2 Algo rmappo Exp mappo_MMM2 updates 3060/12500 episodes, total num timesteps 2448800/10000000, FPS 44.

incre win rate is 0.0.

 Map MMM2 Algo rmappo Exp mappo_MMM2 updates 3065/12500 episodes, total num timesteps 2452800/10000000, FPS 44.

incre win rate is 0.0.

 Map MMM2 Algo rmappo Exp mappo_MMM2 updates 3070/12500 episodes, total num timesteps 2456800/10000000, FPS 44.

incre win rate is 0.0.

 Map MMM2 Algo rmappo Exp mappo_MMM2 updates 3075/12500 episodes, total num timesteps 2460800/10000000, FPS 44.

incre win rate is 0.00980392156862745.
eval win rate is 0.0.

 Map MMM2 Algo rmappo Exp mappo_MMM2 updates 3080/12500 episodes, total num timesteps 2464800/10000000, FPS 44.

incre win rate is 0.0.

 Map MMM2 Algo rmappo Exp mappo_MMM2 updates 3085/12500 episodes, total num timesteps 2468800/10000000, FPS 44.

incre win rate is 0.0.

 Map MMM2 Algo rmappo Exp mappo_MMM2 updates 3090/12500 episodes, total num timesteps 2472800/10000000, FPS 44.

incre win rate is 0.0.

 Map MMM2 Algo rmappo Exp mappo_MMM2 updates 3095/12500 episodes, total num timesteps 2476800/10000000, FPS 44.

incre win rate is 0.00980392156862745.

 Map MMM2 Algo rmappo Exp mappo_MMM2 updates 3100/12500 episodes, total num timesteps 2480800/10000000, FPS 44.

incre win rate is 0.01.
eval win rate is 0.0.

 Map MMM2 Algo rmappo Exp mappo_MMM2 updates 3105/12500 episodes, total num timesteps 2484800/10000000, FPS 44.

incre win rate is 0.0.

 Map MMM2 Algo rmappo Exp mappo_MMM2 updates 3110/12500 episodes, total num timesteps 2488800/10000000, FPS 44.

incre win rate is 0.0.

 Map MMM2 Algo rmappo Exp mappo_MMM2 updates 3115/12500 episodes, total num timesteps 2492800/10000000, FPS 44.

incre win rate is 0.009900990099009901.

 Map MMM2 Algo rmappo Exp mappo_MMM2 updates 3120/12500 episodes, total num timesteps 2496800/10000000, FPS 44.

incre win rate is 0.0.

 Map MMM2 Algo rmappo Exp mappo_MMM2 updates 3125/12500 episodes, total num timesteps 2500800/10000000, FPS 44.

incre win rate is 0.0.
eval win rate is 0.0.

 Map MMM2 Algo rmappo Exp mappo_MMM2 updates 3130/12500 episodes, total num timesteps 2504800/10000000, FPS 44.

incre win rate is 0.010101010101010102.

 Map MMM2 Algo rmappo Exp mappo_MMM2 updates 3135/12500 episodes, total num timesteps 2508800/10000000, FPS 44.

incre win rate is 0.0.

 Map MMM2 Algo rmappo Exp mappo_MMM2 updates 3140/12500 episodes, total num timesteps 2512800/10000000, FPS 44.

incre win rate is 0.009433962264150943.

 Map MMM2 Algo rmappo Exp mappo_MMM2 updates 3145/12500 episodes, total num timesteps 2516800/10000000, FPS 44.

incre win rate is 0.0.

 Map MMM2 Algo rmappo Exp mappo_MMM2 updates 3150/12500 episodes, total num timesteps 2520800/10000000, FPS 44.

incre win rate is 0.0.
eval win rate is 0.0.

 Map MMM2 Algo rmappo Exp mappo_MMM2 updates 3155/12500 episodes, total num timesteps 2524800/10000000, FPS 44.

incre win rate is 0.0.

 Map MMM2 Algo rmappo Exp mappo_MMM2 updates 3160/12500 episodes, total num timesteps 2528800/10000000, FPS 44.

incre win rate is 0.0.

 Map MMM2 Algo rmappo Exp mappo_MMM2 updates 3165/12500 episodes, total num timesteps 2532800/10000000, FPS 44.

incre win rate is 0.0.

 Map MMM2 Algo rmappo Exp mappo_MMM2 updates 3170/12500 episodes, total num timesteps 2536800/10000000, FPS 44.

incre win rate is 0.0.

 Map MMM2 Algo rmappo Exp mappo_MMM2 updates 3175/12500 episodes, total num timesteps 2540800/10000000, FPS 44.

incre win rate is 0.0.
eval win rate is 0.0.

 Map MMM2 Algo rmappo Exp mappo_MMM2 updates 3180/12500 episodes, total num timesteps 2544800/10000000, FPS 44.

incre win rate is 0.0.

 Map MMM2 Algo rmappo Exp mappo_MMM2 updates 3185/12500 episodes, total num timesteps 2548800/10000000, FPS 44.

incre win rate is 0.0.

 Map MMM2 Algo rmappo Exp mappo_MMM2 updates 3190/12500 episodes, total num timesteps 2552800/10000000, FPS 44.

incre win rate is 0.01020408163265306.

 Map MMM2 Algo rmappo Exp mappo_MMM2 updates 3195/12500 episodes, total num timesteps 2556800/10000000, FPS 44.

incre win rate is 0.0.

 Map MMM2 Algo rmappo Exp mappo_MMM2 updates 3200/12500 episodes, total num timesteps 2560800/10000000, FPS 44.

incre win rate is 0.009900990099009901.
eval win rate is 0.03125.

 Map MMM2 Algo rmappo Exp mappo_MMM2 updates 3205/12500 episodes, total num timesteps 2564800/10000000, FPS 44.

incre win rate is 0.0.

 Map MMM2 Algo rmappo Exp mappo_MMM2 updates 3210/12500 episodes, total num timesteps 2568800/10000000, FPS 44.

incre win rate is 0.022727272727272728.

 Map MMM2 Algo rmappo Exp mappo_MMM2 updates 3215/12500 episodes, total num timesteps 2572800/10000000, FPS 44.

incre win rate is 0.0.

 Map MMM2 Algo rmappo Exp mappo_MMM2 updates 3220/12500 episodes, total num timesteps 2576800/10000000, FPS 44.

incre win rate is 0.0.

 Map MMM2 Algo rmappo Exp mappo_MMM2 updates 3225/12500 episodes, total num timesteps 2580800/10000000, FPS 44.

incre win rate is 0.0.
eval win rate is 0.0.

 Map MMM2 Algo rmappo Exp mappo_MMM2 updates 3230/12500 episodes, total num timesteps 2584800/10000000, FPS 44.

incre win rate is 0.0.

 Map MMM2 Algo rmappo Exp mappo_MMM2 updates 3235/12500 episodes, total num timesteps 2588800/10000000, FPS 44.

incre win rate is 0.0.

 Map MMM2 Algo rmappo Exp mappo_MMM2 updates 3240/12500 episodes, total num timesteps 2592800/10000000, FPS 44.

incre win rate is 0.010526315789473684.

 Map MMM2 Algo rmappo Exp mappo_MMM2 updates 3245/12500 episodes, total num timesteps 2596800/10000000, FPS 44.

incre win rate is 0.011235955056179775.

 Map MMM2 Algo rmappo Exp mappo_MMM2 updates 3250/12500 episodes, total num timesteps 2600800/10000000, FPS 44.

incre win rate is 0.0.
eval win rate is 0.0.

 Map MMM2 Algo rmappo Exp mappo_MMM2 updates 3255/12500 episodes, total num timesteps 2604800/10000000, FPS 44.

incre win rate is 0.0.

 Map MMM2 Algo rmappo Exp mappo_MMM2 updates 3260/12500 episodes, total num timesteps 2608800/10000000, FPS 44.

incre win rate is 0.0.

 Map MMM2 Algo rmappo Exp mappo_MMM2 updates 3265/12500 episodes, total num timesteps 2612800/10000000, FPS 44.

incre win rate is 0.04395604395604396.

 Map MMM2 Algo rmappo Exp mappo_MMM2 updates 3270/12500 episodes, total num timesteps 2616800/10000000, FPS 44.

incre win rate is 0.05434782608695652.

 Map MMM2 Algo rmappo Exp mappo_MMM2 updates 3275/12500 episodes, total num timesteps 2620800/10000000, FPS 44.

incre win rate is 0.010309278350515464.
eval win rate is 0.0.

 Map MMM2 Algo rmappo Exp mappo_MMM2 updates 3280/12500 episodes, total num timesteps 2624800/10000000, FPS 44.

incre win rate is 0.01020408163265306.

 Map MMM2 Algo rmappo Exp mappo_MMM2 updates 3285/12500 episodes, total num timesteps 2628800/10000000, FPS 44.

incre win rate is 0.0.

 Map MMM2 Algo rmappo Exp mappo_MMM2 updates 3290/12500 episodes, total num timesteps 2632800/10000000, FPS 44.

incre win rate is 0.02197802197802198.

 Map MMM2 Algo rmappo Exp mappo_MMM2 updates 3295/12500 episodes, total num timesteps 2636800/10000000, FPS 44.

incre win rate is 0.010752688172043012.

 Map MMM2 Algo rmappo Exp mappo_MMM2 updates 3300/12500 episodes, total num timesteps 2640800/10000000, FPS 44.

incre win rate is 0.010869565217391304.
eval win rate is 0.0.

 Map MMM2 Algo rmappo Exp mappo_MMM2 updates 3305/12500 episodes, total num timesteps 2644800/10000000, FPS 44.

incre win rate is 0.0.

 Map MMM2 Algo rmappo Exp mappo_MMM2 updates 3310/12500 episodes, total num timesteps 2648800/10000000, FPS 44.

incre win rate is 0.020833333333333332.

 Map MMM2 Algo rmappo Exp mappo_MMM2 updates 3315/12500 episodes, total num timesteps 2652800/10000000, FPS 44.

incre win rate is 0.03125.

 Map MMM2 Algo rmappo Exp mappo_MMM2 updates 3320/12500 episodes, total num timesteps 2656800/10000000, FPS 44.

incre win rate is 0.0.

 Map MMM2 Algo rmappo Exp mappo_MMM2 updates 3325/12500 episodes, total num timesteps 2660800/10000000, FPS 44.

incre win rate is 0.0.
eval win rate is 0.0.

 Map MMM2 Algo rmappo Exp mappo_MMM2 updates 3330/12500 episodes, total num timesteps 2664800/10000000, FPS 44.

incre win rate is 0.0.

 Map MMM2 Algo rmappo Exp mappo_MMM2 updates 3335/12500 episodes, total num timesteps 2668800/10000000, FPS 44.

incre win rate is 0.0.

 Map MMM2 Algo rmappo Exp mappo_MMM2 updates 3340/12500 episodes, total num timesteps 2672800/10000000, FPS 44.

incre win rate is 0.010101010101010102.

 Map MMM2 Algo rmappo Exp mappo_MMM2 updates 3345/12500 episodes, total num timesteps 2676800/10000000, FPS 44.

incre win rate is 0.0.

 Map MMM2 Algo rmappo Exp mappo_MMM2 updates 3350/12500 episodes, total num timesteps 2680800/10000000, FPS 44.

incre win rate is 0.0.
eval win rate is 0.0.

 Map MMM2 Algo rmappo Exp mappo_MMM2 updates 3355/12500 episodes, total num timesteps 2684800/10000000, FPS 44.

incre win rate is 0.010526315789473684.

 Map MMM2 Algo rmappo Exp mappo_MMM2 updates 3360/12500 episodes, total num timesteps 2688800/10000000, FPS 44.

incre win rate is 0.010416666666666666.

 Map MMM2 Algo rmappo Exp mappo_MMM2 updates 3365/12500 episodes, total num timesteps 2692800/10000000, FPS 44.

incre win rate is 0.021739130434782608.

 Map MMM2 Algo rmappo Exp mappo_MMM2 updates 3370/12500 episodes, total num timesteps 2696800/10000000, FPS 44.

incre win rate is 0.0.

 Map MMM2 Algo rmappo Exp mappo_MMM2 updates 3375/12500 episodes, total num timesteps 2700800/10000000, FPS 44.

incre win rate is 0.0.
eval win rate is 0.0.

 Map MMM2 Algo rmappo Exp mappo_MMM2 updates 3380/12500 episodes, total num timesteps 2704800/10000000, FPS 44.

incre win rate is 0.020833333333333332.

 Map MMM2 Algo rmappo Exp mappo_MMM2 updates 3385/12500 episodes, total num timesteps 2708800/10000000, FPS 44.

incre win rate is 0.011235955056179775.

 Map MMM2 Algo rmappo Exp mappo_MMM2 updates 3390/12500 episodes, total num timesteps 2712800/10000000, FPS 44.

incre win rate is 0.01020408163265306.

 Map MMM2 Algo rmappo Exp mappo_MMM2 updates 3395/12500 episodes, total num timesteps 2716800/10000000, FPS 43.

incre win rate is 0.0.

 Map MMM2 Algo rmappo Exp mappo_MMM2 updates 3400/12500 episodes, total num timesteps 2720800/10000000, FPS 43.

incre win rate is 0.0.
eval win rate is 0.0.

 Map MMM2 Algo rmappo Exp mappo_MMM2 updates 3405/12500 episodes, total num timesteps 2724800/10000000, FPS 43.

incre win rate is 0.0.

 Map MMM2 Algo rmappo Exp mappo_MMM2 updates 3410/12500 episodes, total num timesteps 2728800/10000000, FPS 43.

incre win rate is 0.010416666666666666.

 Map MMM2 Algo rmappo Exp mappo_MMM2 updates 3415/12500 episodes, total num timesteps 2732800/10000000, FPS 43.

incre win rate is 0.010101010101010102.

 Map MMM2 Algo rmappo Exp mappo_MMM2 updates 3420/12500 episodes, total num timesteps 2736800/10000000, FPS 43.

incre win rate is 0.01.

 Map MMM2 Algo rmappo Exp mappo_MMM2 updates 3425/12500 episodes, total num timesteps 2740800/10000000, FPS 43.

incre win rate is 0.0.
eval win rate is 0.0.

 Map MMM2 Algo rmappo Exp mappo_MMM2 updates 3430/12500 episodes, total num timesteps 2744800/10000000, FPS 43.

incre win rate is 0.010309278350515464.

 Map MMM2 Algo rmappo Exp mappo_MMM2 updates 3435/12500 episodes, total num timesteps 2748800/10000000, FPS 43.

incre win rate is 0.0.

 Map MMM2 Algo rmappo Exp mappo_MMM2 updates 3440/12500 episodes, total num timesteps 2752800/10000000, FPS 43.

incre win rate is 0.020618556701030927.

 Map MMM2 Algo rmappo Exp mappo_MMM2 updates 3445/12500 episodes, total num timesteps 2756800/10000000, FPS 43.

incre win rate is 0.010526315789473684.

 Map MMM2 Algo rmappo Exp mappo_MMM2 updates 3450/12500 episodes, total num timesteps 2760800/10000000, FPS 43.

incre win rate is 0.020202020202020204.
eval win rate is 0.03125.

 Map MMM2 Algo rmappo Exp mappo_MMM2 updates 3455/12500 episodes, total num timesteps 2764800/10000000, FPS 43.

incre win rate is 0.0.

 Map MMM2 Algo rmappo Exp mappo_MMM2 updates 3460/12500 episodes, total num timesteps 2768800/10000000, FPS 43.

incre win rate is 0.01.

 Map MMM2 Algo rmappo Exp mappo_MMM2 updates 3465/12500 episodes, total num timesteps 2772800/10000000, FPS 43.

incre win rate is 0.021052631578947368.

 Map MMM2 Algo rmappo Exp mappo_MMM2 updates 3470/12500 episodes, total num timesteps 2776800/10000000, FPS 43.

incre win rate is 0.01020408163265306.

 Map MMM2 Algo rmappo Exp mappo_MMM2 updates 3475/12500 episodes, total num timesteps 2780800/10000000, FPS 43.

incre win rate is 0.010309278350515464.
eval win rate is 0.0.

 Map MMM2 Algo rmappo Exp mappo_MMM2 updates 3480/12500 episodes, total num timesteps 2784800/10000000, FPS 43.

incre win rate is 0.01.

 Map MMM2 Algo rmappo Exp mappo_MMM2 updates 3485/12500 episodes, total num timesteps 2788800/10000000, FPS 43.

incre win rate is 0.0.

 Map MMM2 Algo rmappo Exp mappo_MMM2 updates 3490/12500 episodes, total num timesteps 2792800/10000000, FPS 43.

incre win rate is 0.0.

 Map MMM2 Algo rmappo Exp mappo_MMM2 updates 3495/12500 episodes, total num timesteps 2796800/10000000, FPS 43.

incre win rate is 0.0.

 Map MMM2 Algo rmappo Exp mappo_MMM2 updates 3500/12500 episodes, total num timesteps 2800800/10000000, FPS 43.

incre win rate is 0.0.
eval win rate is 0.0.

 Map MMM2 Algo rmappo Exp mappo_MMM2 updates 3505/12500 episodes, total num timesteps 2804800/10000000, FPS 43.

incre win rate is 0.010416666666666666.

 Map MMM2 Algo rmappo Exp mappo_MMM2 updates 3510/12500 episodes, total num timesteps 2808800/10000000, FPS 43.

incre win rate is 0.010416666666666666.

 Map MMM2 Algo rmappo Exp mappo_MMM2 updates 3515/12500 episodes, total num timesteps 2812800/10000000, FPS 43.

incre win rate is 0.010309278350515464.

 Map MMM2 Algo rmappo Exp mappo_MMM2 updates 3520/12500 episodes, total num timesteps 2816800/10000000, FPS 43.

incre win rate is 0.0.

 Map MMM2 Algo rmappo Exp mappo_MMM2 updates 3525/12500 episodes, total num timesteps 2820800/10000000, FPS 43.

incre win rate is 0.0.
eval win rate is 0.0.

 Map MMM2 Algo rmappo Exp mappo_MMM2 updates 3530/12500 episodes, total num timesteps 2824800/10000000, FPS 43.

incre win rate is 0.020618556701030927.

 Map MMM2 Algo rmappo Exp mappo_MMM2 updates 3535/12500 episodes, total num timesteps 2828800/10000000, FPS 43.

incre win rate is 0.010869565217391304.

 Map MMM2 Algo rmappo Exp mappo_MMM2 updates 3540/12500 episodes, total num timesteps 2832800/10000000, FPS 43.

incre win rate is 0.0.

 Map MMM2 Algo rmappo Exp mappo_MMM2 updates 3545/12500 episodes, total num timesteps 2836800/10000000, FPS 43.

incre win rate is 0.021739130434782608.

 Map MMM2 Algo rmappo Exp mappo_MMM2 updates 3550/12500 episodes, total num timesteps 2840800/10000000, FPS 43.

incre win rate is 0.0.
eval win rate is 0.0.

 Map MMM2 Algo rmappo Exp mappo_MMM2 updates 3555/12500 episodes, total num timesteps 2844800/10000000, FPS 43.

incre win rate is 0.021052631578947368.

 Map MMM2 Algo rmappo Exp mappo_MMM2 updates 3560/12500 episodes, total num timesteps 2848800/10000000, FPS 43.

incre win rate is 0.0.

 Map MMM2 Algo rmappo Exp mappo_MMM2 updates 3565/12500 episodes, total num timesteps 2852800/10000000, FPS 43.

incre win rate is 0.010638297872340425.

 Map MMM2 Algo rmappo Exp mappo_MMM2 updates 3570/12500 episodes, total num timesteps 2856800/10000000, FPS 43.

incre win rate is 0.010526315789473684.

 Map MMM2 Algo rmappo Exp mappo_MMM2 updates 3575/12500 episodes, total num timesteps 2860800/10000000, FPS 43.

incre win rate is 0.010526315789473684.
eval win rate is 0.03125.

 Map MMM2 Algo rmappo Exp mappo_MMM2 updates 3580/12500 episodes, total num timesteps 2864800/10000000, FPS 43.

incre win rate is 0.0.

 Map MMM2 Algo rmappo Exp mappo_MMM2 updates 3585/12500 episodes, total num timesteps 2868800/10000000, FPS 43.

incre win rate is 0.0.

 Map MMM2 Algo rmappo Exp mappo_MMM2 updates 3590/12500 episodes, total num timesteps 2872800/10000000, FPS 43.

incre win rate is 0.020618556701030927.

 Map MMM2 Algo rmappo Exp mappo_MMM2 updates 3595/12500 episodes, total num timesteps 2876800/10000000, FPS 43.

incre win rate is 0.0.

 Map MMM2 Algo rmappo Exp mappo_MMM2 updates 3600/12500 episodes, total num timesteps 2880800/10000000, FPS 43.

incre win rate is 0.0.
eval win rate is 0.09375.

 Map MMM2 Algo rmappo Exp mappo_MMM2 updates 3605/12500 episodes, total num timesteps 2884800/10000000, FPS 43.

incre win rate is 0.0.

 Map MMM2 Algo rmappo Exp mappo_MMM2 updates 3610/12500 episodes, total num timesteps 2888800/10000000, FPS 43.

incre win rate is 0.010752688172043012.

 Map MMM2 Algo rmappo Exp mappo_MMM2 updates 3615/12500 episodes, total num timesteps 2892800/10000000, FPS 43.

incre win rate is 0.010416666666666666.

 Map MMM2 Algo rmappo Exp mappo_MMM2 updates 3620/12500 episodes, total num timesteps 2896800/10000000, FPS 43.

incre win rate is 0.010752688172043012.

 Map MMM2 Algo rmappo Exp mappo_MMM2 updates 3625/12500 episodes, total num timesteps 2900800/10000000, FPS 43.

incre win rate is 0.03260869565217391.
eval win rate is 0.0.

 Map MMM2 Algo rmappo Exp mappo_MMM2 updates 3630/12500 episodes, total num timesteps 2904800/10000000, FPS 43.

incre win rate is 0.012048192771084338.

 Map MMM2 Algo rmappo Exp mappo_MMM2 updates 3635/12500 episodes, total num timesteps 2908800/10000000, FPS 43.

incre win rate is 0.01020408163265306.

 Map MMM2 Algo rmappo Exp mappo_MMM2 updates 3640/12500 episodes, total num timesteps 2912800/10000000, FPS 43.

incre win rate is 0.010526315789473684.

 Map MMM2 Algo rmappo Exp mappo_MMM2 updates 3645/12500 episodes, total num timesteps 2916800/10000000, FPS 43.

incre win rate is 0.031914893617021274.

 Map MMM2 Algo rmappo Exp mappo_MMM2 updates 3650/12500 episodes, total num timesteps 2920800/10000000, FPS 43.

incre win rate is 0.010309278350515464.
eval win rate is 0.0.

 Map MMM2 Algo rmappo Exp mappo_MMM2 updates 3655/12500 episodes, total num timesteps 2924800/10000000, FPS 43.

incre win rate is 0.012048192771084338.

 Map MMM2 Algo rmappo Exp mappo_MMM2 updates 3660/12500 episodes, total num timesteps 2928800/10000000, FPS 43.

incre win rate is 0.011904761904761904.

 Map MMM2 Algo rmappo Exp mappo_MMM2 updates 3665/12500 episodes, total num timesteps 2932800/10000000, FPS 43.

incre win rate is 0.010869565217391304.

 Map MMM2 Algo rmappo Exp mappo_MMM2 updates 3670/12500 episodes, total num timesteps 2936800/10000000, FPS 43.

incre win rate is 0.011235955056179775.

 Map MMM2 Algo rmappo Exp mappo_MMM2 updates 3675/12500 episodes, total num timesteps 2940800/10000000, FPS 43.

incre win rate is 0.010638297872340425.
eval win rate is 0.0.

 Map MMM2 Algo rmappo Exp mappo_MMM2 updates 3680/12500 episodes, total num timesteps 2944800/10000000, FPS 43.

incre win rate is 0.0.

 Map MMM2 Algo rmappo Exp mappo_MMM2 updates 3685/12500 episodes, total num timesteps 2948800/10000000, FPS 43.

incre win rate is 0.0.

 Map MMM2 Algo rmappo Exp mappo_MMM2 updates 3690/12500 episodes, total num timesteps 2952800/10000000, FPS 43.

incre win rate is 0.010752688172043012.

 Map MMM2 Algo rmappo Exp mappo_MMM2 updates 3695/12500 episodes, total num timesteps 2956800/10000000, FPS 43.

incre win rate is 0.044444444444444446.

 Map MMM2 Algo rmappo Exp mappo_MMM2 updates 3700/12500 episodes, total num timesteps 2960800/10000000, FPS 43.

incre win rate is 0.010416666666666666.
eval win rate is 0.0.

 Map MMM2 Algo rmappo Exp mappo_MMM2 updates 3705/12500 episodes, total num timesteps 2964800/10000000, FPS 43.

incre win rate is 0.0.

 Map MMM2 Algo rmappo Exp mappo_MMM2 updates 3710/12500 episodes, total num timesteps 2968800/10000000, FPS 43.

incre win rate is 0.0.

 Map MMM2 Algo rmappo Exp mappo_MMM2 updates 3715/12500 episodes, total num timesteps 2972800/10000000, FPS 43.

incre win rate is 0.010752688172043012.

 Map MMM2 Algo rmappo Exp mappo_MMM2 updates 3720/12500 episodes, total num timesteps 2976800/10000000, FPS 43.

incre win rate is 0.011627906976744186.

 Map MMM2 Algo rmappo Exp mappo_MMM2 updates 3725/12500 episodes, total num timesteps 2980800/10000000, FPS 43.

incre win rate is 0.02247191011235955.
eval win rate is 0.0.

 Map MMM2 Algo rmappo Exp mappo_MMM2 updates 3730/12500 episodes, total num timesteps 2984800/10000000, FPS 43.

incre win rate is 0.0.

 Map MMM2 Algo rmappo Exp mappo_MMM2 updates 3735/12500 episodes, total num timesteps 2988800/10000000, FPS 43.

incre win rate is 0.021505376344086023.

 Map MMM2 Algo rmappo Exp mappo_MMM2 updates 3740/12500 episodes, total num timesteps 2992800/10000000, FPS 43.

incre win rate is 0.03488372093023256.

 Map MMM2 Algo rmappo Exp mappo_MMM2 updates 3745/12500 episodes, total num timesteps 2996800/10000000, FPS 43.

incre win rate is 0.011494252873563218.

 Map MMM2 Algo rmappo Exp mappo_MMM2 updates 3750/12500 episodes, total num timesteps 3000800/10000000, FPS 43.

incre win rate is 0.021505376344086023.
eval win rate is 0.0625.

 Map MMM2 Algo rmappo Exp mappo_MMM2 updates 3755/12500 episodes, total num timesteps 3004800/10000000, FPS 43.

incre win rate is 0.010752688172043012.

 Map MMM2 Algo rmappo Exp mappo_MMM2 updates 3760/12500 episodes, total num timesteps 3008800/10000000, FPS 43.

incre win rate is 0.021505376344086023.

 Map MMM2 Algo rmappo Exp mappo_MMM2 updates 3765/12500 episodes, total num timesteps 3012800/10000000, FPS 43.

incre win rate is 0.0.

 Map MMM2 Algo rmappo Exp mappo_MMM2 updates 3770/12500 episodes, total num timesteps 3016800/10000000, FPS 43.

incre win rate is 0.010752688172043012.

 Map MMM2 Algo rmappo Exp mappo_MMM2 updates 3775/12500 episodes, total num timesteps 3020800/10000000, FPS 43.

incre win rate is 0.0.
eval win rate is 0.03125.

 Map MMM2 Algo rmappo Exp mappo_MMM2 updates 3780/12500 episodes, total num timesteps 3024800/10000000, FPS 43.

incre win rate is 0.010752688172043012.

 Map MMM2 Algo rmappo Exp mappo_MMM2 updates 3785/12500 episodes, total num timesteps 3028800/10000000, FPS 43.

incre win rate is 0.0.

 Map MMM2 Algo rmappo Exp mappo_MMM2 updates 3790/12500 episodes, total num timesteps 3032800/10000000, FPS 43.

incre win rate is 0.021052631578947368.

 Map MMM2 Algo rmappo Exp mappo_MMM2 updates 3795/12500 episodes, total num timesteps 3036800/10000000, FPS 43.

incre win rate is 0.03409090909090909.

 Map MMM2 Algo rmappo Exp mappo_MMM2 updates 3800/12500 episodes, total num timesteps 3040800/10000000, FPS 43.

incre win rate is 0.021739130434782608.
eval win rate is 0.0.

 Map MMM2 Algo rmappo Exp mappo_MMM2 updates 3805/12500 episodes, total num timesteps 3044800/10000000, FPS 43.

incre win rate is 0.010638297872340425.

 Map MMM2 Algo rmappo Exp mappo_MMM2 updates 3810/12500 episodes, total num timesteps 3048800/10000000, FPS 43.

incre win rate is 0.0.

 Map MMM2 Algo rmappo Exp mappo_MMM2 updates 3815/12500 episodes, total num timesteps 3052800/10000000, FPS 43.

incre win rate is 0.010309278350515464.

 Map MMM2 Algo rmappo Exp mappo_MMM2 updates 3820/12500 episodes, total num timesteps 3056800/10000000, FPS 43.

incre win rate is 0.022222222222222223.

 Map MMM2 Algo rmappo Exp mappo_MMM2 updates 3825/12500 episodes, total num timesteps 3060800/10000000, FPS 43.

incre win rate is 0.031578947368421054.
eval win rate is 0.0625.

 Map MMM2 Algo rmappo Exp mappo_MMM2 updates 3830/12500 episodes, total num timesteps 3064800/10000000, FPS 43.

incre win rate is 0.010752688172043012.

 Map MMM2 Algo rmappo Exp mappo_MMM2 updates 3835/12500 episodes, total num timesteps 3068800/10000000, FPS 43.

incre win rate is 0.021505376344086023.

 Map MMM2 Algo rmappo Exp mappo_MMM2 updates 3840/12500 episodes, total num timesteps 3072800/10000000, FPS 43.

incre win rate is 0.01098901098901099.

 Map MMM2 Algo rmappo Exp mappo_MMM2 updates 3845/12500 episodes, total num timesteps 3076800/10000000, FPS 43.

incre win rate is 0.043010752688172046.

 Map MMM2 Algo rmappo Exp mappo_MMM2 updates 3850/12500 episodes, total num timesteps 3080800/10000000, FPS 43.

incre win rate is 0.0.
eval win rate is 0.0.

 Map MMM2 Algo rmappo Exp mappo_MMM2 updates 3855/12500 episodes, total num timesteps 3084800/10000000, FPS 43.

incre win rate is 0.02127659574468085.

 Map MMM2 Algo rmappo Exp mappo_MMM2 updates 3860/12500 episodes, total num timesteps 3088800/10000000, FPS 43.

incre win rate is 0.03409090909090909.

 Map MMM2 Algo rmappo Exp mappo_MMM2 updates 3865/12500 episodes, total num timesteps 3092800/10000000, FPS 43.

incre win rate is 0.022222222222222223.

 Map MMM2 Algo rmappo Exp mappo_MMM2 updates 3870/12500 episodes, total num timesteps 3096800/10000000, FPS 43.

incre win rate is 0.0.

 Map MMM2 Algo rmappo Exp mappo_MMM2 updates 3875/12500 episodes, total num timesteps 3100800/10000000, FPS 43.

incre win rate is 0.021505376344086023.
eval win rate is 0.03125.

 Map MMM2 Algo rmappo Exp mappo_MMM2 updates 3880/12500 episodes, total num timesteps 3104800/10000000, FPS 43.

incre win rate is 0.054945054945054944.

 Map MMM2 Algo rmappo Exp mappo_MMM2 updates 3885/12500 episodes, total num timesteps 3108800/10000000, FPS 43.

incre win rate is 0.033707865168539325.

 Map MMM2 Algo rmappo Exp mappo_MMM2 updates 3890/12500 episodes, total num timesteps 3112800/10000000, FPS 43.

incre win rate is 0.044444444444444446.

 Map MMM2 Algo rmappo Exp mappo_MMM2 updates 3895/12500 episodes, total num timesteps 3116800/10000000, FPS 43.

incre win rate is 0.0.

 Map MMM2 Algo rmappo Exp mappo_MMM2 updates 3900/12500 episodes, total num timesteps 3120800/10000000, FPS 43.

incre win rate is 0.010416666666666666.
eval win rate is 0.03125.

 Map MMM2 Algo rmappo Exp mappo_MMM2 updates 3905/12500 episodes, total num timesteps 3124800/10000000, FPS 43.

incre win rate is 0.0.

 Map MMM2 Algo rmappo Exp mappo_MMM2 updates 3910/12500 episodes, total num timesteps 3128800/10000000, FPS 43.

incre win rate is 0.02040816326530612.

 Map MMM2 Algo rmappo Exp mappo_MMM2 updates 3915/12500 episodes, total num timesteps 3132800/10000000, FPS 43.

incre win rate is 0.01098901098901099.

 Map MMM2 Algo rmappo Exp mappo_MMM2 updates 3920/12500 episodes, total num timesteps 3136800/10000000, FPS 43.

incre win rate is 0.0.

 Map MMM2 Algo rmappo Exp mappo_MMM2 updates 3925/12500 episodes, total num timesteps 3140800/10000000, FPS 43.

incre win rate is 0.021052631578947368.
eval win rate is 0.0.

 Map MMM2 Algo rmappo Exp mappo_MMM2 updates 3930/12500 episodes, total num timesteps 3144800/10000000, FPS 43.

incre win rate is 0.021505376344086023.

 Map MMM2 Algo rmappo Exp mappo_MMM2 updates 3935/12500 episodes, total num timesteps 3148800/10000000, FPS 43.

incre win rate is 0.010638297872340425.

 Map MMM2 Algo rmappo Exp mappo_MMM2 updates 3940/12500 episodes, total num timesteps 3152800/10000000, FPS 43.

incre win rate is 0.0.

 Map MMM2 Algo rmappo Exp mappo_MMM2 updates 3945/12500 episodes, total num timesteps 3156800/10000000, FPS 43.

incre win rate is 0.0.

 Map MMM2 Algo rmappo Exp mappo_MMM2 updates 3950/12500 episodes, total num timesteps 3160800/10000000, FPS 43.

incre win rate is 0.0.
eval win rate is 0.0.

 Map MMM2 Algo rmappo Exp mappo_MMM2 updates 3955/12500 episodes, total num timesteps 3164800/10000000, FPS 43.

incre win rate is 0.0.

 Map MMM2 Algo rmappo Exp mappo_MMM2 updates 3960/12500 episodes, total num timesteps 3168800/10000000, FPS 43.

incre win rate is 0.0.

 Map MMM2 Algo rmappo Exp mappo_MMM2 updates 3965/12500 episodes, total num timesteps 3172800/10000000, FPS 43.

incre win rate is 0.0.

 Map MMM2 Algo rmappo Exp mappo_MMM2 updates 3970/12500 episodes, total num timesteps 3176800/10000000, FPS 43.

incre win rate is 0.0.

 Map MMM2 Algo rmappo Exp mappo_MMM2 updates 3975/12500 episodes, total num timesteps 3180800/10000000, FPS 43.

incre win rate is 0.0.
eval win rate is 0.0.

 Map MMM2 Algo rmappo Exp mappo_MMM2 updates 3980/12500 episodes, total num timesteps 3184800/10000000, FPS 43.

incre win rate is 0.0.

 Map MMM2 Algo rmappo Exp mappo_MMM2 updates 3985/12500 episodes, total num timesteps 3188800/10000000, FPS 43.

incre win rate is 0.0.

 Map MMM2 Algo rmappo Exp mappo_MMM2 updates 3990/12500 episodes, total num timesteps 3192800/10000000, FPS 43.

incre win rate is 0.011235955056179775.

 Map MMM2 Algo rmappo Exp mappo_MMM2 updates 3995/12500 episodes, total num timesteps 3196800/10000000, FPS 43.

incre win rate is 0.010638297872340425.

 Map MMM2 Algo rmappo Exp mappo_MMM2 updates 4000/12500 episodes, total num timesteps 3200800/10000000, FPS 43.

incre win rate is 0.010752688172043012.
eval win rate is 0.0.

 Map MMM2 Algo rmappo Exp mappo_MMM2 updates 4005/12500 episodes, total num timesteps 3204800/10000000, FPS 43.

incre win rate is 0.0.

 Map MMM2 Algo rmappo Exp mappo_MMM2 updates 4010/12500 episodes, total num timesteps 3208800/10000000, FPS 43.

incre win rate is 0.0.

 Map MMM2 Algo rmappo Exp mappo_MMM2 updates 4015/12500 episodes, total num timesteps 3212800/10000000, FPS 43.

incre win rate is 0.0.

 Map MMM2 Algo rmappo Exp mappo_MMM2 updates 4020/12500 episodes, total num timesteps 3216800/10000000, FPS 43.

incre win rate is 0.0.

 Map MMM2 Algo rmappo Exp mappo_MMM2 updates 4025/12500 episodes, total num timesteps 3220800/10000000, FPS 43.

incre win rate is 0.0.
eval win rate is 0.0.

 Map MMM2 Algo rmappo Exp mappo_MMM2 updates 4030/12500 episodes, total num timesteps 3224800/10000000, FPS 43.

incre win rate is 0.0.

 Map MMM2 Algo rmappo Exp mappo_MMM2 updates 4035/12500 episodes, total num timesteps 3228800/10000000, FPS 43.

incre win rate is 0.0.

 Map MMM2 Algo rmappo Exp mappo_MMM2 updates 4040/12500 episodes, total num timesteps 3232800/10000000, FPS 43.

incre win rate is 0.01020408163265306.

 Map MMM2 Algo rmappo Exp mappo_MMM2 updates 4045/12500 episodes, total num timesteps 3236800/10000000, FPS 43.

incre win rate is 0.01.

 Map MMM2 Algo rmappo Exp mappo_MMM2 updates 4050/12500 episodes, total num timesteps 3240800/10000000, FPS 43.

incre win rate is 0.0.
eval win rate is 0.0.

 Map MMM2 Algo rmappo Exp mappo_MMM2 updates 4055/12500 episodes, total num timesteps 3244800/10000000, FPS 43.

incre win rate is 0.0.

 Map MMM2 Algo rmappo Exp mappo_MMM2 updates 4060/12500 episodes, total num timesteps 3248800/10000000, FPS 43.

incre win rate is 0.0.

 Map MMM2 Algo rmappo Exp mappo_MMM2 updates 4065/12500 episodes, total num timesteps 3252800/10000000, FPS 43.

incre win rate is 0.010309278350515464.

 Map MMM2 Algo rmappo Exp mappo_MMM2 updates 4070/12500 episodes, total num timesteps 3256800/10000000, FPS 43.

incre win rate is 0.02.

 Map MMM2 Algo rmappo Exp mappo_MMM2 updates 4075/12500 episodes, total num timesteps 3260800/10000000, FPS 43.

incre win rate is 0.04.
eval win rate is 0.03125.

 Map MMM2 Algo rmappo Exp mappo_MMM2 updates 4080/12500 episodes, total num timesteps 3264800/10000000, FPS 43.

incre win rate is 0.02040816326530612.

 Map MMM2 Algo rmappo Exp mappo_MMM2 updates 4085/12500 episodes, total num timesteps 3268800/10000000, FPS 43.

incre win rate is 0.010309278350515464.

 Map MMM2 Algo rmappo Exp mappo_MMM2 updates 4090/12500 episodes, total num timesteps 3272800/10000000, FPS 43.

incre win rate is 0.010309278350515464.

 Map MMM2 Algo rmappo Exp mappo_MMM2 updates 4095/12500 episodes, total num timesteps 3276800/10000000, FPS 43.

incre win rate is 0.03225806451612903.

 Map MMM2 Algo rmappo Exp mappo_MMM2 updates 4100/12500 episodes, total num timesteps 3280800/10000000, FPS 43.

incre win rate is 0.021505376344086023.
eval win rate is 0.0.

 Map MMM2 Algo rmappo Exp mappo_MMM2 updates 4105/12500 episodes, total num timesteps 3284800/10000000, FPS 43.

incre win rate is 0.043010752688172046.

 Map MMM2 Algo rmappo Exp mappo_MMM2 updates 4110/12500 episodes, total num timesteps 3288800/10000000, FPS 43.

incre win rate is 0.020618556701030927.

 Map MMM2 Algo rmappo Exp mappo_MMM2 updates 4115/12500 episodes, total num timesteps 3292800/10000000, FPS 43.

incre win rate is 0.0.

 Map MMM2 Algo rmappo Exp mappo_MMM2 updates 4120/12500 episodes, total num timesteps 3296800/10000000, FPS 43.

incre win rate is 0.021505376344086023.

 Map MMM2 Algo rmappo Exp mappo_MMM2 updates 4125/12500 episodes, total num timesteps 3300800/10000000, FPS 43.

incre win rate is 0.0.
eval win rate is 0.0.

 Map MMM2 Algo rmappo Exp mappo_MMM2 updates 4130/12500 episodes, total num timesteps 3304800/10000000, FPS 43.

incre win rate is 0.0.

 Map MMM2 Algo rmappo Exp mappo_MMM2 updates 4135/12500 episodes, total num timesteps 3308800/10000000, FPS 43.

incre win rate is 0.010101010101010102.

 Map MMM2 Algo rmappo Exp mappo_MMM2 updates 4140/12500 episodes, total num timesteps 3312800/10000000, FPS 43.

incre win rate is 0.0.

 Map MMM2 Algo rmappo Exp mappo_MMM2 updates 4145/12500 episodes, total num timesteps 3316800/10000000, FPS 43.

incre win rate is 0.010309278350515464.

 Map MMM2 Algo rmappo Exp mappo_MMM2 updates 4150/12500 episodes, total num timesteps 3320800/10000000, FPS 43.

incre win rate is 0.02247191011235955.
eval win rate is 0.03125.

 Map MMM2 Algo rmappo Exp mappo_MMM2 updates 4155/12500 episodes, total num timesteps 3324800/10000000, FPS 43.

incre win rate is 0.0425531914893617.

 Map MMM2 Algo rmappo Exp mappo_MMM2 updates 4160/12500 episodes, total num timesteps 3328800/10000000, FPS 43.

incre win rate is 0.020202020202020204.

 Map MMM2 Algo rmappo Exp mappo_MMM2 updates 4165/12500 episodes, total num timesteps 3332800/10000000, FPS 43.

incre win rate is 0.00980392156862745.

 Map MMM2 Algo rmappo Exp mappo_MMM2 updates 4170/12500 episodes, total num timesteps 3336800/10000000, FPS 43.

incre win rate is 0.0.

 Map MMM2 Algo rmappo Exp mappo_MMM2 updates 4175/12500 episodes, total num timesteps 3340800/10000000, FPS 43.

incre win rate is 0.01.
eval win rate is 0.0625.

 Map MMM2 Algo rmappo Exp mappo_MMM2 updates 4180/12500 episodes, total num timesteps 3344800/10000000, FPS 43.

incre win rate is 0.0.

 Map MMM2 Algo rmappo Exp mappo_MMM2 updates 4185/12500 episodes, total num timesteps 3348800/10000000, FPS 43.

incre win rate is 0.02127659574468085.

 Map MMM2 Algo rmappo Exp mappo_MMM2 updates 4190/12500 episodes, total num timesteps 3352800/10000000, FPS 43.

incre win rate is 0.023809523809523808.

 Map MMM2 Algo rmappo Exp mappo_MMM2 updates 4195/12500 episodes, total num timesteps 3356800/10000000, FPS 43.

incre win rate is 0.0.

 Map MMM2 Algo rmappo Exp mappo_MMM2 updates 4200/12500 episodes, total num timesteps 3360800/10000000, FPS 43.

incre win rate is 0.010752688172043012.
eval win rate is 0.0625.

 Map MMM2 Algo rmappo Exp mappo_MMM2 updates 4205/12500 episodes, total num timesteps 3364800/10000000, FPS 43.

incre win rate is 0.03125.

 Map MMM2 Algo rmappo Exp mappo_MMM2 updates 4210/12500 episodes, total num timesteps 3368800/10000000, FPS 43.

incre win rate is 0.05555555555555555.

 Map MMM2 Algo rmappo Exp mappo_MMM2 updates 4215/12500 episodes, total num timesteps 3372800/10000000, FPS 43.

incre win rate is 0.011111111111111112.

 Map MMM2 Algo rmappo Exp mappo_MMM2 updates 4220/12500 episodes, total num timesteps 3376800/10000000, FPS 43.

incre win rate is 0.031578947368421054.

 Map MMM2 Algo rmappo Exp mappo_MMM2 updates 4225/12500 episodes, total num timesteps 3380800/10000000, FPS 43.

incre win rate is 0.010526315789473684.
eval win rate is 0.0.

 Map MMM2 Algo rmappo Exp mappo_MMM2 updates 4230/12500 episodes, total num timesteps 3384800/10000000, FPS 43.

incre win rate is 0.0.

 Map MMM2 Algo rmappo Exp mappo_MMM2 updates 4235/12500 episodes, total num timesteps 3388800/10000000, FPS 43.

incre win rate is 0.0.

 Map MMM2 Algo rmappo Exp mappo_MMM2 updates 4240/12500 episodes, total num timesteps 3392800/10000000, FPS 43.

incre win rate is 0.043010752688172046.

 Map MMM2 Algo rmappo Exp mappo_MMM2 updates 4245/12500 episodes, total num timesteps 3396800/10000000, FPS 43.

incre win rate is 0.0449438202247191.

 Map MMM2 Algo rmappo Exp mappo_MMM2 updates 4250/12500 episodes, total num timesteps 3400800/10000000, FPS 43.

incre win rate is 0.04395604395604396.
eval win rate is 0.0.

 Map MMM2 Algo rmappo Exp mappo_MMM2 updates 4255/12500 episodes, total num timesteps 3404800/10000000, FPS 43.

incre win rate is 0.02127659574468085.

 Map MMM2 Algo rmappo Exp mappo_MMM2 updates 4260/12500 episodes, total num timesteps 3408800/10000000, FPS 43.

incre win rate is 0.010309278350515464.

 Map MMM2 Algo rmappo Exp mappo_MMM2 updates 4265/12500 episodes, total num timesteps 3412800/10000000, FPS 44.

incre win rate is 0.02040816326530612.

 Map MMM2 Algo rmappo Exp mappo_MMM2 updates 4270/12500 episodes, total num timesteps 3416800/10000000, FPS 43.

incre win rate is 0.009615384615384616.

 Map MMM2 Algo rmappo Exp mappo_MMM2 updates 4275/12500 episodes, total num timesteps 3420800/10000000, FPS 44.

incre win rate is 0.0.
eval win rate is 0.0.

 Map MMM2 Algo rmappo Exp mappo_MMM2 updates 4280/12500 episodes, total num timesteps 3424800/10000000, FPS 43.

incre win rate is 0.010101010101010102.

 Map MMM2 Algo rmappo Exp mappo_MMM2 updates 4285/12500 episodes, total num timesteps 3428800/10000000, FPS 43.

incre win rate is 0.010101010101010102.

 Map MMM2 Algo rmappo Exp mappo_MMM2 updates 4290/12500 episodes, total num timesteps 3432800/10000000, FPS 44.

incre win rate is 0.0.

 Map MMM2 Algo rmappo Exp mappo_MMM2 updates 4295/12500 episodes, total num timesteps 3436800/10000000, FPS 44.

incre win rate is 0.010416666666666666.

 Map MMM2 Algo rmappo Exp mappo_MMM2 updates 4300/12500 episodes, total num timesteps 3440800/10000000, FPS 44.

incre win rate is 0.020833333333333332.
eval win rate is 0.0625.

 Map MMM2 Algo rmappo Exp mappo_MMM2 updates 4305/12500 episodes, total num timesteps 3444800/10000000, FPS 44.

incre win rate is 0.010752688172043012.

 Map MMM2 Algo rmappo Exp mappo_MMM2 updates 4310/12500 episodes, total num timesteps 3448800/10000000, FPS 44.

incre win rate is 0.06382978723404255.

 Map MMM2 Algo rmappo Exp mappo_MMM2 updates 4315/12500 episodes, total num timesteps 3452800/10000000, FPS 44.

incre win rate is 0.00980392156862745.

 Map MMM2 Algo rmappo Exp mappo_MMM2 updates 4320/12500 episodes, total num timesteps 3456800/10000000, FPS 44.

incre win rate is 0.009900990099009901.

 Map MMM2 Algo rmappo Exp mappo_MMM2 updates 4325/12500 episodes, total num timesteps 3460800/10000000, FPS 44.

incre win rate is 0.00980392156862745.
eval win rate is 0.03125.

 Map MMM2 Algo rmappo Exp mappo_MMM2 updates 4330/12500 episodes, total num timesteps 3464800/10000000, FPS 44.

incre win rate is 0.0196078431372549.

 Map MMM2 Algo rmappo Exp mappo_MMM2 updates 4335/12500 episodes, total num timesteps 3468800/10000000, FPS 44.

incre win rate is 0.0.

 Map MMM2 Algo rmappo Exp mappo_MMM2 updates 4340/12500 episodes, total num timesteps 3472800/10000000, FPS 44.

incre win rate is 0.0.

 Map MMM2 Algo rmappo Exp mappo_MMM2 updates 4345/12500 episodes, total num timesteps 3476800/10000000, FPS 44.

incre win rate is 0.0.

 Map MMM2 Algo rmappo Exp mappo_MMM2 updates 4350/12500 episodes, total num timesteps 3480800/10000000, FPS 44.

incre win rate is 0.03125.
eval win rate is 0.03125.

 Map MMM2 Algo rmappo Exp mappo_MMM2 updates 4355/12500 episodes, total num timesteps 3484800/10000000, FPS 44.

incre win rate is 0.0.

 Map MMM2 Algo rmappo Exp mappo_MMM2 updates 4360/12500 episodes, total num timesteps 3488800/10000000, FPS 44.

incre win rate is 0.0.

 Map MMM2 Algo rmappo Exp mappo_MMM2 updates 4365/12500 episodes, total num timesteps 3492800/10000000, FPS 44.

incre win rate is 0.0.

 Map MMM2 Algo rmappo Exp mappo_MMM2 updates 4370/12500 episodes, total num timesteps 3496800/10000000, FPS 44.

incre win rate is 0.020618556701030927.

 Map MMM2 Algo rmappo Exp mappo_MMM2 updates 4375/12500 episodes, total num timesteps 3500800/10000000, FPS 44.

incre win rate is 0.03125.
eval win rate is 0.03125.

 Map MMM2 Algo rmappo Exp mappo_MMM2 updates 4380/12500 episodes, total num timesteps 3504800/10000000, FPS 44.

incre win rate is 0.02127659574468085.

 Map MMM2 Algo rmappo Exp mappo_MMM2 updates 4385/12500 episodes, total num timesteps 3508800/10000000, FPS 44.

incre win rate is 0.031578947368421054.

 Map MMM2 Algo rmappo Exp mappo_MMM2 updates 4390/12500 episodes, total num timesteps 3512800/10000000, FPS 44.

incre win rate is 0.010638297872340425.

 Map MMM2 Algo rmappo Exp mappo_MMM2 updates 4395/12500 episodes, total num timesteps 3516800/10000000, FPS 44.

incre win rate is 0.05434782608695652.

 Map MMM2 Algo rmappo Exp mappo_MMM2 updates 4400/12500 episodes, total num timesteps 3520800/10000000, FPS 44.

incre win rate is 0.046511627906976744.
eval win rate is 0.0.

 Map MMM2 Algo rmappo Exp mappo_MMM2 updates 4405/12500 episodes, total num timesteps 3524800/10000000, FPS 44.

incre win rate is 0.06451612903225806.

 Map MMM2 Algo rmappo Exp mappo_MMM2 updates 4410/12500 episodes, total num timesteps 3528800/10000000, FPS 44.

incre win rate is 0.06741573033707865.

 Map MMM2 Algo rmappo Exp mappo_MMM2 updates 4415/12500 episodes, total num timesteps 3532800/10000000, FPS 44.

incre win rate is 0.054945054945054944.

 Map MMM2 Algo rmappo Exp mappo_MMM2 updates 4420/12500 episodes, total num timesteps 3536800/10000000, FPS 44.

incre win rate is 0.09090909090909091.

 Map MMM2 Algo rmappo Exp mappo_MMM2 updates 4425/12500 episodes, total num timesteps 3540800/10000000, FPS 44.

incre win rate is 0.043010752688172046.
eval win rate is 0.03125.

 Map MMM2 Algo rmappo Exp mappo_MMM2 updates 4430/12500 episodes, total num timesteps 3544800/10000000, FPS 44.

incre win rate is 0.010752688172043012.

 Map MMM2 Algo rmappo Exp mappo_MMM2 updates 4435/12500 episodes, total num timesteps 3548800/10000000, FPS 44.

incre win rate is 0.06818181818181818.

 Map MMM2 Algo rmappo Exp mappo_MMM2 updates 4440/12500 episodes, total num timesteps 3552800/10000000, FPS 44.

incre win rate is 0.07954545454545454.

 Map MMM2 Algo rmappo Exp mappo_MMM2 updates 4445/12500 episodes, total num timesteps 3556800/10000000, FPS 44.

incre win rate is 0.010526315789473684.

 Map MMM2 Algo rmappo Exp mappo_MMM2 updates 4450/12500 episodes, total num timesteps 3560800/10000000, FPS 44.

incre win rate is 0.010638297872340425.
eval win rate is 0.0.

 Map MMM2 Algo rmappo Exp mappo_MMM2 updates 4455/12500 episodes, total num timesteps 3564800/10000000, FPS 44.

incre win rate is 0.02040816326530612.

 Map MMM2 Algo rmappo Exp mappo_MMM2 updates 4460/12500 episodes, total num timesteps 3568800/10000000, FPS 44.

incre win rate is 0.010752688172043012.

 Map MMM2 Algo rmappo Exp mappo_MMM2 updates 4465/12500 episodes, total num timesteps 3572800/10000000, FPS 44.

incre win rate is 0.021505376344086023.

 Map MMM2 Algo rmappo Exp mappo_MMM2 updates 4470/12500 episodes, total num timesteps 3576800/10000000, FPS 44.

incre win rate is 0.020618556701030927.

 Map MMM2 Algo rmappo Exp mappo_MMM2 updates 4475/12500 episodes, total num timesteps 3580800/10000000, FPS 44.

incre win rate is 0.010416666666666666.
eval win rate is 0.09375.

 Map MMM2 Algo rmappo Exp mappo_MMM2 updates 4480/12500 episodes, total num timesteps 3584800/10000000, FPS 44.

incre win rate is 0.07608695652173914.

 Map MMM2 Algo rmappo Exp mappo_MMM2 updates 4485/12500 episodes, total num timesteps 3588800/10000000, FPS 44.

incre win rate is 0.03260869565217391.

 Map MMM2 Algo rmappo Exp mappo_MMM2 updates 4490/12500 episodes, total num timesteps 3592800/10000000, FPS 44.

incre win rate is 0.030927835051546393.

 Map MMM2 Algo rmappo Exp mappo_MMM2 updates 4495/12500 episodes, total num timesteps 3596800/10000000, FPS 44.

incre win rate is 0.031578947368421054.

 Map MMM2 Algo rmappo Exp mappo_MMM2 updates 4500/12500 episodes, total num timesteps 3600800/10000000, FPS 44.

incre win rate is 0.020202020202020204.
eval win rate is 0.03125.

 Map MMM2 Algo rmappo Exp mappo_MMM2 updates 4505/12500 episodes, total num timesteps 3604800/10000000, FPS 44.

incre win rate is 0.010526315789473684.

 Map MMM2 Algo rmappo Exp mappo_MMM2 updates 4510/12500 episodes, total num timesteps 3608800/10000000, FPS 44.

incre win rate is 0.0.

 Map MMM2 Algo rmappo Exp mappo_MMM2 updates 4515/12500 episodes, total num timesteps 3612800/10000000, FPS 44.

incre win rate is 0.010309278350515464.

 Map MMM2 Algo rmappo Exp mappo_MMM2 updates 4520/12500 episodes, total num timesteps 3616800/10000000, FPS 44.

incre win rate is 0.020202020202020204.

 Map MMM2 Algo rmappo Exp mappo_MMM2 updates 4525/12500 episodes, total num timesteps 3620800/10000000, FPS 44.

incre win rate is 0.0.
eval win rate is 0.0625.

 Map MMM2 Algo rmappo Exp mappo_MMM2 updates 4530/12500 episodes, total num timesteps 3624800/10000000, FPS 44.

incre win rate is 0.021052631578947368.

 Map MMM2 Algo rmappo Exp mappo_MMM2 updates 4535/12500 episodes, total num timesteps 3628800/10000000, FPS 44.

incre win rate is 0.010101010101010102.

 Map MMM2 Algo rmappo Exp mappo_MMM2 updates 4540/12500 episodes, total num timesteps 3632800/10000000, FPS 44.

incre win rate is 0.0.

 Map MMM2 Algo rmappo Exp mappo_MMM2 updates 4545/12500 episodes, total num timesteps 3636800/10000000, FPS 44.

incre win rate is 0.05555555555555555.

 Map MMM2 Algo rmappo Exp mappo_MMM2 updates 4550/12500 episodes, total num timesteps 3640800/10000000, FPS 44.

incre win rate is 0.0.
eval win rate is 0.0.

 Map MMM2 Algo rmappo Exp mappo_MMM2 updates 4555/12500 episodes, total num timesteps 3644800/10000000, FPS 44.

incre win rate is 0.031914893617021274.

 Map MMM2 Algo rmappo Exp mappo_MMM2 updates 4560/12500 episodes, total num timesteps 3648800/10000000, FPS 44.

incre win rate is 0.03296703296703297.

 Map MMM2 Algo rmappo Exp mappo_MMM2 updates 4565/12500 episodes, total num timesteps 3652800/10000000, FPS 44.

incre win rate is 0.03296703296703297.

 Map MMM2 Algo rmappo Exp mappo_MMM2 updates 4570/12500 episodes, total num timesteps 3656800/10000000, FPS 44.

incre win rate is 0.07777777777777778.

 Map MMM2 Algo rmappo Exp mappo_MMM2 updates 4575/12500 episodes, total num timesteps 3660800/10000000, FPS 44.

incre win rate is 0.021505376344086023.
eval win rate is 0.0.

 Map MMM2 Algo rmappo Exp mappo_MMM2 updates 4580/12500 episodes, total num timesteps 3664800/10000000, FPS 44.

incre win rate is 0.03125.

 Map MMM2 Algo rmappo Exp mappo_MMM2 updates 4585/12500 episodes, total num timesteps 3668800/10000000, FPS 44.

incre win rate is 0.0425531914893617.

 Map MMM2 Algo rmappo Exp mappo_MMM2 updates 4590/12500 episodes, total num timesteps 3672800/10000000, FPS 44.

incre win rate is 0.030927835051546393.

 Map MMM2 Algo rmappo Exp mappo_MMM2 updates 4595/12500 episodes, total num timesteps 3676800/10000000, FPS 44.

incre win rate is 0.052083333333333336.

 Map MMM2 Algo rmappo Exp mappo_MMM2 updates 4600/12500 episodes, total num timesteps 3680800/10000000, FPS 44.

incre win rate is 0.009900990099009901.
eval win rate is 0.0.

 Map MMM2 Algo rmappo Exp mappo_MMM2 updates 4605/12500 episodes, total num timesteps 3684800/10000000, FPS 44.

incre win rate is 0.010101010101010102.

 Map MMM2 Algo rmappo Exp mappo_MMM2 updates 4610/12500 episodes, total num timesteps 3688800/10000000, FPS 44.

incre win rate is 0.03.

 Map MMM2 Algo rmappo Exp mappo_MMM2 updates 4615/12500 episodes, total num timesteps 3692800/10000000, FPS 44.

incre win rate is 0.00980392156862745.

 Map MMM2 Algo rmappo Exp mappo_MMM2 updates 4620/12500 episodes, total num timesteps 3696800/10000000, FPS 44.

incre win rate is 0.010416666666666666.

 Map MMM2 Algo rmappo Exp mappo_MMM2 updates 4625/12500 episodes, total num timesteps 3700800/10000000, FPS 44.

incre win rate is 0.009708737864077669.
eval win rate is 0.03125.

 Map MMM2 Algo rmappo Exp mappo_MMM2 updates 4630/12500 episodes, total num timesteps 3704800/10000000, FPS 44.

incre win rate is 0.009708737864077669.

 Map MMM2 Algo rmappo Exp mappo_MMM2 updates 4635/12500 episodes, total num timesteps 3708800/10000000, FPS 44.

incre win rate is 0.020833333333333332.

 Map MMM2 Algo rmappo Exp mappo_MMM2 updates 4640/12500 episodes, total num timesteps 3712800/10000000, FPS 44.

incre win rate is 0.031578947368421054.

 Map MMM2 Algo rmappo Exp mappo_MMM2 updates 4645/12500 episodes, total num timesteps 3716800/10000000, FPS 44.

incre win rate is 0.031914893617021274.

 Map MMM2 Algo rmappo Exp mappo_MMM2 updates 4650/12500 episodes, total num timesteps 3720800/10000000, FPS 44.

incre win rate is 0.054945054945054944.
eval win rate is 0.03125.

 Map MMM2 Algo rmappo Exp mappo_MMM2 updates 4655/12500 episodes, total num timesteps 3724800/10000000, FPS 44.

incre win rate is 0.05555555555555555.

 Map MMM2 Algo rmappo Exp mappo_MMM2 updates 4660/12500 episodes, total num timesteps 3728800/10000000, FPS 44.

incre win rate is 0.010309278350515464.

 Map MMM2 Algo rmappo Exp mappo_MMM2 updates 4665/12500 episodes, total num timesteps 3732800/10000000, FPS 44.

incre win rate is 0.056179775280898875.

 Map MMM2 Algo rmappo Exp mappo_MMM2 updates 4670/12500 episodes, total num timesteps 3736800/10000000, FPS 44.

incre win rate is 0.09090909090909091.

 Map MMM2 Algo rmappo Exp mappo_MMM2 updates 4675/12500 episodes, total num timesteps 3740800/10000000, FPS 44.

incre win rate is 0.07692307692307693.
eval win rate is 0.09375.

 Map MMM2 Algo rmappo Exp mappo_MMM2 updates 4680/12500 episodes, total num timesteps 3744800/10000000, FPS 44.

incre win rate is 0.02197802197802198.

 Map MMM2 Algo rmappo Exp mappo_MMM2 updates 4685/12500 episodes, total num timesteps 3748800/10000000, FPS 44.

incre win rate is 0.06315789473684211.

 Map MMM2 Algo rmappo Exp mappo_MMM2 updates 4690/12500 episodes, total num timesteps 3752800/10000000, FPS 44.

incre win rate is 0.08235294117647059.

 Map MMM2 Algo rmappo Exp mappo_MMM2 updates 4695/12500 episodes, total num timesteps 3756800/10000000, FPS 44.

incre win rate is 0.038834951456310676.

 Map MMM2 Algo rmappo Exp mappo_MMM2 updates 4700/12500 episodes, total num timesteps 3760800/10000000, FPS 44.

incre win rate is 0.0.
eval win rate is 0.0625.

 Map MMM2 Algo rmappo Exp mappo_MMM2 updates 4705/12500 episodes, total num timesteps 3764800/10000000, FPS 44.

incre win rate is 0.010101010101010102.

 Map MMM2 Algo rmappo Exp mappo_MMM2 updates 4710/12500 episodes, total num timesteps 3768800/10000000, FPS 44.

incre win rate is 0.041666666666666664.

 Map MMM2 Algo rmappo Exp mappo_MMM2 updates 4715/12500 episodes, total num timesteps 3772800/10000000, FPS 44.

incre win rate is 0.07865168539325842.

 Map MMM2 Algo rmappo Exp mappo_MMM2 updates 4720/12500 episodes, total num timesteps 3776800/10000000, FPS 44.

incre win rate is 0.05747126436781609.

 Map MMM2 Algo rmappo Exp mappo_MMM2 updates 4725/12500 episodes, total num timesteps 3780800/10000000, FPS 44.

incre win rate is 0.022988505747126436.
eval win rate is 0.03125.

 Map MMM2 Algo rmappo Exp mappo_MMM2 updates 4730/12500 episodes, total num timesteps 3784800/10000000, FPS 44.

incre win rate is 0.010869565217391304.

 Map MMM2 Algo rmappo Exp mappo_MMM2 updates 4735/12500 episodes, total num timesteps 3788800/10000000, FPS 44.

incre win rate is 0.046511627906976744.

 Map MMM2 Algo rmappo Exp mappo_MMM2 updates 4740/12500 episodes, total num timesteps 3792800/10000000, FPS 44.

incre win rate is 0.0989010989010989.

 Map MMM2 Algo rmappo Exp mappo_MMM2 updates 4745/12500 episodes, total num timesteps 3796800/10000000, FPS 44.

incre win rate is 0.06741573033707865.

 Map MMM2 Algo rmappo Exp mappo_MMM2 updates 4750/12500 episodes, total num timesteps 3800800/10000000, FPS 44.

incre win rate is 0.02247191011235955.
eval win rate is 0.0625.

 Map MMM2 Algo rmappo Exp mappo_MMM2 updates 4755/12500 episodes, total num timesteps 3804800/10000000, FPS 44.

incre win rate is 0.03260869565217391.

 Map MMM2 Algo rmappo Exp mappo_MMM2 updates 4760/12500 episodes, total num timesteps 3808800/10000000, FPS 44.

incre win rate is 0.053763440860215055.

 Map MMM2 Algo rmappo Exp mappo_MMM2 updates 4765/12500 episodes, total num timesteps 3812800/10000000, FPS 44.

incre win rate is 0.04395604395604396.

 Map MMM2 Algo rmappo Exp mappo_MMM2 updates 4770/12500 episodes, total num timesteps 3816800/10000000, FPS 44.

incre win rate is 0.04597701149425287.

 Map MMM2 Algo rmappo Exp mappo_MMM2 updates 4775/12500 episodes, total num timesteps 3820800/10000000, FPS 44.

incre win rate is 0.031914893617021274.
eval win rate is 0.125.

 Map MMM2 Algo rmappo Exp mappo_MMM2 updates 4780/12500 episodes, total num timesteps 3824800/10000000, FPS 44.

incre win rate is 0.07954545454545454.

 Map MMM2 Algo rmappo Exp mappo_MMM2 updates 4785/12500 episodes, total num timesteps 3828800/10000000, FPS 44.

incre win rate is 0.020618556701030927.

 Map MMM2 Algo rmappo Exp mappo_MMM2 updates 4790/12500 episodes, total num timesteps 3832800/10000000, FPS 44.

incre win rate is 0.0425531914893617.

 Map MMM2 Algo rmappo Exp mappo_MMM2 updates 4795/12500 episodes, total num timesteps 3836800/10000000, FPS 44.

incre win rate is 0.010752688172043012.

 Map MMM2 Algo rmappo Exp mappo_MMM2 updates 4800/12500 episodes, total num timesteps 3840800/10000000, FPS 44.

incre win rate is 0.07954545454545454.
eval win rate is 0.0625.

 Map MMM2 Algo rmappo Exp mappo_MMM2 updates 4805/12500 episodes, total num timesteps 3844800/10000000, FPS 44.

incre win rate is 0.03225806451612903.

 Map MMM2 Algo rmappo Exp mappo_MMM2 updates 4810/12500 episodes, total num timesteps 3848800/10000000, FPS 44.

incre win rate is 0.02127659574468085.

 Map MMM2 Algo rmappo Exp mappo_MMM2 updates 4815/12500 episodes, total num timesteps 3852800/10000000, FPS 44.

incre win rate is 0.07216494845360824.

 Map MMM2 Algo rmappo Exp mappo_MMM2 updates 4820/12500 episodes, total num timesteps 3856800/10000000, FPS 44.

incre win rate is 0.03125.

 Map MMM2 Algo rmappo Exp mappo_MMM2 updates 4825/12500 episodes, total num timesteps 3860800/10000000, FPS 44.

incre win rate is 0.0.
eval win rate is 0.0625.

 Map MMM2 Algo rmappo Exp mappo_MMM2 updates 4830/12500 episodes, total num timesteps 3864800/10000000, FPS 44.

incre win rate is 0.030927835051546393.

 Map MMM2 Algo rmappo Exp mappo_MMM2 updates 4835/12500 episodes, total num timesteps 3868800/10000000, FPS 44.

incre win rate is 0.010638297872340425.

 Map MMM2 Algo rmappo Exp mappo_MMM2 updates 4840/12500 episodes, total num timesteps 3872800/10000000, FPS 44.

incre win rate is 0.03296703296703297.

 Map MMM2 Algo rmappo Exp mappo_MMM2 updates 4845/12500 episodes, total num timesteps 3876800/10000000, FPS 44.

incre win rate is 0.010638297872340425.

 Map MMM2 Algo rmappo Exp mappo_MMM2 updates 4850/12500 episodes, total num timesteps 3880800/10000000, FPS 44.

incre win rate is 0.031578947368421054.
eval win rate is 0.0.

 Map MMM2 Algo rmappo Exp mappo_MMM2 updates 4855/12500 episodes, total num timesteps 3884800/10000000, FPS 44.

incre win rate is 0.020833333333333332.

 Map MMM2 Algo rmappo Exp mappo_MMM2 updates 4860/12500 episodes, total num timesteps 3888800/10000000, FPS 44.

incre win rate is 0.020833333333333332.

 Map MMM2 Algo rmappo Exp mappo_MMM2 updates 4865/12500 episodes, total num timesteps 3892800/10000000, FPS 44.

incre win rate is 0.02040816326530612.

 Map MMM2 Algo rmappo Exp mappo_MMM2 updates 4870/12500 episodes, total num timesteps 3896800/10000000, FPS 44.

incre win rate is 0.01.

 Map MMM2 Algo rmappo Exp mappo_MMM2 updates 4875/12500 episodes, total num timesteps 3900800/10000000, FPS 44.

incre win rate is 0.01.
eval win rate is 0.03125.

 Map MMM2 Algo rmappo Exp mappo_MMM2 updates 4880/12500 episodes, total num timesteps 3904800/10000000, FPS 44.

incre win rate is 0.0.

 Map MMM2 Algo rmappo Exp mappo_MMM2 updates 4885/12500 episodes, total num timesteps 3908800/10000000, FPS 44.

incre win rate is 0.020202020202020204.

 Map MMM2 Algo rmappo Exp mappo_MMM2 updates 4890/12500 episodes, total num timesteps 3912800/10000000, FPS 44.

incre win rate is 0.030303030303030304.

 Map MMM2 Algo rmappo Exp mappo_MMM2 updates 4895/12500 episodes, total num timesteps 3916800/10000000, FPS 44.

incre win rate is 0.010309278350515464.

 Map MMM2 Algo rmappo Exp mappo_MMM2 updates 4900/12500 episodes, total num timesteps 3920800/10000000, FPS 44.

incre win rate is 0.020833333333333332.
eval win rate is 0.03125.

 Map MMM2 Algo rmappo Exp mappo_MMM2 updates 4905/12500 episodes, total num timesteps 3924800/10000000, FPS 44.

incre win rate is 0.02.

 Map MMM2 Algo rmappo Exp mappo_MMM2 updates 4910/12500 episodes, total num timesteps 3928800/10000000, FPS 44.

incre win rate is 0.02.

 Map MMM2 Algo rmappo Exp mappo_MMM2 updates 4915/12500 episodes, total num timesteps 3932800/10000000, FPS 44.

incre win rate is 0.020833333333333332.

 Map MMM2 Algo rmappo Exp mappo_MMM2 updates 4920/12500 episodes, total num timesteps 3936800/10000000, FPS 44.

incre win rate is 0.04081632653061224.

 Map MMM2 Algo rmappo Exp mappo_MMM2 updates 4925/12500 episodes, total num timesteps 3940800/10000000, FPS 44.

incre win rate is 0.0.
eval win rate is 0.03125.

 Map MMM2 Algo rmappo Exp mappo_MMM2 updates 4930/12500 episodes, total num timesteps 3944800/10000000, FPS 44.

incre win rate is 0.07291666666666667.

 Map MMM2 Algo rmappo Exp mappo_MMM2 updates 4935/12500 episodes, total num timesteps 3948800/10000000, FPS 44.

incre win rate is 0.06451612903225806.

 Map MMM2 Algo rmappo Exp mappo_MMM2 updates 4940/12500 episodes, total num timesteps 3952800/10000000, FPS 44.

incre win rate is 0.020833333333333332.

 Map MMM2 Algo rmappo Exp mappo_MMM2 updates 4945/12500 episodes, total num timesteps 3956800/10000000, FPS 44.

incre win rate is 0.04081632653061224.

 Map MMM2 Algo rmappo Exp mappo_MMM2 updates 4950/12500 episodes, total num timesteps 3960800/10000000, FPS 44.

incre win rate is 0.03225806451612903.
eval win rate is 0.03125.

 Map MMM2 Algo rmappo Exp mappo_MMM2 updates 4955/12500 episodes, total num timesteps 3964800/10000000, FPS 44.

incre win rate is 0.021739130434782608.

 Map MMM2 Algo rmappo Exp mappo_MMM2 updates 4960/12500 episodes, total num timesteps 3968800/10000000, FPS 44.

incre win rate is 0.10227272727272728.

 Map MMM2 Algo rmappo Exp mappo_MMM2 updates 4965/12500 episodes, total num timesteps 3972800/10000000, FPS 44.

incre win rate is 0.020618556701030927.

 Map MMM2 Algo rmappo Exp mappo_MMM2 updates 4970/12500 episodes, total num timesteps 3976800/10000000, FPS 44.

incre win rate is 0.05263157894736842.

 Map MMM2 Algo rmappo Exp mappo_MMM2 updates 4975/12500 episodes, total num timesteps 3980800/10000000, FPS 44.

incre win rate is 0.06593406593406594.
eval win rate is 0.0.

 Map MMM2 Algo rmappo Exp mappo_MMM2 updates 4980/12500 episodes, total num timesteps 3984800/10000000, FPS 44.

incre win rate is 0.0449438202247191.

 Map MMM2 Algo rmappo Exp mappo_MMM2 updates 4985/12500 episodes, total num timesteps 3988800/10000000, FPS 44.

incre win rate is 0.043478260869565216.

 Map MMM2 Algo rmappo Exp mappo_MMM2 updates 4990/12500 episodes, total num timesteps 3992800/10000000, FPS 44.

incre win rate is 0.05434782608695652.

 Map MMM2 Algo rmappo Exp mappo_MMM2 updates 4995/12500 episodes, total num timesteps 3996800/10000000, FPS 44.

incre win rate is 0.044444444444444446.

 Map MMM2 Algo rmappo Exp mappo_MMM2 updates 5000/12500 episodes, total num timesteps 4000800/10000000, FPS 44.

incre win rate is 0.06382978723404255.
eval win rate is 0.03125.

 Map MMM2 Algo rmappo Exp mappo_MMM2 updates 5005/12500 episodes, total num timesteps 4004800/10000000, FPS 44.

incre win rate is 0.0.

 Map MMM2 Algo rmappo Exp mappo_MMM2 updates 5010/12500 episodes, total num timesteps 4008800/10000000, FPS 44.

incre win rate is 0.010416666666666666.

 Map MMM2 Algo rmappo Exp mappo_MMM2 updates 5015/12500 episodes, total num timesteps 4012800/10000000, FPS 44.

incre win rate is 0.05434782608695652.

 Map MMM2 Algo rmappo Exp mappo_MMM2 updates 5020/12500 episodes, total num timesteps 4016800/10000000, FPS 44.

incre win rate is 0.044444444444444446.

 Map MMM2 Algo rmappo Exp mappo_MMM2 updates 5025/12500 episodes, total num timesteps 4020800/10000000, FPS 44.

incre win rate is 0.06329113924050633.
eval win rate is 0.125.

 Map MMM2 Algo rmappo Exp mappo_MMM2 updates 5030/12500 episodes, total num timesteps 4024800/10000000, FPS 44.

incre win rate is 0.07608695652173914.

 Map MMM2 Algo rmappo Exp mappo_MMM2 updates 5035/12500 episodes, total num timesteps 4028800/10000000, FPS 44.

incre win rate is 0.0425531914893617.

 Map MMM2 Algo rmappo Exp mappo_MMM2 updates 5040/12500 episodes, total num timesteps 4032800/10000000, FPS 44.

incre win rate is 0.09782608695652174.

 Map MMM2 Algo rmappo Exp mappo_MMM2 updates 5045/12500 episodes, total num timesteps 4036800/10000000, FPS 44.

incre win rate is 0.0449438202247191.

 Map MMM2 Algo rmappo Exp mappo_MMM2 updates 5050/12500 episodes, total num timesteps 4040800/10000000, FPS 44.

incre win rate is 0.031914893617021274.
eval win rate is 0.03125.

 Map MMM2 Algo rmappo Exp mappo_MMM2 updates 5055/12500 episodes, total num timesteps 4044800/10000000, FPS 44.

incre win rate is 0.05434782608695652.

 Map MMM2 Algo rmappo Exp mappo_MMM2 updates 5060/12500 episodes, total num timesteps 4048800/10000000, FPS 44.

incre win rate is 0.06382978723404255.

 Map MMM2 Algo rmappo Exp mappo_MMM2 updates 5065/12500 episodes, total num timesteps 4052800/10000000, FPS 44.

incre win rate is 0.043478260869565216.

 Map MMM2 Algo rmappo Exp mappo_MMM2 updates 5070/12500 episodes, total num timesteps 4056800/10000000, FPS 44.

incre win rate is 0.05747126436781609.

 Map MMM2 Algo rmappo Exp mappo_MMM2 updates 5075/12500 episodes, total num timesteps 4060800/10000000, FPS 44.

incre win rate is 0.07058823529411765.
eval win rate is 0.125.

 Map MMM2 Algo rmappo Exp mappo_MMM2 updates 5080/12500 episodes, total num timesteps 4064800/10000000, FPS 44.

incre win rate is 0.043010752688172046.

 Map MMM2 Algo rmappo Exp mappo_MMM2 updates 5085/12500 episodes, total num timesteps 4068800/10000000, FPS 44.

incre win rate is 0.10112359550561797.

 Map MMM2 Algo rmappo Exp mappo_MMM2 updates 5090/12500 episodes, total num timesteps 4072800/10000000, FPS 44.

incre win rate is 0.02040816326530612.

 Map MMM2 Algo rmappo Exp mappo_MMM2 updates 5095/12500 episodes, total num timesteps 4076800/10000000, FPS 44.

incre win rate is 0.020202020202020204.

 Map MMM2 Algo rmappo Exp mappo_MMM2 updates 5100/12500 episodes, total num timesteps 4080800/10000000, FPS 44.

incre win rate is 0.0.
eval win rate is 0.0.

 Map MMM2 Algo rmappo Exp mappo_MMM2 updates 5105/12500 episodes, total num timesteps 4084800/10000000, FPS 44.

incre win rate is 0.0.

 Map MMM2 Algo rmappo Exp mappo_MMM2 updates 5110/12500 episodes, total num timesteps 4088800/10000000, FPS 44.

incre win rate is 0.0625.

 Map MMM2 Algo rmappo Exp mappo_MMM2 updates 5115/12500 episodes, total num timesteps 4092800/10000000, FPS 44.

incre win rate is 0.022727272727272728.

 Map MMM2 Algo rmappo Exp mappo_MMM2 updates 5120/12500 episodes, total num timesteps 4096800/10000000, FPS 44.

incre win rate is 0.03125.

 Map MMM2 Algo rmappo Exp mappo_MMM2 updates 5125/12500 episodes, total num timesteps 4100800/10000000, FPS 44.

incre win rate is 0.021739130434782608.
eval win rate is 0.0.

 Map MMM2 Algo rmappo Exp mappo_MMM2 updates 5130/12500 episodes, total num timesteps 4104800/10000000, FPS 44.

incre win rate is 0.05263157894736842.

 Map MMM2 Algo rmappo Exp mappo_MMM2 updates 5135/12500 episodes, total num timesteps 4108800/10000000, FPS 44.

incre win rate is 0.05434782608695652.

 Map MMM2 Algo rmappo Exp mappo_MMM2 updates 5140/12500 episodes, total num timesteps 4112800/10000000, FPS 44.

incre win rate is 0.0425531914893617.

 Map MMM2 Algo rmappo Exp mappo_MMM2 updates 5145/12500 episodes, total num timesteps 4116800/10000000, FPS 44.

incre win rate is 0.020202020202020204.

 Map MMM2 Algo rmappo Exp mappo_MMM2 updates 5150/12500 episodes, total num timesteps 4120800/10000000, FPS 44.

incre win rate is 0.021052631578947368.
eval win rate is 0.0.

 Map MMM2 Algo rmappo Exp mappo_MMM2 updates 5155/12500 episodes, total num timesteps 4124800/10000000, FPS 44.

incre win rate is 0.023529411764705882.

 Map MMM2 Algo rmappo Exp mappo_MMM2 updates 5160/12500 episodes, total num timesteps 4128800/10000000, FPS 44.

incre win rate is 0.02197802197802198.

 Map MMM2 Algo rmappo Exp mappo_MMM2 updates 5165/12500 episodes, total num timesteps 4132800/10000000, FPS 44.

incre win rate is 0.02197802197802198.

 Map MMM2 Algo rmappo Exp mappo_MMM2 updates 5170/12500 episodes, total num timesteps 4136800/10000000, FPS 44.

incre win rate is 0.0425531914893617.

 Map MMM2 Algo rmappo Exp mappo_MMM2 updates 5175/12500 episodes, total num timesteps 4140800/10000000, FPS 44.

incre win rate is 0.011111111111111112.
eval win rate is 0.0.

 Map MMM2 Algo rmappo Exp mappo_MMM2 updates 5180/12500 episodes, total num timesteps 4144800/10000000, FPS 44.

incre win rate is 0.010101010101010102.

 Map MMM2 Algo rmappo Exp mappo_MMM2 updates 5185/12500 episodes, total num timesteps 4148800/10000000, FPS 44.

incre win rate is 0.021739130434782608.

 Map MMM2 Algo rmappo Exp mappo_MMM2 updates 5190/12500 episodes, total num timesteps 4152800/10000000, FPS 44.

incre win rate is 0.053763440860215055.

 Map MMM2 Algo rmappo Exp mappo_MMM2 updates 5195/12500 episodes, total num timesteps 4156800/10000000, FPS 44.

incre win rate is 0.010752688172043012.

 Map MMM2 Algo rmappo Exp mappo_MMM2 updates 5200/12500 episodes, total num timesteps 4160800/10000000, FPS 44.

incre win rate is 0.06451612903225806.
eval win rate is 0.0625.

 Map MMM2 Algo rmappo Exp mappo_MMM2 updates 5205/12500 episodes, total num timesteps 4164800/10000000, FPS 44.

incre win rate is 0.05434782608695652.

 Map MMM2 Algo rmappo Exp mappo_MMM2 updates 5210/12500 episodes, total num timesteps 4168800/10000000, FPS 44.

incre win rate is 0.05555555555555555.

 Map MMM2 Algo rmappo Exp mappo_MMM2 updates 5215/12500 episodes, total num timesteps 4172800/10000000, FPS 44.

incre win rate is 0.010869565217391304.

 Map MMM2 Algo rmappo Exp mappo_MMM2 updates 5220/12500 episodes, total num timesteps 4176800/10000000, FPS 44.

incre win rate is 0.031578947368421054.

 Map MMM2 Algo rmappo Exp mappo_MMM2 updates 5225/12500 episodes, total num timesteps 4180800/10000000, FPS 44.

incre win rate is 0.020618556701030927.
eval win rate is 0.0.

 Map MMM2 Algo rmappo Exp mappo_MMM2 updates 5230/12500 episodes, total num timesteps 4184800/10000000, FPS 44.

incre win rate is 0.010309278350515464.

 Map MMM2 Algo rmappo Exp mappo_MMM2 updates 5235/12500 episodes, total num timesteps 4188800/10000000, FPS 44.

incre win rate is 0.01.

 Map MMM2 Algo rmappo Exp mappo_MMM2 updates 5240/12500 episodes, total num timesteps 4192800/10000000, FPS 44.

incre win rate is 0.0.

 Map MMM2 Algo rmappo Exp mappo_MMM2 updates 5245/12500 episodes, total num timesteps 4196800/10000000, FPS 44.

incre win rate is 0.021052631578947368.

 Map MMM2 Algo rmappo Exp mappo_MMM2 updates 5250/12500 episodes, total num timesteps 4200800/10000000, FPS 44.

incre win rate is 0.020202020202020204.
eval win rate is 0.0.

 Map MMM2 Algo rmappo Exp mappo_MMM2 updates 5255/12500 episodes, total num timesteps 4204800/10000000, FPS 44.

incre win rate is 0.03125.

 Map MMM2 Algo rmappo Exp mappo_MMM2 updates 5260/12500 episodes, total num timesteps 4208800/10000000, FPS 44.

incre win rate is 0.031578947368421054.

 Map MMM2 Algo rmappo Exp mappo_MMM2 updates 5265/12500 episodes, total num timesteps 4212800/10000000, FPS 44.

incre win rate is 0.0.

 Map MMM2 Algo rmappo Exp mappo_MMM2 updates 5270/12500 episodes, total num timesteps 4216800/10000000, FPS 44.

incre win rate is 0.0.

 Map MMM2 Algo rmappo Exp mappo_MMM2 updates 5275/12500 episodes, total num timesteps 4220800/10000000, FPS 44.

incre win rate is 0.00980392156862745.
eval win rate is 0.03125.

 Map MMM2 Algo rmappo Exp mappo_MMM2 updates 5280/12500 episodes, total num timesteps 4224800/10000000, FPS 44.

incre win rate is 0.010526315789473684.

 Map MMM2 Algo rmappo Exp mappo_MMM2 updates 5285/12500 episodes, total num timesteps 4228800/10000000, FPS 44.

incre win rate is 0.010309278350515464.

 Map MMM2 Algo rmappo Exp mappo_MMM2 updates 5290/12500 episodes, total num timesteps 4232800/10000000, FPS 44.

incre win rate is 0.009433962264150943.

 Map MMM2 Algo rmappo Exp mappo_MMM2 updates 5295/12500 episodes, total num timesteps 4236800/10000000, FPS 44.

incre win rate is 0.009009009009009009.

 Map MMM2 Algo rmappo Exp mappo_MMM2 updates 5300/12500 episodes, total num timesteps 4240800/10000000, FPS 44.

incre win rate is 0.0.
eval win rate is 0.0.

 Map MMM2 Algo rmappo Exp mappo_MMM2 updates 5305/12500 episodes, total num timesteps 4244800/10000000, FPS 44.

incre win rate is 0.0.

 Map MMM2 Algo rmappo Exp mappo_MMM2 updates 5310/12500 episodes, total num timesteps 4248800/10000000, FPS 44.

incre win rate is 0.0.

 Map MMM2 Algo rmappo Exp mappo_MMM2 updates 5315/12500 episodes, total num timesteps 4252800/10000000, FPS 44.

incre win rate is 0.0.

 Map MMM2 Algo rmappo Exp mappo_MMM2 updates 5320/12500 episodes, total num timesteps 4256800/10000000, FPS 44.

incre win rate is 0.009433962264150943.

 Map MMM2 Algo rmappo Exp mappo_MMM2 updates 5325/12500 episodes, total num timesteps 4260800/10000000, FPS 44.

incre win rate is 0.030303030303030304.
eval win rate is 0.03125.

 Map MMM2 Algo rmappo Exp mappo_MMM2 updates 5330/12500 episodes, total num timesteps 4264800/10000000, FPS 44.

incre win rate is 0.0.

 Map MMM2 Algo rmappo Exp mappo_MMM2 updates 5335/12500 episodes, total num timesteps 4268800/10000000, FPS 44.

incre win rate is 0.010752688172043012.

 Map MMM2 Algo rmappo Exp mappo_MMM2 updates 5340/12500 episodes, total num timesteps 4272800/10000000, FPS 44.

incre win rate is 0.028846153846153848.

 Map MMM2 Algo rmappo Exp mappo_MMM2 updates 5345/12500 episodes, total num timesteps 4276800/10000000, FPS 44.

incre win rate is 0.01.

 Map MMM2 Algo rmappo Exp mappo_MMM2 updates 5350/12500 episodes, total num timesteps 4280800/10000000, FPS 44.

incre win rate is 0.019417475728155338.
eval win rate is 0.0.

 Map MMM2 Algo rmappo Exp mappo_MMM2 updates 5355/12500 episodes, total num timesteps 4284800/10000000, FPS 44.

incre win rate is 0.02247191011235955.

 Map MMM2 Algo rmappo Exp mappo_MMM2 updates 5360/12500 episodes, total num timesteps 4288800/10000000, FPS 44.

incre win rate is 0.05154639175257732.

 Map MMM2 Algo rmappo Exp mappo_MMM2 updates 5365/12500 episodes, total num timesteps 4292800/10000000, FPS 44.

incre win rate is 0.02197802197802198.

 Map MMM2 Algo rmappo Exp mappo_MMM2 updates 5370/12500 episodes, total num timesteps 4296800/10000000, FPS 44.

incre win rate is 0.043010752688172046.

 Map MMM2 Algo rmappo Exp mappo_MMM2 updates 5375/12500 episodes, total num timesteps 4300800/10000000, FPS 44.

incre win rate is 0.03296703296703297.
eval win rate is 0.0.

 Map MMM2 Algo rmappo Exp mappo_MMM2 updates 5380/12500 episodes, total num timesteps 4304800/10000000, FPS 44.

incre win rate is 0.03260869565217391.

 Map MMM2 Algo rmappo Exp mappo_MMM2 updates 5385/12500 episodes, total num timesteps 4308800/10000000, FPS 44.

incre win rate is 0.03225806451612903.

 Map MMM2 Algo rmappo Exp mappo_MMM2 updates 5390/12500 episodes, total num timesteps 4312800/10000000, FPS 44.

incre win rate is 0.010309278350515464.

 Map MMM2 Algo rmappo Exp mappo_MMM2 updates 5395/12500 episodes, total num timesteps 4316800/10000000, FPS 44.

incre win rate is 0.023809523809523808.

 Map MMM2 Algo rmappo Exp mappo_MMM2 updates 5400/12500 episodes, total num timesteps 4320800/10000000, FPS 44.

incre win rate is 0.010869565217391304.
eval win rate is 0.0.

 Map MMM2 Algo rmappo Exp mappo_MMM2 updates 5405/12500 episodes, total num timesteps 4324800/10000000, FPS 44.

incre win rate is 0.0.

 Map MMM2 Algo rmappo Exp mappo_MMM2 updates 5410/12500 episodes, total num timesteps 4328800/10000000, FPS 44.

incre win rate is 0.0.

 Map MMM2 Algo rmappo Exp mappo_MMM2 updates 5415/12500 episodes, total num timesteps 4332800/10000000, FPS 44.

incre win rate is 0.010526315789473684.

 Map MMM2 Algo rmappo Exp mappo_MMM2 updates 5420/12500 episodes, total num timesteps 4336800/10000000, FPS 44.

incre win rate is 0.010101010101010102.

 Map MMM2 Algo rmappo Exp mappo_MMM2 updates 5425/12500 episodes, total num timesteps 4340800/10000000, FPS 44.

incre win rate is 0.042105263157894736.
eval win rate is 0.0.

 Map MMM2 Algo rmappo Exp mappo_MMM2 updates 5430/12500 episodes, total num timesteps 4344800/10000000, FPS 44.

incre win rate is 0.021505376344086023.

 Map MMM2 Algo rmappo Exp mappo_MMM2 updates 5435/12500 episodes, total num timesteps 4348800/10000000, FPS 44.

incre win rate is 0.06315789473684211.

 Map MMM2 Algo rmappo Exp mappo_MMM2 updates 5440/12500 episodes, total num timesteps 4352800/10000000, FPS 44.

incre win rate is 0.042105263157894736.

 Map MMM2 Algo rmappo Exp mappo_MMM2 updates 5445/12500 episodes, total num timesteps 4356800/10000000, FPS 44.

incre win rate is 0.01098901098901099.

 Map MMM2 Algo rmappo Exp mappo_MMM2 updates 5450/12500 episodes, total num timesteps 4360800/10000000, FPS 44.

incre win rate is 0.04597701149425287.
eval win rate is 0.0.

 Map MMM2 Algo rmappo Exp mappo_MMM2 updates 5455/12500 episodes, total num timesteps 4364800/10000000, FPS 44.

incre win rate is 0.031914893617021274.

 Map MMM2 Algo rmappo Exp mappo_MMM2 updates 5460/12500 episodes, total num timesteps 4368800/10000000, FPS 44.

incre win rate is 0.021052631578947368.

 Map MMM2 Algo rmappo Exp mappo_MMM2 updates 5465/12500 episodes, total num timesteps 4372800/10000000, FPS 44.

incre win rate is 0.06382978723404255.

 Map MMM2 Algo rmappo Exp mappo_MMM2 updates 5470/12500 episodes, total num timesteps 4376800/10000000, FPS 44.

incre win rate is 0.02197802197802198.

 Map MMM2 Algo rmappo Exp mappo_MMM2 updates 5475/12500 episodes, total num timesteps 4380800/10000000, FPS 44.

incre win rate is 0.021052631578947368.
eval win rate is 0.0.

 Map MMM2 Algo rmappo Exp mappo_MMM2 updates 5480/12500 episodes, total num timesteps 4384800/10000000, FPS 44.

incre win rate is 0.01020408163265306.

 Map MMM2 Algo rmappo Exp mappo_MMM2 updates 5485/12500 episodes, total num timesteps 4388800/10000000, FPS 44.

incre win rate is 0.010101010101010102.

 Map MMM2 Algo rmappo Exp mappo_MMM2 updates 5490/12500 episodes, total num timesteps 4392800/10000000, FPS 44.

incre win rate is 0.010309278350515464.

 Map MMM2 Algo rmappo Exp mappo_MMM2 updates 5495/12500 episodes, total num timesteps 4396800/10000000, FPS 44.

incre win rate is 0.0.

 Map MMM2 Algo rmappo Exp mappo_MMM2 updates 5500/12500 episodes, total num timesteps 4400800/10000000, FPS 44.

incre win rate is 0.010869565217391304.
eval win rate is 0.09375.

 Map MMM2 Algo rmappo Exp mappo_MMM2 updates 5505/12500 episodes, total num timesteps 4404800/10000000, FPS 44.

incre win rate is 0.010526315789473684.

 Map MMM2 Algo rmappo Exp mappo_MMM2 updates 5510/12500 episodes, total num timesteps 4408800/10000000, FPS 44.

incre win rate is 0.010638297872340425.

 Map MMM2 Algo rmappo Exp mappo_MMM2 updates 5515/12500 episodes, total num timesteps 4412800/10000000, FPS 44.

incre win rate is 0.042105263157894736.

 Map MMM2 Algo rmappo Exp mappo_MMM2 updates 5520/12500 episodes, total num timesteps 4416800/10000000, FPS 44.

incre win rate is 0.030612244897959183.

 Map MMM2 Algo rmappo Exp mappo_MMM2 updates 5525/12500 episodes, total num timesteps 4420800/10000000, FPS 44.

incre win rate is 0.03.
eval win rate is 0.0.

 Map MMM2 Algo rmappo Exp mappo_MMM2 updates 5530/12500 episodes, total num timesteps 4424800/10000000, FPS 44.

incre win rate is 0.010416666666666666.

 Map MMM2 Algo rmappo Exp mappo_MMM2 updates 5535/12500 episodes, total num timesteps 4428800/10000000, FPS 44.

incre win rate is 0.009708737864077669.

 Map MMM2 Algo rmappo Exp mappo_MMM2 updates 5540/12500 episodes, total num timesteps 4432800/10000000, FPS 44.

incre win rate is 0.031914893617021274.

 Map MMM2 Algo rmappo Exp mappo_MMM2 updates 5545/12500 episodes, total num timesteps 4436800/10000000, FPS 44.

incre win rate is 0.056818181818181816.

 Map MMM2 Algo rmappo Exp mappo_MMM2 updates 5550/12500 episodes, total num timesteps 4440800/10000000, FPS 44.

incre win rate is 0.031914893617021274.
eval win rate is 0.03125.

 Map MMM2 Algo rmappo Exp mappo_MMM2 updates 5555/12500 episodes, total num timesteps 4444800/10000000, FPS 44.

incre win rate is 0.061855670103092786.

 Map MMM2 Algo rmappo Exp mappo_MMM2 updates 5560/12500 episodes, total num timesteps 4448800/10000000, FPS 44.

incre win rate is 0.020833333333333332.

 Map MMM2 Algo rmappo Exp mappo_MMM2 updates 5565/12500 episodes, total num timesteps 4452800/10000000, FPS 44.

incre win rate is 0.054945054945054944.

 Map MMM2 Algo rmappo Exp mappo_MMM2 updates 5570/12500 episodes, total num timesteps 4456800/10000000, FPS 44.

incre win rate is 0.022727272727272728.

 Map MMM2 Algo rmappo Exp mappo_MMM2 updates 5575/12500 episodes, total num timesteps 4460800/10000000, FPS 44.

incre win rate is 0.03488372093023256.
eval win rate is 0.0.

 Map MMM2 Algo rmappo Exp mappo_MMM2 updates 5580/12500 episodes, total num timesteps 4464800/10000000, FPS 44.

incre win rate is 0.023255813953488372.

 Map MMM2 Algo rmappo Exp mappo_MMM2 updates 5585/12500 episodes, total num timesteps 4468800/10000000, FPS 44.

incre win rate is 0.021739130434782608.

 Map MMM2 Algo rmappo Exp mappo_MMM2 updates 5590/12500 episodes, total num timesteps 4472800/10000000, FPS 44.

incre win rate is 0.044444444444444446.

 Map MMM2 Algo rmappo Exp mappo_MMM2 updates 5595/12500 episodes, total num timesteps 4476800/10000000, FPS 44.

incre win rate is 0.034482758620689655.

 Map MMM2 Algo rmappo Exp mappo_MMM2 updates 5600/12500 episodes, total num timesteps 4480800/10000000, FPS 44.

incre win rate is 0.07446808510638298.
eval win rate is 0.03125.

 Map MMM2 Algo rmappo Exp mappo_MMM2 updates 5605/12500 episodes, total num timesteps 4484800/10000000, FPS 44.

incre win rate is 0.05263157894736842.

 Map MMM2 Algo rmappo Exp mappo_MMM2 updates 5610/12500 episodes, total num timesteps 4488800/10000000, FPS 44.

incre win rate is 0.07777777777777778.

 Map MMM2 Algo rmappo Exp mappo_MMM2 updates 5615/12500 episodes, total num timesteps 4492800/10000000, FPS 44.

incre win rate is 0.08045977011494253.

 Map MMM2 Algo rmappo Exp mappo_MMM2 updates 5620/12500 episodes, total num timesteps 4496800/10000000, FPS 44.

incre win rate is 0.041666666666666664.

 Map MMM2 Algo rmappo Exp mappo_MMM2 updates 5625/12500 episodes, total num timesteps 4500800/10000000, FPS 44.

incre win rate is 0.020833333333333332.
eval win rate is 0.0625.

 Map MMM2 Algo rmappo Exp mappo_MMM2 updates 5630/12500 episodes, total num timesteps 4504800/10000000, FPS 44.

incre win rate is 0.009708737864077669.

 Map MMM2 Algo rmappo Exp mappo_MMM2 updates 5635/12500 episodes, total num timesteps 4508800/10000000, FPS 44.

incre win rate is 0.019417475728155338.

 Map MMM2 Algo rmappo Exp mappo_MMM2 updates 5640/12500 episodes, total num timesteps 4512800/10000000, FPS 44.

incre win rate is 0.03296703296703297.

 Map MMM2 Algo rmappo Exp mappo_MMM2 updates 5645/12500 episodes, total num timesteps 4516800/10000000, FPS 44.

incre win rate is 0.03296703296703297.

 Map MMM2 Algo rmappo Exp mappo_MMM2 updates 5650/12500 episodes, total num timesteps 4520800/10000000, FPS 44.

incre win rate is 0.11578947368421053.
eval win rate is 0.03125.

 Map MMM2 Algo rmappo Exp mappo_MMM2 updates 5655/12500 episodes, total num timesteps 4524800/10000000, FPS 44.

incre win rate is 0.05263157894736842.

 Map MMM2 Algo rmappo Exp mappo_MMM2 updates 5660/12500 episodes, total num timesteps 4528800/10000000, FPS 44.

incre win rate is 0.03260869565217391.

 Map MMM2 Algo rmappo Exp mappo_MMM2 updates 5665/12500 episodes, total num timesteps 4532800/10000000, FPS 44.

incre win rate is 0.050505050505050504.

 Map MMM2 Algo rmappo Exp mappo_MMM2 updates 5670/12500 episodes, total num timesteps 4536800/10000000, FPS 44.

incre win rate is 0.05434782608695652.

 Map MMM2 Algo rmappo Exp mappo_MMM2 updates 5675/12500 episodes, total num timesteps 4540800/10000000, FPS 44.

incre win rate is 0.061224489795918366.
eval win rate is 0.03125.

 Map MMM2 Algo rmappo Exp mappo_MMM2 updates 5680/12500 episodes, total num timesteps 4544800/10000000, FPS 44.

incre win rate is 0.0.

 Map MMM2 Algo rmappo Exp mappo_MMM2 updates 5685/12500 episodes, total num timesteps 4548800/10000000, FPS 44.

incre win rate is 0.04040404040404041.

 Map MMM2 Algo rmappo Exp mappo_MMM2 updates 5690/12500 episodes, total num timesteps 4552800/10000000, FPS 44.

incre win rate is 0.020833333333333332.

 Map MMM2 Algo rmappo Exp mappo_MMM2 updates 5695/12500 episodes, total num timesteps 4556800/10000000, FPS 44.

incre win rate is 0.044444444444444446.

 Map MMM2 Algo rmappo Exp mappo_MMM2 updates 5700/12500 episodes, total num timesteps 4560800/10000000, FPS 44.

incre win rate is 0.04395604395604396.
eval win rate is 0.03125.

 Map MMM2 Algo rmappo Exp mappo_MMM2 updates 5705/12500 episodes, total num timesteps 4564800/10000000, FPS 44.

incre win rate is 0.031578947368421054.

 Map MMM2 Algo rmappo Exp mappo_MMM2 updates 5710/12500 episodes, total num timesteps 4568800/10000000, FPS 44.

incre win rate is 0.0425531914893617.

 Map MMM2 Algo rmappo Exp mappo_MMM2 updates 5715/12500 episodes, total num timesteps 4572800/10000000, FPS 44.

incre win rate is 0.010638297872340425.

 Map MMM2 Algo rmappo Exp mappo_MMM2 updates 5720/12500 episodes, total num timesteps 4576800/10000000, FPS 44.

incre win rate is 0.043478260869565216.

 Map MMM2 Algo rmappo Exp mappo_MMM2 updates 5725/12500 episodes, total num timesteps 4580800/10000000, FPS 44.

incre win rate is 0.054945054945054944.
eval win rate is 0.0.

 Map MMM2 Algo rmappo Exp mappo_MMM2 updates 5730/12500 episodes, total num timesteps 4584800/10000000, FPS 44.

incre win rate is 0.022988505747126436.

 Map MMM2 Algo rmappo Exp mappo_MMM2 updates 5735/12500 episodes, total num timesteps 4588800/10000000, FPS 44.

incre win rate is 0.02127659574468085.

 Map MMM2 Algo rmappo Exp mappo_MMM2 updates 5740/12500 episodes, total num timesteps 4592800/10000000, FPS 44.

incre win rate is 0.047058823529411764.

 Map MMM2 Algo rmappo Exp mappo_MMM2 updates 5745/12500 episodes, total num timesteps 4596800/10000000, FPS 44.

incre win rate is 0.011904761904761904.

 Map MMM2 Algo rmappo Exp mappo_MMM2 updates 5750/12500 episodes, total num timesteps 4600800/10000000, FPS 44.

incre win rate is 0.0.
eval win rate is 0.0625.

 Map MMM2 Algo rmappo Exp mappo_MMM2 updates 5755/12500 episodes, total num timesteps 4604800/10000000, FPS 44.

incre win rate is 0.0.

 Map MMM2 Algo rmappo Exp mappo_MMM2 updates 5760/12500 episodes, total num timesteps 4608800/10000000, FPS 44.

incre win rate is 0.012048192771084338.

 Map MMM2 Algo rmappo Exp mappo_MMM2 updates 5765/12500 episodes, total num timesteps 4612800/10000000, FPS 44.

incre win rate is 0.0.

 Map MMM2 Algo rmappo Exp mappo_MMM2 updates 5770/12500 episodes, total num timesteps 4616800/10000000, FPS 44.

incre win rate is 0.0.

 Map MMM2 Algo rmappo Exp mappo_MMM2 updates 5775/12500 episodes, total num timesteps 4620800/10000000, FPS 44.

incre win rate is 0.013157894736842105.
eval win rate is 0.0625.

 Map MMM2 Algo rmappo Exp mappo_MMM2 updates 5780/12500 episodes, total num timesteps 4624800/10000000, FPS 44.

incre win rate is 0.023809523809523808.

 Map MMM2 Algo rmappo Exp mappo_MMM2 updates 5785/12500 episodes, total num timesteps 4628800/10000000, FPS 44.

incre win rate is 0.047619047619047616.

 Map MMM2 Algo rmappo Exp mappo_MMM2 updates 5790/12500 episodes, total num timesteps 4632800/10000000, FPS 44.

incre win rate is 0.010869565217391304.

 Map MMM2 Algo rmappo Exp mappo_MMM2 updates 5795/12500 episodes, total num timesteps 4636800/10000000, FPS 44.

incre win rate is 0.04395604395604396.

 Map MMM2 Algo rmappo Exp mappo_MMM2 updates 5800/12500 episodes, total num timesteps 4640800/10000000, FPS 44.

incre win rate is 0.023255813953488372.
eval win rate is 0.0625.

 Map MMM2 Algo rmappo Exp mappo_MMM2 updates 5805/12500 episodes, total num timesteps 4644800/10000000, FPS 44.

incre win rate is 0.0641025641025641.

 Map MMM2 Algo rmappo Exp mappo_MMM2 updates 5810/12500 episodes, total num timesteps 4648800/10000000, FPS 44.

incre win rate is 0.024390243902439025.

 Map MMM2 Algo rmappo Exp mappo_MMM2 updates 5815/12500 episodes, total num timesteps 4652800/10000000, FPS 44.

incre win rate is 0.03488372093023256.

 Map MMM2 Algo rmappo Exp mappo_MMM2 updates 5820/12500 episodes, total num timesteps 4656800/10000000, FPS 44.

incre win rate is 0.010526315789473684.

 Map MMM2 Algo rmappo Exp mappo_MMM2 updates 5825/12500 episodes, total num timesteps 4660800/10000000, FPS 44.

incre win rate is 0.011235955056179775.
eval win rate is 0.125.

 Map MMM2 Algo rmappo Exp mappo_MMM2 updates 5830/12500 episodes, total num timesteps 4664800/10000000, FPS 44.

incre win rate is 0.14772727272727273.

 Map MMM2 Algo rmappo Exp mappo_MMM2 updates 5835/12500 episodes, total num timesteps 4668800/10000000, FPS 44.

incre win rate is 0.13953488372093023.

 Map MMM2 Algo rmappo Exp mappo_MMM2 updates 5840/12500 episodes, total num timesteps 4672800/10000000, FPS 44.

incre win rate is 0.07692307692307693.

 Map MMM2 Algo rmappo Exp mappo_MMM2 updates 5845/12500 episodes, total num timesteps 4676800/10000000, FPS 44.

incre win rate is 0.06896551724137931.

 Map MMM2 Algo rmappo Exp mappo_MMM2 updates 5850/12500 episodes, total num timesteps 4680800/10000000, FPS 44.

incre win rate is 0.07777777777777778.
eval win rate is 0.0625.

 Map MMM2 Algo rmappo Exp mappo_MMM2 updates 5855/12500 episodes, total num timesteps 4684800/10000000, FPS 44.

incre win rate is 0.11494252873563218.

 Map MMM2 Algo rmappo Exp mappo_MMM2 updates 5860/12500 episodes, total num timesteps 4688800/10000000, FPS 44.

incre win rate is 0.046511627906976744.

 Map MMM2 Algo rmappo Exp mappo_MMM2 updates 5865/12500 episodes, total num timesteps 4692800/10000000, FPS 44.

incre win rate is 0.021505376344086023.

 Map MMM2 Algo rmappo Exp mappo_MMM2 updates 5870/12500 episodes, total num timesteps 4696800/10000000, FPS 44.

incre win rate is 0.16666666666666666.

 Map MMM2 Algo rmappo Exp mappo_MMM2 updates 5875/12500 episodes, total num timesteps 4700800/10000000, FPS 44.

incre win rate is 0.03225806451612903.
eval win rate is 0.03125.

 Map MMM2 Algo rmappo Exp mappo_MMM2 updates 5880/12500 episodes, total num timesteps 4704800/10000000, FPS 44.

incre win rate is 0.04395604395604396.

 Map MMM2 Algo rmappo Exp mappo_MMM2 updates 5885/12500 episodes, total num timesteps 4708800/10000000, FPS 44.

incre win rate is 0.03225806451612903.

 Map MMM2 Algo rmappo Exp mappo_MMM2 updates 5890/12500 episodes, total num timesteps 4712800/10000000, FPS 44.

incre win rate is 0.02127659574468085.

 Map MMM2 Algo rmappo Exp mappo_MMM2 updates 5895/12500 episodes, total num timesteps 4716800/10000000, FPS 44.

incre win rate is 0.033707865168539325.

 Map MMM2 Algo rmappo Exp mappo_MMM2 updates 5900/12500 episodes, total num timesteps 4720800/10000000, FPS 44.

incre win rate is 0.04081632653061224.
eval win rate is 0.09375.

 Map MMM2 Algo rmappo Exp mappo_MMM2 updates 5905/12500 episodes, total num timesteps 4724800/10000000, FPS 44.

incre win rate is 0.06593406593406594.

 Map MMM2 Algo rmappo Exp mappo_MMM2 updates 5910/12500 episodes, total num timesteps 4728800/10000000, FPS 44.

incre win rate is 0.06521739130434782.

 Map MMM2 Algo rmappo Exp mappo_MMM2 updates 5915/12500 episodes, total num timesteps 4732800/10000000, FPS 44.

incre win rate is 0.05747126436781609.

 Map MMM2 Algo rmappo Exp mappo_MMM2 updates 5920/12500 episodes, total num timesteps 4736800/10000000, FPS 44.

incre win rate is 0.043478260869565216.

 Map MMM2 Algo rmappo Exp mappo_MMM2 updates 5925/12500 episodes, total num timesteps 4740800/10000000, FPS 44.

incre win rate is 0.06382978723404255.
eval win rate is 0.09375.

 Map MMM2 Algo rmappo Exp mappo_MMM2 updates 5930/12500 episodes, total num timesteps 4744800/10000000, FPS 44.

incre win rate is 0.07777777777777778.

 Map MMM2 Algo rmappo Exp mappo_MMM2 updates 5935/12500 episodes, total num timesteps 4748800/10000000, FPS 44.

incre win rate is 0.05747126436781609.

 Map MMM2 Algo rmappo Exp mappo_MMM2 updates 5940/12500 episodes, total num timesteps 4752800/10000000, FPS 44.

incre win rate is 0.05319148936170213.

 Map MMM2 Algo rmappo Exp mappo_MMM2 updates 5945/12500 episodes, total num timesteps 4756800/10000000, FPS 44.

incre win rate is 0.0449438202247191.

 Map MMM2 Algo rmappo Exp mappo_MMM2 updates 5950/12500 episodes, total num timesteps 4760800/10000000, FPS 44.

incre win rate is 0.07954545454545454.
eval win rate is 0.15625.

 Map MMM2 Algo rmappo Exp mappo_MMM2 updates 5955/12500 episodes, total num timesteps 4764800/10000000, FPS 44.

incre win rate is 0.07777777777777778.

 Map MMM2 Algo rmappo Exp mappo_MMM2 updates 5960/12500 episodes, total num timesteps 4768800/10000000, FPS 44.

incre win rate is 0.05813953488372093.

 Map MMM2 Algo rmappo Exp mappo_MMM2 updates 5965/12500 episodes, total num timesteps 4772800/10000000, FPS 44.

incre win rate is 0.1.

 Map MMM2 Algo rmappo Exp mappo_MMM2 updates 5970/12500 episodes, total num timesteps 4776800/10000000, FPS 44.

incre win rate is 0.056179775280898875.

 Map MMM2 Algo rmappo Exp mappo_MMM2 updates 5975/12500 episodes, total num timesteps 4780800/10000000, FPS 44.

incre win rate is 0.07954545454545454.
eval win rate is 0.0625.

 Map MMM2 Algo rmappo Exp mappo_MMM2 updates 5980/12500 episodes, total num timesteps 4784800/10000000, FPS 44.

incre win rate is 0.08235294117647059.

 Map MMM2 Algo rmappo Exp mappo_MMM2 updates 5985/12500 episodes, total num timesteps 4788800/10000000, FPS 44.

incre win rate is 0.12941176470588237.

 Map MMM2 Algo rmappo Exp mappo_MMM2 updates 5990/12500 episodes, total num timesteps 4792800/10000000, FPS 44.

incre win rate is 0.07142857142857142.

 Map MMM2 Algo rmappo Exp mappo_MMM2 updates 5995/12500 episodes, total num timesteps 4796800/10000000, FPS 44.

incre win rate is 0.056818181818181816.

 Map MMM2 Algo rmappo Exp mappo_MMM2 updates 6000/12500 episodes, total num timesteps 4800800/10000000, FPS 45.

incre win rate is 0.08791208791208792.
eval win rate is 0.03125.

 Map MMM2 Algo rmappo Exp mappo_MMM2 updates 6005/12500 episodes, total num timesteps 4804800/10000000, FPS 44.

incre win rate is 0.053763440860215055.

 Map MMM2 Algo rmappo Exp mappo_MMM2 updates 6010/12500 episodes, total num timesteps 4808800/10000000, FPS 45.

incre win rate is 0.04597701149425287.

 Map MMM2 Algo rmappo Exp mappo_MMM2 updates 6015/12500 episodes, total num timesteps 4812800/10000000, FPS 45.

incre win rate is 0.03333333333333333.

 Map MMM2 Algo rmappo Exp mappo_MMM2 updates 6020/12500 episodes, total num timesteps 4816800/10000000, FPS 45.

incre win rate is 0.03225806451612903.

 Map MMM2 Algo rmappo Exp mappo_MMM2 updates 6025/12500 episodes, total num timesteps 4820800/10000000, FPS 45.

incre win rate is 0.08602150537634409.
eval win rate is 0.09375.

 Map MMM2 Algo rmappo Exp mappo_MMM2 updates 6030/12500 episodes, total num timesteps 4824800/10000000, FPS 45.

incre win rate is 0.09195402298850575.

 Map MMM2 Algo rmappo Exp mappo_MMM2 updates 6035/12500 episodes, total num timesteps 4828800/10000000, FPS 45.

incre win rate is 0.06666666666666667.

 Map MMM2 Algo rmappo Exp mappo_MMM2 updates 6040/12500 episodes, total num timesteps 4832800/10000000, FPS 45.

incre win rate is 0.056818181818181816.

 Map MMM2 Algo rmappo Exp mappo_MMM2 updates 6045/12500 episodes, total num timesteps 4836800/10000000, FPS 45.

incre win rate is 0.044444444444444446.

 Map MMM2 Algo rmappo Exp mappo_MMM2 updates 6050/12500 episodes, total num timesteps 4840800/10000000, FPS 45.

incre win rate is 0.04395604395604396.
eval win rate is 0.15625.

 Map MMM2 Algo rmappo Exp mappo_MMM2 updates 6055/12500 episodes, total num timesteps 4844800/10000000, FPS 45.

incre win rate is 0.056179775280898875.

 Map MMM2 Algo rmappo Exp mappo_MMM2 updates 6060/12500 episodes, total num timesteps 4848800/10000000, FPS 45.

incre win rate is 0.07865168539325842.

 Map MMM2 Algo rmappo Exp mappo_MMM2 updates 6065/12500 episodes, total num timesteps 4852800/10000000, FPS 45.

incre win rate is 0.044444444444444446.

 Map MMM2 Algo rmappo Exp mappo_MMM2 updates 6070/12500 episodes, total num timesteps 4856800/10000000, FPS 45.

incre win rate is 0.010416666666666666.

 Map MMM2 Algo rmappo Exp mappo_MMM2 updates 6075/12500 episodes, total num timesteps 4860800/10000000, FPS 45.

incre win rate is 0.045454545454545456.
eval win rate is 0.0625.

 Map MMM2 Algo rmappo Exp mappo_MMM2 updates 6080/12500 episodes, total num timesteps 4864800/10000000, FPS 45.

incre win rate is 0.06593406593406594.

 Map MMM2 Algo rmappo Exp mappo_MMM2 updates 6085/12500 episodes, total num timesteps 4868800/10000000, FPS 45.

incre win rate is 0.07526881720430108.

 Map MMM2 Algo rmappo Exp mappo_MMM2 updates 6090/12500 episodes, total num timesteps 4872800/10000000, FPS 45.

incre win rate is 0.12643678160919541.

 Map MMM2 Algo rmappo Exp mappo_MMM2 updates 6095/12500 episodes, total num timesteps 4876800/10000000, FPS 45.

incre win rate is 0.0425531914893617.

 Map MMM2 Algo rmappo Exp mappo_MMM2 updates 6100/12500 episodes, total num timesteps 4880800/10000000, FPS 45.

incre win rate is 0.06521739130434782.
eval win rate is 0.03125.

 Map MMM2 Algo rmappo Exp mappo_MMM2 updates 6105/12500 episodes, total num timesteps 4884800/10000000, FPS 45.

incre win rate is 0.08888888888888889.

 Map MMM2 Algo rmappo Exp mappo_MMM2 updates 6110/12500 episodes, total num timesteps 4888800/10000000, FPS 45.

incre win rate is 0.05555555555555555.

 Map MMM2 Algo rmappo Exp mappo_MMM2 updates 6115/12500 episodes, total num timesteps 4892800/10000000, FPS 45.

incre win rate is 0.034482758620689655.

 Map MMM2 Algo rmappo Exp mappo_MMM2 updates 6120/12500 episodes, total num timesteps 4896800/10000000, FPS 45.

incre win rate is 0.044444444444444446.

 Map MMM2 Algo rmappo Exp mappo_MMM2 updates 6125/12500 episodes, total num timesteps 4900800/10000000, FPS 45.

incre win rate is 0.010869565217391304.
eval win rate is 0.0.

 Map MMM2 Algo rmappo Exp mappo_MMM2 updates 6130/12500 episodes, total num timesteps 4904800/10000000, FPS 45.

incre win rate is 0.045454545454545456.

 Map MMM2 Algo rmappo Exp mappo_MMM2 updates 6135/12500 episodes, total num timesteps 4908800/10000000, FPS 45.

incre win rate is 0.08333333333333333.

 Map MMM2 Algo rmappo Exp mappo_MMM2 updates 6140/12500 episodes, total num timesteps 4912800/10000000, FPS 45.

incre win rate is 0.044444444444444446.

 Map MMM2 Algo rmappo Exp mappo_MMM2 updates 6145/12500 episodes, total num timesteps 4916800/10000000, FPS 45.

incre win rate is 0.05555555555555555.

 Map MMM2 Algo rmappo Exp mappo_MMM2 updates 6150/12500 episodes, total num timesteps 4920800/10000000, FPS 45.

incre win rate is 0.08641975308641975.
eval win rate is 0.0625.

 Map MMM2 Algo rmappo Exp mappo_MMM2 updates 6155/12500 episodes, total num timesteps 4924800/10000000, FPS 45.

incre win rate is 0.043478260869565216.

 Map MMM2 Algo rmappo Exp mappo_MMM2 updates 6160/12500 episodes, total num timesteps 4928800/10000000, FPS 45.

incre win rate is 0.09195402298850575.

 Map MMM2 Algo rmappo Exp mappo_MMM2 updates 6165/12500 episodes, total num timesteps 4932800/10000000, FPS 45.

incre win rate is 0.045454545454545456.

 Map MMM2 Algo rmappo Exp mappo_MMM2 updates 6170/12500 episodes, total num timesteps 4936800/10000000, FPS 45.

incre win rate is 0.054945054945054944.

 Map MMM2 Algo rmappo Exp mappo_MMM2 updates 6175/12500 episodes, total num timesteps 4940800/10000000, FPS 45.

incre win rate is 0.05555555555555555.
eval win rate is 0.03125.

 Map MMM2 Algo rmappo Exp mappo_MMM2 updates 6180/12500 episodes, total num timesteps 4944800/10000000, FPS 45.

incre win rate is 0.07058823529411765.

 Map MMM2 Algo rmappo Exp mappo_MMM2 updates 6185/12500 episodes, total num timesteps 4948800/10000000, FPS 45.

incre win rate is 0.0963855421686747.

 Map MMM2 Algo rmappo Exp mappo_MMM2 updates 6190/12500 episodes, total num timesteps 4952800/10000000, FPS 45.

incre win rate is 0.047058823529411764.

 Map MMM2 Algo rmappo Exp mappo_MMM2 updates 6195/12500 episodes, total num timesteps 4956800/10000000, FPS 45.

incre win rate is 0.07228915662650602.

 Map MMM2 Algo rmappo Exp mappo_MMM2 updates 6200/12500 episodes, total num timesteps 4960800/10000000, FPS 45.

incre win rate is 0.08888888888888889.
eval win rate is 0.0625.

 Map MMM2 Algo rmappo Exp mappo_MMM2 updates 6205/12500 episodes, total num timesteps 4964800/10000000, FPS 45.

incre win rate is 0.04395604395604396.

 Map MMM2 Algo rmappo Exp mappo_MMM2 updates 6210/12500 episodes, total num timesteps 4968800/10000000, FPS 45.

incre win rate is 0.044444444444444446.

 Map MMM2 Algo rmappo Exp mappo_MMM2 updates 6215/12500 episodes, total num timesteps 4972800/10000000, FPS 45.

incre win rate is 0.08333333333333333.

 Map MMM2 Algo rmappo Exp mappo_MMM2 updates 6220/12500 episodes, total num timesteps 4976800/10000000, FPS 45.

incre win rate is 0.0449438202247191.

 Map MMM2 Algo rmappo Exp mappo_MMM2 updates 6225/12500 episodes, total num timesteps 4980800/10000000, FPS 45.

incre win rate is 0.024096385542168676.
eval win rate is 0.0625.

 Map MMM2 Algo rmappo Exp mappo_MMM2 updates 6230/12500 episodes, total num timesteps 4984800/10000000, FPS 45.

incre win rate is 0.08888888888888889.

 Map MMM2 Algo rmappo Exp mappo_MMM2 updates 6235/12500 episodes, total num timesteps 4988800/10000000, FPS 45.

incre win rate is 0.04597701149425287.

 Map MMM2 Algo rmappo Exp mappo_MMM2 updates 6240/12500 episodes, total num timesteps 4992800/10000000, FPS 45.

incre win rate is 0.034482758620689655.

 Map MMM2 Algo rmappo Exp mappo_MMM2 updates 6245/12500 episodes, total num timesteps 4996800/10000000, FPS 45.

incre win rate is 0.12643678160919541.

 Map MMM2 Algo rmappo Exp mappo_MMM2 updates 6250/12500 episodes, total num timesteps 5000800/10000000, FPS 45.

incre win rate is 0.06741573033707865.
eval win rate is 0.125.

 Map MMM2 Algo rmappo Exp mappo_MMM2 updates 6255/12500 episodes, total num timesteps 5004800/10000000, FPS 45.

incre win rate is 0.07777777777777778.

 Map MMM2 Algo rmappo Exp mappo_MMM2 updates 6260/12500 episodes, total num timesteps 5008800/10000000, FPS 45.

incre win rate is 0.06666666666666667.

 Map MMM2 Algo rmappo Exp mappo_MMM2 updates 6265/12500 episodes, total num timesteps 5012800/10000000, FPS 45.

incre win rate is 0.08235294117647059.

 Map MMM2 Algo rmappo Exp mappo_MMM2 updates 6270/12500 episodes, total num timesteps 5016800/10000000, FPS 45.

incre win rate is 0.043478260869565216.

 Map MMM2 Algo rmappo Exp mappo_MMM2 updates 6275/12500 episodes, total num timesteps 5020800/10000000, FPS 45.

incre win rate is 0.10227272727272728.
eval win rate is 0.03125.

 Map MMM2 Algo rmappo Exp mappo_MMM2 updates 6280/12500 episodes, total num timesteps 5024800/10000000, FPS 45.

incre win rate is 0.1.

 Map MMM2 Algo rmappo Exp mappo_MMM2 updates 6285/12500 episodes, total num timesteps 5028800/10000000, FPS 45.

incre win rate is 0.053763440860215055.

 Map MMM2 Algo rmappo Exp mappo_MMM2 updates 6290/12500 episodes, total num timesteps 5032800/10000000, FPS 45.

incre win rate is 0.10588235294117647.

 Map MMM2 Algo rmappo Exp mappo_MMM2 updates 6295/12500 episodes, total num timesteps 5036800/10000000, FPS 45.

incre win rate is 0.06818181818181818.

 Map MMM2 Algo rmappo Exp mappo_MMM2 updates 6300/12500 episodes, total num timesteps 5040800/10000000, FPS 45.

incre win rate is 0.047619047619047616.
eval win rate is 0.03125.

 Map MMM2 Algo rmappo Exp mappo_MMM2 updates 6305/12500 episodes, total num timesteps 5044800/10000000, FPS 45.

incre win rate is 0.04395604395604396.

 Map MMM2 Algo rmappo Exp mappo_MMM2 updates 6310/12500 episodes, total num timesteps 5048800/10000000, FPS 45.

incre win rate is 0.07777777777777778.

 Map MMM2 Algo rmappo Exp mappo_MMM2 updates 6315/12500 episodes, total num timesteps 5052800/10000000, FPS 45.

incre win rate is 0.044444444444444446.

 Map MMM2 Algo rmappo Exp mappo_MMM2 updates 6320/12500 episodes, total num timesteps 5056800/10000000, FPS 45.

incre win rate is 0.06741573033707865.

 Map MMM2 Algo rmappo Exp mappo_MMM2 updates 6325/12500 episodes, total num timesteps 5060800/10000000, FPS 45.

incre win rate is 0.033707865168539325.
eval win rate is 0.09375.

 Map MMM2 Algo rmappo Exp mappo_MMM2 updates 6330/12500 episodes, total num timesteps 5064800/10000000, FPS 45.

incre win rate is 0.020618556701030927.

 Map MMM2 Algo rmappo Exp mappo_MMM2 updates 6335/12500 episodes, total num timesteps 5068800/10000000, FPS 45.

incre win rate is 0.056818181818181816.

 Map MMM2 Algo rmappo Exp mappo_MMM2 updates 6340/12500 episodes, total num timesteps 5072800/10000000, FPS 45.

incre win rate is 0.03333333333333333.

 Map MMM2 Algo rmappo Exp mappo_MMM2 updates 6345/12500 episodes, total num timesteps 5076800/10000000, FPS 45.

incre win rate is 0.09523809523809523.

 Map MMM2 Algo rmappo Exp mappo_MMM2 updates 6350/12500 episodes, total num timesteps 5080800/10000000, FPS 45.

incre win rate is 0.06818181818181818.
eval win rate is 0.0625.

 Map MMM2 Algo rmappo Exp mappo_MMM2 updates 6355/12500 episodes, total num timesteps 5084800/10000000, FPS 45.

incre win rate is 0.054945054945054944.

 Map MMM2 Algo rmappo Exp mappo_MMM2 updates 6360/12500 episodes, total num timesteps 5088800/10000000, FPS 45.

incre win rate is 0.08045977011494253.

 Map MMM2 Algo rmappo Exp mappo_MMM2 updates 6365/12500 episodes, total num timesteps 5092800/10000000, FPS 45.

incre win rate is 0.05555555555555555.

 Map MMM2 Algo rmappo Exp mappo_MMM2 updates 6370/12500 episodes, total num timesteps 5096800/10000000, FPS 45.

incre win rate is 0.046511627906976744.

 Map MMM2 Algo rmappo Exp mappo_MMM2 updates 6375/12500 episodes, total num timesteps 5100800/10000000, FPS 45.

incre win rate is 0.08333333333333333.
eval win rate is 0.0625.

 Map MMM2 Algo rmappo Exp mappo_MMM2 updates 6380/12500 episodes, total num timesteps 5104800/10000000, FPS 45.

incre win rate is 0.08695652173913043.

 Map MMM2 Algo rmappo Exp mappo_MMM2 updates 6385/12500 episodes, total num timesteps 5108800/10000000, FPS 45.

incre win rate is 0.02197802197802198.

 Map MMM2 Algo rmappo Exp mappo_MMM2 updates 6390/12500 episodes, total num timesteps 5112800/10000000, FPS 45.

incre win rate is 0.05747126436781609.

 Map MMM2 Algo rmappo Exp mappo_MMM2 updates 6395/12500 episodes, total num timesteps 5116800/10000000, FPS 45.

incre win rate is 0.011494252873563218.

 Map MMM2 Algo rmappo Exp mappo_MMM2 updates 6400/12500 episodes, total num timesteps 5120800/10000000, FPS 45.

incre win rate is 0.02247191011235955.
eval win rate is 0.0.

 Map MMM2 Algo rmappo Exp mappo_MMM2 updates 6405/12500 episodes, total num timesteps 5124800/10000000, FPS 45.

incre win rate is 0.06741573033707865.

 Map MMM2 Algo rmappo Exp mappo_MMM2 updates 6410/12500 episodes, total num timesteps 5128800/10000000, FPS 45.

incre win rate is 0.02197802197802198.

 Map MMM2 Algo rmappo Exp mappo_MMM2 updates 6415/12500 episodes, total num timesteps 5132800/10000000, FPS 45.

incre win rate is 0.046511627906976744.

 Map MMM2 Algo rmappo Exp mappo_MMM2 updates 6420/12500 episodes, total num timesteps 5136800/10000000, FPS 45.

incre win rate is 0.08433734939759036.

 Map MMM2 Algo rmappo Exp mappo_MMM2 updates 6425/12500 episodes, total num timesteps 5140800/10000000, FPS 45.

incre win rate is 0.05128205128205128.
eval win rate is 0.03125.

 Map MMM2 Algo rmappo Exp mappo_MMM2 updates 6430/12500 episodes, total num timesteps 5144800/10000000, FPS 45.

incre win rate is 0.056818181818181816.

 Map MMM2 Algo rmappo Exp mappo_MMM2 updates 6435/12500 episodes, total num timesteps 5148800/10000000, FPS 45.

incre win rate is 0.058823529411764705.

 Map MMM2 Algo rmappo Exp mappo_MMM2 updates 6440/12500 episodes, total num timesteps 5152800/10000000, FPS 45.

incre win rate is 0.0875.

 Map MMM2 Algo rmappo Exp mappo_MMM2 updates 6445/12500 episodes, total num timesteps 5156800/10000000, FPS 45.

incre win rate is 0.047619047619047616.

 Map MMM2 Algo rmappo Exp mappo_MMM2 updates 6450/12500 episodes, total num timesteps 5160800/10000000, FPS 45.

incre win rate is 0.045454545454545456.
eval win rate is 0.09375.

 Map MMM2 Algo rmappo Exp mappo_MMM2 updates 6455/12500 episodes, total num timesteps 5164800/10000000, FPS 45.

incre win rate is 0.02247191011235955.

 Map MMM2 Algo rmappo Exp mappo_MMM2 updates 6460/12500 episodes, total num timesteps 5168800/10000000, FPS 45.

incre win rate is 0.09411764705882353.

 Map MMM2 Algo rmappo Exp mappo_MMM2 updates 6465/12500 episodes, total num timesteps 5172800/10000000, FPS 45.

incre win rate is 0.06818181818181818.

 Map MMM2 Algo rmappo Exp mappo_MMM2 updates 6470/12500 episodes, total num timesteps 5176800/10000000, FPS 45.

incre win rate is 0.0898876404494382.

 Map MMM2 Algo rmappo Exp mappo_MMM2 updates 6475/12500 episodes, total num timesteps 5180800/10000000, FPS 45.

incre win rate is 0.04597701149425287.
eval win rate is 0.0625.

 Map MMM2 Algo rmappo Exp mappo_MMM2 updates 6480/12500 episodes, total num timesteps 5184800/10000000, FPS 45.

incre win rate is 0.09523809523809523.

 Map MMM2 Algo rmappo Exp mappo_MMM2 updates 6485/12500 episodes, total num timesteps 5188800/10000000, FPS 45.

incre win rate is 0.05813953488372093.

 Map MMM2 Algo rmappo Exp mappo_MMM2 updates 6490/12500 episodes, total num timesteps 5192800/10000000, FPS 45.

incre win rate is 0.06896551724137931.

 Map MMM2 Algo rmappo Exp mappo_MMM2 updates 6495/12500 episodes, total num timesteps 5196800/10000000, FPS 45.

incre win rate is 0.01282051282051282.

 Map MMM2 Algo rmappo Exp mappo_MMM2 updates 6500/12500 episodes, total num timesteps 5200800/10000000, FPS 45.

incre win rate is 0.058823529411764705.
eval win rate is 0.0.

 Map MMM2 Algo rmappo Exp mappo_MMM2 updates 6505/12500 episodes, total num timesteps 5204800/10000000, FPS 45.

incre win rate is 0.0379746835443038.

 Map MMM2 Algo rmappo Exp mappo_MMM2 updates 6510/12500 episodes, total num timesteps 5208800/10000000, FPS 45.

incre win rate is 0.05952380952380952.

 Map MMM2 Algo rmappo Exp mappo_MMM2 updates 6515/12500 episodes, total num timesteps 5212800/10000000, FPS 45.

incre win rate is 0.1566265060240964.

 Map MMM2 Algo rmappo Exp mappo_MMM2 updates 6520/12500 episodes, total num timesteps 5216800/10000000, FPS 45.

incre win rate is 0.03614457831325301.

 Map MMM2 Algo rmappo Exp mappo_MMM2 updates 6525/12500 episodes, total num timesteps 5220800/10000000, FPS 45.

incre win rate is 0.060240963855421686.
eval win rate is 0.125.

 Map MMM2 Algo rmappo Exp mappo_MMM2 updates 6530/12500 episodes, total num timesteps 5224800/10000000, FPS 45.

incre win rate is 0.04819277108433735.

 Map MMM2 Algo rmappo Exp mappo_MMM2 updates 6535/12500 episodes, total num timesteps 5228800/10000000, FPS 45.

incre win rate is 0.07894736842105263.

 Map MMM2 Algo rmappo Exp mappo_MMM2 updates 6540/12500 episodes, total num timesteps 5232800/10000000, FPS 45.

incre win rate is 0.08433734939759036.

 Map MMM2 Algo rmappo Exp mappo_MMM2 updates 6545/12500 episodes, total num timesteps 5236800/10000000, FPS 45.

incre win rate is 0.04878048780487805.

 Map MMM2 Algo rmappo Exp mappo_MMM2 updates 6550/12500 episodes, total num timesteps 5240800/10000000, FPS 45.

incre win rate is 0.05263157894736842.
eval win rate is 0.21875.

 Map MMM2 Algo rmappo Exp mappo_MMM2 updates 6555/12500 episodes, total num timesteps 5244800/10000000, FPS 45.

incre win rate is 0.05.

 Map MMM2 Algo rmappo Exp mappo_MMM2 updates 6560/12500 episodes, total num timesteps 5248800/10000000, FPS 45.

incre win rate is 0.09523809523809523.

 Map MMM2 Algo rmappo Exp mappo_MMM2 updates 6565/12500 episodes, total num timesteps 5252800/10000000, FPS 45.

incre win rate is 0.06896551724137931.

 Map MMM2 Algo rmappo Exp mappo_MMM2 updates 6570/12500 episodes, total num timesteps 5256800/10000000, FPS 45.

incre win rate is 0.039473684210526314.

 Map MMM2 Algo rmappo Exp mappo_MMM2 updates 6575/12500 episodes, total num timesteps 5260800/10000000, FPS 45.

incre win rate is 0.03614457831325301.
eval win rate is 0.03125.

 Map MMM2 Algo rmappo Exp mappo_MMM2 updates 6580/12500 episodes, total num timesteps 5264800/10000000, FPS 45.

incre win rate is 0.034482758620689655.

 Map MMM2 Algo rmappo Exp mappo_MMM2 updates 6585/12500 episodes, total num timesteps 5268800/10000000, FPS 45.

incre win rate is 0.10843373493975904.

 Map MMM2 Algo rmappo Exp mappo_MMM2 updates 6590/12500 episodes, total num timesteps 5272800/10000000, FPS 45.

incre win rate is 0.08333333333333333.

 Map MMM2 Algo rmappo Exp mappo_MMM2 updates 6595/12500 episodes, total num timesteps 5276800/10000000, FPS 45.

incre win rate is 0.021739130434782608.

 Map MMM2 Algo rmappo Exp mappo_MMM2 updates 6600/12500 episodes, total num timesteps 5280800/10000000, FPS 45.

incre win rate is 0.06666666666666667.
eval win rate is 0.09375.

 Map MMM2 Algo rmappo Exp mappo_MMM2 updates 6605/12500 episodes, total num timesteps 5284800/10000000, FPS 45.

incre win rate is 0.046511627906976744.

 Map MMM2 Algo rmappo Exp mappo_MMM2 updates 6610/12500 episodes, total num timesteps 5288800/10000000, FPS 45.

incre win rate is 0.09523809523809523.

 Map MMM2 Algo rmappo Exp mappo_MMM2 updates 6615/12500 episodes, total num timesteps 5292800/10000000, FPS 45.

incre win rate is 0.10344827586206896.

 Map MMM2 Algo rmappo Exp mappo_MMM2 updates 6620/12500 episodes, total num timesteps 5296800/10000000, FPS 45.

incre win rate is 0.08139534883720931.

 Map MMM2 Algo rmappo Exp mappo_MMM2 updates 6625/12500 episodes, total num timesteps 5300800/10000000, FPS 45.

incre win rate is 0.06896551724137931.
eval win rate is 0.03125.

 Map MMM2 Algo rmappo Exp mappo_MMM2 updates 6630/12500 episodes, total num timesteps 5304800/10000000, FPS 45.

incre win rate is 0.10112359550561797.

 Map MMM2 Algo rmappo Exp mappo_MMM2 updates 6635/12500 episodes, total num timesteps 5308800/10000000, FPS 45.

incre win rate is 0.09302325581395349.

 Map MMM2 Algo rmappo Exp mappo_MMM2 updates 6640/12500 episodes, total num timesteps 5312800/10000000, FPS 45.

incre win rate is 0.06896551724137931.

 Map MMM2 Algo rmappo Exp mappo_MMM2 updates 6645/12500 episodes, total num timesteps 5316800/10000000, FPS 45.

incre win rate is 0.08888888888888889.

 Map MMM2 Algo rmappo Exp mappo_MMM2 updates 6650/12500 episodes, total num timesteps 5320800/10000000, FPS 45.

incre win rate is 0.04878048780487805.
eval win rate is 0.0625.

 Map MMM2 Algo rmappo Exp mappo_MMM2 updates 6655/12500 episodes, total num timesteps 5324800/10000000, FPS 45.

incre win rate is 0.06896551724137931.

 Map MMM2 Algo rmappo Exp mappo_MMM2 updates 6660/12500 episodes, total num timesteps 5328800/10000000, FPS 45.

incre win rate is 0.01098901098901099.

 Map MMM2 Algo rmappo Exp mappo_MMM2 updates 6665/12500 episodes, total num timesteps 5332800/10000000, FPS 45.

incre win rate is 0.12790697674418605.

 Map MMM2 Algo rmappo Exp mappo_MMM2 updates 6670/12500 episodes, total num timesteps 5336800/10000000, FPS 45.

incre win rate is 0.07954545454545454.

 Map MMM2 Algo rmappo Exp mappo_MMM2 updates 6675/12500 episodes, total num timesteps 5340800/10000000, FPS 45.

incre win rate is 0.06172839506172839.
eval win rate is 0.09375.

 Map MMM2 Algo rmappo Exp mappo_MMM2 updates 6680/12500 episodes, total num timesteps 5344800/10000000, FPS 45.

incre win rate is 0.10714285714285714.

 Map MMM2 Algo rmappo Exp mappo_MMM2 updates 6685/12500 episodes, total num timesteps 5348800/10000000, FPS 45.

incre win rate is 0.10714285714285714.

 Map MMM2 Algo rmappo Exp mappo_MMM2 updates 6690/12500 episodes, total num timesteps 5352800/10000000, FPS 45.

incre win rate is 0.09523809523809523.

 Map MMM2 Algo rmappo Exp mappo_MMM2 updates 6695/12500 episodes, total num timesteps 5356800/10000000, FPS 45.

incre win rate is 0.15476190476190477.

 Map MMM2 Algo rmappo Exp mappo_MMM2 updates 6700/12500 episodes, total num timesteps 5360800/10000000, FPS 45.

incre win rate is 0.034482758620689655.
eval win rate is 0.0625.

 Map MMM2 Algo rmappo Exp mappo_MMM2 updates 6705/12500 episodes, total num timesteps 5364800/10000000, FPS 45.

incre win rate is 0.10869565217391304.

 Map MMM2 Algo rmappo Exp mappo_MMM2 updates 6710/12500 episodes, total num timesteps 5368800/10000000, FPS 45.

incre win rate is 0.03333333333333333.

 Map MMM2 Algo rmappo Exp mappo_MMM2 updates 6715/12500 episodes, total num timesteps 5372800/10000000, FPS 45.

incre win rate is 0.12643678160919541.

 Map MMM2 Algo rmappo Exp mappo_MMM2 updates 6720/12500 episodes, total num timesteps 5376800/10000000, FPS 45.

incre win rate is 0.06976744186046512.

 Map MMM2 Algo rmappo Exp mappo_MMM2 updates 6725/12500 episodes, total num timesteps 5380800/10000000, FPS 45.

incre win rate is 0.12790697674418605.
eval win rate is 0.0625.

 Map MMM2 Algo rmappo Exp mappo_MMM2 updates 6730/12500 episodes, total num timesteps 5384800/10000000, FPS 45.

incre win rate is 0.08791208791208792.

 Map MMM2 Algo rmappo Exp mappo_MMM2 updates 6735/12500 episodes, total num timesteps 5388800/10000000, FPS 45.

incre win rate is 0.08139534883720931.

 Map MMM2 Algo rmappo Exp mappo_MMM2 updates 6740/12500 episodes, total num timesteps 5392800/10000000, FPS 45.

incre win rate is 0.058823529411764705.

 Map MMM2 Algo rmappo Exp mappo_MMM2 updates 6745/12500 episodes, total num timesteps 5396800/10000000, FPS 45.

incre win rate is 0.12359550561797752.

 Map MMM2 Algo rmappo Exp mappo_MMM2 updates 6750/12500 episodes, total num timesteps 5400800/10000000, FPS 45.

incre win rate is 0.06666666666666667.
eval win rate is 0.0625.

 Map MMM2 Algo rmappo Exp mappo_MMM2 updates 6755/12500 episodes, total num timesteps 5404800/10000000, FPS 45.

incre win rate is 0.09523809523809523.

 Map MMM2 Algo rmappo Exp mappo_MMM2 updates 6760/12500 episodes, total num timesteps 5408800/10000000, FPS 45.

incre win rate is 0.05747126436781609.

 Map MMM2 Algo rmappo Exp mappo_MMM2 updates 6765/12500 episodes, total num timesteps 5412800/10000000, FPS 45.

incre win rate is 0.04878048780487805.

 Map MMM2 Algo rmappo Exp mappo_MMM2 updates 6770/12500 episodes, total num timesteps 5416800/10000000, FPS 45.

incre win rate is 0.056179775280898875.

 Map MMM2 Algo rmappo Exp mappo_MMM2 updates 6775/12500 episodes, total num timesteps 5420800/10000000, FPS 45.

incre win rate is 0.0989010989010989.
eval win rate is 0.09375.

 Map MMM2 Algo rmappo Exp mappo_MMM2 updates 6780/12500 episodes, total num timesteps 5424800/10000000, FPS 45.

incre win rate is 0.043010752688172046.

 Map MMM2 Algo rmappo Exp mappo_MMM2 updates 6785/12500 episodes, total num timesteps 5428800/10000000, FPS 45.

incre win rate is 0.10465116279069768.

 Map MMM2 Algo rmappo Exp mappo_MMM2 updates 6790/12500 episodes, total num timesteps 5432800/10000000, FPS 45.

incre win rate is 0.07058823529411765.

 Map MMM2 Algo rmappo Exp mappo_MMM2 updates 6795/12500 episodes, total num timesteps 5436800/10000000, FPS 45.

incre win rate is 0.0449438202247191.

 Map MMM2 Algo rmappo Exp mappo_MMM2 updates 6800/12500 episodes, total num timesteps 5440800/10000000, FPS 45.

incre win rate is 0.09195402298850575.
eval win rate is 0.03125.

 Map MMM2 Algo rmappo Exp mappo_MMM2 updates 6805/12500 episodes, total num timesteps 5444800/10000000, FPS 45.

incre win rate is 0.047058823529411764.

 Map MMM2 Algo rmappo Exp mappo_MMM2 updates 6810/12500 episodes, total num timesteps 5448800/10000000, FPS 45.

incre win rate is 0.0759493670886076.

 Map MMM2 Algo rmappo Exp mappo_MMM2 updates 6815/12500 episodes, total num timesteps 5452800/10000000, FPS 45.

incre win rate is 0.06818181818181818.

 Map MMM2 Algo rmappo Exp mappo_MMM2 updates 6820/12500 episodes, total num timesteps 5456800/10000000, FPS 45.

incre win rate is 0.022988505747126436.

 Map MMM2 Algo rmappo Exp mappo_MMM2 updates 6825/12500 episodes, total num timesteps 5460800/10000000, FPS 45.

incre win rate is 0.06896551724137931.
eval win rate is 0.09375.

 Map MMM2 Algo rmappo Exp mappo_MMM2 updates 6830/12500 episodes, total num timesteps 5464800/10000000, FPS 45.

incre win rate is 0.06741573033707865.

 Map MMM2 Algo rmappo Exp mappo_MMM2 updates 6835/12500 episodes, total num timesteps 5468800/10000000, FPS 45.

incre win rate is 0.08888888888888889.

 Map MMM2 Algo rmappo Exp mappo_MMM2 updates 6840/12500 episodes, total num timesteps 5472800/10000000, FPS 45.

incre win rate is 0.056179775280898875.

 Map MMM2 Algo rmappo Exp mappo_MMM2 updates 6845/12500 episodes, total num timesteps 5476800/10000000, FPS 45.

incre win rate is 0.07142857142857142.

 Map MMM2 Algo rmappo Exp mappo_MMM2 updates 6850/12500 episodes, total num timesteps 5480800/10000000, FPS 45.

incre win rate is 0.04878048780487805.
eval win rate is 0.0625.

 Map MMM2 Algo rmappo Exp mappo_MMM2 updates 6855/12500 episodes, total num timesteps 5484800/10000000, FPS 45.

incre win rate is 0.06741573033707865.

 Map MMM2 Algo rmappo Exp mappo_MMM2 updates 6860/12500 episodes, total num timesteps 5488800/10000000, FPS 45.

incre win rate is 0.04878048780487805.

 Map MMM2 Algo rmappo Exp mappo_MMM2 updates 6865/12500 episodes, total num timesteps 5492800/10000000, FPS 45.

incre win rate is 0.034482758620689655.

 Map MMM2 Algo rmappo Exp mappo_MMM2 updates 6870/12500 episodes, total num timesteps 5496800/10000000, FPS 45.

incre win rate is 0.034482758620689655.

 Map MMM2 Algo rmappo Exp mappo_MMM2 updates 6875/12500 episodes, total num timesteps 5500800/10000000, FPS 45.

incre win rate is 0.02531645569620253.
eval win rate is 0.03125.

 Map MMM2 Algo rmappo Exp mappo_MMM2 updates 6880/12500 episodes, total num timesteps 5504800/10000000, FPS 45.

incre win rate is 0.0.

 Map MMM2 Algo rmappo Exp mappo_MMM2 updates 6885/12500 episodes, total num timesteps 5508800/10000000, FPS 45.

incre win rate is 0.012048192771084338.

 Map MMM2 Algo rmappo Exp mappo_MMM2 updates 6890/12500 episodes, total num timesteps 5512800/10000000, FPS 45.

incre win rate is 0.011627906976744186.

 Map MMM2 Algo rmappo Exp mappo_MMM2 updates 6895/12500 episodes, total num timesteps 5516800/10000000, FPS 45.

incre win rate is 0.033707865168539325.

 Map MMM2 Algo rmappo Exp mappo_MMM2 updates 6900/12500 episodes, total num timesteps 5520800/10000000, FPS 45.

incre win rate is 0.023255813953488372.
eval win rate is 0.125.

 Map MMM2 Algo rmappo Exp mappo_MMM2 updates 6905/12500 episodes, total num timesteps 5524800/10000000, FPS 45.

incre win rate is 0.044444444444444446.

 Map MMM2 Algo rmappo Exp mappo_MMM2 updates 6910/12500 episodes, total num timesteps 5528800/10000000, FPS 45.

incre win rate is 0.06593406593406594.

 Map MMM2 Algo rmappo Exp mappo_MMM2 updates 6915/12500 episodes, total num timesteps 5532800/10000000, FPS 45.

incre win rate is 0.05813953488372093.

 Map MMM2 Algo rmappo Exp mappo_MMM2 updates 6920/12500 episodes, total num timesteps 5536800/10000000, FPS 45.

incre win rate is 0.08045977011494253.

 Map MMM2 Algo rmappo Exp mappo_MMM2 updates 6925/12500 episodes, total num timesteps 5540800/10000000, FPS 45.

incre win rate is 0.02197802197802198.
eval win rate is 0.125.

 Map MMM2 Algo rmappo Exp mappo_MMM2 updates 6930/12500 episodes, total num timesteps 5544800/10000000, FPS 45.

incre win rate is 0.0425531914893617.

 Map MMM2 Algo rmappo Exp mappo_MMM2 updates 6935/12500 episodes, total num timesteps 5548800/10000000, FPS 45.

incre win rate is 0.06896551724137931.

 Map MMM2 Algo rmappo Exp mappo_MMM2 updates 6940/12500 episodes, total num timesteps 5552800/10000000, FPS 45.

incre win rate is 0.05434782608695652.

 Map MMM2 Algo rmappo Exp mappo_MMM2 updates 6945/12500 episodes, total num timesteps 5556800/10000000, FPS 45.

incre win rate is 0.056818181818181816.

 Map MMM2 Algo rmappo Exp mappo_MMM2 updates 6950/12500 episodes, total num timesteps 5560800/10000000, FPS 45.

incre win rate is 0.045454545454545456.
eval win rate is 0.03125.

 Map MMM2 Algo rmappo Exp mappo_MMM2 updates 6955/12500 episodes, total num timesteps 5564800/10000000, FPS 45.

incre win rate is 0.046511627906976744.

 Map MMM2 Algo rmappo Exp mappo_MMM2 updates 6960/12500 episodes, total num timesteps 5568800/10000000, FPS 45.

incre win rate is 0.03333333333333333.

 Map MMM2 Algo rmappo Exp mappo_MMM2 updates 6965/12500 episodes, total num timesteps 5572800/10000000, FPS 45.

incre win rate is 0.10126582278481013.

 Map MMM2 Algo rmappo Exp mappo_MMM2 updates 6970/12500 episodes, total num timesteps 5576800/10000000, FPS 45.

incre win rate is 0.11627906976744186.

 Map MMM2 Algo rmappo Exp mappo_MMM2 updates 6975/12500 episodes, total num timesteps 5580800/10000000, FPS 45.

incre win rate is 0.08536585365853659.
eval win rate is 0.0625.

 Map MMM2 Algo rmappo Exp mappo_MMM2 updates 6980/12500 episodes, total num timesteps 5584800/10000000, FPS 45.

incre win rate is 0.05747126436781609.

 Map MMM2 Algo rmappo Exp mappo_MMM2 updates 6985/12500 episodes, total num timesteps 5588800/10000000, FPS 45.

incre win rate is 0.056179775280898875.

 Map MMM2 Algo rmappo Exp mappo_MMM2 updates 6990/12500 episodes, total num timesteps 5592800/10000000, FPS 45.

incre win rate is 0.07407407407407407.

 Map MMM2 Algo rmappo Exp mappo_MMM2 updates 6995/12500 episodes, total num timesteps 5596800/10000000, FPS 45.

incre win rate is 0.06818181818181818.

 Map MMM2 Algo rmappo Exp mappo_MMM2 updates 7000/12500 episodes, total num timesteps 5600800/10000000, FPS 45.

incre win rate is 0.09411764705882353.
eval win rate is 0.0.

 Map MMM2 Algo rmappo Exp mappo_MMM2 updates 7005/12500 episodes, total num timesteps 5604800/10000000, FPS 45.

incre win rate is 0.07228915662650602.

 Map MMM2 Algo rmappo Exp mappo_MMM2 updates 7010/12500 episodes, total num timesteps 5608800/10000000, FPS 45.

incre win rate is 0.04878048780487805.

 Map MMM2 Algo rmappo Exp mappo_MMM2 updates 7015/12500 episodes, total num timesteps 5612800/10000000, FPS 45.

incre win rate is 0.11764705882352941.

 Map MMM2 Algo rmappo Exp mappo_MMM2 updates 7020/12500 episodes, total num timesteps 5616800/10000000, FPS 45.

incre win rate is 0.045454545454545456.

 Map MMM2 Algo rmappo Exp mappo_MMM2 updates 7025/12500 episodes, total num timesteps 5620800/10000000, FPS 45.

incre win rate is 0.058823529411764705.
eval win rate is 0.03125.

 Map MMM2 Algo rmappo Exp mappo_MMM2 updates 7030/12500 episodes, total num timesteps 5624800/10000000, FPS 45.

incre win rate is 0.10465116279069768.

 Map MMM2 Algo rmappo Exp mappo_MMM2 updates 7035/12500 episodes, total num timesteps 5628800/10000000, FPS 45.

incre win rate is 0.09411764705882353.

 Map MMM2 Algo rmappo Exp mappo_MMM2 updates 7040/12500 episodes, total num timesteps 5632800/10000000, FPS 45.

incre win rate is 0.024096385542168676.

 Map MMM2 Algo rmappo Exp mappo_MMM2 updates 7045/12500 episodes, total num timesteps 5636800/10000000, FPS 45.

incre win rate is 0.06493506493506493.

 Map MMM2 Algo rmappo Exp mappo_MMM2 updates 7050/12500 episodes, total num timesteps 5640800/10000000, FPS 45.

incre win rate is 0.11494252873563218.
eval win rate is 0.09375.

 Map MMM2 Algo rmappo Exp mappo_MMM2 updates 7055/12500 episodes, total num timesteps 5644800/10000000, FPS 45.

incre win rate is 0.058823529411764705.

 Map MMM2 Algo rmappo Exp mappo_MMM2 updates 7060/12500 episodes, total num timesteps 5648800/10000000, FPS 45.

incre win rate is 0.05813953488372093.

 Map MMM2 Algo rmappo Exp mappo_MMM2 updates 7065/12500 episodes, total num timesteps 5652800/10000000, FPS 45.

incre win rate is 0.0449438202247191.

 Map MMM2 Algo rmappo Exp mappo_MMM2 updates 7070/12500 episodes, total num timesteps 5656800/10000000, FPS 45.

incre win rate is 0.02197802197802198.

 Map MMM2 Algo rmappo Exp mappo_MMM2 updates 7075/12500 episodes, total num timesteps 5660800/10000000, FPS 45.

incre win rate is 0.08045977011494253.
eval win rate is 0.0.

 Map MMM2 Algo rmappo Exp mappo_MMM2 updates 7080/12500 episodes, total num timesteps 5664800/10000000, FPS 45.

incre win rate is 0.06818181818181818.

 Map MMM2 Algo rmappo Exp mappo_MMM2 updates 7085/12500 episodes, total num timesteps 5668800/10000000, FPS 45.

incre win rate is 0.05813953488372093.

 Map MMM2 Algo rmappo Exp mappo_MMM2 updates 7090/12500 episodes, total num timesteps 5672800/10000000, FPS 45.

incre win rate is 0.07777777777777778.

 Map MMM2 Algo rmappo Exp mappo_MMM2 updates 7095/12500 episodes, total num timesteps 5676800/10000000, FPS 45.

incre win rate is 0.08045977011494253.

 Map MMM2 Algo rmappo Exp mappo_MMM2 updates 7100/12500 episodes, total num timesteps 5680800/10000000, FPS 45.

incre win rate is 0.1375.
eval win rate is 0.0.

 Map MMM2 Algo rmappo Exp mappo_MMM2 updates 7105/12500 episodes, total num timesteps 5684800/10000000, FPS 45.

incre win rate is 0.09195402298850575.

 Map MMM2 Algo rmappo Exp mappo_MMM2 updates 7110/12500 episodes, total num timesteps 5688800/10000000, FPS 45.

incre win rate is 0.022988505747126436.

 Map MMM2 Algo rmappo Exp mappo_MMM2 updates 7115/12500 episodes, total num timesteps 5692800/10000000, FPS 45.

incre win rate is 0.044444444444444446.

 Map MMM2 Algo rmappo Exp mappo_MMM2 updates 7120/12500 episodes, total num timesteps 5696800/10000000, FPS 45.

incre win rate is 0.054945054945054944.

 Map MMM2 Algo rmappo Exp mappo_MMM2 updates 7125/12500 episodes, total num timesteps 5700800/10000000, FPS 45.

incre win rate is 0.033707865168539325.
eval win rate is 0.03125.

 Map MMM2 Algo rmappo Exp mappo_MMM2 updates 7130/12500 episodes, total num timesteps 5704800/10000000, FPS 45.

incre win rate is 0.07692307692307693.

 Map MMM2 Algo rmappo Exp mappo_MMM2 updates 7135/12500 episodes, total num timesteps 5708800/10000000, FPS 45.

incre win rate is 0.0449438202247191.

 Map MMM2 Algo rmappo Exp mappo_MMM2 updates 7140/12500 episodes, total num timesteps 5712800/10000000, FPS 45.

incre win rate is 0.02247191011235955.

 Map MMM2 Algo rmappo Exp mappo_MMM2 updates 7145/12500 episodes, total num timesteps 5716800/10000000, FPS 45.

incre win rate is 0.044444444444444446.

 Map MMM2 Algo rmappo Exp mappo_MMM2 updates 7150/12500 episodes, total num timesteps 5720800/10000000, FPS 45.

incre win rate is 0.056179775280898875.
eval win rate is 0.09375.

 Map MMM2 Algo rmappo Exp mappo_MMM2 updates 7155/12500 episodes, total num timesteps 5724800/10000000, FPS 45.

incre win rate is 0.1348314606741573.

 Map MMM2 Algo rmappo Exp mappo_MMM2 updates 7160/12500 episodes, total num timesteps 5728800/10000000, FPS 45.

incre win rate is 0.10344827586206896.

 Map MMM2 Algo rmappo Exp mappo_MMM2 updates 7165/12500 episodes, total num timesteps 5732800/10000000, FPS 45.

incre win rate is 0.044444444444444446.

 Map MMM2 Algo rmappo Exp mappo_MMM2 updates 7170/12500 episodes, total num timesteps 5736800/10000000, FPS 45.

incre win rate is 0.022988505747126436.

 Map MMM2 Algo rmappo Exp mappo_MMM2 updates 7175/12500 episodes, total num timesteps 5740800/10000000, FPS 45.

incre win rate is 0.033707865168539325.
eval win rate is 0.0.

 Map MMM2 Algo rmappo Exp mappo_MMM2 updates 7180/12500 episodes, total num timesteps 5744800/10000000, FPS 45.

incre win rate is 0.011111111111111112.

 Map MMM2 Algo rmappo Exp mappo_MMM2 updates 7185/12500 episodes, total num timesteps 5748800/10000000, FPS 45.

incre win rate is 0.0449438202247191.

 Map MMM2 Algo rmappo Exp mappo_MMM2 updates 7190/12500 episodes, total num timesteps 5752800/10000000, FPS 45.

incre win rate is 0.07608695652173914.

 Map MMM2 Algo rmappo Exp mappo_MMM2 updates 7195/12500 episodes, total num timesteps 5756800/10000000, FPS 45.

incre win rate is 0.10465116279069768.

 Map MMM2 Algo rmappo Exp mappo_MMM2 updates 7200/12500 episodes, total num timesteps 5760800/10000000, FPS 45.

incre win rate is 0.04819277108433735.
eval win rate is 0.03125.

 Map MMM2 Algo rmappo Exp mappo_MMM2 updates 7205/12500 episodes, total num timesteps 5764800/10000000, FPS 45.

incre win rate is 0.06097560975609756.

 Map MMM2 Algo rmappo Exp mappo_MMM2 updates 7210/12500 episodes, total num timesteps 5768800/10000000, FPS 45.

incre win rate is 0.025974025974025976.

 Map MMM2 Algo rmappo Exp mappo_MMM2 updates 7215/12500 episodes, total num timesteps 5772800/10000000, FPS 45.

incre win rate is 0.05813953488372093.

 Map MMM2 Algo rmappo Exp mappo_MMM2 updates 7220/12500 episodes, total num timesteps 5776800/10000000, FPS 45.

incre win rate is 0.03529411764705882.

 Map MMM2 Algo rmappo Exp mappo_MMM2 updates 7225/12500 episodes, total num timesteps 5780800/10000000, FPS 45.

incre win rate is 0.047058823529411764.
eval win rate is 0.03125.

 Map MMM2 Algo rmappo Exp mappo_MMM2 updates 7230/12500 episodes, total num timesteps 5784800/10000000, FPS 45.

incre win rate is 0.022988505747126436.

 Map MMM2 Algo rmappo Exp mappo_MMM2 updates 7235/12500 episodes, total num timesteps 5788800/10000000, FPS 45.

incre win rate is 0.010869565217391304.

 Map MMM2 Algo rmappo Exp mappo_MMM2 updates 7240/12500 episodes, total num timesteps 5792800/10000000, FPS 45.

incre win rate is 0.06976744186046512.

 Map MMM2 Algo rmappo Exp mappo_MMM2 updates 7245/12500 episodes, total num timesteps 5796800/10000000, FPS 45.

incre win rate is 0.022222222222222223.

 Map MMM2 Algo rmappo Exp mappo_MMM2 updates 7250/12500 episodes, total num timesteps 5800800/10000000, FPS 45.

incre win rate is 0.01098901098901099.
eval win rate is 0.0.

 Map MMM2 Algo rmappo Exp mappo_MMM2 updates 7255/12500 episodes, total num timesteps 5804800/10000000, FPS 45.

incre win rate is 0.03409090909090909.

 Map MMM2 Algo rmappo Exp mappo_MMM2 updates 7260/12500 episodes, total num timesteps 5808800/10000000, FPS 45.

incre win rate is 0.045454545454545456.

 Map MMM2 Algo rmappo Exp mappo_MMM2 updates 7265/12500 episodes, total num timesteps 5812800/10000000, FPS 45.

incre win rate is 0.056179775280898875.

 Map MMM2 Algo rmappo Exp mappo_MMM2 updates 7270/12500 episodes, total num timesteps 5816800/10000000, FPS 45.

incre win rate is 0.03333333333333333.

 Map MMM2 Algo rmappo Exp mappo_MMM2 updates 7275/12500 episodes, total num timesteps 5820800/10000000, FPS 45.

incre win rate is 0.033707865168539325.
eval win rate is 0.0.

 Map MMM2 Algo rmappo Exp mappo_MMM2 updates 7280/12500 episodes, total num timesteps 5824800/10000000, FPS 45.

incre win rate is 0.03409090909090909.

 Map MMM2 Algo rmappo Exp mappo_MMM2 updates 7285/12500 episodes, total num timesteps 5828800/10000000, FPS 45.

incre win rate is 0.054945054945054944.

 Map MMM2 Algo rmappo Exp mappo_MMM2 updates 7290/12500 episodes, total num timesteps 5832800/10000000, FPS 45.

incre win rate is 0.044444444444444446.

 Map MMM2 Algo rmappo Exp mappo_MMM2 updates 7295/12500 episodes, total num timesteps 5836800/10000000, FPS 45.

incre win rate is 0.06382978723404255.

 Map MMM2 Algo rmappo Exp mappo_MMM2 updates 7300/12500 episodes, total num timesteps 5840800/10000000, FPS 45.

incre win rate is 0.06818181818181818.
eval win rate is 0.0625.

 Map MMM2 Algo rmappo Exp mappo_MMM2 updates 7305/12500 episodes, total num timesteps 5844800/10000000, FPS 45.

incre win rate is 0.03260869565217391.

 Map MMM2 Algo rmappo Exp mappo_MMM2 updates 7310/12500 episodes, total num timesteps 5848800/10000000, FPS 45.

incre win rate is 0.06666666666666667.

 Map MMM2 Algo rmappo Exp mappo_MMM2 updates 7315/12500 episodes, total num timesteps 5852800/10000000, FPS 45.

incre win rate is 0.044444444444444446.

 Map MMM2 Algo rmappo Exp mappo_MMM2 updates 7320/12500 episodes, total num timesteps 5856800/10000000, FPS 45.

incre win rate is 0.021052631578947368.

 Map MMM2 Algo rmappo Exp mappo_MMM2 updates 7325/12500 episodes, total num timesteps 5860800/10000000, FPS 45.

incre win rate is 0.07954545454545454.
eval win rate is 0.03125.

 Map MMM2 Algo rmappo Exp mappo_MMM2 updates 7330/12500 episodes, total num timesteps 5864800/10000000, FPS 45.

incre win rate is 0.06976744186046512.

 Map MMM2 Algo rmappo Exp mappo_MMM2 updates 7335/12500 episodes, total num timesteps 5868800/10000000, FPS 45.

incre win rate is 0.044444444444444446.

 Map MMM2 Algo rmappo Exp mappo_MMM2 updates 7340/12500 episodes, total num timesteps 5872800/10000000, FPS 45.

incre win rate is 0.010869565217391304.

 Map MMM2 Algo rmappo Exp mappo_MMM2 updates 7345/12500 episodes, total num timesteps 5876800/10000000, FPS 45.

incre win rate is 0.04395604395604396.

 Map MMM2 Algo rmappo Exp mappo_MMM2 updates 7350/12500 episodes, total num timesteps 5880800/10000000, FPS 45.

incre win rate is 0.06818181818181818.
eval win rate is 0.03125.

 Map MMM2 Algo rmappo Exp mappo_MMM2 updates 7355/12500 episodes, total num timesteps 5884800/10000000, FPS 45.

incre win rate is 0.07777777777777778.

 Map MMM2 Algo rmappo Exp mappo_MMM2 updates 7360/12500 episodes, total num timesteps 5888800/10000000, FPS 45.

incre win rate is 0.09090909090909091.

 Map MMM2 Algo rmappo Exp mappo_MMM2 updates 7365/12500 episodes, total num timesteps 5892800/10000000, FPS 45.

incre win rate is 0.04597701149425287.

 Map MMM2 Algo rmappo Exp mappo_MMM2 updates 7370/12500 episodes, total num timesteps 5896800/10000000, FPS 45.

incre win rate is 0.10869565217391304.

 Map MMM2 Algo rmappo Exp mappo_MMM2 updates 7375/12500 episodes, total num timesteps 5900800/10000000, FPS 45.

incre win rate is 0.03571428571428571.
eval win rate is 0.03125.

 Map MMM2 Algo rmappo Exp mappo_MMM2 updates 7380/12500 episodes, total num timesteps 5904800/10000000, FPS 45.

incre win rate is 0.03409090909090909.

 Map MMM2 Algo rmappo Exp mappo_MMM2 updates 7385/12500 episodes, total num timesteps 5908800/10000000, FPS 45.

incre win rate is 0.022988505747126436.

 Map MMM2 Algo rmappo Exp mappo_MMM2 updates 7390/12500 episodes, total num timesteps 5912800/10000000, FPS 45.

incre win rate is 0.045454545454545456.

 Map MMM2 Algo rmappo Exp mappo_MMM2 updates 7395/12500 episodes, total num timesteps 5916800/10000000, FPS 45.

incre win rate is 0.07058823529411765.

 Map MMM2 Algo rmappo Exp mappo_MMM2 updates 7400/12500 episodes, total num timesteps 5920800/10000000, FPS 45.

incre win rate is 0.07777777777777778.
eval win rate is 0.03125.

 Map MMM2 Algo rmappo Exp mappo_MMM2 updates 7405/12500 episodes, total num timesteps 5924800/10000000, FPS 45.

incre win rate is 0.07954545454545454.

 Map MMM2 Algo rmappo Exp mappo_MMM2 updates 7410/12500 episodes, total num timesteps 5928800/10000000, FPS 45.

incre win rate is 0.022988505747126436.

 Map MMM2 Algo rmappo Exp mappo_MMM2 updates 7415/12500 episodes, total num timesteps 5932800/10000000, FPS 45.

incre win rate is 0.056179775280898875.

 Map MMM2 Algo rmappo Exp mappo_MMM2 updates 7420/12500 episodes, total num timesteps 5936800/10000000, FPS 45.

incre win rate is 0.07777777777777778.

 Map MMM2 Algo rmappo Exp mappo_MMM2 updates 7425/12500 episodes, total num timesteps 5940800/10000000, FPS 45.

incre win rate is 0.045454545454545456.
eval win rate is 0.09375.

 Map MMM2 Algo rmappo Exp mappo_MMM2 updates 7430/12500 episodes, total num timesteps 5944800/10000000, FPS 45.

incre win rate is 0.04395604395604396.

 Map MMM2 Algo rmappo Exp mappo_MMM2 updates 7435/12500 episodes, total num timesteps 5948800/10000000, FPS 45.

incre win rate is 0.045454545454545456.

 Map MMM2 Algo rmappo Exp mappo_MMM2 updates 7440/12500 episodes, total num timesteps 5952800/10000000, FPS 45.

incre win rate is 0.021505376344086023.

 Map MMM2 Algo rmappo Exp mappo_MMM2 updates 7445/12500 episodes, total num timesteps 5956800/10000000, FPS 45.

incre win rate is 0.07954545454545454.

 Map MMM2 Algo rmappo Exp mappo_MMM2 updates 7450/12500 episodes, total num timesteps 5960800/10000000, FPS 45.

incre win rate is 0.06818181818181818.
eval win rate is 0.03125.

 Map MMM2 Algo rmappo Exp mappo_MMM2 updates 7455/12500 episodes, total num timesteps 5964800/10000000, FPS 45.

incre win rate is 0.056179775280898875.

 Map MMM2 Algo rmappo Exp mappo_MMM2 updates 7460/12500 episodes, total num timesteps 5968800/10000000, FPS 45.

incre win rate is 0.08045977011494253.

 Map MMM2 Algo rmappo Exp mappo_MMM2 updates 7465/12500 episodes, total num timesteps 5972800/10000000, FPS 45.

incre win rate is 0.0125.

 Map MMM2 Algo rmappo Exp mappo_MMM2 updates 7470/12500 episodes, total num timesteps 5976800/10000000, FPS 45.

incre win rate is 0.023255813953488372.

 Map MMM2 Algo rmappo Exp mappo_MMM2 updates 7475/12500 episodes, total num timesteps 5980800/10000000, FPS 45.

incre win rate is 0.012195121951219513.
eval win rate is 0.03125.

 Map MMM2 Algo rmappo Exp mappo_MMM2 updates 7480/12500 episodes, total num timesteps 5984800/10000000, FPS 44.

incre win rate is 0.0.

 Map MMM2 Algo rmappo Exp mappo_MMM2 updates 7485/12500 episodes, total num timesteps 5988800/10000000, FPS 44.

incre win rate is 0.0.

 Map MMM2 Algo rmappo Exp mappo_MMM2 updates 7490/12500 episodes, total num timesteps 5992800/10000000, FPS 44.

incre win rate is 0.022988505747126436.

 Map MMM2 Algo rmappo Exp mappo_MMM2 updates 7495/12500 episodes, total num timesteps 5996800/10000000, FPS 44.

incre win rate is 0.058823529411764705.

 Map MMM2 Algo rmappo Exp mappo_MMM2 updates 7500/12500 episodes, total num timesteps 6000800/10000000, FPS 44.

incre win rate is 0.033707865168539325.
eval win rate is 0.0.

 Map MMM2 Algo rmappo Exp mappo_MMM2 updates 7505/12500 episodes, total num timesteps 6004800/10000000, FPS 44.

incre win rate is 0.04597701149425287.

 Map MMM2 Algo rmappo Exp mappo_MMM2 updates 7510/12500 episodes, total num timesteps 6008800/10000000, FPS 44.

incre win rate is 0.046511627906976744.

 Map MMM2 Algo rmappo Exp mappo_MMM2 updates 7515/12500 episodes, total num timesteps 6012800/10000000, FPS 44.

incre win rate is 0.07692307692307693.

 Map MMM2 Algo rmappo Exp mappo_MMM2 updates 7520/12500 episodes, total num timesteps 6016800/10000000, FPS 44.

incre win rate is 0.03260869565217391.
Process Process-1:
Traceback (most recent call last):
  File "c:\users\张英铭\desktop\on-policy\onpolicy\envs\starcraft2\StarCraft2_Env.py", line 484, in step
    self._controller.actions(req_actions)
  File "D:\conda\Lib\site-packages\pysc2\lib\remote_controller.py", line 81, in _skip_status
    return func(self, *args, **kwargs)
           ^^^^^^^^^^^^^^^^^^^^^^^^^^^
  File "D:\conda\Lib\site-packages\pysc2\lib\remote_controller.py", line 92, in _valid_status
    raise protocol.ProtocolError(
pysc2.lib.protocol.ProtocolError: `actions` called while in state: Status.ended, valid: (Status.in_game)

During handling of the above exception, another exception occurred:

Traceback (most recent call last):
  File "D:\conda\Lib\multiprocessing\process.py", line 314, in _bootstrap
    self.run()
  File "D:\conda\Lib\multiprocessing\process.py", line 108, in run
    self._target(*self._args, **self._kwargs)
  File "c:\users\张英铭\desktop\on-policy\onpolicy\envs\env_wrappers.py", line 306, in shareworker
    ob, s_ob, reward, done, info, available_actions = env.step(data)
                                                      ^^^^^^^^^^^^^^
  File "c:\users\张英铭\desktop\on-policy\onpolicy\envs\starcraft2\StarCraft2_Env.py", line 490, in step
    self.full_restart()
  File "c:\users\张英铭\desktop\on-policy\onpolicy\envs\starcraft2\StarCraft2_Env.py", line 452, in full_restart
    self._launch()
  File "c:\users\张英铭\desktop\on-policy\onpolicy\envs\starcraft2\StarCraft2_Env.py", line 351, in _launch
    self._controller.create_game(create)
  File "D:\conda\Lib\site-packages\pysc2\lib\remote_controller.py", line 95, in _valid_status
    return func(self, *args, **kwargs)
           ^^^^^^^^^^^^^^^^^^^^^^^^^^^
  File "D:\conda\Lib\site-packages\pysc2\lib\remote_controller.py", line 70, in _check_error
    return check_error(func(*args, **kwargs), error_enum)
           ^^^^^^^^^^^^^^^^^^^^^^^^^^^^^^^^^^^^^^^^^^^^^^
  File "D:\conda\Lib\site-packages\pysc2\lib\remote_controller.py", line 61, in check_error
    raise RequestError("%s.%s: '%s'" % (enum_name, error_name, details), res)
pysc2.lib.remote_controller.RequestError: SC2APIProtocol.ResponseCreateGame.Error.InvalidMapData: 'temporary map 'D:\Temp\StarCraft II\TempLaunchMap.SC2Map' has invalid data.'
Traceback (most recent call last):
  File "D:\conda\Lib\multiprocessing\connection.py", line 328, in _recv_bytes
    nread, err = ov.GetOverlappedResult(True)
                 ^^^^^^^^^^^^^^^^^^^^^^^^^^^^
BrokenPipeError: [WinError 109] 管道已结束。

During handling of the above exception, another exception occurred:

Traceback (most recent call last):
  File "C:\Users\张英铭\Desktop\on-policy\onpolicy\scripts\train\train_smac.py", line 260, in <module>
    main(sys.argv[1:])
  File "C:\Users\张英铭\Desktop\on-policy\onpolicy\scripts\train\train_smac.py", line 244, in main
    runner.run()
  File "c:\users\张英铭\desktop\on-policy\onpolicy\runner\shared\smac_runner.py", line 34, in run
    obs, share_obs, rewards, dones, infos, available_actions = self.envs.step(actions)
                                                               ^^^^^^^^^^^^^^^^^^^^^^^
  File "c:\users\张英铭\desktop\on-policy\onpolicy\envs\env_wrappers.py", line 107, in step
    return self.step_wait()
           ^^^^^^^^^^^^^^^^
  File "c:\users\张英铭\desktop\on-policy\onpolicy\envs\env_wrappers.py", line 369, in step_wait
    results = [remote.recv() for remote in self.remotes]
               ^^^^^^^^^^^^^
  File "D:\conda\Lib\multiprocessing\connection.py", line 250, in recv
    buf = self._recv_bytes()
          ^^^^^^^^^^^^^^^^^^
  File "D:\conda\Lib\multiprocessing\connection.py", line 337, in _recv_bytes
    raise EOFError
EOFError
